county_id,source_county_name,implemented_county_name,de_jure_duchy,de_jure_kingdom,top_realm,holder,government,source_basis
c_BAL_anbyeon,Ānbiān,Ānbiān,d_BAL_yeojintang,k_luzhen,c_BAL_anbyeon,aq_chief_1,tribal_government,K
c_BAL_central_hoewon,Central Huáiyuǎn,Central Huáiyuǎn,d_BAL_hoewon,k_luzhen,c_BAL_central_hoewon,aq_chief_2,tribal_government,K
c_BAL_changchun,Changchun,Changchun,d_BAL_buyeo,k_balhae,c_BAL_changchun,aq_chief_3,tribal_government,K
c_BAL_dazhou,Dazhou,Dazhou,d_BAL_hoewon,k_luzhen,c_BAL_dazhou,aq_chief_4,tribal_government,K
c_BAL_delizhen,Délizhèn,Délizhèn,d_BAL_cheolli,k_luzhen,c_BAL_delizhen,aq_chief_5,tribal_government,K
c_BAL_dongju,Tóngzhōu,Tóngzhōu,d_BAL_parhae,k_balhae,c_BAL_dongju,aq_chief_6,tribal_government,K
c_BAL_dongpyeong_yizhou,Yizhou,Yizhou,d_BAL_dongpyeong,k_luzhen,c_BAL_dongpyeong_yizhou,aq_chief_7,tribal_government,K
c_BAL_east_amnok,East Yālü,East Yālü,d_BAL_amnok_jangryeong,k_balhae,c_BAL_east_amnok,aq_chief_8,tribal_government,K
c_BAL_east_hoewon,East Huáiyuǎn,East Huáiyuǎn,d_BAL_hoewon,k_luzhen,c_BAL_east_hoewon,aq_chief_9,tribal_government,K
c_BAL_east_hyeondeok,East Xiandé,East Xiandé,d_BAL_parhae,k_balhae,c_BAL_east_hyeondeok,aq_chief_10,tribal_government,K
c_BAL_east_jangryeong,East Zhangling,East Zhangling,d_BAL_amnok_jangryeong,k_balhae,c_BAL_east_jangryeong,aq_chief_11,tribal_government,K
c_BAL_fengzhou,Fēngzhōu,Fēngzhōu,d_BAL_southern_balhae,k_balhae,c_BAL_fengzhou,aq_chief_12,tribal_government,K
c_BAL_fuzhou,Fuzhou,Fuzhou,d_BAL_buyeo,k_balhae,c_BAL_fuzhou,aq_chief_13,tribal_government,K
c_BAL_heuksu_anwon,Heuksu Anwon,Heuksu Anwon,d_BAL_anwon,k_luzhen,c_BAL_heuksu_anwon,aq_chief_14,tribal_government,K
c_BAL_huligai,Huligai,Huligai,d_BAL_cheolli,k_luzhen,c_BAL_huligai,aq_chief_15,tribal_government,K
c_BAL_ilanshan,Ilanshan,Ilanshan,d_BAL_hoewon,k_luzhen,c_BAL_ilanshan,aq_chief_16,tribal_government,K
c_BAL_jeongni,Dìngli,Dìngli,d_BAL_yeojintang,k_luzhen,c_BAL_jeongni,aq_chief_17,tribal_government,K
c_BAL_jixi,Jixi,Jixi,d_BAL_dongpyeong,k_luzhen,c_BAL_jixi,aq_chief_18,tribal_government,K
c_BAL_makhil,Makhil,Makhil,d_BAL_moe_su,k_balhae,c_BAL_makhil,aq_chief_19,tribal_government,K
c_BAL_namhae,Nánhai,Nánhai,d_BAL_southern_balhae,k_balhae,c_BAL_namhae,aq_chief_20,tribal_government,K
c_BAL_ningzhou,Níngzhōu,Níngzhōu,d_BAL_anwon,k_luzhen,c_BAL_ningzhou,aq_chief_21,tribal_government,K
c_BAL_north_anbyeon,North Ānbiān,North Ānbiān,d_BAL_yeojintang,k_luzhen,c_BAL_north_anbyeon,aq_chief_22,tribal_government,K
c_BAL_north_anwon,North Ānyuan,North Ānyuan,d_BAL_anwon,k_luzhen,c_BAL_north_anwon,aq_chief_23,tribal_government,K
c_BAL_northyongwon,North Lóngyuán,North Lóngyuán,d_BAL_southern_balhae,k_balhae,c_BAL_northyongwon,aq_chief_24,tribal_government,K
c_BAL_sokju,Chénzhōu,Chénzhōu,d_BAL_moe_su,k_balhae,c_BAL_sokju,aq_chief_25,tribal_government,K
c_BAL_solbin,Shuàibīn,Shuàibīn,d_BAL_yeojintang,k_luzhen,c_BAL_solbin,aq_chief_26,tribal_government,K
c_BAL_south_hoewon,South Huáiyuǎn,South Huáiyuǎn,d_BAL_hoewon,k_luzhen,c_BAL_south_hoewon,aq_chief_27,tribal_government,K
c_BAL_southyongwon,South Lóngyuán,South Lóngyuán,d_BAL_southern_balhae,k_balhae,c_BAL_southyongwon,aq_chief_28,tribal_government,K
c_BAL_supin,Supin,Supin,d_BAL_anwon,k_luzhen,c_BAL_supin,aq_chief_29,tribal_government,K
c_BAL_west_amnok,West Yālü,West Yālü,d_BAL_amnok_jangryeong,k_balhae,c_BAL_west_amnok,aq_chief_30,tribal_government,K
c_BAL_west_cheolli,West Tielì,West Tielì,d_BAL_cheolli,k_luzhen,c_BAL_west_cheolli,aq_chief_31,tribal_government,K
c_BAL_west_hyeondeok,West Xiandé,West Xiandé,d_BAL_parhae,k_balhae,c_BAL_west_hyeondeok,aq_chief_32,tribal_government,K
c_BAL_west_jangryeong,West Zhangling,West Zhangling,d_BAL_amnok_jangryeong,k_balhae,c_BAL_west_jangryeong,aq_chief_33,tribal_government,K
c_BAL_west_makhil,West Makhil,West Makhil,d_BAL_moe_su,k_balhae,c_BAL_west_makhil,aq_chief_34,tribal_government,K
c_BAL_xinzhou,Xinzhou,Xinzhou,d_BAL_buyeo,k_balhae,c_BAL_xinzhou,aq_chief_35,tribal_government,K
c_BAL_yeongju,Yingzhōu,Yingzhōu,d_BAL_parhae,k_balhae,c_BAL_yeongju,aq_chief_36,tribal_government,K
c_BAL_yizhou,Yizhou,Yizhou,d_BAL_buyeo,k_balhae,c_BAL_yizhou,aq_chief_37,tribal_government,K
c_BAL_yongcheon,Lóngquán,Lóngquán,d_BAL_parhae,k_balhae,c_BAL_yongcheon,aq_chief_38,tribal_government,K
c_BOR_banjar,Banjar,Banjar,d_BOR_nan_sarunai,k_tanjungnagara,c_BOR_banjar,aq_chief_39,tribal_government,K
c_BOR_berau,Berau,Berau,d_BOR_kutai,k_tanjungnagara,c_BOR_berau,aq_chief_40,tribal_government,K
c_BOR_brunei,Brunei,Brunei,d_BOR_barune,k_tanjungnagara,c_BOR_brunei,aq_chief_41,tribal_government,K
c_BOR_iban,Iban,Iban,d_BOR_santubong,k_tanjungnagara,c_BOR_iban,aq_chief_42,tribal_government,K
c_BOR_kudat,Kudat,Kudat,d_BOR_barune,k_tanjungnagara,c_BOR_kudat,aq_chief_43,tribal_government,K
c_BOR_kutai_jauh,Kutai Jauh,Kutai Jauh,d_BOR_kutai,k_tanjungnagara,c_BOR_kutai_jauh,aq_chief_44,tribal_government,K
c_BOR_kutai_utara,Kutai Utara,Kutai Utara,d_BOR_kutai,k_tanjungnagara,c_BOR_kutai_utara,aq_chief_45,tribal_government,K
c_BOR_lahad_datu,Lahad Datu,Lahad Datu,d_BOR_barune,k_tanjungnagara,c_BOR_lahad_datu,aq_chief_46,tribal_government,K
c_BOR_martapura,Martapura,Martapura,d_BOR_kutai,k_tanjungnagara,c_BOR_martapura,aq_chief_47,tribal_government,K
c_BOR_menjelutung,Menjelutung,Menjelutung,d_BOR_barune,k_tanjungnagara,c_BOR_menjelutung,aq_chief_48,tribal_government,K
c_BOR_nabawan,Nabawan,Nabawan,d_BOR_barune,k_tanjungnagara,c_BOR_nabawan,aq_chief_49,tribal_government,K
c_BOR_rajang,Rajang,Rajang,d_BOR_santubong,k_tanjungnagara,c_BOR_rajang,aq_chief_50,tribal_government,K
c_BOR_sambas,Sambas,Sambas,d_BOR_tanjungpura,k_tanjungnagara,c_BOR_sambas,aq_chief_51,tribal_government,K
c_BOR_sampit,Sampit,Sampit,d_BOR_nan_sarunai,k_tanjungnagara,c_BOR_sampit,aq_chief_52,tribal_government,K
c_BOR_santubong,Santubong,Santubong,d_BOR_santubong,k_tanjungnagara,c_BOR_santubong,aq_chief_53,tribal_government,K
c_BOR_sintang,Sintang,Sintang,d_BOR_tanjungpura,k_tanjungnagara,c_BOR_sintang,aq_chief_54,tribal_government,K
c_BOR_sukadana,Sukadana,Sukadana,d_BOR_tanjungpura,k_tanjungnagara,c_BOR_sukadana,aq_chief_55,tribal_government,K
c_BOR_tabalung,Tabalung,Tabalung,d_BOR_nan_sarunai,k_tanjungnagara,c_BOR_tabalung,aq_chief_56,tribal_government,K
c_BOR_taiao,Taiao,Taiao,d_BOR_nan_sarunai,k_tanjungnagara,c_BOR_taiao,aq_chief_57,tribal_government,K
c_BOR_tanah_taman,Tanah Taman,Tanah Taman,d_BOR_santubong,k_tanjungnagara,c_BOR_tanah_taman,aq_chief_58,tribal_government,K
c_BOR_waringin,Waringin,Waringin,d_BOR_tanjungpura,k_tanjungnagara,c_BOR_waringin,aq_chief_59,tribal_government,K
c_EM_doodonon,Doodonon,Doodonon,d_EM_onon,k_otuken,c_EM_doodonon,aq_chief_60,nomad_government,K
c_EM_jiangbian,Jiangbian,Jiangbian,d_EM_onon,k_otuken,c_EM_jiangbian,aq_chief_61,nomad_government,K
c_EM_khaldun,Khaldun,Khaldun,d_ogrash,k_otuken,c_EM_khaldun,aq_chief_62,nomad_government,K
c_EM_khiltsaiz,Khiltsaiz,Khiltsaiz,d_EM_wajiezi,k_otuken,c_EM_khiltsaiz,aq_chief_63,nomad_government,K
c_EM_khoyorgol,Khoyorgol,Khoyorgol,d_EM_wajiezi,k_otuken,c_EM_khoyorgol,aq_chief_64,nomad_government,K
c_EM_kizilkhentii,Kizilkhentii,Kizilkhentii,d_EM_onon,k_otuken,c_EM_kizilkhentii,aq_chief_65,nomad_government,K
c_EM_ononum,Ononum,Ononum,d_EM_onon,k_otuken,c_EM_ononum,aq_chief_66,nomad_government,K
c_EM_shilka,Shilka,Shilka,d_EM_wajiezi,k_otuken,c_EM_shilka,aq_chief_67,nomad_government,K
c_EM_tsetsen,Tsetsen,Tsetsen,d_EM_yujuelu,k_otuken,c_EM_tsetsen,aq_chief_68,nomad_government,K
c_EM_urtolgod,Urtolgod,Urtolgod,d_EM_yujuelu,k_otuken,c_EM_urtolgod,aq_chief_69,nomad_government,K
c_EM_yujuelu,Yujuelu,Yujuelu,d_EM_yujuelu,k_otuken,c_EM_yujuelu,aq_chief_70,nomad_government,K
c_IDO_bali,Bali,Bali,d_IDO_bali,k_yavakadvipa,c_IDO_bali,aq_chief_71,tribal_government,K
c_IDO_barat_daya,Barat Daya,Barat Daya,d_IDO_timor,k_maluku,c_IDO_barat_daya,aq_chief_72,tribal_government,K
c_IDO_galiyao,Galiyao,Galiyao,d_IDO_lesser_sunda,k_maluku,c_IDO_galiyao,aq_chief_73,tribal_government,K
c_IDO_humba,Humba,Humba,d_IDO_lesser_sunda,k_maluku,c_IDO_humba,aq_chief_74,tribal_government,K
c_IDO_lombok_and_sumbawa,Lombok and Sumbawa,Lombok and Sumbawa,d_IDO_bali,k_yavakadvipa,c_IDO_lombok_and_sumbawa,aq_chief_75,tribal_government,K
c_IDO_nusa_nipa,Nusa Nipa,Nusa Nipa,d_IDO_lesser_sunda,k_maluku,c_IDO_nusa_nipa,aq_chief_76,tribal_government,K
c_IDO_sonba_i,Sonba'i,Sonba'i,d_IDO_timor,k_maluku,c_IDO_sonba_i,aq_chief_77,tribal_government,K
c_IDO_wehale,Wehale,Wehale,d_IDO_timor,k_maluku,c_IDO_wehale,aq_chief_78,tribal_government,K
c_JAV_cimanuk,Cimanuk,Cimanuk,d_JAV_taruma,k_yavakadvipa,c_JAV_cimanuk,aq_chief_79,tribal_government,K
c_JAV_galuh,Galuh,Galuh,d_JAV_taruma,k_yavakadvipa,c_JAV_galuh,aq_chief_80,tribal_government,K
c_JAV_janggala,Janggala,Janggala,d_JAV_mataram,k_yavakadvipa,c_JAV_janggala,aq_chief_81,tribal_government,K
c_JAV_kalingga,Kalingga,Kalingga,d_JAV_mataram,k_yavakadvipa,c_JAV_kalingga,aq_chief_82,tribal_government,K
c_JAV_lumajang,Lumajang,Lumajang,d_JAV_mataram,k_yavakadvipa,c_JAV_lumajang,aq_chief_83,tribal_government,K
c_JAV_madura,Madura,Madura,d_IDO_bali,k_yavakadvipa,c_JAV_madura,aq_chief_84,tribal_government,K
c_JAV_mataram,Mataram,Mataram,d_JAV_mataram,k_yavakadvipa,c_JAV_mataram,aq_chief_85,tribal_government,K
c_JAV_sunda,Sunda,Sunda,d_JAV_taruma,k_yavakadvipa,c_JAV_sunda,aq_chief_86,tribal_government,K
c_LIAO_changchun,Changchun,Changchun,d_LIAO_shangjing,k_khitan,c_LIAO_changchun,aq_chief_87,tribal_government,K
c_LIAO_chaoyang,Chaoyang,Chaoyang,d_liaoxi,k_raole,c_LIAO_chaoyang,aq_chief_88,tribal_government,K
c_LIAO_dading,Dading,Dading,d_LIAO_zhongjing,k_raole,c_LIAO_dading,aq_chief_89,tribal_government,K
c_LIAO_dalian,Dalian,Dalian,d_LIAO_linhuang,k_khitan,c_LIAO_dalian,aq_chief_90,tribal_government,K
c_LIAO_diezhou,Diezhou,Diezhou,d_LIAO_dongjing,k_balhae,c_LIAO_diezhou,aq_chief_91,tribal_government,K
c_LIAO_guidezhou,Guidezhou,Guidezhou,d_LIAO_dongjing,k_balhae,c_LIAO_guidezhou,aq_chief_92,tribal_government,K
c_LIAO_heicaoan,Heicaoan,Heicaoan,d_LIAO_linhuang,k_khitan,c_LIAO_heicaoan,aq_chief_93,tribal_government,K
c_LIAO_horqinan,Horqinan,Horqinan,d_LIAO_shangjing,k_khitan,c_LIAO_horqinan,aq_chief_94,tribal_government,K
c_LIAO_jinzhou,Jinzhou,Jinzhou,d_liaoxi,k_raole,c_LIAO_jinzhou,aq_chief_95,tribal_government,K
c_LIAO_liaozhou,Liaozhou,Liaozhou,d_liaoxi,k_raole,c_LIAO_liaozhou,aq_chief_96,tribal_government,K
c_LIAO_linhuang,Linhuang,Linhuang,d_LIAO_linhuang,k_khitan,c_LIAO_linhuang,aq_chief_97,tribal_government,K
c_LIAO_longhuazhou,Longhuazhou,Longhuazhou,d_LIAO_linhuang,k_khitan,c_LIAO_longhuazhou,aq_chief_98,tribal_government,K
c_LIAO_ningzhou,Ningzhou,Ningzhou,d_LIAO_shangjing,k_khitan,c_LIAO_ningzhou,aq_chief_99,tribal_government,K
c_LIAO_raozhou,Raozhou,Raozhou,d_LIAO_linhuang,k_khitan,c_LIAO_raozhou,aq_chief_100,tribal_government,K
c_LIAO_shenyang,Shenyang,Shenyang,d_LIAO_dongjing,k_balhae,c_LIAO_shenyang,aq_chief_101,tribal_government,K
c_LIAO_taizhou,Taizhou,Taizhou,d_LIAO_shangjing,k_khitan,c_LIAO_taizhou,aq_chief_102,tribal_government,K
c_LIAO_ulagaian,Ulagaian,Ulagaian,d_LIAO_linhuang,k_khitan,c_LIAO_ulagaian,aq_chief_103,tribal_government,K
c_LIAO_wuzhou,Wuzhou,Wuzhou,d_LIAO_shangjing,k_khitan,c_LIAO_wuzhou,aq_chief_104,tribal_government,K
c_LIAO_xianzhou,Xianzhou,Xianzhou,d_liaoxi,k_raole,c_LIAO_xianzhou,aq_chief_105,tribal_government,K
c_LIAO_yinzhou,Yínzhōu,Yínzhōu,d_LIAO_dongjing,k_balhae,c_LIAO_yinzhou,aq_chief_106,tribal_government,K
c_LIAO_zhenzhou,Zhenzhou,Zhenzhou,d_LIAO_dongjing,k_balhae,c_LIAO_zhenzhou,aq_chief_107,tribal_government,K
c_MAL_gangganegara,Gangganegara,Gangganegara,d_MAL_pahang,k_hujung_medini,c_MAL_gangganegara,aq_chief_108,tribal_government,K
c_MAL_gelanggi,Gelanggi,Gelanggi,d_MAL_pahang,k_hujung_medini,c_MAL_gelanggi,aq_chief_109,tribal_government,K
c_MAL_johor,Johor,Johor,d_MAL_pahang,k_hujung_medini,c_MAL_johor,aq_chief_110,tribal_government,K
c_MAL_kedah,Kedah,Kedah,d_MAL_langkasuka,k_hujung_medini,c_MAL_kedah,aq_chief_111,tribal_government,K
c_MAL_kelantan,Kelantan,Kelantan,d_MAL_langkasuka,k_hujung_medini,c_MAL_kelantan,aq_chief_112,tribal_government,K
c_MAL_pahang,Pahang,Pahang,d_MAL_pahang,k_hujung_medini,c_MAL_pahang,aq_chief_113,tribal_government,K
c_MAL_patani,Patani,Patani,d_MAL_langkasuka,k_hujung_medini,c_MAL_patani,aq_chief_114,tribal_government,K
c_MAL_semantan,Semantan,Semantan,d_MAL_pahang,k_hujung_medini,c_MAL_semantan,aq_chief_115,tribal_government,K
c_PHI_bool_and_cebu,Bool and Cebu,Bool and Cebu,d_PHI_visayas,k_kabisay-an,c_PHI_bool_and_cebu,aq_chief_116,tribal_government,K
c_PHI_buglas,Buglas,Buglas,d_PHI_visayas,k_kabisay-an,c_PHI_buglas,aq_chief_117,tribal_government,K
c_PHI_butuan,Butuan,Butuan,d_PHI_butuan,k_kabisay-an,c_PHI_butuan,aq_chief_118,tribal_government,K
c_PHI_cagayan_valley,Cagayan Valley,Cagayan Valley,d_PHI_cagayan,k_lusung,c_PHI_cagayan_valley,aq_chief_119,tribal_government,K
c_PHI_calagan,Calagan,Calagan,d_PHI_butuan,k_kabisay-an,c_PHI_calagan,aq_chief_120,tribal_government,K
c_PHI_cotabato,Cotabato,Cotabato,d_PHI_maguindanao,k_kabisay-an,c_PHI_cotabato,aq_chief_121,tribal_government,K
c_PHI_ibalong,Ibalong,Ibalong,d_PHI_tondo,k_lusung,c_PHI_ibalong,aq_chief_122,tribal_government,K
c_PHI_igorot,Igorot,Igorot,d_PHI_ilocana,k_lusung,c_PHI_igorot,aq_chief_123,tribal_government,K
c_PHI_ivatan,Ivatan,Ivatan,d_PHI_ilocana,k_lusung,c_PHI_ivatan,aq_chief_124,tribal_government,K
c_PHI_kalilayan,Kalilayan,Kalilayan,d_PHI_tondo,k_lusung,c_PHI_kalilayan,aq_chief_125,tribal_government,K
c_PHI_kasiguranin,Kasiguranin,Kasiguranin,d_PHI_cagayan,k_lusung,c_PHI_kasiguranin,aq_chief_126,tribal_government,K
c_PHI_lanao,Lanao,Lanao,d_PHI_maguindanao,k_kabisay-an,c_PHI_lanao,aq_chief_127,tribal_government,K
c_PHI_ma-i,Ma-i,Ma-i,d_PHI_tondo,k_lusung,c_PHI_ma-i,aq_chief_128,tribal_government,K
c_PHI_maguindanao,Maguindanao,Maguindanao,d_PHI_maguindanao,k_kabisay-an,c_PHI_maguindanao,aq_chief_129,tribal_government,K
c_PHI_mandaya,Mandaya,Mandaya,d_PHI_butuan,k_kabisay-an,c_PHI_mandaya,aq_chief_130,tribal_government,K
c_PHI_masbate,Masbate,Masbate,d_PHI_tondo,k_lusung,c_PHI_masbate,aq_chief_131,tribal_government,K
c_PHI_panay,Panay,Panay,d_PHI_visayas,k_kabisay-an,c_PHI_panay,aq_chief_132,tribal_government,K
c_PHI_pangasinan,Pangasinan,Pangasinan,d_PHI_ilocana,k_lusung,c_PHI_pangasinan,aq_chief_133,tribal_government,K
c_PHI_samar,Samar,Samar,d_PHI_visayas,k_kabisay-an,c_PHI_samar,aq_chief_134,tribal_government,K
c_PHI_samtoy,Samtoy,Samtoy,d_PHI_ilocana,k_lusung,c_PHI_samtoy,aq_chief_135,tribal_government,K
c_PHI_sarangani,Sarangani,Sarangani,d_PHI_butuan,k_kabisay-an,c_PHI_sarangani,aq_chief_136,tribal_government,K
c_PHI_south_palawan,South Palawan,South Palawan,d_PHI_sandao,k_lusung,c_PHI_south_palawan,aq_chief_137,tribal_government,K
c_PHI_sulu,Sulu,Sulu,d_PHI_maguindanao,k_kabisay-an,c_PHI_sulu,aq_chief_138,tribal_government,K
c_PHI_tandaya,Tandaya,Tandaya,d_PHI_visayas,k_kabisay-an,c_PHI_tandaya,aq_chief_139,tribal_government,K
c_PHI_taytay,Taytay,Taytay,d_PHI_sandao,k_lusung,c_PHI_taytay,aq_chief_140,tribal_government,K
c_PHI_tondo,Tondo,Tondo,d_PHI_tondo,k_lusung,c_PHI_tondo,aq_chief_141,tribal_government,K
c_PHI_zamboanga,Zamboanga,Zamboanga,d_PHI_maguindanao,k_kabisay-an,c_PHI_zamboanga,aq_chief_142,tribal_government,K
c_SUM_bangka-belitung,Bangka-Belitung,Bangka-Belitung,d_SUM_palembang,k_malayadvipa,c_SUM_bangka-belitung,aq_chief_143,tribal_government,K
c_SUM_barus,Barus,Barus,d_SUM_aceh,k_malayadvipa,c_SUM_barus,aq_chief_144,tribal_government,K
c_SUM_bengkulu,Bengkulu,Bengkulu,d_SUM_minangkabau,k_malayadvipa,c_SUM_bengkulu,aq_chief_145,tribal_government,K
c_SUM_dharmasraya,Dharmasraya,Dharmasraya,d_SUM_jambi,k_malayadvipa,c_SUM_dharmasraya,aq_chief_146,tribal_government,K
c_SUM_east_sumatra,East Sumatra,East Sumatra,d_SUM_palembang,k_malayadvipa,c_SUM_east_sumatra,aq_chief_147,tribal_government,K
c_SUM_indragiri,Indragiri,Indragiri,d_SUM_jambi,k_malayadvipa,c_SUM_indragiri,aq_chief_148,tribal_government,K
c_SUM_jambi,Jambi,Jambi,d_SUM_jambi,k_malayadvipa,c_SUM_jambi,aq_chief_149,tribal_government,K
c_SUM_kampar,Kampar,Kampar,d_SUM_riau,k_malayadvipa,c_SUM_kampar,aq_chief_150,tribal_government,K
c_SUM_karang_brahi,Karang Brahi,Karang Brahi,d_SUM_jambi,k_malayadvipa,c_SUM_karang_brahi,aq_chief_151,tribal_government,K
c_SUM_lambri,Lambri,Lambri,d_SUM_aceh,k_malayadvipa,c_SUM_lambri,aq_chief_152,tribal_government,K
c_SUM_lampung,Lampung,Lampung,d_SUM_palembang,k_malayadvipa,c_SUM_lampung,aq_chief_153,tribal_government,K
c_SUM_lingga,Lingga,Lingga,d_SUM_jambi,k_malayadvipa,c_SUM_lingga,aq_chief_154,tribal_government,K
c_SUM_meranti,Meranti,Meranti,d_SUM_riau,k_malayadvipa,c_SUM_meranti,aq_chief_155,tribal_government,K
c_SUM_minangkabau,Minangkabau,Minangkabau,d_SUM_minangkabau,k_malayadvipa,c_SUM_minangkabau,aq_chief_156,tribal_government,K
c_SUM_muara_takus,Muara Takus,Muara Takus,d_SUM_riau,k_malayadvipa,c_SUM_muara_takus,aq_chief_157,tribal_government,K
c_SUM_palembang,Palembang,Palembang,d_SUM_palembang,k_malayadvipa,c_SUM_palembang,aq_chief_158,tribal_government,K
c_SUM_panai,Panai,Panai,d_SUM_aceh,k_malayadvipa,c_SUM_panai,aq_chief_159,tribal_government,K
c_SUM_pasemah,Pasemah,Pasemah,d_SUM_palembang,k_malayadvipa,c_SUM_pasemah,aq_chief_160,tribal_government,K
c_SUM_pekanbaru,Pekanbaru,Pekanbaru,d_SUM_riau,k_malayadvipa,c_SUM_pekanbaru,aq_chief_161,tribal_government,K
c_SUM_perlak,Perlak,Perlak,d_SUM_aceh,k_malayadvipa,c_SUM_perlak,aq_chief_162,tribal_government,K
c_SUM_riak_nan_berbedur,Riak nan Berbedur,Riak nan Berbedur,d_SUM_minangkabau,k_malayadvipa,c_SUM_riak_nan_berbedur,aq_chief_163,tribal_government,K
c_SUM_rokan,Rokan,Rokan,d_SUM_riau,k_malayadvipa,c_SUM_rokan,aq_chief_164,tribal_government,K
c_SW_damoguo,Damoguo,Damoguo,d_SW_puyudao,k_shiwei,c_SW_damoguo,aq_chief_165,tribal_government,K
c_SW_dongcheziguo,Dongcheziguo,Dongcheziguo,d_SW_heicheziguo,k_shiwei,c_SW_dongcheziguo,aq_chief_166,tribal_government,K
c_SW_dongruzhe,Dongruzhe,Dongruzhe,d_SW_ruzheguo,k_shiwei,c_SW_dongruzhe,aq_chief_167,tribal_government,K
c_SW_ergunia,Ergunia,Ergunia,d_SW_dashiweiguo,k_shiwei,c_SW_ergunia,aq_chief_168,tribal_government,K
c_SW_fancao,Fancao,Fancao,d_SW_sushenguo,k_shiwei,c_SW_fancao,aq_chief_169,tribal_government,K
c_SW_gonghejiang,Gonghejiang,Gonghejiang,d_SW_sushenguo,k_shiwei,c_SW_gonghejiang,aq_chief_170,tribal_government,K
c_SW_hailar,Hailar,Hailar,d_SW_dashiweiguo,k_shiwei,c_SW_hailar,aq_chief_171,tribal_government,K
c_SW_heiergun,Heiergun,Heiergun,d_SW_dashiweiguo,k_shiwei,c_SW_heiergun,aq_chief_172,tribal_government,K
c_SW_heiheguo,Heiheguo,Heiheguo,d_SW_lingxiguo,k_shiwei,c_SW_heiheguo,aq_chief_173,tribal_government,K
c_SW_heilonghean,Heilonghean,Heilonghean,d_SW_puyudao,k_shiwei,c_SW_heilonghean,aq_chief_174,tribal_government,K
c_SW_heilonglin,Heilonglin,Heilonglin,d_SW_sushenguo,k_shiwei,c_SW_heilonglin,aq_chief_175,tribal_government,K
c_SW_hongxingan,Hongxingan,Hongxingan,d_SW_heicheziguo,k_shiwei,c_SW_hongxingan,aq_chief_176,tribal_government,K
c_SW_huangtouguo,Huangtouguo,Huangtouguo,d_SW_qingxingan,k_shiwei,c_SW_huangtouguo,aq_chief_177,tribal_government,K
c_SW_hulunbuir,Hulunbuir,Hulunbuir,d_SW_heicheziguo,k_shiwei,c_SW_hulunbuir,aq_chief_178,tribal_government,K
c_SW_jiqin_hari,Jiqin Hari,Jiqin Hari,d_SW_ruzheguo,k_shiwei,c_SW_jiqin_hari,aq_chief_179,tribal_government,K
c_SW_lingxiguo,Lingxiguo,Lingxiguo,d_SW_lingxiguo,k_shiwei,c_SW_lingxiguo,aq_chief_180,tribal_government,K
c_SW_luotuoguo,Luotuoguo,Luotuoguo,d_SW_qingxingan,k_shiwei,c_SW_luotuoguo,aq_chief_181,tribal_government,K
c_SW_lupingyuan,Lupingyuan,Lupingyuan,d_SW_sushenguo,k_shiwei,c_SW_lupingyuan,aq_chief_182,tribal_government,K
c_SW_mengwuo,Mengwuo,Mengwuo,d_SW_dashiweiguo,k_shiwei,c_SW_mengwuo,aq_chief_183,tribal_government,K
c_SW_nabeiguo,Nabeiguo,Nabeiguo,d_SW_qingxingan,k_shiwei,c_SW_nabeiguo,aq_chief_184,tribal_government,K
c_SW_pibeihe,Pibeihe,Pibeihe,d_SW_dashiweiguo,k_shiwei,c_SW_pibeihe,aq_chief_185,tribal_government,K
c_SW_powoguo,Powoguo,Powoguo,d_SW_lingxiguo,k_shiwei,c_SW_powoguo,aq_chief_186,tribal_government,K
c_SW_puyuzhou,Puyuzhou,Puyuzhou,d_SW_puyudao,k_shiwei,c_SW_puyuzhou,aq_chief_187,tribal_government,K
c_SW_ruzhejiang,Ruzhejiang,Ruzhejiang,d_SW_ruzheguo,k_shiwei,c_SW_ruzhejiang,aq_chief_188,tribal_government,K
c_SW_shanbeiguo,Shanbeiguo,Shanbeiguo,d_SW_puyudao,k_shiwei,c_SW_shanbeiguo,aq_chief_189,tribal_government,K
c_SW_suihua,Suihua,Suihua,d_SW_sushenguo,k_shiwei,c_SW_suihua,aq_chief_190,tribal_government,K
c_SW_talbai,Talbai,Talbai,d_EM_wajiezi,k_otuken,c_SW_talbai,aq_chief_191,nomad_government,K
c_SW_xinghuangtou,Xinghuangtou,Xinghuangtou,d_SW_qingxingan,k_shiwei,c_SW_xinghuangtou,aq_chief_192,tribal_government,K
c_SW_xingnabei,Xingnabei,Xingnabei,d_SW_qingxingan,k_shiwei,c_SW_xingnabei,aq_chief_193,tribal_government,K
c_SW_zhongcheziguo,Zhongcheziguo,Zhongcheziguo,d_SW_heicheziguo,k_shiwei,c_SW_zhongcheziguo,aq_chief_194,tribal_government,K
c_SuMa_ajatappareng,Ajatappareng,Ajatappareng,d_SuMa_luwu,k_sulawesi,c_SuMa_ajatappareng,aq_chief_195,tribal_government,K
c_SuMa_bacan,Bacan,Bacan,d_SuMa_halmahera,k_maluku,c_SuMa_bacan,aq_chief_196,tribal_government,K
c_SuMa_banawa,Banawa,Banawa,d_SuMa_minahasa,k_sulawesi,c_SuMa_banawa,aq_chief_197,tribal_government,K
c_SuMa_banggai,Banggai,Banggai,d_SuMa_tompotika,k_sulawesi,c_SuMa_banggai,aq_chief_198,tribal_government,K
c_SuMa_banggai_utara,Banggai Utara,Banggai Utara,d_SuMa_tompotika,k_sulawesi,c_SuMa_banggai_utara,aq_chief_199,tribal_government,K
c_SuMa_buru-sula,Buru-Sula,Buru-Sula,d_SuMa_maluku,k_maluku,c_SuMa_buru-sula,aq_chief_200,tribal_government,K
c_SuMa_butun,Butun,Butun,d_SuMa_konawe,k_sulawesi,c_SuMa_butun,aq_chief_201,tribal_government,K
c_SuMa_gorontalo,Gorontalo,Gorontalo,d_SuMa_minahasa,k_sulawesi,c_SuMa_gorontalo,aq_chief_202,tribal_government,K
c_SuMa_konawe,Konawe,Konawe,d_SuMa_konawe,k_sulawesi,c_SuMa_konawe,aq_chief_203,tribal_government,K
c_SuMa_luwu,Luwu,Luwu,d_SuMa_luwu,k_sulawesi,c_SuMa_luwu,aq_chief_204,tribal_government,K
c_SuMa_mori,Mori,Mori,d_SuMa_tompotika,k_sulawesi,c_SuMa_mori,aq_chief_205,tribal_government,K
c_SuMa_moronene,Moronene,Moronene,d_SuMa_konawe,k_sulawesi,c_SuMa_moronene,aq_chief_206,tribal_government,K
c_SuMa_raja_ampat,Raja Ampat,Raja Ampat,d_SuMa_maluku,k_maluku,c_SuMa_raja_ampat,aq_chief_207,tribal_government,K
c_SuMa_sampaga,Sampaga,Sampaga,d_SuMa_luwu,k_sulawesi,c_SuMa_sampaga,aq_chief_208,tribal_government,K
c_SuMa_seram,Seram,Seram,d_SuMa_maluku,k_maluku,c_SuMa_seram,aq_chief_209,tribal_government,K
c_SuMa_siang,Siang,Siang,d_SuMa_luwu,k_sulawesi,c_SuMa_siang,aq_chief_210,tribal_government,K
c_SuMa_tamboeko,Tamboeko,Tamboeko,d_SuMa_konawe,k_sulawesi,c_SuMa_tamboeko,aq_chief_211,tribal_government,K
c_SuMa_ternate,Ternate,Ternate,d_SuMa_halmahera,k_maluku,c_SuMa_ternate,aq_chief_212,tribal_government,K
c_SuMa_tidore,Tidore,Tidore,d_SuMa_halmahera,k_maluku,c_SuMa_tidore,aq_chief_213,tribal_government,K
c_SuMa_wenang,Wenang,Wenang,d_SuMa_minahasa,k_sulawesi,c_SuMa_wenang,aq_chief_214,tribal_government,K
c_THAI_phetchaburi,Phetchaburi,Phetchaburi,d_tun_sun,k_dvaravati,c_THAI_phetchaburi,aq_chief_215,tribal_government,K
c_THAI_takua_pa,Takua Pa,Takua Pa,d_MAL_langkasuka,k_hujung_medini,c_THAI_takua_pa,aq_chief_216,tribal_government,K
c_THAI_tambralinga,Tambralinga,Tambralinga,d_MAL_langkasuka,k_hujung_medini,c_THAI_tambralinga,aq_chief_217,tribal_government,K
c_THAI_tenasserim,Tenasserim,Tenasserim,d_tun_sun,k_dvaravati,c_THAI_tenasserim,aq_chief_218,tribal_government,K
c_aachen,Aachen,Eburones,d_julich,k_lotharingia,c_aachen,aq_chief_219,tribal_government,A/R
c_aalborg,Aalborg,Cimbria,d_jylland,k_denmark,c_aalborg,aq_chief_220,tribal_government,R
c_aargau,Aargau,Helvetii,d_transjurania,k_burgundy,c_aargau,aq_chief_221,tribal_government,A/R
c_aarhus,Aarhus,Cimbria,d_jylland,k_denmark,c_aarhus,aq_chief_222,tribal_government,R
c_abakan,Abakan,Abakan,d_khakass_hollow,k_khakassia,c_abakan,aq_chief_223,tribal_government,K
c_abauj,Abauj,Carpathian Celts,d_ungvar,k_hungary,c_abauj,aq_chief_224,tribal_government,R
c_abbadan,Abbadan,Susiana,d_khuzestan,k_aq_persia_persia,e_aq_persia,aq_chief_225,tribal_government,R
c_abivard,Abivard,Parthia,d_nasa,k_aq_persia_khorasan,e_aq_persia,aq_chief_226,tribal_government,R
c_abkhazia,Abkhazia,Colchis,d_abkhazia,k_georgia,c_abkhazia,aq_chief_227,tribal_government,R
c_ablastha,Ablastha,Cappadocia,d_sebasteia,k_aq_persia_cappadocia,e_aq_persia,aq040_local_ablastha,tribal_government,R
c_abomey,Abomey,Abomey,d_ibadan,k_yorubaland,c_abomey,aq_chief_229,tribal_government,K
c_abruzzi,Abruzzi,Umbria,d_spoleto,k_romagna,c_abruzzi,aq_chief_230,tribal_government,R
c_abu_hammad,Abu Hammad,Abu Hammad,d_shamir,k_aq_kush,k_aq_kush,aq_chief_231,tribal_government,K
c_abugan,Abugan,Abugan,d_kush-murun,k_qara_dala,c_abugan,aq_chief_232,nomad_government,K
c_abwab,Abwab,Abwab,d_makuria,k_aq_kush,k_aq_kush,aq_chief_233,tribal_government,K
c_abydos,Abydos,Abydos,d_aq040_hellespont,k_aq_persia_nikaea,e_aq_persia,aq_chief_234,tribal_government,A/R
c_acalapura,Acalapura,Vidharba,d_vidharba,k_maharastra,c_acalapura,aq_chief_235,tribal_government,R
c_acampse,Acampse,Colchis,d_tao-klarjeti,k_georgia,c_acampse,aq_chief_236,tribal_government,R
c_achaia,Achaia,Achaea,d_aq_tribe_achaia_achaia,k_hellas,c_achaia,aq_chief_237,tribal_government,A/R
c_achu,Achu,Saka,d_kokturgay,k_cuman,c_achu,aq_chief_238,nomad_government,R
c_acre,Acre,Akko,d_urdunn,k_aq_persia_jerusalem,e_aq_persia,aq_chief_239,tribal_government,A/R
c_adanse,Adanse,Adanse,d_ashanti,k_akan,c_adanse,aq_chief_240,tribal_government,K
c_adoni,Kampili,Nulambavadi,d_nulambavadi,k_karnata,c_adoni,aq_chief_241,tribal_government,R
c_adrianopolis,Adrianopolis,Odrysia,d_philippopolis,k_aq_thrace,k_aq_thrace,aq_thrace,tribal_government,A/R
c_aeolis,Aeolis,Aeolis,d_ephese,k_aq_persia_lydia,e_aq_persia,aq_chief_243,tribal_government,A/R
c_aetolia,Aetolia,Aetolia,d_aq040_epirus_epirus,k_epirus,c_aetolia,aq_chief_244,tribal_government,A/R
c_afar,Afar,Afar,d_danakil,k_adal,c_afar,aq_chief_245,tribal_government,K
c_afram,Afram,Afram,d_eweland,k_akan,c_afram,aq_chief_246,tribal_government,K
c_agadir,Agadir,Gaetulia,d_sous,k_maghreb,c_agadir,aq_chief_247,tribal_government,A/R
c_agairik,Agairik,Saka,d_akaltay,k_dzungaria,c_agairik,aq_chief_248,nomad_government,R
c_agaw_meder,Agaw-Meder,Agaw-Meder,d_gojjam,k_abyssinia,c_agaw_meder,aq_chief_249,tribal_government,K
c_agdeside,Vestr Agðir,Scandia,d_agder,k_norway,c_agdeside,aq_chief_250,tribal_government,R
c_agenais,Agen,Nitiobriges,d_gascogne,k_france,c_agenais,aq_chief_251,tribal_government,A/R
c_agrigento,Castrogiovanni,Henna,d_sicily,k_aq_syracuse,k_aq_syracuse,aq_chief_252,tribal_government,A/R
c_ahqaf,Ahqaf,Hadramaut,d_hadramawt,k_aq040_hadramaut,k_aq040_hadramaut,aq_chief_253,tribal_government,R
c_ahvaz,Ahvaz,Susiana,d_khuzestan,k_aq_persia_persia,e_aq_persia,aq_chief_254,tribal_government,A/R
c_aigun,Aigun,Saka,d_kentarlau,k_kipchak,c_aigun,aq_chief_255,nomad_government,R
c_ailech,Ailech,Ulaid,d_ulster,k_ireland,c_ailech,aq_chief_256,tribal_government,R
c_ain_galakka,Ain Galakka,Garamantia,d_tibesti,k_sahara,c_ain_galakka,aq_chief_257,tribal_government,R
c_aintab,Aintab,Commagene,d_edessa,k_aq_persia_syria,e_aq_persia,aq_chief_258,tribal_government,A/R
c_air,Air,Garamantia,d_air,k_sahara,c_air,aq_chief_259,tribal_government,R
c_airyuk,Airyuk,Dahae,d_barsuki,k_oghuz_il,c_airyuk,aq_chief_260,nomad_government,R
c_ajaccio,Ajaccio,Corsii,d_corsica,k_sardinia,c_ajaccio,aq_chief_261,tribal_government,A/R
c_ajayameru,Ajayameru,Matsya,d_ajmer,k_rajputana,c_ajayameru,aq_chief_262,tribal_government,R
c_ak-dzulpas,Ak-Dzulpas,Dahae,d_aral_il,k_oghuz_il,c_ak-dzulpas,aq_chief_263,nomad_government,R
c_ak-taylak,Ak-Taylak,Saka,d_degelen,k_kipchak,c_ak-taylak,aq_chief_264,nomad_government,R
c_akhadid,Akhadid,Babylonia,d_kufa,k_aq_persia_mesopotamia,e_aq_persia,aq_chief_265,tribal_government,R
c_aki,Aki,Aki,d_west_sanyodo,k_yamato,c_aki,aq_chief_266,tribal_government,K
c_akkel,Akkel,Sápmi,d_giemajohka,k_sapmi,c_akkel,aq_chief_267,tribal_government,R
c_akkityk,Akkityk,Dahae,d_jemba,k_oghuz_il,c_akkityk,aq_chief_268,nomad_government,R
c_aksay,Aksay,Aksay,d_aksay,k_amdo,c_aksay,aq_chief_269,tribal_government,K
c_aksu,Aksu,Kashgar,d_kashgar,k_khotan,c_aksu,aq_chief_270,tribal_government,R
c_aksuyek,Aksuyek,Saka,d_zhetysu,k_zhetysu,c_aksuyek,aq_chief_271,nomad_government,R
c_al-arid,Al-'Arid,Arabia Interior,d_yamama,k_arabia,c_al-arid,aq_chief_272,tribal_government,R
c_al-asa,Al-As'a',Hadramaut,d_mahra,k_yemen,c_al-asa,aq_chief_273,tribal_government,R
c_al-buhaira,Al-Buhaira,Lower Egypt,d_delta,k_aq_egypt,k_aq_egypt,aq_chief_274,tribal_government,A/R
c_al-gharbiya,Al-Gharbiya,Lower Egypt,d_delta,k_aq_egypt,k_aq_egypt,aq_chief_275,tribal_government,A/R
c_al-haditha,al-Haditha,Mesopotamia,d_euphrates,k_aq_persia_jazira,e_aq_persia,aq_chief_276,tribal_government,R
c_al-hasa,Al-Hasa,Gerrha,d_al-hasa,k_arabia,c_al-hasa,aq_chief_277,tribal_government,A/R
c_al_aqabah,Al-Aqabah,Ayla Region,d_shammar,k_arabia,c_al_aqabah,aq_chief_278,tribal_government,A/R
c_al_jawf,Al-Jawf,Dumat al-Jandal,d_jawf,k_arabia,c_al_jawf,aq_chief_279,tribal_government,A/R
c_aland,Aland,Suiones,d_svealand,k_sweden,c_aland,aq_chief_280,tribal_government,R
c_alarcon,Alarcon,Olcades,d_murcia,k_valencia,c_alarcon,aq_chief_281,tribal_government,A/R
c_albarracin,Albarracin,Celtiberi,d_aragon,k_aragon,c_albarracin,aq_chief_282,tribal_government,A/R
c_albi,Albi,Ruteni,d_languedoc,k_france,c_albi,aq_chief_283,tribal_government,A/R
c_albret,Albret,Aquitania,d_gascogne,k_france,c_albret,aq_chief_284,tribal_government,R
c_alcacer_do_sal,Alcacer do Sal,Bevipo,d_beja,k_badajoz,c_alcacer_do_sal,aq_chief_285,tribal_government,A/R
c_alcaniz,Alcaniz,Celtiberia,d_aragon,k_aragon,c_alcaniz,aq_chief_286,tribal_government,R
c_alcaraz,Alcaraz,Oretani,d_murcia,k_valencia,c_alcaraz,aq_chief_287,tribal_government,A/R
c_alencon,Alençon,Armorica,d_normandy,k_france,c_alencon,aq_chief_288,tribal_government,R
c_aleppo,Aleppo,Halab,d_aleppo,k_aq_persia_syria,e_aq_persia,aq_chief_289,tribal_government,A/R
c_alexandretta,Alexandretta,Issos Region,d_antioch,k_aq_persia_syria,e_aq_persia,aq_chief_290,tribal_government,A/R
c_alexandria,Alexandria,Rhakotis,d_alexandria,k_aq_egypt,k_aq_egypt,aq_chief_291,tribal_government,A/R
c_aley,Aley,Aley,d_aley,k_ob,c_aley,aq_chief_292,tribal_government,K
c_algeciras,Algeciras,Calpe,d_sevilla,k_andalusia,c_algeciras,aq_chief_293,tribal_government,A/R
c_algier,Algier,Icosium,d_alger,k_tahert,c_algier,aq_chief_294,tribal_government,A/R
c_alicante,Alicante,Contestani,d_valencia,k_valencia,c_alicante,aq_chief_295,tribal_government,A/R
c_allai,Allai,Kasmira,d_kasmira,k_kashmir,c_allai,aq_chief_296,tribal_government,R
c_allaqi,Allaqi,Allaqi,d_naqis,k_blemmyia,c_allaqi,aq_chief_297,tribal_government,K
c_allenstein,Galindia,Galindians,d_masuria,k_lithuania,c_allenstein,aq_chief_298,tribal_government,R
c_almader,Alarcos,Oretani,d_cordoba,k_andalusia,c_almader,aq_chief_299,tribal_government,A/R
c_almaty,Almaty,Saka,d_zhetysu,k_zhetysu,c_almaty,aq_chief_300,nomad_government,R
c_almeria,Almeria,Bastetani,d_granada,k_andalusia,c_almeria,aq_chief_301,tribal_government,A/R
c_alodia,Alodia,Alodia,d_alwa,k_aq_kush,k_aq_kush,aq_chief_302,tribal_government,K
c_along,Along,Along,d_lhoyul,k_lhomon,c_along,aq_chief_303,tribal_government,K
c_alpsee,Alpsee,Vindelicia,d_augsburg,k_bavaria,c_alpsee,aq_chief_304,tribal_government,R
c_altay,Altay,Saka,d_altay,k_dzungaria,c_altay,aq_chief_305,nomad_government,R
c_alto_aragon,Alto Aragon,Celtiberia,d_aragon,k_aragon,c_alto_aragon,aq_chief_306,tribal_government,R
c_aluksne,Aluksne,Latgalians,d_latgalians,k_lithuania,c_aluksne,aq_chief_307,tribal_government,R
c_alupa,Kolathunad,Chera Nadu,d_chera_nadu,k_tamilakam,c_alupa,aq_chief_308,tribal_government,R
c_alxa,Alxa,Alxa,d_xiutu,k_xia,c_alxa,aq_chief_309,nomad_government,K
c_amami,Amami,Amami,d_ruucuu,k_ruucuu,c_amami,aq_chief_310,tribal_government,K
c_amatlus,Amatlus,Gaetulia,d_adrar,k_anbiya,c_amatlus,aq_chief_311,tribal_government,R
c_amaya,Amaya,Cantabri,d_cantabria,k_castille,c_amaya,aq_chief_312,tribal_government,A/R
c_amdo,Amdo,Amdo,d_amdo,k_amdo,c_amdo,aq_chief_313,tribal_government,K
c_amhara,Amhara,Amhara,d_lasta,k_abyssinia,c_amhara,aq_chief_314,tribal_government,K
c_amida,Amida,Upper Tigris,d_diyarbakr,k_aq_persia_jazira,e_aq_persia,aq_chief_315,tribal_government,A/R
c_amiens,Amiens,Ambiani,d_valois,k_france,c_amiens,aq_chief_316,tribal_government,A/R
c_amis,Pangcah,Pangcah,d_liuqiu,k_liuqiu,c_amis,aq_chief_317,tribal_government,K
c_amol,Amol,Margiana,d_merv,k_aq_persia_margiana,e_aq_persia,aq_chief_318,tribal_government,R
c_amstetten,Amstetten,Noricum,d_osterreich,k_bavaria,c_amstetten,aq_chief_319,tribal_government,R
c_anbar,Anbar,Mesopotamia,d_baghdad,k_aq_persia_mesopotamia,e_aq_persia,aq_chief_320,tribal_government,A/R
c_ancona,Ancona,Ankon,d_ancona,k_romagna,c_ancona,aq_chief_321,tribal_government,A/R
c_andamans,Handumans,Handumans,d_handumans,k_malayadvipa,c_andamans,aq_chief_322,tribal_government,K
c_andong,Andong,Andong,d_gyeongju,k_silla,c_andong,aq_chief_323,tribal_government,K
c_andujar,Jaén,Oretani,d_cordoba,k_andalusia,c_andujar,aq_chief_324,tribal_government,A/R
c_angerburg,Sudovian,Galindians,d_masuria,k_lithuania,c_angerburg,aq_chief_325,tribal_government,R
c_angermanland,Ångermanland,Fenni,d_norrland,k_sweden,c_angermanland,aq_chief_326,tribal_government,R
c_angkor,Angkor,Angkor,d_angkor,k_funan,c_angkor,aq_chief_327,tribal_government,K
c_angkor_borey,Angkor Borey,Angkor Borey,d_angkor_borey,k_funan,c_angkor_borey,aq_chief_328,tribal_government,K
c_anglesey,Ynys Môn,Mona,d_gwynedd,k_wales,c_anglesey,aq_chief_329,tribal_government,A/R
c_angot,Angot,Angot,d_lasta,k_abyssinia,c_angot,aq_chief_330,tribal_government,K
c_angouleme,Angoulême,Santones,d_aquitaine,k_france,c_angouleme,aq_chief_331,tribal_government,A/R
c_angus,Angus,Caledonii,d_albany,k_scotland,c_angus,aq_chief_332,tribal_government,R
c_anja,Anja,Anja,d_blue_khakassia,k_khakassia,c_anja,aq_chief_333,tribal_government,K
c_anjou,Anjou,Andecavi,d_anjou,k_france,c_anjou,aq_chief_334,tribal_government,A/R
c_anket,Anket,Caucasia,d_ciscaucasia,k_caucasus,c_anket,aq_chief_335,nomad_government,R
c_annaba,Annaba,Hippo Regius,d_aq040_aq_carthage_kroumerie,k_aq_carthage,k_aq_carthage,aq_chief_336,tribal_government,A/R
c_annandale,Annandale,Damnonii,d_galloway,k_scotland,c_annandale,aq_chief_337,tribal_government,R
c_ansbach,Ansbach,Hermunduri,d_east_franconia,k_east_francia,c_ansbach,aq_chief_338,tribal_government,R
c_ansongo,Ansongo,Ansongo,d_kawkaw,k_songhay,c_ansongo,aq_chief_339,tribal_government,K
c_antiocheia,Antiocheia,Lower Orontes,d_antioch,k_aq_persia_syria,e_aq_persia,aq_chief_340,tribal_government,A/R
c_antipatreia,Antipatreia,Illyria,d_dyrrachion,k_aq_illyria,k_aq_illyria,aq_chief_341,tribal_government,R
c_antwerpen,Antwerpen,Menapii,d_brabant,k_lotharingia,c_antwerpen,aq_chief_342,tribal_government,A/R
c_anzhou,Anzhou,Anzhou,d_eyue,k_aq_chu,k_aq_chu,aq_chief_343,tribal_government,K
c_aosta,Aosta,Salassi,d_savoie,k_burgundy,c_aosta,aq_chief_344,tribal_government,A/R
c_aowin,Aowin,Aowin,d_adiukru,k_akan,c_aowin,aq_chief_345,tribal_government,K
c_apahunik,Apahunik,Vaspurakan,d_vaspurakan,k_aq_persia_armenia,e_aq_persia,aq_chief_346,tribal_government,R
c_apulia,Apulia,Iapygians,d_apulia,k_sicily,c_apulia,aq_chief_347,tribal_government,A/R
c_aqenganggyai,Aqênganggyai,Aqênganggyai,d_amdo,k_amdo,c_aqenganggyai,aq_chief_348,tribal_government,K
c_aqiq,Aqiq,Sabaean Highlands,d_asir,k_arabia,c_aqiq,aq_chief_349,tribal_government,R
c_aqtobe,Aqtobe,Sauromatia,d_aqtobe,k_caspian_steppe,c_aqtobe,aq_chief_350,nomad_government,R
c_aquileia,Aquileia,Veneti,d_friuli,k_italy,c_aquileia,aq_chief_351,tribal_government,A/R
c_arad,Arad,Pannonia,d_temes,k_hungary,c_arad,aq_chief_352,tribal_government,R
c_aral_karakum,Aral Karakum,Dahae,d_aral_karakum,k_oghuz_il,c_aral_karakum,aq_chief_353,nomad_government,R
c_aralkizil,Aralkizil,Dahae,d_aral_il,k_oghuz_il,c_aralkizil,aq_chief_354,nomad_government,R
c_aran,Aran,Caucasian Albania,d_shirvan,k_aq_persia_daylam,e_aq_persia,aq_chief_355,tribal_government,A/R
c_arawan,Arawan,Arawan,d_timbuktu,k_songhay,c_arawan,aq_chief_356,tribal_government,K
c_arbanon,Arbanon,Illyria,d_dyrrachion,k_aq_illyria,k_aq_illyria,aq_chief_357,tribal_government,A/R
c_arborea,Arborea,Sardinian Tribes,d_sardinia,k_aq_carthage,k_aq_carthage,aq_chief_358,tribal_government,A/R
c_ardabil,Ardabil,Media,d_azerbaijan,k_aq_persia_daylam,e_aq_persia,aq_chief_359,tribal_government,A/R
c_ardestan,Ardestan,Persis,d_isfahan,k_aq_persia_persia,e_aq_persia,aq_chief_360,tribal_government,A/R
c_arezzo,Arezzo,Arretium,d_toscana,k_aq_etruria,k_aq_etruria,aq_chief_361,tribal_government,A/R
c_argyll,Argyll,Epidii,d_western_isles,k_scotland,c_argyll,aq_chief_362,tribal_government,R
c_arigh,Arigh,Gaetulia,d_mzab,k_tahert,c_arigh,aq_chief_363,tribal_government,R
c_ariksar,Ariksar,Ariksar,d_lingtsang,k_kham,c_ariksar,aq_chief_364,tribal_government,K
c_arkalyk,Arkalyk,Saka,d_tokumbay,k_saryarka,c_arkalyk,aq_chief_365,nomad_government,R
c_arkat,Arkat,Saka,d_degelen,k_kipchak,c_arkat,aq_chief_366,nomad_government,R
c_armagnac,Armagnac,Ausci,d_armagnac,k_france,c_armagnac,aq_chief_367,tribal_government,A/R
c_arnhem,Arnheim,Batavi,d_gelre,k_frisia,c_arnhem,aq_chief_368,tribal_government,A/R
c_arnsberg,Arnsberg,Ubii,d_lower_lorraine,k_lotharingia,c_arnsberg,aq_chief_369,tribal_government,R
c_aror,Aror,Sauvira,d_bhakkar,k_aq_persia_sindh,e_aq_persia,aq_chief_370,tribal_government,R
c_arrajan,Arrajan,Persis,d_fars,k_aq_persia_persia,e_aq_persia,aq_chief_371,tribal_government,R
c_aru,Aru,Aru,d_papua,k_maluku,c_aru,aq_chief_372,tribal_government,K
c_arusi,Arusi,Arusi,d_dawaro,k_adal,c_arusi,aq_chief_373,tribal_government,K
c_arzhan,Arzhan,Arzhan,d_togina,k_tuva,c_arzhan,aq_chief_374,tribal_government,K
c_asfi,Asfi,Mauri,d_marrakesh,k_maghreb,c_asfi,aq_chief_375,tribal_government,R
c_ashir,Ashir,Numidia,d_tahert,k_tahert,c_ashir,aq_chief_376,tribal_government,R
c_ashli,Ashli,Sauromatia,d_volga_bulgaria,k_volga_bulgaria,c_ashli,aq_chief_377,tribal_government,R
c_ashmaka,Ashmaka,Rattapadi,d_rattapadi,k_maharastra,c_ashmaka,aq_chief_378,tribal_government,R
c_asir,Asir,Sabaean Highlands,d_asir,k_arabia,c_asir,aq_chief_379,tribal_government,R
c_asirgarh,Asirgarh,Anupa,d_anupa,k_malwa,c_asirgarh,aq_chief_380,tribal_government,R
c_asni,Asni,Kanyakubja,d_kanyakubja,k_aq_nanda_kosala,e_aq_nanda,aq_chief_381,tribal_government,R
c_aso,Aso,Aso,d_nyima,k_tsang,c_aso,aq_chief_382,tribal_government,K
c_astana,Akmola,Saka,d_kazakh,k_cuman,c_astana,aq_chief_383,nomad_government,R
c_astore,Astore,Kasmira,d_kasmira,k_kashmir,c_astore,aq_chief_384,tribal_government,R
c_astorga,Astorga,Astures,d_galicia,k_spanish_galicia,c_astorga,aq_chief_385,tribal_government,A/R
c_astrakhan,Astrakhan,Scythia,d_khazaria,k_caucasus,c_astrakhan,aq_chief_386,nomad_government,R
c_astrakhanka,Astrakhanka,Saka,d_kazakh,k_cuman,c_astrakhanka,aq_chief_387,nomad_government,R
c_asturias_de_oviedo,Asturias de Oviedo,Astures,d_asturias,k_leon,c_asturias_de_oviedo,aq_chief_388,tribal_government,R
c_asturias_de_santillana,Asturias de Santillana,Cantabri,d_cantabria,k_castille,c_asturias_de_santillana,aq_chief_389,tribal_government,R
c_aswan,Aswan,Swenett,d_al-said,k_aq_egypt,k_aq_egypt,aq_chief_390,tribal_government,A/R
c_asyut,Asyut,Sauti,d_al-said,k_aq_egypt,k_aq_egypt,aq_chief_391,tribal_government,A/R
c_atamansku,Atamansku,Sauromatia,d_aqtobe,k_caspian_steppe,c_atamansku,aq_chief_392,nomad_government,R
c_atbara,Atbara,Atbara,d_makuria,k_aq_kush,k_aq_kush,aq_chief_393,tribal_government,K
c_atbasar,Atbasar,Saka,d_atbasar,k_qara_dala,c_atbasar,aq_chief_394,nomad_government,R
c_athlone,Athlone,Mide,d_meath,k_ireland,c_athlone,aq_chief_395,tribal_government,R
c_atholl,Atholl,Caledonii,d_albany,k_scotland,c_atholl,aq_chief_396,tribal_government,R
c_atkarsk,Atkara,Budini,d_chuvashia,k_mordvinia,c_atkarsk,aq_chief_397,tribal_government,R
c_attica,Attica,Attica,d_athens,k_aq_athens,k_aq_athens,aq_athens,tribal_government,A/R
c_attie,Attie,Attie,d_adiukru,k_akan,c_attie,aq_chief_399,tribal_government,K
c_atyrau,Atyrau,Sauromatia,d_atyrau,k_caspian_steppe,c_atyrau,aq_chief_400,nomad_government,R
c_augsburg,Augsburg,Vindelici,d_augsburg,k_bavaria,c_augsburg,aq_chief_401,tribal_government,A/R
c_aunis,Aunis,Santones,d_aquitaine,k_france,c_aunis,aq_chief_402,tribal_government,A/R
c_austisland,Austrland,Thule,d_iceland,k_norway,c_austisland,aq_chief_403,tribal_government,R
c_auvergne,Auvergne,Arverni,d_auvergne,k_france,c_auvergne,aq_chief_404,tribal_government,A/R
c_auxerre,Auxerre,Senones,d_burgundy,k_france,c_auxerre,aq_chief_405,tribal_government,A/R
c_ava,Ava,Ava,d_pagan,k_pagan,c_ava,aq_chief_406,tribal_government,K
c_avalois,Avalois,Aedui,d_burgundy,k_france,c_avalois,aq_chief_407,tribal_government,R
c_aveiro,Aveiro,Lusitani,d_coimbra,k_portugal,c_aveiro,aq_chief_408,tribal_government,A/R
c_avila,Avila,Vettones,d_leon,k_leon,c_avila,aq_chief_409,tribal_government,A/R
c_aviovara,Aviovara,Sápmi,d_duortnoseatnu,k_sapmi,c_aviovara,aq_chief_410,tribal_government,R
c_avlonas,Avlonas,Illyria,d_dyrrachion,k_aq_illyria,k_aq_illyria,aq_chief_411,tribal_government,R
c_avranches,Avranches,Abrincatui,d_normandy,k_france,c_avranches,aq_chief_412,tribal_government,A/R
c_awa,Awa,Awa,d_nankaido,k_yamato,c_awa,aq_chief_413,tribal_government,K
c_awaji,Awaji,Awaji,d_nankaido,k_yamato,c_awaji,aq_chief_414,tribal_government,K
c_awjila,Awjila,Augila,d_cyrenaica,k_aq040_kyrene,k_aq040_kyrene,aq_chief_415,tribal_government,A/R
c_awkar,Awkar,Awkar,d_wagadu,k_ghana,c_awkar,aq_chief_416,tribal_government,K
c_awssa,Awssa,Awssa,d_mora,k_adal,c_awssa,aq_chief_417,tribal_government,K
c_aydhab,Aydhab,Aydhab,d_naqis,k_blemmyia,c_aydhab,aq_chief_418,tribal_government,K
c_ayn_farah,Ayn Farah,Ayn Farah,d_west_darfur,k_darfur,c_ayn_farah,aq_chief_419,tribal_government,K
c_ayodhya,Ayodhyā,Saryupara,d_saryupara,k_aq_nanda_kosala,e_aq_nanda,aq_chief_420,tribal_government,R
c_ayrshire,Ayrshire,Damnonii,d_galloway,k_scotland,c_ayrshire,aq_chief_421,tribal_government,R
c_aytos,Aytos,Triballi,d_turnovo,k_bulgaria,c_aytos,aq_chief_422,tribal_government,R
c_az-dhahira,Dhahira,Magan,d_oman,k_arabia,c_az-dhahira,aq_chief_423,tribal_government,R
c_azas,Azas,Azas,d_togina,k_tuva,c_azas,aq_chief_424,tribal_government,K
c_azov,Azak,Maeotis,d_azov,k_caucasus,c_azov,aq_chief_425,nomad_government,R
c_azukki,Azukki,Gaetulia,d_adrar,k_anbiya,c_azukki,aq_chief_426,tribal_government,R
c_azysia,Azysia,Cappadocia,d_sebasteia,k_aq_persia_cappadocia,e_aq_persia,aq_chief_427,tribal_government,R
c_baalbek,Baalbek,Heliopolis Region,d_damascus,k_aq_persia_syria,e_aq_persia,aq_chief_428,tribal_government,A/R
c_babruysk,Babruysk,Neuri,d_pinsk,k_white_rus,c_babruysk,aq_chief_429,tribal_government,R
c_bacs,Bacs,Pannonia,d_bacs,k_hungary,c_bacs,aq_chief_430,tribal_government,R
c_badajoz,Badajoz,Vettones,d_badajoz,k_badajoz,c_badajoz,aq_chief_431,tribal_government,A/R
c_badakhshan,Badakhshan,Bactria,d_badakhshan,k_aq_persia_bactria,e_aq_persia,aq040_local_badakhshan,tribal_government,R
c_badaraya,Badaraya,Babylonia,d_baghdad,k_aq_persia_mesopotamia,e_aq_persia,aq_chief_433,tribal_government,R
c_baden,Baden,Helvetii,d_swabia,k_east_francia,c_baden,aq_chief_434,tribal_government,A/R
c_badghis,Badghis,Aria,d_herat,k_aq_persia_aria,e_aq_persia,aq_chief_435,tribal_government,R
c_badi,Badi,Badi,d_bazin,k_blemmyia,c_badi,aq_chief_436,tribal_government,K
c_baduspan,Baduspan,Hyrcania,d_tabaristan,k_aq_persia_hyrcania,e_aq_persia,aq_chief_437,tribal_government,R
c_baghdad,Baghdad,Babylon,d_baghdad,k_aq_persia_mesopotamia,e_aq_persia,aq_chief_265,tribal_government,A/R
c_bagrewand,Bagrewand,Armenia,d_greater_armenia,k_aq_persia_armenia,e_aq_persia,aq_chief_439,tribal_government,R
c_baguirmi,Baguirmi,Baguirmi,d_baguirmi,k_sao,c_baguirmi,aq_chief_440,tribal_government,K
c_bahnasa,Bahnasa,Per-Medjed,d_al-said,k_aq_egypt,k_aq_egypt,aq_chief_441,tribal_government,A/R
c_bahriya,Bahriya,Oasis Parva,d_al-wahat,k_aq_egypt,k_aq_egypt,aq_chief_442,tribal_government,A/R
c_baibalik,Baibalik,Baibalik,d_selenga_valley,k_otuken,c_baibalik,aq_chief_443,nomad_government,K
c_baigaluuls,Baigaluuls,Baigaluuls,d_baigaluuls,k_buryatia,c_baigaluuls,aq_chief_444,nomad_government,K
c_baigaur,Baigaur,Baigaur,d_baigaur,k_funan,c_baigaur,aq_chief_445,tribal_government,K
c_baihaq,Baihaq,Parthia,d_nishapur,k_aq_persia_khorasan,e_aq_persia,aq_chief_446,tribal_government,R
c_bailaqan,Bailaqan,Media,d_azerbaijan,k_aq_persia_daylam,e_aq_persia,aq_chief_447,tribal_government,R
c_baima,Baima,Baima,d_golog,k_gyalrong,c_baima,aq_chief_448,tribal_government,K
c_baingoin,Baingoin,Baingoin,d_nagchu,k_u,c_baingoin,aq_chief_449,tribal_government,K
c_baisary,Baisary,Sauromatia,d_atyrau,k_caspian_steppe,c_baisary,aq_chief_450,nomad_government,R
c_baishan,Baishan,Baishan,d_hexi,k_hexi,c_baishan,aq_chief_451,tribal_government,K
c_baizhou,Baizhou,Baizhou,d_rongguan,k_lingxi,c_baizhou,aq_chief_452,tribal_government,K
c_bajura,Bajura,Khasa,d_khasa,k_himalaya,c_bajura,aq_chief_453,tribal_government,R
c_bakharz,Bakharz,Aria,d_herat,k_aq_persia_aria,e_aq_persia,aq_chief_454,tribal_government,R
c_bakhmut,Bakhmut,Royal Scythia,d_levedia,k_pontic_steppe,c_bakhmut,aq_chief_455,nomad_government,R
c_bakriya,Bakriya,Arzanene,d_diyarbakr,k_aq_persia_jazira,e_aq_persia,aq_chief_456,tribal_government,R
c_balachev,Balachev,Budini,d_khopyor,k_mordvinia,c_balachev,aq_chief_457,tribal_government,R
c_balashagun,Balashagun,Saka,d_talas_alatau,k_syr_darya,c_balashagun,aq_chief_458,nomad_government,R
c_balgun,Balgun,Saka,d_naiman_gobi,k_dzungaria,c_balgun,aq_chief_459,nomad_government,R
c_bali,Bali,Bali,d_bali,k_bale,c_bali,aq_chief_460,tribal_government,K
c_balkh,Balkh,Bactra,d_balkh,k_aq_persia_bactria,e_aq_persia,aq_chief_461,tribal_government,A/R
c_balkonda,Vemulavada,Andhra,d_warangal,k_telingana,c_balkonda,aq_chief_462,tribal_government,R
c_balqa,Balqa',Ammon,d_amman,k_aq_persia_jerusalem,e_aq_persia,aq_chief_463,tribal_government,R
c_bam,Bam,Carmania,d_kirman,k_aq_persia_carmania,e_aq_persia,aq_chief_464,tribal_government,A/R
c_bamberg,Bamberg,Hermunduri,d_east_franconia,k_east_francia,c_bamberg,aq_chief_465,tribal_government,R
c_bambuk,Bambuk,Bambuk,d_bambuk,k_mali,c_bambuk,aq_chief_466,tribal_government,K
c_bamian,Bamian,Paropamisadae,d_kabul,k_aq_persia_kabulistan,e_aq_persia,aq_chief_467,tribal_government,A/R
c_bampur,Bampur,Carmania,d_jabal_kufs,k_aq_persia_carmania,e_aq_persia,aq040_local_bampur,tribal_government,R
c_banavasi,Banavasi,Nulambavadi,d_nulambavadi,k_karnata,c_banavasi,aq_chief_469,tribal_government,R
c_banbar,Banbar,Banbar,d_qamdo,k_kham,c_banbar,aq_chief_470,tribal_government,K
c_bandhugadha,Bāndhūgadha,Dakshina Kosala,d_ratanpur,k_aq_nanda_gondwana,e_aq_nanda,aq_chief_471,tribal_government,R
c_bandiagara,Bandiagara,Bandiagara,d_yatenga,k_gurma,c_bandiagara,aq_chief_472,tribal_government,K
c_bangaon,Bangaon,Tirabhukti,d_tirabhukti,k_aq_nanda,e_aq_nanda,aq_chief_473,tribal_government,R
c_bannu,Bannu,Gandhara,d_gandhara,k_aq_persia_punjab,e_aq_persia,aq_chief_474,tribal_government,R
c_banre,Banre,Banre,d_baguirmi,k_sao,c_banre,aq_chief_475,tribal_government,K
c_baol,Baol,Baol,d_djolof,k_takrur,c_baol,aq_chief_476,tribal_government,K
c_baqen,Baqên,Baqên,d_qamdo,k_kham,c_baqen,aq_chief_477,tribal_government,K
c_baqlin,Baqlin,Baqlin,d_baqlin,k_blemmyia,c_baqlin,aq_chief_478,tribal_government,K
c_bar,Bar,Leuci,d_bar,k_lotharingia,c_bar,aq_chief_479,tribal_government,R
c_baranya,Baranya,Pannonia,d_somogy,k_hungary,c_baranya,aq_chief_480,tribal_government,R
c_barasuru,Barasuru,Dandakaranya,d_dandakaranya,k_orissa,c_barasuru,aq_chief_481,tribal_government,R
c_barbacadle,Barbacadle,Barbacadle,d_hafun,k_ajuraan,c_barbacadle,aq_chief_482,tribal_government,K
c_barcasag,Barcaság,Getia,d_transylvania,k_hungary,c_barcasag,aq_chief_483,tribal_government,R
c_barcelona,Barcelona,Laietania,d_barcelona,k_aragon,c_barcelona,aq_chief_484,tribal_government,R
c_bardak,Bardak,Bardak,d_sibir,k_sibir,c_bardak,aq_chief_485,tribal_government,K
c_bargajan,Bargajan,Bargajan,d_dauria,k_buryatia,c_bargajan,aq_chief_486,nomad_government,K
c_bari,Bari,Peucetians,d_apulia,k_sicily,c_bari,aq_chief_487,tribal_government,A/R
c_barkam,Barkam,Barkam,d_gyalrong,k_gyalrong,c_barkam,aq_chief_488,tribal_government,K
c_barkul,Barkul,Saka,d_kara_khoja,k_dzungaria,c_barkul,aq_chief_489,nomad_government,R
c_barlad,Bârlad,Getia,d_moldova,k_moldavia,c_barlad,aq_chief_490,tribal_government,R
c_barma,Tendukheda,Tendukheda,d_baguirmi,k_sao,c_barma,aq_chief_491,tribal_government,K
c_barnaul,Barnaul,Barnaul,d_kulyndy_steppe,k_ob,c_barnaul,aq_chief_492,tribal_government,K
c_barqa,Barqa,Kyrene Region,d_cyrenaica,k_aq040_kyrene,k_aq040_kyrene,aq_chief_493,tribal_government,A/R
c_bars,Bars,Boii,d_nyitra,k_hungary,c_bars,aq_chief_494,tribal_government,R
c_barsuki,Barsuki,Dahae,d_barsuki,k_oghuz_il,c_barsuki,aq_chief_495,nomad_government,R
c_bartenstein,Bartia,Aestii,d_prussia,k_lithuania,c_bartenstein,aq_chief_496,tribal_government,R
c_basagha,Basagha,Sauromatia,d_manatau,k_caspian_steppe,c_basagha,aq_chief_497,nomad_government,R
c_basra,Basra,Lower Babylonia,d_basra,k_aq_persia_mesopotamia,e_aq_persia,aq_chief_498,tribal_government,A/R
c_bassa,Bassa,Bassa,d_bassa,k_guinea,c_bassa,aq_chief_499,tribal_government,K
c_bastia,Bastia,Corsii,d_corsica,k_sardinia,c_bastia,aq_chief_500,tribal_government,A/R
c_batang,Batang,Batang,d_batang,k_kham,c_batang,aq_chief_501,tribal_government,K
c_batiha,Batiha,Babylonia,d_kufa,k_aq_persia_mesopotamia,e_aq_persia,aq_chief_502,tribal_government,R
c_batina,Batina,Magan,d_oman,k_arabia,c_batina,aq_chief_503,tribal_government,R
c_batn_al-hajar,Batn al-hajar,Batn al-hajar,d_nobatia,k_aq_kush,k_aq_kush,aq_chief_504,tribal_government,K
c_batticaloa,Batticaloa,Ruhunu,d_ruhunu,k_aq_lanka,k_aq_lanka,aq_chief_505,tribal_government,R
c_bauchi,Bauchi,Bauchi,d_kwararafa,k_igbo-benue,c_bauchi,aq_chief_506,tribal_government,K
c_baxoi,Baxoi,Baxoi,d_boyul,k_kham,c_baxoi,aq_chief_507,tribal_government,K
c_baydhabo,Baydhabo,Baydhabo,d_west_ajuraan,k_ajuraan,c_baydhabo,aq_chief_508,tribal_government,K
c_bayeux,Bayeux,Baiocasses,d_normandy,k_france,c_bayeux,aq_chief_509,tribal_government,A/R
c_bazarka,Bazarka,Saka,d_alakol,k_zhetysu,c_bazarka,aq_chief_510,nomad_government,R
c_bazhou,Bazhou,Bazhou,d_baqu,k_aq040_ba,k_aq040_ba,aq_chief_511,tribal_government,K
c_bazin,Bazin,Bazin,d_bazin,k_blemmyia,c_bazin,aq_chief_512,tribal_government,K
c_bearn,Béarn,Beneharnenses,d_armagnac,k_france,c_bearn,aq_chief_513,tribal_government,A/R
c_beaumont,Beaumont,Bellovaci,d_valois,k_france,c_beaumont,aq_chief_514,tribal_government,A/R
c_bedford,Bedford,Catuvellauni,d_bedford,k_england,c_bedford,aq_chief_515,tribal_government,A/R
c_begemder,Begemder,Begemder,d_gondar,k_abyssinia,c_begemder,aq_chief_516,tribal_government,K
c_begho,Begho,Begho,d_brong,k_akan,c_begho,aq_chief_517,tribal_government,K
c_behabad,Behabad,Carmania,d_kirman,k_aq_persia_carmania,e_aq_persia,aq_chief_518,tribal_government,R
c_beirut,Beirut,Berytos,d_lebanon,k_aq_persia_syria,e_aq_persia,aq_straton,tribal_government,A/R
c_beizhou,Beizhou,Beizhou,d_aq040_aq_zhao_weibo,k_aq_zhao,k_aq_zhao,aq_chief_520,tribal_government,K
c_beja,Évora,Ebora,d_beja,k_badajoz,c_beja,aq_chief_521,tribal_government,A/R
c_bejaia,Bejaia,Numidia,d_bejaia,k_tahert,c_bejaia,aq_chief_522,tribal_government,A/R
c_bekdas,Bekdas,Dahae,d_garabogazkol,k_oghuz_il,c_bekdas,aq_chief_523,nomad_government,R
c_bekes,Békés,Getia,d_bihar,k_hungary,c_bekes,aq_chief_524,tribal_government,R
c_beksima,Beksima,Scythia,d_khazaria,k_caucasus,c_beksima,aq_chief_525,nomad_government,R
c_belebey,Belebey,Sauromatia,d_jalmat,k_volga_bulgaria,c_belebey,aq_chief_526,tribal_government,R
c_bellac,Bellac,Bituriges,d_bourbon,k_france,c_bellac,aq_chief_527,tribal_government,R
c_belogorje,Belogorje,Belogorje,d_sibir,k_sibir,c_belogorje,aq_chief_528,tribal_government,K
c_beloozero,Beloozero,Fenni,d_vepsia,k_novgorod,c_beloozero,aq_chief_529,tribal_government,R
c_belz,Belz,Neuri,d_cherven_cities,k_galicia-volhynia,c_belz,aq_chief_530,tribal_government,R
c_bena,Bena,Bena,d_bobo,k_jenne,c_bena,aq_chief_531,tribal_government,K
c_benavente,Benavente,Astures,d_leon,k_leon,c_benavente,aq_chief_532,tribal_government,A/R
c_benevento,Benevento,Samnites,d_benevento,k_sicily,c_benevento,aq_chief_533,tribal_government,A/R
c_benin,Benin,Benin,d_benin,k_yorubaland,c_benin,aq_chief_534,tribal_government,K
c_beograd,Beograd,Singidun Region,d_macva,k_serbia,c_beograd,aq_chief_535,tribal_government,A/R
c_berbera,Berbera,Berbera,d_zaila,k_adal,c_berbera,aq_chief_536,tribal_government,K
c_berchtesgaden,Berchtesgaden,Noricum,d_salzburg,k_bavaria,c_berchtesgaden,aq_chief_537,tribal_government,R
c_bereg,Bereg,Carpathian Celts,d_transcarpathia,k_hungary,c_bereg,aq_chief_538,tribal_government,R
c_berent,Świecie,Venedi,d_pomerelia,k_pomerania,c_berent,aq_chief_539,tribal_government,R
c_berestye,Berestye,Neuri,d_volhynia,k_galicia-volhynia,c_berestye,aq_chief_540,tribal_government,R
c_bergh,Berg,Ubii,d_lower_lorraine,k_lotharingia,c_bergh,aq_chief_541,tribal_government,R
c_berkshire,Berkshire,Atrebates,d_gloucester,k_england,c_berkshire,aq_chief_542,tribal_government,A/R
c_berlin,Berlin,Semnones,d_ostmark,k_pomerania,c_berlin,aq_chief_543,tribal_government,R
c_bern,Bern,Helvetii,d_transjurania,k_burgundy,c_bern,aq_chief_544,tribal_government,A/R
c_beroe,Beroë,Beroia,d_philippopolis,k_aq_thrace,k_aq_thrace,aq_chief_545,tribal_government,A/R
c_berry,Berry,Bituriges Cubi,d_berry,k_france,c_berry,aq_chief_546,tribal_government,A/R
c_berta,Berta,Berta,d_damot,k_damot,c_berta,aq_chief_547,tribal_government,K
c_besancon,Besancon,Vesontio,d_upper_burgundy,k_burgundy,c_besancon,aq_chief_548,tribal_government,A/R
c_beshbalik,Beshbalik,Saka,d_beshbalik,k_dzungaria,c_beshbalik,aq_chief_549,nomad_government,R
c_besinada,Besinda,Sauromatia,d_alania,k_caucasus,c_besinada,aq_chief_550,nomad_government,R
c_beszterce,Beszterce,Getia,d_transylvania,k_hungary,c_beszterce,aq_chief_551,tribal_government,R
c_bethen,Bethen,Boii Frontier,d_upper_silesia,k_poland,c_bethen,aq_chief_552,tribal_government,R
c_betpa,Betpa,Saka,d_betpa,k_saryarka,c_betpa,aq_chief_553,nomad_government,R
c_bezichi,Bezichi,Neuri,d_luki,k_novgorod,c_bezichi,aq_chief_554,tribal_government,R
c_beziers,Béziers,Baeterrae,d_languedoc,k_france,c_beziers,aq_chief_555,tribal_government,A/R
c_bhakkar,Bhakkar,Sauvira,d_bhakkar,k_aq_persia_sindh,e_aq_persia,aq_chief_556,tribal_government,R
c_bhaktapur,Bhaktapur,Nepal,d_nepal,k_himalaya,c_bhaktapur,aq_chief_557,tribal_government,R
c_bhera,Bhera,Madra,d_lahore,k_punjab,c_bhera,aq_chief_558,tribal_government,R
c_bhumilka,Bhumilka,Saurashtra,d_saurashtra,k_gujarat,c_bhumilka,aq_chief_559,tribal_government,R
c_bianzhou,Bianzhou,Bianzhou,d_aq_wei_biansong,k_aq_wei,k_aq_wei,aq_wei,tribal_government,K
c_bigorre,Bigorre,Bigerriones,d_armagnac,k_france,c_bigorre,aq_chief_561,tribal_government,A/R
c_bihar,Bihar,Getia,d_bihar,k_hungary,c_bihar,aq_chief_562,tribal_government,R
c_biia,Biia,Biia,d_salair,k_ob,c_biia,aq_chief_563,tribal_government,K
c_bikrampur,Bikrampur,Vanga,d_vanga,k_aq_nanda_bengal,e_aq_nanda,aq_chief_564,tribal_government,R
c_bilizma,Bilizma,Gaetulia,d_zab,k_tahert,c_bilizma,aq_chief_565,tribal_government,R
c_bilma,Bilma,Garamantia,d_kawar,k_sahara,c_bilma,aq_chief_566,tribal_government,R
c_bindugu,Bindugu,Bindugu,d_jenne,k_jenne,c_bindugu,aq_chief_567,tribal_government,K
c_bingo,Bingo,Bingo,d_west_sanyodo,k_yamato,c_bingo,aq_chief_568,tribal_government,K
c_binh_dai,Binh Dai,Binh Dai,d_baigaur,k_funan,c_binh_dai,aq_chief_569,tribal_government,K
c_binh_long,Binh Long,Binh Long,d_vyadhapura,k_funan,c_binh_long,aq_chief_570,tribal_government,K
c_binh_nguyen,Binh Nguyen,Binh Nguyen,d_hai_dong,k_viet,c_binh_nguyen,aq_chief_571,tribal_government,K
c_binzhou,Binzhou,Binzhou,d_binning,k_aq_qin,k_aq_qin,aq_chief_572,tribal_government,K
c_binzhou_1,Binzhou,Binzhou,d_yongguan,k_lingxi,c_binzhou_1,aq_chief_573,tribal_government,K
c_bir_amir,Bir Amir,Capsa,d_jerid,k_africa,c_bir_amir,aq_chief_574,tribal_government,R
c_birsk,Birsk,Uralic Steppe,d_bashkiria,k_bashkiria,c_birsk,aq_chief_575,tribal_government,R
c_bisha,Bisha,Makoraba,d_mecca,k_arabia,c_bisha,aq_chief_576,tribal_government,R
c_biskra,Biskra,Gaetulia,d_zab,k_tahert,c_biskra,aq_chief_577,tribal_government,A/R
c_bitchu,Bitchū,Bitchū,d_east_sanyodo,k_yamato,c_bitchu,aq_chief_578,tribal_government,K
c_bithynia,Bithynia,Bithynia,d_optimatoi,k_aq_persia_nikaea,e_aq_persia,aq_chief_579,tribal_government,A/R
c_biton,Biton,Sápmi,d_vuovdisamieana,k_sapmi,c_biton,aq_chief_580,tribal_government,R
c_biun,Biun,Biun,d_lower_gurma,k_gurma,c_biun,aq_chief_581,tribal_government,K
c_bizen,Bizen,Bizen,d_east_sanyodo,k_yamato,c_bizen,aq_chief_582,tribal_government,K
c_bizhou,Bizhou,Bizhou,d_xingyuan,k_aq040_shu,k_aq040_shu,aq_chief_583,tribal_government,K
c_blankenburg,Blankenburg,Semnones,d_anhalt,k_east_francia,c_blankenburg,aq_chief_584,tribal_government,R
c_blekinge,Blekinge,Scandia,d_skane,k_denmark,c_blekinge,aq_chief_585,tribal_government,R
c_blois,Blois,Carnutes,d_berry,k_france,c_blois,aq_chief_586,tribal_government,A/R
c_bochuan,Bozhou,Bozhou,d_qianzhong,k_kuizhou,c_bochuan,aq_chief_587,tribal_government,K
c_bodele,Bodele,Garamantia,d_tibesti,k_sahara,c_bodele,aq_chief_588,tribal_government,R
c_bodrog,Bodrog,Pannonia,d_bacs,k_hungary,c_bodrog,aq_chief_589,tribal_government,R
c_boeotia,Boeotia,Boeotia,d_aq_thebes_athens,k_aq_thebes,k_aq_thebes,aq_thebes,tribal_government,A/R
c_boleslav,Boleslav,Boii,d_bohemia,k_bohemia,c_boleslav,aq_chief_591,tribal_government,R
c_bolghar,Bolghar,Sauromatia,d_volga_bulgaria,k_volga_bulgaria,c_bolghar,aq_chief_592,tribal_government,R
c_bologna,Bologna,Felsina,d_romagna,k_romagna,c_bologna,aq_chief_593,tribal_government,A/R
c_bombogor,Bombögör,Bombögör,d_ovorkhangai,k_naimania,c_bombogor,aq_chief_594,nomad_government,K
c_bome,Bomê,Bomê,d_boyul,k_kham,c_bome,aq_chief_595,tribal_government,K
c_bonduku,Bonduku,Bonduku,d_gyaman,k_akan,c_bonduku,aq_chief_596,tribal_government,K
c_bono,Bono,Bono,d_brong,k_akan,c_bono,aq_chief_597,tribal_government,K
c_bonoso,Bonoso,Bonoso,d_brong,k_akan,c_bonoso,aq_chief_598,tribal_government,K
c_bordeaux,Bordeaux,Burdigala,d_gascogne,k_france,c_bordeaux,aq_chief_599,tribal_government,A/R
c_bornholm,Bornholm,Scandia,d_skane,k_denmark,c_bornholm,aq_chief_600,tribal_government,R
c_bornu,Bornu,Bornu,d_bornu,k_kanem,c_bornu,aq_chief_601,tribal_government,K
c_boro_burgasu,Boro Burgasu,Saka,d_naiman_gobi,k_dzungaria,c_boro_burgasu,aq_chief_602,nomad_government,R
c_boron,Boron,Boron,d_kong,k_kong,c_boron,aq_chief_603,tribal_government,K
c_borsod,Borsod,Carpathian Celts,d_ungvar,k_hungary,c_borsod,aq_chief_604,tribal_government,R
c_boseong,Boseong,Boseong,d_naju,k_baekje,c_boseong,aq_chief_605,tribal_government,K
c_bost,Bost,Drangiana,d_sistan,k_aq_persia_drangiana,e_aq_persia,aq_chief_606,tribal_government,R
c_bothin,Boðin,Scandia,d_halogaland,k_norway,c_bothin,aq_chief_607,tribal_government,R
c_botum_sakor,Botum Sakor,Botum Sakor,d_angkor_borey,k_funan,c_botum_sakor,aq_chief_608,tribal_government,K
c_boubo,Boubo,Boubo,d_kru,k_guinea,c_boubo,aq_chief_609,tribal_government,K
c_bouillon,Bouillon,Treveri,d_luxembourg,k_lotharingia,c_bouillon,aq_chief_610,tribal_government,R
c_boulogne,Boulogne,Morini,d_flanders,k_france,c_boulogne,aq_chief_611,tribal_government,A/R
c_bourbon,Bourbon,Bituriges Cubi,d_bourbon,k_france,c_bourbon,aq_chief_612,tribal_government,A/R
c_bozhou,Bozhou,Bozhou,d_biansong,k_aq_song,k_aq_song,aq_chief_613,tribal_government,K
c_bozhou_1,Bozhou,Bozhou,d_aq040_aq_zhao_weibo,k_aq_zhao,k_aq_zhao,aq_chief_614,tribal_government,K
c_brabant,Brabant,Nervii,d_brabant,k_lotharingia,c_brabant,aq_chief_615,tribal_government,A/R
c_braganza,Braganza,Zoelae,d_porto,k_portugal,c_braganza,aq_chief_616,tribal_government,A/R
c_braila,Brăila,Getia,d_muntenia,k_dacia,c_braila,aq_chief_617,tribal_government,R
c_brandenburg,Brandenburg,Semnones,d_ostmark,k_pomerania,c_brandenburg,aq_chief_618,tribal_government,R
c_branicevo,Braničevo,Triballia,d_vidin,k_bulgaria,c_branicevo,aq_chief_619,tribal_government,R
c_braslau,Braslau,Aestii,d_lithuanians,k_lithuania,c_braslau,aq_chief_620,tribal_government,R
c_bratsk,Bura,Bura,d_chuna_valley,k_angara,c_bratsk,aq_chief_621,nomad_government,K
c_brecknockshire,Brycheiniog,Silures,d_deheubarth,k_wales,c_brecknockshire,aq_chief_622,tribal_government,A/R
c_breifne,Breifne,Connachta,d_connacht,k_ireland,c_breifne,aq_chief_623,tribal_government,R
c_breisgau,Breisgau,Rauraci,d_alsace,k_east_francia,c_breisgau,aq_chief_624,tribal_government,A/R
c_bremen,Bremen,Chauci,d_angria,k_saxony,c_bremen,aq_chief_625,tribal_government,A/R
c_brene,Brene,Elbe Lands,d_lausitz,k_sorbia,c_brene,aq_chief_626,tribal_government,R
c_brescia,Brescia,Cenomani,d_lombardia,k_italy,c_brescia,aq_chief_627,tribal_government,A/R
c_breslau,Breslau,Lugian Lands,d_lower_silesia,k_poland,c_breslau,aq_chief_628,tribal_government,R
c_bresse,Bresse,Sequani,d_upper_burgundy,k_burgundy,c_bresse,aq_chief_629,tribal_government,R
c_brie_francaise,Brie Française,Meldi,d_valois,k_france,c_brie_francaise,aq_chief_630,tribal_government,A/R
c_briey,Briey,Leuci,d_bar,k_lotharingia,c_briey,aq_chief_631,tribal_government,R
c_brixen,Brixen,Raetia,d_tyrol,k_bavaria,c_brixen,aq_chief_632,tribal_government,A/R
c_brno,Brno,Boii,d_moravia,k_bohemia,c_brno,aq_chief_633,tribal_government,R
c_brugge,Brugge,Menapii,d_flanders,k_france,c_brugge,aq_chief_634,tribal_government,A/R
c_brunswick,Braunschweig,Cherusci,d_ostfalen,k_saxony,c_brunswick,aq_chief_635,tribal_government,A/R
c_brysis,Brysis,Thrace,d_aq040_aq_thrace_thrace,k_aq_thrace,k_aq_thrace,aq_chief_636,tribal_government,R
c_brzeg,Brzeg,Boii Frontier,d_upper_silesia,k_poland,c_brzeg,aq_chief_637,tribal_government,R
c_buchan,Buchan,Taexali,d_moray,k_scotland,c_buchan,aq_chief_638,tribal_government,A/R
c_buckinghamshire,Buckinghamshire,Catuvellauni,d_bedford,k_england,c_buckinghamshire,aq_chief_639,tribal_government,A/R
c_bucuresti,Ialomita,Getia,d_muntenia,k_dacia,c_bucuresti,aq_chief_640,tribal_government,R
c_bugur,Bugur,Saka,d_beshbalik,k_dzungaria,c_bugur,aq_chief_641,nomad_government,R
c_bugurslan,Bugurslan,Sauromatia,d_bugurslan,k_volga_bulgaria,c_bugurslan,aq_chief_642,tribal_government,R
c_bukhara,Bukhara,Sogdiana,d_soghd,k_aq_persia_transoxiana,e_aq_persia,aq_chief_643,tribal_government,R
c_bulat,Bulat,Saka,d_betpa,k_saryarka,c_bulat,aq_chief_644,nomad_government,R
c_bumthang,Bumthang,Bumthang,d_bumthang,k_lhomon,c_bumthang,aq_chief_645,tribal_government,K
c_bundu,Bundu,Bundu,d_bambuk,k_mali,c_bundu,aq_chief_646,tribal_government,K
c_bungo,Bungo,Bungo,d_north_saikaido,k_tsukushi,c_bungo,aq_chief_647,tribal_government,K
c_bur,Bur,Bur,d_dahlaks,k_abyssinia,c_bur,aq_chief_648,tribal_government,K
c_bura,Bura,Bura,d_lower_gurma,k_gurma,c_bura,aq_chief_649,tribal_government,K
c_bure,Bure,Bure,d_manding,k_mali,c_bure,aq_chief_650,tribal_government,K
c_burgas,Burgas,Odrysia,d_philippopolis,k_aq_thrace,k_aq_thrace,aq_chief_651,tribal_government,R
c_burgasutai,Burgasutai,Saka,d_kara_khoja,k_dzungaria,c_burgasutai,aq_chief_652,nomad_government,R
c_burgau,Burgau,Vindelicia,d_augsburg,k_bavaria,c_burgau,aq_chief_653,tribal_government,R
c_burgos,Burgos,Autrigones,d_castilla,k_castille,c_burgos,aq_chief_654,tribal_government,A/R
c_burhanpur,Burhanpur,Anupa,d_anupa,k_malwa,c_burhanpur,aq_chief_655,tribal_government,R
c_buri,Buri,Buri,d_yinsheng,k_dali,c_buri,aq_chief_656,tribal_government,K
c_burji,Burji,Burji,d_sharka,k_damot,c_burji,aq_chief_657,tribal_government,K
c_burqin,Burqin,Saka,d_altay,k_dzungaria,c_burqin,aq_chief_658,nomad_government,R
c_burugu_aallar,Burugu Aallar,Burugu Aallar,d_kargassia,k_khakassia,c_burugu_aallar,aq_chief_659,tribal_government,K
c_busaso,Busaso,Busaso,d_sanaag,k_adal,c_busaso,aq_chief_660,tribal_government,K
c_bussa,Bussa,Bussa,d_borgu,k_borgu,c_bussa,aq_chief_661,tribal_government,K
c_buthrotum,Buthrotum,Buthroton,d_cephalonia,k_epirus,c_buthrotum,aq_chief_662,tribal_government,A/R
c_buzachi,Buzachi,Dahae,d_transcaspiana,k_oghuz_il,c_buzachi,aq_chief_663,nomad_government,R
c_buzau,Buzău,Getia,d_muntenia,k_dacia,c_buzau,aq_chief_664,tribal_government,R
c_buzen,Buzen,Buzen,d_north_saikaido,k_tsukushi,c_buzen,aq_chief_665,tribal_government,K
c_byzantion,Byzantion,Byzantion,d_thrace,k_aq040_byzantion,k_aq040_byzantion,aq_chief_666,tribal_government,A/R
c_ca_mau,Ca Mau,Ca Mau,d_baigaur,k_funan,c_ca_mau,aq_chief_667,tribal_government,K
c_cabardinia,Cabardinia,Sauromatia,d_alania,k_caucasus,c_cabardinia,aq_chief_668,nomad_government,R
c_cabra,Cabra,Turdetani,d_granada,k_andalusia,c_cabra,aq_chief_669,tribal_government,A/R
c_caceres,Caceres,Vettones,d_badajoz,k_badajoz,c_caceres,aq_chief_670,tribal_government,A/R
c_cadiz,Cadiz,Gadir,d_aq040_aq_carthage_sevilla,k_aq_carthage,k_aq_carthage,aq_chief_671,tribal_government,A/R
c_caernarfonshire,Eryri,Ordovices,d_gwynedd,k_wales,c_caernarfonshire,aq_chief_672,tribal_government,A/R
c_cagliari,Cagliari,Karalis,d_sardinia,k_aq_carthage,k_aq_carthage,aq_chief_673,tribal_government,A/R
c_cairo,Cairo,Memphis,d_cairo,k_aq_egypt,k_aq_egypt,aq_egypt,tribal_government,A/R
c_caithness,Caithness,Caereni,d_moray,k_scotland,c_caithness,aq_chief_675,tribal_government,A/R
c_caizhou,Caizhou,Caizhou,d_aq040_aq_chu_chenxu,k_aq_chu,k_aq_chu,aq_chief_676,tribal_government,K
c_cakrakuta,Cakrakuta,Dandakaranya,d_dandakaranya,k_orissa,c_cakrakuta,aq_chief_677,tribal_government,R
c_calafat,Calafat,Getia,d_oltenia,k_dacia,c_calafat,aq_chief_678,tribal_government,R
c_calarasi,Călărași,Getia,d_muntenia,k_dacia,c_calarasi,aq_chief_679,tribal_government,R
c_calatayud,Calatayud,Celtiberi,d_aragon,k_aragon,c_calatayud,aq_chief_680,tribal_government,A/R
c_calatrava,Calatrava,Oretani,d_cordoba,k_andalusia,c_calatrava,aq_chief_681,tribal_government,A/R
c_camarda,Camarda,Campania,d_salerno,k_sicily,c_camarda,aq_chief_682,tribal_government,R
c_cambray,Cambray,Nervii,d_brabant,k_lotharingia,c_cambray,aq_chief_683,tribal_government,A/R
c_cambridgeshire,Cambridgeshire,Iceni,d_norfolk,k_england,c_cambridgeshire,aq_chief_684,tribal_government,A/R
c_cammin,Kołobrzeg,Venedi,d_pommerania,k_pomerania,c_cammin,aq_chief_685,tribal_government,R
c_campulung,Târgoviște,Getia,d_transylvanian_alps,k_dacia,c_campulung,aq_chief_686,tribal_government,R
c_canarias,Achinech,Fortunate Isles,d_canarias,k_maghreb,c_canarias,aq_chief_687,tribal_government,R
c_canasha,Canasha,Canasha,d_mukdahan,k_chenla,c_canasha,aq_chief_688,tribal_government,K
c_canavese,Canavese,Allobroges,d_savoie,k_burgundy,c_canavese,aq_chief_689,tribal_government,R
c_canda,Canda,Vidharba,d_vidharba,k_maharastra,c_canda,aq_chief_690,tribal_government,R
c_candhoba,Candhoba,Akara-Dasarna,d_akara_dasarna,k_malwa,c_candhoba,aq_chief_691,tribal_government,R
c_candradvipa,Candradvipa,Vanga,d_vanga,k_aq_nanda_bengal,e_aq_nanda,aq_chief_692,tribal_government,R
c_candragiri,Candragiri,Tondai Nadu,d_tondai_nadu,k_tamilakam,c_candragiri,aq_chief_693,tribal_government,R
c_cangzhou,Cangzhou,Cangzhou,d_cangjing,k_aq_yan,k_aq_yan,aq_chief_694,tribal_government,K
c_caozhou,Caozhou,Caozhou,d_aq040_aq_song_yuncao,k_aq_song,k_aq_song,aq_chief_695,tribal_government,K
c_cappadocia,Cappadocia,Cappadocia,d_cappadocia,k_aq_persia_cappadocia,e_aq_persia,aq040_local_cappadocia,tribal_government,A/R
c_capua,Capua,Kapue,d_capua,k_sicily,c_capua,aq_chief_697,tribal_government,A/R
c_carcassonne,Carcassonne,Volcae Tectosages,d_languedoc,k_france,c_carcassonne,aq_chief_698,tribal_government,A/R
c_cardiganshire,Ceredigion,Demetae,d_gwynedd,k_wales,c_cardiganshire,aq_chief_699,tribal_government,A/R
c_caria,Caria,Caria,d_cibyrrhaeot,k_aq_persia_caria,e_aq_persia,aq_mausolus,tribal_government,A/R
c_carmarthenshire,Sir Gaerfyrddin,Demetae,d_deheubarth,k_wales,c_carmarthenshire,aq_chief_701,tribal_government,A/R
c_carrick,Carrick,Damnonii,d_galloway,k_scotland,c_carrick,aq_chief_702,tribal_government,R
c_casentino,Casentino,Umbria,d_romagna,k_romagna,c_casentino,aq_chief_703,tribal_government,R
c_caslav,Čáslav,Boii,d_bohemia,k_bohemia,c_caslav,aq_chief_704,tribal_government,R
c_castellon,Castellon,Ilercavones,d_valencia,k_valencia,c_castellon,aq_chief_705,tribal_government,A/R
c_castelo_branco,Castelo Branco,Lusitani,d_coimbra,k_portugal,c_castelo_branco,aq_chief_706,tribal_government,R
c_caze,Cazê,Cazê,d_ngamring,k_tsang,c_caze,aq_chief_707,tribal_government,K
c_central_tannu,Central Tannu,Central Tannu,d_tannu_ola,k_tuva,c_central_tannu,aq_chief_708,tribal_government,K
c_cephalonia,Cephalonia,Kephallenia,d_cephalonia,k_epirus,c_cephalonia,aq_chief_709,tribal_government,R
c_cerasus,Cerasus,Kerasous,d_chaldia,k_aq_persia_pontus,e_aq_persia,aq_chief_710,tribal_government,A/R
c_cetatea_alba,Cetatea Albă,Getia,d_bugeac,k_moldavia,c_cetatea_alba,aq_chief_711,tribal_government,R
c_cetina,Cetina,Liburnia,d_dalmatia,k_croatia,c_cetina,aq_chief_712,tribal_government,R
c_ceuta,Ceuta,Abyla,d_rif,k_maghreb,c_ceuta,aq_chief_713,tribal_government,A/R
c_chadrinsk,Chadrinsk,Ugric Lands,d_vogulia,k_bashkiria,c_chadrinsk,aq_chief_714,tribal_government,R
c_chagdy_aallar,Chagdy Aallar,Chagdy Aallar,d_kargassia,k_khakassia,c_chagdy_aallar,aq_chief_715,tribal_government,K
c_chaghaniyan,Chaghaniyan,Bactria,d_khuttal,k_aq_persia_bactria,e_aq_persia,aq_chief_716,tribal_government,R
c_chah,Chah,Saka,d_chah,k_syr_darya,c_chah,aq_chief_717,tribal_government,R
c_chakangrao,Chakangrao,Chakangrao,d_sukhothai,k_dvaravati,c_chakangrao,aq_chief_718,tribal_government,K
c_chakla,Chakla,Chakla,d_chakla,k_gyalrong,c_chakla,aq_chief_719,tribal_government,K
c_chalkar,Chalkar,Dahae,d_aral_karakum,k_oghuz_il,c_chalkar,aq_chief_720,nomad_government,R
c_chalkidike,Chalkidike,Chalkidike,d_aq_chalcidice_thessalonika,k_aq_chalcidice,k_aq_chalcidice,aq_chalcidice,tribal_government,A/R
c_chalon,Chalon,Aedui,d_burgundy,k_france,c_chalon,aq_chief_722,tribal_government,A/R
c_chalons,Chalons,Catalauni,d_champagne,k_france,c_chalons,aq_chief_723,tribal_government,A/R
c_chamil,Chamil,Saka,d_kara_khoja,k_dzungaria,c_chamil,aq_chief_724,nomad_government,R
c_chandax,Chandax,Knossos,d_krete,k_krete,c_chandax,aq_chief_725,tribal_government,A/R
c_chanderi,Chanderi,Akara-Dasarna,d_akara_dasarna,k_malwa,c_chanderi,aq_chief_726,tribal_government,R
c_changzhou,Changzhou,Changzhou,d_jiangdong,k_aq_yue,k_aq_yue,aq_chief_727,tribal_government,K
c_changzhou_1,Changzhou,Changzhou,d_wuxin,k_aq040_ba,k_aq040_ba,aq_chief_728,tribal_government,K
c_chania,Chania,Kydonia,d_krete,k_krete,c_chania,aq_chief_729,tribal_government,A/R
c_chaozhou,Chaozhou,Chaozhou,d_huixun,k_lingnan,c_chaozhou,aq_chief_730,tribal_government,K
c_charaideo,Charaideo,Sutiya,d_sutiya,k_kamarupa,c_charaideo,aq_chief_731,tribal_government,R
c_charkliq,Charkliq,Charkliq,d_charkliq,k_khotan,c_charkliq,aq_chief_732,tribal_government,R
c_charsianon,Charsianon,Cappadocia,d_charsianon,k_aq_persia_cappadocia,e_aq_persia,aq_chief_733,tribal_government,R
c_chartres,Chartres,Carnutes,d_orleans,k_france,c_chartres,aq_chief_734,tribal_government,A/R
c_chauragarh,Chauragarh,Dahala,d_dahala,k_aq_nanda_gondwana,e_aq_nanda,aq_chief_735,tribal_government,R
c_cheboksary,Cheboksary,Budini,d_mordvinia,k_mordvinia,c_cheboksary,aq_chief_736,tribal_government,R
c_chelabinsk,Chelabinsk,Ugric Lands,d_vogulia,k_bashkiria,c_chelabinsk,aq_chief_737,tribal_government,R
c_chengdu,Chengdu,Chengdu,d_xichuan,k_aq040_shu,k_aq040_shu,aq_chief_738,tribal_government,K
c_chengji,Chengji,Chengji,d_jianchuan,k_dali,c_chengji,aq_chief_739,tribal_government,K
c_chengzhou,Chengzhou,Chengzhou,d_qincheng,k_aq_qin,k_aq_qin,aq_chief_740,tribal_government,K
c_chenzhou_1,Chenzhou,Chenzhou,d_hunan,k_aq_chu,k_aq_chu,aq_chief_741,tribal_government,K
c_cheongju,Cheongju,Cheongju,d_chungju,k_baekje,c_cheongju,aq_chief_742,tribal_government,K
c_cherchen,Cherchen,Khotan,d_khotan,k_khotan,c_cherchen,aq_chief_743,tribal_government,R
c_cherik,Cherik,Saka,d_talas_alatau,k_syr_darya,c_cherik,aq_chief_744,nomad_government,R
c_cherkassy,Cherkassy,Royal Scythia,d_yedisan,k_pontic_steppe,c_cherkassy,aq_chief_745,nomad_government,R
c_chernigov,Chernigov,Neuri,d_chernigov,k_ruthenia,c_chernigov,aq_chief_746,tribal_government,R
c_cherso,Charso,Illyria,d_croatia,k_croatia,c_cherso,aq_chief_747,tribal_government,R
c_cherven,Cherven,Neuri,d_cherven_cities,k_galicia-volhynia,c_cherven,aq_chief_748,tribal_government,R
c_cheshire,Cheshire,Cornovii,d_lancaster,k_england,c_cheshire,aq_chief_749,tribal_government,A/R
c_chiang_khaeng,Chiang Khaeng,Chiang Khaeng,d_muang_sua,k_dvaravati,c_chiang_khaeng,aq_chief_750,tribal_government,K
c_chiang_rung,Chiang Rung,Chiang Rung,d_sipsongpanna,k_dvaravati,c_chiang_rung,aq_chief_751,tribal_government,K
c_chich,Chich,Chich,d_vasyugan_mire,k_ob,c_chich,aq_chief_752,tribal_government,K
c_chikoy,Chikoy,Chikoy,d_uda_valley,k_buryatia,c_chikoy,aq_chief_753,nomad_government,K
c_chikugo,Chikugo,Chikugo,d_north_saikaido,k_tsukushi,c_chikugo,aq_chief_754,tribal_government,K
c_chikuzen,Chikuzen,Chikuzen,d_north_saikaido,k_tsukushi,c_chikuzen,aq_chief_755,tribal_government,K
c_chilia,Chilia,Getia,d_bugeac,k_moldavia,c_chilia,aq_chief_756,tribal_government,R
c_chindu,Chindu,Chindu,d_qumarleb,k_amdo,c_chindu,aq_chief_757,tribal_government,K
c_chios,Chios,Chios,d_aegean_islands,k_thessalonika,c_chios,aq_chief_758,tribal_government,A/R
c_chitrakut,Chitrakut,Medapata,d_medapata,k_rajputana,c_chitrakut,aq_chief_759,tribal_government,R
c_chitral,Chitral,Arachosia,d_kabul,k_aq_persia_kabulistan,e_aq_persia,aq_chief_760,tribal_government,R
c_chizhou,Chizhou,Chizhou,d_xuanshe,k_aq_yue,k_aq_yue,aq_chief_761,tribal_government,K
c_choklema,Choklema,Fenni,d_vologda,k_bjarmaland,c_choklema,aq_chief_762,tribal_government,R
c_cholamandalam,Cholamandalam,Chola Nadu,d_chola_nadu,k_tamilakam,c_cholamandalam,aq_chief_763,tribal_government,R
c_chonae,Chonae,Lydia,d_thracesia,k_aq_persia_lydia,e_aq_persia,aq_chief_764,tribal_government,R
c_chornobyl,Chornobyl,Scythia,d_kiev,k_ruthenia,c_chornobyl,aq_chief_765,tribal_government,R
c_chuguchak,Chuguchak,Saka,d_alakol,k_zhetysu,c_chuguchak,aq_chief_766,nomad_government,R
c_chulym,Chulym,Chulym,d_ala_tau,k_ob,c_chulym,aq_chief_767,tribal_government,K
c_chumarho,Chumarho,Chumarho,d_amdo,k_amdo,c_chumarho,aq_chief_768,tribal_government,K
c_chumkar_kia,Chumkar Kia,Saka,d_turgay,k_cuman,c_chumkar_kia,aq_chief_769,nomad_government,R
c_chuna,Üd,Üd,d_chuna_valley,k_angara,c_chuna,aq_chief_770,nomad_government,K
c_chunar,Chunar,Kasi,d_kasi,k_aq_nanda,e_aq_nanda,aq_chief_771,tribal_government,R
c_chungju,Chungju,Chungju,d_chungju,k_baekje,c_chungju,aq_chief_772,tribal_government,K
c_chungthang,Chungthang,Chungthang,d_paro,k_lhomon,c_chungthang,aq_chief_773,tribal_government,K
c_chunju,Chunju,Chunju,d_gyoju,k_goguryeo,c_chunju,aq_chief_774,tribal_government,K
c_chunzhou,Chunzhou,Chunzhou,d_lingnan,k_lingnan,c_chunzhou,aq_chief_775,tribal_government,K
c_chupka,Chupka,Chupka,d_menas,k_aynumosir,c_chupka,aq_chief_776,tribal_government,K
c_churuk,Churuk,Dahae,d_jemba,k_oghuz_il,c_churuk,aq_chief_777,nomad_government,R
c_chuya,Chuya,Chuya,d_bargujin_tukum,k_buryatia,c_chuya,aq_chief_778,nomad_government,K
c_chuzhou,Chuzhou,Chuzhou,d_zhedong,k_aq_yue,k_aq_yue,aq_chief_779,tribal_government,K
c_chuzhou_1,Chuzhou,Chuzhou,d_huainan,k_aq_chu,k_aq_chu,aq_chief_780,tribal_government,K
c_chuzhou_2,Chuzhou,Chuzhou,d_huainan,k_aq_chu,k_aq_chu,aq_chief_781,tribal_government,K
c_cieszyn,Cieszyn,Boii Frontier,d_upper_silesia,k_poland,c_cieszyn,aq_chief_782,tribal_government,R
c_cilicia,Cilicia,Cilicia,d_cilicia,k_aq_persia_cilicia,e_aq_persia,aq_mazaeus,tribal_government,A/R
c_cizhou,Cizhou,Cizhou,d_hezhong,k_aq_wei,k_aq_wei,aq_chief_784,tribal_government,K
c_clermont,Clermont,Bellovaci,d_valois,k_france,c_clermont,aq_chief_785,tribal_government,A/R
c_clermont_sur_allier,Clermont-sur- Allier,Arverni,d_auvergne,k_france,c_clermont_sur_allier,aq_chief_786,tribal_government,R
c_cleves,Cleves,Eburones,d_julich,k_lotharingia,c_cleves,aq_chief_787,tribal_government,R
c_coburg,Coburg,Hermunduri,d_east_franconia,k_east_francia,c_coburg,aq_chief_788,tribal_government,R
c_coimbra,Coimbra,Lusitani,d_coimbra,k_portugal,c_coimbra,aq_chief_789,tribal_government,A/R
c_colmar,Colmar,Sequani,d_alsace,k_east_francia,c_colmar,aq_chief_790,tribal_government,A/R
c_cologne,Cologne,Ubii,d_lower_lorraine,k_lotharingia,c_cologne,aq_chief_791,tribal_government,A/R
c_colonea,Colonea,Pontus,d_chaldia,k_aq_persia_pontus,e_aq_persia,aq_chief_792,tribal_government,R
c_comai,Comai,Comai,d_yarlung,k_u,c_comai,aq_chief_793,tribal_government,K
c_comminges,Comminges,Convenae,d_armagnac,k_france,c_comminges,aq_chief_794,tribal_government,A/R
c_como,Como,Comenses,d_lombardia,k_italy,c_como,aq_chief_795,tribal_government,A/R
c_cona,Cona,Cona,d_monyul,k_lhomon,c_cona,aq_chief_796,tribal_government,K
c_connacht,Hy Many,Connachta,d_connacht,k_ireland,c_connacht,aq_chief_797,tribal_government,R
c_constanta,Constanta,Scythia Minor,d_dobrudja,k_bulgaria,c_constanta,aq_chief_798,tribal_government,R
c_constantine,Constantine,Cirta,d_kroumerie,k_africa,c_constantine,aq_chief_799,tribal_government,A/R
c_coqen,Coqên,Coqên,d_purang,k_guge,c_coqen,aq_chief_800,tribal_government,K
c_cordoba,Cordoba,Corduba Region,d_cordoba,k_andalusia,c_cordoba,aq_chief_801,tribal_government,A/R
c_cornouaille,Cornouaille,Osismii,d_brittany,k_france,c_cornouaille,aq_chief_802,tribal_government,A/R
c_cornwall,Cornwall,Dumnonii,d_cornwall,k_england,c_cornwall,aq_chief_803,tribal_government,A/R
c_coruna,Coruna,Artabri,d_galicia,k_spanish_galicia,c_coruna,aq_chief_804,tribal_government,A/R
c_cosenza,Cosenza,Bruttii,d_calabria,k_sicily,c_cosenza,aq_chief_805,tribal_government,A/R
c_cottbus,Cottbus,Elbe Lands,d_meissen,k_sorbia,c_cottbus,aq_chief_806,tribal_government,R
c_coulommiers,Provins,Remi,d_champagne,k_france,c_coulommiers,aq_chief_807,tribal_government,R
c_cozhelhoma,Cozhêlhoma,Cozhêlhoma,d_conyi,k_u,c_cozhelhoma,aq_chief_808,tribal_government,K
c_craiova,Craiova,Getia,d_oltenia,k_dacia,c_craiova,aq_chief_809,tribal_government,R
c_cremona,Cremona,Cenomani,d_lombardia,k_italy,c_cremona,aq_chief_810,tribal_government,A/R
c_csanad,Csanad,Pannonia,d_temes,k_hungary,c_csanad,aq_chief_811,tribal_government,R
c_csongrad,Csongrad,Pannonia,d_bacs,k_hungary,c_csongrad,aq_chief_812,tribal_government,R
c_cuellar,Cuellar,Vaccaei,d_castilla,k_castille,c_cuellar,aq_chief_813,tribal_government,A/R
c_cuenca,Cuenca,Olcades,d_toledo,k_andalusia,c_cuenca,aq_chief_814,tribal_government,A/R
c_cumberland,Cumberland,Carvetii,d_northumberland,k_england,c_cumberland,aq_chief_815,tribal_government,A/R
c_cumbum,Cumbum,Pakanadu,d_udayagiri,k_andhra,c_cumbum,aq_chief_816,tribal_government,R
c_cuneo,Cuneo,Ligures,d_piedmonte,k_italy,c_cuneo,aq_chief_817,tribal_government,A/R
c_cuonaco,Cuonaco,Cuonaco,d_purang,k_guge,c_cuonaco,aq_chief_818,tribal_government,K
c_cykma,Cykma,Sauromatia,d_martyuba,k_volga_bulgaria,c_cykma,aq_chief_819,tribal_government,R
c_czerska,Czersk,Vistula Lands,d_mazovia,k_poland,c_czerska,aq_chief_820,tribal_government,R
c_dabou,Dabou,Dabou,d_adiukru,k_akan,c_dabou,aq_chief_821,tribal_government,K
c_daboya,Daboya,Daboya,d_dagomba,k_gur,c_daboya,aq_chief_822,tribal_government,K
c_dabusiya,Dabusiya,Sogdiana,d_soghd,k_aq_persia_transoxiana,e_aq_persia,aq_chief_823,tribal_government,R
c_dadhipadra,Dadhipadra,Avanti,d_dadhipadra,k_malwa,c_dadhipadra,aq_chief_824,tribal_government,R
c_dafang,Dafang,Loulan,d_loulan,k_khotan,c_dafang,aq_chief_825,tribal_government,R
c_dagomba,Dagomba,Dagomba,d_dagomba,k_gur,c_dagomba,aq_chief_826,tribal_government,K
c_dagon,Dagon,Dagon,d_ramannadesa,k_pagan,c_dagon,aq_chief_827,tribal_government,K
c_dahlak,Dahlak,Dahlak,d_dahlaks,k_abyssinia,c_dahlak,aq_chief_828,tribal_government,K
c_daizhou,Daizhou,Daizhou,d_yanmen,k_aq_zhao,k_aq_zhao,aq_chief_829,tribal_government,K
c_dakajalan,Dakajalan,Dakajalan,d_manding,k_mali,c_dakajalan,aq_chief_830,tribal_government,K
c_dakhina_desa,Dakhina Desa,Maya,d_dakhina_desa,k_aq_lanka,k_aq_lanka,aq_chief_831,tribal_government,R
c_dakhla,Dakhla,Oasis Magna,d_al-wahat,k_aq_egypt,k_aq_egypt,aq_chief_832,tribal_government,A/R
c_dakkar,Dakkar,Dakkar,d_adal,k_adal,c_dakkar,aq_chief_833,tribal_government,K
c_dal,Dal,Geats,d_vastergotland,k_sweden,c_dal,aq_chief_834,tribal_government,R
c_dalabergslagen,Dalabergslagen,Suiones,d_bergslagen,k_sweden,c_dalabergslagen,aq_chief_835,tribal_government,R
c_dalarna,Övre Dalarna,Suiones,d_bergslagen,k_sweden,c_dalarna,aq_chief_836,tribal_government,R
c_dali,Dali,Dali,d_dali,k_dali,c_dali,aq_chief_837,tribal_government,K
c_daman,Daman,Lata,d_lata,k_gujarat,c_daman,aq_chief_838,tribal_government,R
c_damascus,Damascus,Damascus,d_damascus,k_aq_persia_syria,e_aq_persia,aq_chief_258,tribal_government,A/R
c_damghan,Damghan,Hecatompylos Region,d_nishapur,k_aq_persia_khorasan,e_aq_persia,aq_chief_226,tribal_government,A/R
c_damietta,Damietta,Tamiathis Region,d_delta,k_aq_egypt,k_aq_egypt,aq_chief_841,tribal_government,A/R
c_damin_i_koh,Damin-i-Koh,Atavi,d_jharkand,k_aq_nanda,e_aq_nanda,aq_chief_842,tribal_government,R
c_damoh,Damoh,Jejakabhukti,d_jejakabhukti,k_aq_nanda_kosala,e_aq_nanda,aq_chief_843,tribal_government,R
c_damot,Damot,Damot,d_damot,k_damot,c_damot,aq_chief_844,tribal_government,K
c_damxung,Damxung,Damxung,d_lhasa,k_u,c_damxung,aq_chief_845,tribal_government,K
c_danakil,Danakil,Danakil,d_danakil,k_adal,c_danakil,aq_chief_846,tribal_government,K
c_dang,Dang,Khasa,d_khasa,k_himalaya,c_dang,aq_chief_847,tribal_government,R
c_dangla,Dangla,Dangla,d_amdo,k_amdo,c_dangla,aq_chief_848,tribal_government,K
c_dangseong,Dangseong,Dangseong,d_gwangju,k_goguryeo,c_dangseong,aq_chief_849,tribal_government,K
c_dannenberg,Dannenberg,Cherusci,d_ostfalen,k_saxony,c_dannenberg,aq_chief_850,tribal_government,R
c_danzhou,Danzhou,Danzhou,d_fufang,k_guannei,c_danzhou,aq_chief_851,tribal_government,K
c_danzhou_1,Danzhou,Danzhou,d_qiongguan,k_lingnan,c_danzhou_1,aq_chief_852,tribal_government,K
c_danzig,Gdańsk,Venedi,d_pomerelia,k_pomerania,c_danzig,aq_chief_853,tribal_government,R
c_daozhou,Daozhou,Daozhou,d_lingling,k_aq_chu,k_aq_chu,aq_chief_854,tribal_government,K
c_dar-al-rih,Dár al-Ríh,Dár al-Ríh,d_darfur,k_darfur,c_dar-al-rih,aq_chief_855,tribal_government,K
c_dar_al-said,Dár al-Saíd,Dár al-Saíd,d_darfur,k_darfur,c_dar_al-said,aq_chief_856,tribal_government,K
c_dar_rashid,Dár Rashíd,Dár Rashíd,d_salamat,k_sao,c_dar_rashid,aq_chief_857,tribal_government,K
c_dar_sila,Dár Sila,Dár Sila,d_wadai,k_darfur,c_dar_sila,aq_chief_858,tribal_government,K
c_dara,Dara,Dara,d_sharka,k_damot,c_dara,aq_chief_859,tribal_government,K
c_darabjerd,Darabjerd,Persis,d_fars,k_aq_persia_persia,e_aq_persia,aq_chief_860,tribal_government,A/R
c_daramdin,Daramdin,Daramdin,d_paro,k_lhomon,c_daramdin,aq_chief_861,tribal_government,K
c_darcha,Darcha,Darcha,d_zanskar,k_maryul,c_darcha,aq_chief_862,tribal_government,K
c_darghan,Darghan,Chorasmia,d_khorezm,k_transoxiana,c_darghan,aq_chief_863,tribal_government,R
c_darkhad_valley,Darkhad Valley,Darkhad Valley,d_khovsgol,k_naimania,c_darkhad_valley,aq_chief_864,nomad_government,K
c_darmashan,Darmashan,Drangiana,d_ghur,k_aq_persia_aria,e_aq_persia,aq_chief_865,tribal_government,R
c_dasapura,Dasapura,Avanti,d_dadhipadra,k_malwa,c_dasapura,aq_chief_866,tribal_government,R
c_dathina,Dathina,Qataban,d_taizz,k_aq040_qataban,k_aq040_qataban,aq_chief_867,tribal_government,R
c_datong,Datong,Datong,d_xining,k_amdo,c_datong,aq_chief_868,tribal_government,K
c_datong_2,Datong,Datong,d_yunshuo,k_aq_zhao,k_aq_zhao,aq_chief_869,tribal_government,K
c_daura,Daura,Daura,d_kano,k_hausaland,c_daura,aq_chief_870,tribal_government,K
c_dausar,Dausar,Mesopotamia,d_diyarmudar,k_aq_persia_jazira,e_aq_persia,aq_chief_871,tribal_government,R
c_dawaro,Dawaro,Dawaro,d_dawaro,k_adal,c_dawaro,aq_chief_872,tribal_government,K
c_dawraq,Dawraq,Susiana,d_khuzestan,k_aq_persia_persia,e_aq_persia,aq_chief_873,tribal_government,R
c_dawu,Dawu,Dawu,d_chakla,k_gyalrong,c_dawu,aq_chief_874,tribal_government,K
c_debar,Debar,Illyria,d_dyrrachion,k_aq_illyria,k_aq_illyria,aq_chief_875,tribal_government,R
c_debul,Debul,Sauvira,d_sauvira,k_aq_persia_sindh,e_aq_persia,aq_chief_876,tribal_government,R
c_dege,Dêgê,Dêgê,d_dege,k_kham,c_dege,aq_chief_877,tribal_government,K
c_degelen,Degelen,Saka,d_degelen,k_kipchak,c_degelen,aq_chief_878,nomad_government,R
c_delhi,Delhi,Kuru,d_kuru,k_aq_nanda_delhi,e_aq_nanda,aq_chief_879,tribal_government,R
c_dembiya,Dämbiya,Dämbiya,d_gondar,k_abyssinia,c_dembiya,aq_chief_880,tribal_government,K
c_demchok,Demchok,Demchok,d_ladakh,k_maryul,c_demchok,aq_chief_881,tribal_government,K
c_demetrias,Demetrias,Pagasai,d_thessaly,k_thessalonika,c_demetrias,aq_chief_882,tribal_government,A/R
c_denbighshire,Perfeddwlad,Deceangli,d_gwynedd,k_wales,c_denbighshire,aq_chief_883,tribal_government,A/R
c_dendi,Dendi,Dendi,d_dendi,k_songhay,c_dendi,aq_chief_884,tribal_government,K
c_dengqen,Dêngqên,Dêngqên,d_qamdo,k_kham,c_dengqen,aq_chief_885,tribal_government,K
c_dengzhou,Dengzhou,Dengzhou,d_ziqing,k_aq_qi,k_aq_qi,aq_chief_886,tribal_government,K
c_dengzhou_1,Dengzhou,Dengzhou,d_xiangdeng,k_aq_chu,k_aq_chu,aq_chief_887,tribal_government,K
c_denia,Denia,Hemeroskopeion,d_valencia,k_valencia,c_denia,aq_chief_888,tribal_government,A/R
c_deqen,Dêqên,Dêqên,d_batang,k_kham,c_deqen,aq_chief_889,tribal_government,K
c_derbent,Derbent,Caucasia,d_ciscaucasia,k_caucasus,c_derbent,aq_chief_890,nomad_government,R
c_derby,Derby,Corieltauvi,d_lancaster,k_england,c_derby,aq_chief_891,tribal_government,A/R
c_derlenka,Dêrlênka,Dêrlênka,d_tuyuhun,k_amdo,c_derlenka,aq_chief_892,tribal_government,K
c_derna,Derna,Kyrenaika,d_cyrenaica,k_aq040_kyrene,k_aq040_kyrene,aq_chief_893,tribal_government,A/R
c_desmond,Desmond,Mumu,d_munster,k_ireland,c_desmond,aq_chief_894,tribal_government,A/R
c_dessau,Dessau,Semnones,d_anhalt,k_east_francia,c_dessau,aq_chief_895,tribal_government,R
c_deungju,Deungju,Deungju,d_donggye,k_silla,c_deungju,aq_chief_896,tribal_government,K
c_devagiri,Devagiri,Ashmaka,d_devagiri,k_maharastra,c_devagiri,aq_chief_897,tribal_government,R
c_devon,Devon,Dumnonii,d_cornwall,k_england,c_devon,aq_chief_898,tribal_government,A/R
c_dezhou,Dezhou,Dezhou,d_aq040_aq_qi_cangjing,k_aq_qi,k_aq_qi,aq_chief_899,tribal_government,K
c_dhafra,Dhafra,Gerrha,d_al-hasa,k_arabia,c_dhafra,aq_chief_900,tribal_government,R
c_dhamalpur,Dhamalpur,Anartta,d_anartta,k_gujarat,c_dhamalpur,aq_chief_901,tribal_government,R
c_dhankar,Dhankar,Dhankar,d_kinnaur,k_guge,c_dhankar,aq_chief_902,tribal_government,K
c_dhara,Dhara,Avanti,d_dadhipadra,k_malwa,c_dhara,aq_chief_903,tribal_government,R
c_dhofar,Dhufar,Hadramaut,d_mahra,k_yemen,c_dhofar,aq_chief_904,tribal_government,A/R
c_dhraina,Dhraina,Dhraina,d_takrur,k_takrur,c_dhraina,aq_chief_905,tribal_government,K
c_diamare,Diamare,Diamare,d_wandala,k_sao,c_diamare,aq_chief_906,tribal_government,K
c_dibri,Dibri,Dibri,d_kru,k_guinea,c_dibri,aq_chief_907,tribal_government,K
c_dihistan,Dihistan,Hyrcania,d_gurgan,k_aq_persia_hyrcania,e_aq_persia,aq_chief_908,tribal_government,R
c_dijon,Dijon,Lingones,d_burgundy,k_france,c_dijon,aq_chief_909,tribal_government,A/R
c_dimapur,Dimapur,Para-Lauhitya,d_para_lauhitya,k_kamarupa,c_dimapur,aq_chief_910,tribal_government,R
c_dinawar,Dinawar,Media,d_hamadan,k_aq_persia_daylam,e_aq_persia,aq_chief_911,tribal_government,R
c_dingzhou,Dingzhou,Dingzhou,d_yideng,k_aq040_zhongshan,k_aq040_zhongshan,aq_chief_912,tribal_government,K
c_dipalpur,Dipalpur,Madra,d_lahore,k_punjab,c_dipalpur,aq_chief_913,tribal_government,R
c_dirku,Dirku,Garamantia,d_kawar,k_sahara,c_dirku,aq_chief_914,tribal_government,R
c_diskit,Diskit,Diskit,d_ladakh,k_maryul,c_diskit,aq_chief_915,tribal_government,K
c_ditmarschen,Dithmarschen,Cimbri,d_holstein,k_saxony,c_ditmarschen,aq_chief_916,tribal_government,R
c_dizhou,Dizhou,Dizhou,d_aq040_aq_qi_cangjing,k_aq_qi,k_aq_qi,aq_chief_917,tribal_government,K
c_djado,Djado,Garamantia,d_kawar,k_sahara,c_djado,aq_chief_918,tribal_government,R
c_djanet,Djanet,Garamantia,d_ghat,k_sahara,c_djanet,aq_chief_919,tribal_government,R
c_djarin,Djarin,Djarin,d_baqlin,k_blemmyia,c_djarin,aq_chief_920,tribal_government,K
c_djerba,Djerba,Meninx,d_tripolitania,k_aq_carthage,k_aq_carthage,aq_chief_921,tribal_government,A/R
c_djugu,Djugu,Djugu,d_borgu,k_borgu,c_djugu,aq_chief_922,tribal_government,K
c_dnipro,Buri-chai,Royal Scythia,d_yedisan,k_pontic_steppe,c_dnipro,aq_chief_923,nomad_government,R
c_dobrzynska,Dobrzyń,Vistula Lands,d_kuyavia,k_poland,c_dobrzynska,aq_chief_924,tribal_government,R
c_dodugu,Dodugu,Dodugu,d_jenne,k_jenne,c_dodugu,aq_chief_925,tribal_government,K
c_dokkum,Dokkum,Frisii,d_frisia,k_frisia,c_dokkum,aq_chief_926,tribal_government,A/R
c_dole,Dole,Sequani,d_upper_burgundy,k_burgundy,c_dole,aq_chief_927,tribal_government,R
c_dolgujar,Dolgujar,Dolgujar,d_ishim,k_sibir,c_dolgujar,aq_chief_928,tribal_government,K
c_dondan_oilik,Dondan Oilik,Khotan,d_khotan,k_khotan,c_dondan_oilik,aq_chief_929,tribal_government,R
c_dong_si_mahosot,Dong Si Mahosot,Dong Si Mahosot,d_angkor,k_funan,c_dong_si_mahosot,aq_chief_930,tribal_government,K
c_dongchuan,Dongchuan,Dongchuan,d_tuodong,k_dali,c_dongchuan,aq_chief_931,tribal_government,K
c_dongguan,Dongguan,Dongguan,d_huixun,k_lingnan,c_dongguan,aq_chief_932,tribal_government,K
c_dongju,Dongju,Dongju,d_gyoju,k_goguryeo,c_dongju,aq_chief_933,tribal_government,K
c_dongola,Dongola,Dongola,d_makuria,k_aq_kush,k_aq_kush,aq_chief_934,tribal_government,K
c_donjikraji,Donji Kraji,Illyria Interior,d_bosna,k_croatia,c_donjikraji,aq_chief_935,tribal_government,R
c_dorohoi,Dorohoi,Getia,d_bukovina,k_moldavia,c_dorohoi,aq_chief_936,tribal_government,R
c_dorohychyn,Dorohychyn,Neuri,d_volhynia,k_galicia-volhynia,c_dorohychyn,aq_chief_937,tribal_government,R
c_dorostorum,Silistra,Triballi,d_turnovo,k_bulgaria,c_dorostorum,aq_chief_938,tribal_government,R
c_dorpat,Ugandi,Livonians,d_livonia,k_esthonia,c_dorpat,aq_chief_939,tribal_government,R
c_dorset,Dorset,Durotriges,d_somerset,k_england,c_dorset,aq_chief_940,tribal_government,A/R
c_dortmund,Dortmund,Ubii,d_lower_lorraine,k_lotharingia,c_dortmund,aq_chief_941,tribal_government,R
c_doti,Doti,Kirata,d_kurmanchal,k_himalaya,c_doti,aq_chief_942,tribal_government,R
c_doudleby,Doudleby,Boii,d_bohemia,k_bohemia,c_doudleby,aq_chief_943,tribal_government,R
c_draa,Draa,Gaetulia,d_sous,k_maghreb,c_draa,aq_chief_944,tribal_government,R
c_dresden,Dresden,Elbe Lands,d_meissen,k_sorbia,c_dresden,aq_chief_945,tribal_government,R
c_duanzhou,Duanzhou,Duanzhou,d_lingnan,k_lingnan,c_duanzhou,aq_chief_946,tribal_government,K
c_dublin,Dublin,Eblani,d_meath,k_ireland,c_dublin,aq_chief_947,tribal_government,A/R
c_dubrovytsia,Dubrovytsia,Neuri,d_turov,k_ruthenia,c_dubrovytsia,aq_chief_948,tribal_government,R
c_duklja,Duklja,Doclea,d_duklja,k_aq_illyria,k_aq_illyria,aq_chief_949,tribal_government,R
c_dunbar,Dunbar,Votadini,d_lothian,k_scotland,c_dunbar,aq_chief_950,tribal_government,A/R
c_dunhuang,Dūnhuáng,Charkliq,d_charkliq,k_khotan,c_dunhuang,aq_chief_951,tribal_government,R
c_duqm,Duqm,Magan,d_oman,k_arabia,c_duqm,aq_chief_952,tribal_government,R
c_durham,Durham,Brigantes,d_northumberland,k_england,c_durham,aq_chief_953,tribal_government,A/R
c_durne,Dürn,Chatti,d_west_franconia,k_east_francia,c_durne,aq_chief_954,tribal_government,R
c_durovka,Durovka,Budini,d_tambov,k_mordvinia,c_durovka,aq_chief_955,tribal_government,R
c_duvan,Duvan,Uralic Steppe,d_uraltau,k_bashkiria,c_duvan,aq_chief_956,tribal_government,R
c_dvaraka,Dvaraka,Anartta,d_anartta,k_gujarat,c_dvaraka,aq_chief_957,tribal_government,R
c_dvin,Dvin,Armenia,d_greater_armenia,k_aq_persia_armenia,e_aq_persia,aq_chief_958,tribal_government,A/R
c_dyamare,Dyamare,Dyamare,d_dendi,k_songhay,c_dyamare,aq_chief_959,tribal_government,K
c_dyrrachion,Dyrrachion,Epidamnos,d_dyrrachion,k_aq_illyria,k_aq_illyria,aq_illyria,tribal_government,A/R
c_dyulaso,Dyulaso,Dyulaso,d_lobi,k_kong,c_dyulaso,aq_chief_961,tribal_government,K
c_east-tokharestan,East-Tokharestan,Bactria,d_balkh,k_aq_persia_bactria,e_aq_persia,aq_chief_962,tribal_government,R
c_east_darfur,East Darfur,East Darfur,d_darfur,k_darfur,c_east_darfur,aq_chief_963,tribal_government,K
c_east_kiilt,East Kiilt,Sápmi,d_guoldat,k_sapmi,c_east_kiilt,aq_chief_964,tribal_government,R
c_east_riding,East Riding,Parisi,d_york,k_england,c_east_riding,aq_chief_965,tribal_government,A/R
c_eastern_tannu,Eastern Tannu,Eastern Tannu,d_tannu_ola,k_tuva,c_eastern_tannu,aq_chief_966,tribal_government,K
c_ebi-nor,Ebi-Nor,Saka,d_tarbagatai,k_zhetysu,c_ebi-nor,aq_chief_967,nomad_government,R
c_echigo,Echigo,Echigo,d_hokurikudo,k_azuma,c_echigo,aq_chief_968,tribal_government,K
c_echizen,Echizen,Echizen,d_hokurikudo,k_azuma,c_echizen,aq_chief_969,tribal_government,K
c_edd,Edd,Edd,d_danakil,k_adal,c_edd,aq_chief_970,tribal_government,K
c_edessa,Edessa,Upper Mesopotamia,d_edessa,k_aq_persia_syria,e_aq_persia,aq_chief_971,tribal_government,A/R
c_edo,Edo,Edo,d_benin,k_yorubaland,c_edo,aq_chief_972,tribal_government,K
c_eghiz_kara,Eghiz Kara,Saka,d_qyzylsaryarka,k_cuman,c_eghiz_kara,aq_chief_973,nomad_government,R
c_eichstadt,Eichstätt,Naristi,d_nordgau,k_bavaria,c_eichstadt,aq_chief_974,tribal_government,R
c_el_fasher,El-Fasher,El-Fasher,d_darfur,k_darfur,c_el_fasher,aq_chief_975,tribal_government,K
c_el_waak,El Waak,El Waak,d_samalo,k_bale,c_el_waak,aq_chief_976,tribal_government,K
c_elabuga,Elabuga,Sauromatia,d_kazan,k_volga_bulgaria,c_elabuga,aq_chief_977,tribal_government,R
c_eleila,Eleila,Eleila,d_alwa,k_aq_kush,k_aq_kush,aq_chief_978,tribal_government,K
c_elvas,Elvas,Lusitania,d_beja,k_badajoz,c_elvas,aq_chief_979,tribal_government,R
c_em_akhulun,Akhulun,Akhulun,d_em_wuguguo,k_gobi,c_em_akhulun,aq_chief_980,nomad_government,K
c_em_dadaels,Dadaels,Dadaels,d_gobi_dadaels,k_gobi,c_em_dadaels,aq_chief_981,nomad_government,K
c_em_dutulun,Dutulun,Dutulun,d_em_tataria,k_gobi,c_em_dutulun,aq_chief_982,nomad_government,K
c_em_gobidada,Gobidada,Gobidada,d_em_tataria,k_gobi,c_em_gobidada,aq_chief_983,nomad_government,K
c_em_hepung,Hepung,Hepung,d_em_wuguguo,k_gobi,c_em_hepung,aq_chief_984,nomad_government,K
c_em_karakopi,Karakopi,Karakopi,d_em_wuguguo,k_gobi,c_em_karakopi,aq_chief_985,nomad_government,K
c_em_khartereg,Khartereg,Khartereg,d_em_wuguguo,k_gobi,c_em_khartereg,aq_chief_986,nomad_government,K
c_em_kherulendada,Kherulendada,Kherulendada,d_em_tataria,k_gobi,c_em_kherulendada,aq_chief_987,nomad_government,K
c_em_zhen,Zhen,Zhen,d_em_tataria,k_gobi,c_em_zhen,aq_chief_988,nomad_government,K
c_eman_amgun,Amgun,Amgun,d_eman_nivkhia,k_amur,c_eman_amgun,aq_chief_989,tribal_government,K
c_eman_beihean,Beihean,Beihean,d_eman_sikhotebei,k_amur,c_eman_beihean,aq_chief_990,tribal_government,K
c_eman_birija,Birija,Birija,d_eman_bureya,k_amur,c_eman_birija,aq_chief_991,tribal_government,K
c_eman_boli,Boli,Boli,d_eman_boli,k_amur,c_eman_boli,aq_chief_992,tribal_government,K
c_eman_choripi,Choripi,Choripi,d_eman_boli,k_amur,c_eman_choripi,aq_chief_993,tribal_government,K
c_eman_heishuiyang,Heishuiyang,Heishuiyang,d_eman_sikhotebei,k_amur,c_eman_heishuiyang,aq_chief_994,tribal_government,K
c_eman_kerin,Kerin,Kerin,d_eman_samagero,k_amur,c_eman_kerin,aq_chief_995,tribal_government,K
c_eman_khadul,Khadul,Khadul,d_eman_samagero,k_amur,c_eman_khadul,aq_chief_996,tribal_government,K
c_eman_mohean,Mohean,Mohean,d_eman_boli,k_amur,c_eman_mohean,aq_chief_997,tribal_government,K
c_eman_molihewen,Molihewen,Molihewen,d_eman_boli,k_amur,c_eman_molihewen,aq_chief_998,tribal_government,K
c_eman_murkonno,Murkonno,Murkonno,d_eman_amar,k_amur,c_eman_murkonno,aq_chief_999,tribal_government,K
c_eman_nimen,Nimen,Nimen,d_eman_amar,k_amur,c_eman_nimen,aq_chief_1000,tribal_government,K
c_eman_nurgan,Nurgan,Nurgan,d_eman_nivkhia,k_amur,c_eman_nurgan,aq_chief_1001,tribal_government,K
c_eman_tudali,Tudali,Tudali,d_eman_samagero,k_amur,c_eman_tudali,aq_chief_1002,tribal_government,K
c_eman_tugur,Tugur,Tugur,d_eman_nivkhia,k_amur,c_eman_tugur,aq_chief_1003,tribal_government,K
c_eman_turma,Turma,Turma,d_eman_bureya,k_amur,c_eman_turma,aq_chief_1004,tribal_government,K
c_eman_urehokto,Urehokto,Urehokto,d_eman_bureya,k_amur,c_eman_urehokto,aq_chief_1005,tribal_government,K
c_eman_urmi,Urmi,Urmi,d_eman_amar,k_amur,c_eman_urmi,aq_chief_1006,tribal_government,K
c_eman_vanda,Vanda,Vanda,d_eman_amar,k_amur,c_eman_vanda,aq_chief_1007,tribal_government,K
c_eman_wuguihai,Wuguihai,Wuguihai,d_eman_sikhotebei,k_amur,c_eman_wuguihai,aq_chief_1008,tribal_government,K
c_eman_yam_alin,Yam Alin,Yam Alin,d_eman_samagero,k_amur,c_eman_yam_alin,aq_chief_1009,tribal_government,K
c_eman_yerenhe,Yerenhe,Yerenhe,d_eman_sikhotebei,k_amur,c_eman_yerenhe,aq_chief_1010,tribal_government,K
c_emil,Emil,Saka,d_tarbagatai,k_zhetysu,c_emil,aq_chief_1011,nomad_government,R
c_ennis,Ennis,Mumu,d_munster,k_ireland,c_ennis,aq_chief_1012,tribal_government,R
c_enzhou,Enzhou,Enzhou,d_lingnan,k_lingnan,c_enzhou,aq_chief_1013,tribal_government,K
c_epeiros,Epeiros,Epirus,d_epirus,k_aq_epirus,k_aq_epirus,aq_epirus,tribal_government,A/R
c_eranad,Eranad,Chera Nadu,d_chera_nadu,k_tamilakam,c_eranad,aq_chief_1015,tribal_government,R
c_erbach,Erbach,Chatti,d_west_franconia,k_east_francia,c_erbach,aq_chief_1016,tribal_government,R
c_eschenlohe,Eschenlohe,Vindelici,d_bavaria,k_bavaria,c_eschenlohe,aq_chief_1017,tribal_government,R
c_essex,Essex,Trinovantes,d_bedford,k_england,c_essex,aq_chief_1018,tribal_government,A/R
c_esztergom,Esztergom,Pannonia,d_visegrad,k_hungary,c_esztergom,aq_chief_1019,tribal_government,R
c_etchu,Etchū,Etchū,d_hokurikudo,k_azuma,c_etchu,aq_chief_1020,tribal_government,K
c_eu,Eu,Caletes,d_normandy,k_france,c_eu,aq_chief_1021,tribal_government,A/R
c_euboea,Euboea,Euboea,d_athens,k_aq_athens,k_aq_athens,aq_chief_1022,tribal_government,A/R
c_euchaita,Euchaita,Pontus,d_armeniac,k_aq_persia_pontus,e_aq_persia,aq_chief_1023,tribal_government,R
c_evreux,Évreux,Eburovices,d_normandy,k_france,c_evreux,aq_chief_1024,tribal_government,A/R
c_ewaso_ngiro,Ewaso Ng'iro,Ewaso Ng'iro,d_pate,k_zanj,c_ewaso_ngiro,aq_chief_1025,tribal_government,K
c_ewe,Ewe,Ewe,d_eweland,k_akan,c_ewe,aq_chief_1026,tribal_government,K
c_eystridalir,Eystridalir,Scandia,d_dalir,k_norway,c_eystridalir,aq_chief_1027,tribal_government,R
c_ezhou,Ezhou,Ezhou,d_eyue,k_aq_chu,k_aq_chu,aq_chief_1028,tribal_government,K
c_faereyar,Færeyjar,Orcades,d_northern_isles,k_norway,c_faereyar,aq_chief_1029,tribal_government,R
c_fafan,Fafan,Fafan,d_adal,k_adal,c_fafan,aq_chief_1030,tribal_government,K
c_falaj,Falaj,Arabia Interior,d_yamama,k_arabia,c_falaj,aq_chief_1031,tribal_government,R
c_falkenstein,Falkenstein,Vindelici,d_bavaria,k_bavaria,c_falkenstein,aq_chief_1032,tribal_government,R
c_famagusta,Famagusta,Salamis,d_cyprus,k_aq_persia_cyprus,e_aq_persia,aq_evagoras,tribal_government,A/R
c_fangzhou,Fangzhou,Fangzhou,d_fufang,k_guannei,c_fangzhou,aq_chief_1034,tribal_government,K
c_fangzhou_1,Fangzhou,Fangzhou,d_xiangdeng,k_aq_chu,k_aq_chu,aq_chief_1035,tribal_government,K
c_fanhe,Fanhe,Fanhe,d_hexi,k_hexi,c_fanhe,aq_chief_1036,tribal_government,K
c_fante,Fante,Fante,d_ashanti,k_akan,c_fante,aq_chief_1037,tribal_government,K
c_farafra,Farafra,Oases,d_al-wahat,k_aq_egypt,k_aq_egypt,aq_chief_1038,tribal_government,A/R
c_farah,Farah,Drangiana,d_sistan,k_aq_persia_drangiana,e_aq_persia,aq_chief_1039,tribal_government,A/R
c_farama,Farama,Pelusion Region,d_sinai,k_aq_egypt,k_aq_egypt,aq_chief_1040,tribal_government,A/R
c_faras,Faras,Faras,d_nobatia,k_aq_kush,k_aq_kush,aq_chief_1041,tribal_government,K
c_farava,Farava,Parthia,d_nasa,k_aq_persia_khorasan,e_aq_persia,aq_chief_1042,tribal_government,R
c_faro,Faro,Ossonoba,d_algarve,k_badajoz,c_faro,aq_chief_1043,tribal_government,A/R
c_fayyum,Fayyum,Shedet,d_cairo,k_aq_egypt,k_aq_egypt,aq_chief_1044,tribal_government,A/R
c_fazaz,Fazaz,Mauri,d_marrakesh,k_maghreb,c_fazaz,aq_chief_1045,tribal_government,R
c_fazughli,Fazughli,Fazughli,d_sennar,k_aq_kush,k_aq_kush,aq_chief_1046,tribal_government,K
c_feher,Fehér,Getia,d_transylvania,k_hungary,c_feher,aq_chief_1047,tribal_government,R
c_fellata,Fellata,Fellata,d_wadai,k_darfur,c_fellata,aq_chief_1048,tribal_government,K
c_fengxiang,Fengxiang,Fengxiang,d_fengxiang,k_aq_qin,k_aq_qin,aq_chief_1049,tribal_government,K
c_fengzhou,Fengzhou,Fengzhou,d_xingfeng,k_guannei,c_fengzhou,aq_chief_1050,tribal_government,K
c_fenzhou,Fenzhou,Fenzhou,d_hedong,k_aq_zhao,k_aq_zhao,aq_chief_1051,tribal_government,K
c_ferghana,Ferghana,Ferghana,d_ferghana,k_transoxiana,c_ferghana,aq_chief_1052,tribal_government,R
c_fermo,Fermo,Picenum,d_ancona,k_romagna,c_fermo,aq_chief_1053,tribal_government,R
c_ferrara,Ferrara,Spina,d_romagna,k_romagna,c_ferrara,aq_chief_1054,tribal_government,A/R
c_fes,Fes,Mauri,d_fes,k_maghreb,c_fes,aq_chief_1055,tribal_government,A/R
c_fetegar,Fätägar,Fätägar,d_showa,k_abyssinia,c_fetegar,aq_chief_1056,tribal_government,K
c_fife,Fife,Caledonii,d_albany,k_scotland,c_fife,aq_chief_1057,tribal_government,R
c_figuig,Figuig,Numidia,d_tahert,k_tahert,c_figuig,aq_chief_1058,tribal_government,R
c_fika,Fika,Fika,d_kagha,k_kanem,c_fika,aq_chief_1059,tribal_government,K
c_finland,Finland,Fenni,d_finland,k_finland,c_finland,aq_chief_1060,tribal_government,R
c_finnveden,Finnveden,Geats,d_smaland,k_sweden,c_finnveden,aq_chief_1061,tribal_government,R
c_firabr,Firabr,Sogdiana,d_soghd,k_aq_persia_transoxiana,e_aq_persia,aq_chief_1062,tribal_government,R
c_firaun,Firaun,Sinai,d_sinai,k_aq_egypt,k_aq_egypt,aq_chief_1063,tribal_government,R
c_firdafylki,Firðafylki,Scandia,d_trandalog,k_norway,c_firdafylki,aq_chief_1064,tribal_government,R
c_firenze,Firenze,Faesulae,d_toscana,k_aq_etruria,k_aq_etruria,aq_etruria,tribal_government,A/R
c_fitri,Fitri,Fitri,d_wadai,k_darfur,c_fitri,aq_chief_1066,tribal_government,K
c_fogaras,Fogaras,Getia,d_transylvania,k_hungary,c_fogaras,aq_chief_1067,tribal_government,R
c_foggia,Foggia,Daunians,d_benevento,k_sicily,c_foggia,aq_chief_1068,tribal_government,A/R
c_foix,Foix,Consoranni,d_languedoc,k_france,c_foix,aq_chief_1069,tribal_government,A/R
c_forcalquier,Forcalquier,Massalia,d_provence,k_burgundy,c_forcalquier,aq_chief_1070,tribal_government,R
c_forez,Forez,Allobroges,d_dauphine,k_burgundy,c_forez,aq_chief_1071,tribal_government,R
c_fraga,Fraga,Ilergetes,d_aragon,k_aragon,c_fraga,aq_chief_1072,tribal_government,A/R
c_frankfurt,Frankfurt,Chatti,d_west_franconia,k_east_francia,c_frankfurt,aq_chief_1073,tribal_government,A/R
c_freistadt,Freistadt,Noricum,d_osterreich,k_bavaria,c_freistadt,aq_chief_1074,tribal_government,R
c_french_leon,Léon,Osismii,d_brittany,k_france,c_french_leon,aq_chief_1075,tribal_government,A/R
c_frisia,Frisia,Frisii,d_frisia,k_frisia,c_frisia,aq_chief_1076,tribal_government,A/R
c_friuli,Friuli,Veneti,d_friuli,k_italy,c_friuli,aq_chief_1077,tribal_government,A/R
c_frontenhausen,Frontenhausen,Vindelici,d_bavaria,k_bavaria,c_frontenhausen,aq_chief_1078,tribal_government,R
c_fudalhi,Fudalhi,Fudalhi,d_samalo,k_bale,c_fudalhi,aq_chief_1079,tribal_government,K
c_fuerteventura,Maxorata,Fortunate Isles,d_canarias,k_maghreb,c_fuerteventura,aq_chief_1080,tribal_government,R
c_fulda,Fulda,Chatti,d_hesse,k_east_francia,c_fulda,aq_chief_1081,tribal_government,A/R
c_funing,Ningzhou,Ningzhou,d_weiwu,k_fujian,c_funing,aq_chief_1082,tribal_government,K
c_fuqi,Fuqi,Fuqi,d_tuyuhun,k_amdo,c_fuqi,aq_chief_1083,tribal_government,K
c_furstenberg,Furstenberg,Helvetii,d_swabia,k_east_francia,c_furstenberg,aq_chief_1084,tribal_government,R
c_futa_jalon,Futa Jalon,Futa Jalon,d_futa_jalon,k_mali,c_futa_jalon,aq_chief_1085,tribal_government,K
c_fuzhou,Fuzhou,Fuzhou,d_xinan,k_daibei,c_fuzhou,aq_chief_1086,tribal_government,K
c_fuzhou_1,Fuzhou,Fuzhou,d_weiwu,k_fujian,c_fuzhou_1,aq_chief_1087,tribal_government,K
c_fuzhou_2,Fuzhou,Fuzhou,d_jiangxi,k_aq_chu,k_aq_chu,aq_chief_1088,tribal_government,K
c_fuzhou_3,Fuzhou,Fuzhou,d_jingnan,k_aq_chu,k_aq_chu,aq_chief_1089,tribal_government,K
c_fuzhou_4,Fuzhou,Fuzhou,d_kuizhong,k_aq040_ba,k_aq040_ba,aq_chief_1090,tribal_government,K
c_fuzhou_5,Fuzhou,Fuzhou,d_fufang,k_guannei,c_fuzhou_5,aq_chief_1091,tribal_government,K
c_fyn,Fyn,Danish Isles,d_sjaelland,k_denmark,c_fyn,aq_chief_1092,tribal_government,R
c_gabal,Gabal,Gabal,d_dawaro,k_adal,c_gabal,aq_chief_1093,tribal_government,K
c_gabes,Gabes,Tacape,d_gabes,k_aq_carthage,k_aq_carthage,aq_chief_1094,tribal_government,A/R
c_gacka,Gacka,Illyria,d_croatia,k_croatia,c_gacka,aq_chief_1095,tribal_government,R
c_gaeseong,Gaeseong,Gaeseong,d_gaeseong,k_goguryeo,c_gaeseong,aq_chief_1096,tribal_government,K
c_gafat,Gafat,Gafat,d_gojjam,k_abyssinia,c_gafat,aq_chief_1097,tribal_government,K
c_galam,Galam,Galam,d_silla,k_takrur,c_galam,aq_chief_1098,tribal_government,K
c_galati,Galați,Getia,d_moldova,k_moldavia,c_galati,aq_chief_1099,tribal_government,R
c_galatia,Galatia,Phrygia,d_bucellaria,k_aq_persia_anatolia,e_aq_persia,aq_chief_1100,tribal_government,A/R
c_galatia_salutaris,Galatia Salutaris,Phrygia,d_anatolia,k_aq_persia_anatolia,e_aq_persia,aq_chief_1101,tribal_government,R
c_galloway,Galloway,Damnonii,d_galloway,k_scotland,c_galloway,aq_chief_1102,tribal_government,R
c_gallura,Gallura,Corsii,d_sardinia,k_aq_carthage,k_aq_carthage,aq_chief_1103,tribal_government,A/R
c_gamo,Gamo,Gamo,d_kaffa,k_damot,c_gamo,aq_chief_1104,tribal_government,K
c_ganale,Ganale,Ganale,d_shabelle,k_bale,c_ganale,aq_chief_1105,tribal_government,K
c_gangaran,Gangaran,Gangaran,d_bambuk,k_mali,c_gangaran,aq_chief_1106,tribal_government,K
c_ganzhou,Ganzhou,Ganzhou,d_gansu,k_hexi,c_ganzhou,aq_chief_1107,nomad_government,K
c_gao,Gao,Gao,d_kawkaw,k_songhay,c_gao,aq_chief_1108,tribal_government,K
c_gaozhou,Gaozhou,Gaozhou,d_gaoliang,k_lingnan,c_gaozhou,aq_chief_1109,tribal_government,K
c_gar,Gar,Gar,d_ngari,k_guge,c_gar,aq_chief_1110,tribal_government,K
c_garabogazkol,Garabogazkol,Dahae,d_garabogazkol,k_oghuz_il,c_garabogazkol,aq_chief_1111,nomad_government,R
c_garco,Garco,Garco,d_conyi,k_u,c_garco,aq_chief_1112,tribal_government,K
c_garkung,Garkung,Garkung,d_conyi,k_u,c_garkung,aq_chief_1113,tribal_government,K
c_garoua,Garoua,Garoua,d_wandala,k_sao,c_garoua,aq_chief_1114,tribal_government,K
c_garumele,Garumele,Garumele,d_bornu,k_kanem,c_garumele,aq_chief_1115,tribal_government,K
c_garwhal,Garwhal,Kirata,d_kurmanchal,k_himalaya,c_garwhal,aq_chief_1116,tribal_government,R
c_garze,Garzê,Garzê,d_dege,k_kham,c_garze,aq_chief_1117,tribal_government,K
c_gastrikland,Gestrikalandia,Suiones,d_svealand,k_sweden,c_gastrikland,aq_chief_1118,tribal_government,R
c_gatsuurgazar,Gatsuurgazar,Gatsuurgazar,d_lena,k_angara,c_gatsuurgazar,aq_chief_1119,nomad_government,K
c_gauda,Gauda,Gauda,d_gauda,k_aq_nanda_bengal,e_aq_nanda,aq_chief_1120,tribal_government,R
c_gauldala,Gauldælafylki,Scandia,d_dalir,k_norway,c_gauldala,aq_chief_1121,tribal_government,R
c_gaya,Gaya,Magadha,d_magadha,k_aq_nanda,e_aq_nanda,aq_chief_1122,tribal_government,R
c_geba,Geba,Geba,d_kasa,k_kaabu,c_geba,aq_chief_1123,tribal_government,K
c_gegyai,Gê'gyai,Gê'gyai,d_ngari,k_guge,c_gegyai,aq_chief_1124,tribal_government,K
c_geisenhausen,Geisenhausen,Vindelici,d_bavaria,k_bavaria,c_geisenhausen,aq_chief_1125,tribal_government,R
c_gemer,Gemer,Boii,d_nyitra,k_hungary,c_gemer,aq_chief_1126,tribal_government,R
c_geneva,Geneva,Allobroges,d_savoie,k_burgundy,c_geneva,aq_chief_1127,tribal_government,A/R
c_genoa,Genoa,Genua,d_genoa,k_italy,c_genoa,aq_chief_1128,tribal_government,A/R
c_germa,Germa,Garamantes,d_fezzan,k_sahara,c_germa,aq_chief_1129,tribal_government,A/R
c_gerqen,Gêrqên,Gêrqên,d_tuyuhun,k_amdo,c_gerqen,aq_chief_1130,tribal_government,K
c_gerze,Gêrzê,Gêrzê,d_ngari,k_guge,c_gerze,aq_chief_1131,tribal_government,K
c_gevaudan,Gévaudan,Gabali,d_toulouse,k_france,c_gevaudan,aq_chief_1132,tribal_government,A/R
c_gezira,Gezira,Gezira,d_alwa,k_aq_kush,k_aq_kush,aq_chief_1133,tribal_government,K
c_ghadames,Ghadames,Capsa,d_jerid,k_africa,c_ghadames,aq_chief_1134,tribal_government,R
c_gharb,Gharb,Mauri,d_fes,k_maghreb,c_gharb,aq_chief_1135,tribal_government,R
c_ghardaia,Ghardaia,Gaetulia,d_mzab,k_tahert,c_ghardaia,aq_chief_1136,tribal_government,R
c_ghardaman,Ghardaman,Chorasmia,d_khorezm,k_transoxiana,c_ghardaman,aq_chief_1137,tribal_government,R
c_ghat,Ghat,Garamantia,d_ghat,k_sahara,c_ghat,aq_chief_1138,tribal_government,R
c_ghazna,Ghazna,Arachosia,d_zabulistan,k_aq_persia_kabulistan,e_aq_persia,aq_chief_1139,tribal_government,A/R
c_ghazza,Ghazza,Gaza,d_palestine,k_aq_persia_jerusalem,e_aq_persia,aq_chief_1140,tribal_government,A/R
c_ghazzal,Ghazzal,Ghazzal,d_wadai,k_darfur,c_ghazzal,aq_chief_1141,tribal_government,K
c_ghulja,Ghulja,Saka,d_ili-alatau,k_zhetysu,c_ghulja,aq_chief_1142,nomad_government,R
c_ghur,Ghur,Drangiana,d_ghur,k_aq_persia_aria,e_aq_persia,aq_chief_1143,tribal_government,R
c_gidaya,Gidaya,Gidaya,d_shabelle,k_bale,c_gidaya,aq_chief_1144,tribal_government,K
c_gilan,Gilan,Cadusia,d_daylam,k_aq_persia_daylam,e_aq_persia,aq_chief_1145,tribal_government,A/R
c_gilgit,Gilgit,Pamir,d_pamir,k_kashmir,c_gilgit,aq_chief_1146,tribal_government,R
c_girona,Girona,Laietania,d_barcelona,k_aragon,c_girona,aq_chief_1147,tribal_government,R
c_giurgiu,Giurgiu,Getia,d_muntenia,k_dacia,c_giurgiu,aq_chief_1148,tribal_government,R
c_giza,Giza,Memphis,d_cairo,k_aq_egypt,k_aq_egypt,aq_chief_1149,tribal_government,A/R
c_glamorgan,Morgannwg,Silures,d_deheubarth,k_wales,c_glamorgan,aq_chief_1150,tribal_government,A/R
c_glazov,Glaz,Uralic Lands,d_udmurtia,k_permia,c_glazov,aq_chief_1151,tribal_government,R
c_gleichenstein,Gleichenstein,Hermunduri,d_thuringia,k_east_francia,c_gleichenstein,aq_chief_1152,tribal_government,R
c_gloucestershire,Gloucestershire,Dobunni,d_gloucester,k_england,c_gloucestershire,aq_chief_1153,tribal_government,A/R
c_gnezdovo,Gnezdovo,Budini,d_smolensk,k_white_rus,c_gnezdovo,aq_chief_1154,tribal_government,R
c_gnieznienska,Gniezno,Vistula Lands,d_wielkopolska,k_poland,c_gnieznienska,aq_chief_1155,tribal_government,R
c_goalpara,Goalpara,Para-Lauhitya,d_para_lauhitya,k_kamarupa,c_goalpara,aq_chief_1156,tribal_government,R
c_gobi_abakhai,Abakhai,Abakhai,d_gobi_shatuoguo,k_gobi,c_gobi_abakhai,aq_chief_1157,nomad_government,K
c_gobi_abga,Abga,Abga,d_gobi_shatuoguo,k_gobi,c_gobi_abga,aq_chief_1158,nomad_government,K
c_gobi_dorngovi,Dorngovi,Dorngovi,d_gobi_shatuoguo,k_gobi,c_gobi_dorngovi,aq_chief_1159,nomad_government,K
c_gobi_gurvan_saikhan,Gurvan Saikhan,Gurvan Saikhan,d_ovorkhangai,k_naimania,c_gobi_gurvan_saikhan,aq_chief_1160,nomad_government,K
c_gobi_maominggan,Maominggan,Maominggan,d_gobi_shatuoguo,k_gobi,c_gobi_maominggan,aq_chief_1161,nomad_government,K
c_gobi_ongi_gol,Ongi Gol,Ongi Gol,d_gobi_ongi,k_gobi,c_gobi_ongi_gol,aq_chief_1162,nomad_government,K
c_gobi_sonkhot,Sonkhot,Sonkhot,d_gobi_shatuoguo,k_gobi,c_gobi_sonkhot,aq_chief_1163,nomad_government,K
c_gobi_ulaan_govi,Ulaan Govi,Ulaan Govi,d_gobi_ongi,k_gobi,c_gobi_ulaan_govi,aq_chief_1164,nomad_government,K
c_gobi_ulaan_nuur,Ulaan Nuur,Ulaan Nuur,d_gobi_ongi,k_gobi,c_gobi_ulaan_nuur,aq_chief_1165,nomad_government,K
c_gobi_ulaantatar,Ulaantatar,Ulaantatar,d_gobi_dadaels,k_gobi,c_gobi_ulaantatar,aq_chief_1166,nomad_government,K
c_gobir,Gobir,Gobir,d_gobir,k_hausaland,c_gobir,aq_chief_1167,tribal_government,K
c_gode,Gode,Gode,d_shabelle,k_bale,c_gode,aq_chief_1168,tribal_government,K
c_godwad,Godwad,Maru,d_maru,k_rajputana,c_godwad,aq_chief_1169,tribal_government,R
c_gojjam,Gojjam,Gojjam,d_gojjam,k_abyssinia,c_gojjam,aq_chief_1170,tribal_government,K
c_gokju,Gokju,Gokju,d_gaeseong,k_goguryeo,c_gokju,aq_chief_1171,tribal_government,K
c_gola,Gola,Gola,d_kono,k_guinea,c_gola,aq_chief_1172,tribal_government,K
c_golag,Golag,Golag,d_dzayul,k_lhomon,c_golag,aq_chief_1173,tribal_government,K
c_golaghmuli,Golaghmuli,Pamir,d_pamir,k_kashmir,c_golaghmuli,aq_chief_1174,tribal_government,R
c_golden_hills,Golden Hills,Sauromatia,d_don_valley,k_pontic_steppe,c_golden_hills,aq_chief_1175,nomad_government,R
c_gomoco,Gomoco,Gomoco,d_ngari,k_guge,c_gomoco,aq_chief_1176,tribal_government,K
c_gondo,Gondo,Gondo,d_yatenga,k_gurma,c_gondo,aq_chief_1177,tribal_government,K
c_gongbo,Gongbo,Gongbo,d_nyingchi,k_kham,c_gongbo,aq_chief_1178,tribal_government,K
c_gongju,Gongju,Gongju,d_chungju,k_baekje,c_gongju,aq_chief_1179,tribal_government,K
c_gongzhou,Gongzhou,Gongzhou,d_jingjiang,k_lingxi,c_gongzhou,aq_chief_1180,tribal_government,K
c_gonja,Gonja,Gonja,d_dagomba,k_gur,c_gonja,aq_chief_1181,tribal_government,K
c_gonjo,Gonjo,Gonjo,d_lhatok,k_kham,c_gonjo,aq_chief_1182,tribal_government,K
c_gorlitz,Görlitz,Elbe Lands,d_meissen,k_sorbia,c_gorlitz,aq_chief_1183,tribal_government,R
c_gorz,Goriza,Venetia,d_friuli,k_italy,c_gorz,aq_chief_1184,tribal_government,R
c_goseong,Goseong,Goseong,d_donggye,k_silla,c_goseong,aq_chief_1185,tribal_government,K
c_gostyninska,Gostynin,Vistula Lands,d_mazovia,k_poland,c_gostyninska,aq_chief_1186,tribal_government,R
c_gottingen,Goslar,Cherusci,d_thuringia,k_east_francia,c_gottingen,aq_chief_1187,tribal_government,A/R
c_gowrie,Gowrie,Caledonii,d_albany,k_scotland,c_gowrie,aq_chief_1188,tribal_government,R
c_granada,Granada,Bastetani,d_granada,k_andalusia,c_granada,aq_chief_1189,tribal_government,A/R
c_graz,Graz,Noricum,d_steyermark,k_bavaria,c_graz,aq_chief_1190,tribal_government,A/R
c_grebo,Grebo,Grebo,d_wenyon,k_guinea,c_grebo,aq_chief_1191,tribal_government,K
c_grisons,Grisons,Raetia,d_currezia,k_east_francia,c_grisons,aq_chief_1192,tribal_government,A/R
c_grobin,Grobin,Curonians,d_courland,k_lithuania,c_grobin,aq_chief_1193,tribal_government,R
c_grodno,Grodno,Neuri,d_grodno,k_white_rus,c_grodno,aq_chief_1194,tribal_government,R
c_groningen,Groningen,Frisii,d_utrecht,k_frisia,c_groningen,aq_chief_1195,tribal_government,A/R
c_grunberg,Grunberg,Lugian Lands,d_lower_silesia,k_poland,c_grunberg,aq_chief_1196,tribal_government,R
c_grunningen,Grünningen,Helvetii,d_swabia,k_east_francia,c_grunningen,aq_chief_1197,tribal_government,R
c_guangde,Guangde,Guangde,d_xuanshe,k_aq_yue,k_aq_yue,aq_chief_1198,tribal_government,K
c_guangwu,Guangwu,Guangwu,d_hexi,k_hexi,c_guangwu,aq_chief_1199,tribal_government,K
c_guangzhou,Guangzhou,Guangzhou,d_huaixi,k_aq_chu,k_aq_chu,aq_chief_1200,tribal_government,K
c_guangzhou_1,Guangzhou,Guangzhou,d_lingnan,k_lingnan,c_guangzhou_1,aq_chief_1201,tribal_government,K
c_guazhou,Guazhou,Guazhou,d_guasha,k_hexi,c_guazhou,aq_chief_1202,nomad_government,K
c_gudbrandsdalir,Guðbrandsdalir,Scandia,d_dalir,k_norway,c_gudbrandsdalir,aq_chief_1203,tribal_government,R
c_guelders,Guelders,Batavi,d_gelre,k_frisia,c_guelders,aq_chief_1204,tribal_government,A/R
c_guemju,Guemju,Guemju,d_jinju,k_silla,c_guemju,aq_chief_1205,tribal_government,K
c_guidimaka,Guidimaka,Guidimaka,d_diafunu,k_ghana,c_guidimaka,aq_chief_1206,tribal_government,K
c_guile,Guile,Guile,d_xiyuan,k_qianzhong,c_guile,aq_chief_1207,tribal_government,K
c_guines,Guînes,Morini,d_flanders,k_france,c_guines,aq_chief_1208,tribal_government,A/R
c_guiyang,Guiyang,Guiyang,d_hunan,k_aq_chu,k_aq_chu,aq_chief_1209,tribal_government,K
c_guizhou,Guizhou,Guizhou,d_jingnan,k_aq_chu,k_aq_chu,aq_chief_1210,tribal_government,K
c_guizhou_1,Guizhou,Guizhou,d_guiguan,k_lingxi,c_guizhou_1,aq_chief_1211,tribal_government,K
c_guizhou_2,Guizhou,Guizhou,d_youzhou,k_aq_yan,k_aq_yan,aq_chief_1212,tribal_government,K
c_gumuz,Gumuz,Gumuz,d_sennar,k_aq_kush,k_aq_kush,aq_chief_1213,tribal_government,K
c_guozhou,Guozhou,Guozhou,d_shanguo,k_aq_han,k_aq_han,aq_chief_1214,tribal_government,K
c_guozhou_1,Guozhou,Guozhou,d_lilang,k_xingyuan,c_guozhou_1,aq_chief_1215,tribal_government,K
c_gurgan,Gurgan,Hyrcania,d_gurgan,k_aq_persia_hyrcania,e_aq_persia,aq_chief_1216,tribal_government,A/R
c_gurganj,Gurganj,Chorasmia,d_khorezm,k_transoxiana,c_gurganj,aq_chief_1217,tribal_government,R
c_gurgi,Gurgi,Jejakabhukti,d_jejakabhukti,k_aq_nanda_kosala,e_aq_nanda,aq_chief_1218,tribal_government,R
c_guria,Guria,Colchis,d_abkhazia,k_georgia,c_guria,aq_chief_1219,tribal_government,R
c_gurjaratra,Gurjaratra,Madra,d_lahore,k_punjab,c_gurjaratra,aq_chief_1220,tribal_government,R
c_gurma,Gurma,Gurma,d_lower_gurma,k_gurma,c_gurma,aq_chief_1221,tribal_government,K
c_gutland,Gotland,Gotones,d_gotland,k_sweden,c_gutland,aq_chief_1222,tribal_government,R
c_gutti,Gutti,Nulambavadi,d_nulambavadi,k_karnata,c_gutti,aq_chief_1223,tribal_government,R
c_guwari,Guwari,Guwari,d_nupe,k_igbo-benue,c_guwari,aq_chief_1224,tribal_government,K
c_guzgan,Guzgan,Margiana,d_merv,k_aq_persia_margiana,e_aq_persia,aq_chief_1225,tribal_government,R
c_guzhou,Guzhou,Guzhou,d_zangke,k_qianzhong,c_guzhou,aq_chief_1226,tribal_government,K
c_guzkol,Guzkol,Saka,d_alakol,k_zhetysu,c_guzkol,aq_chief_1227,nomad_government,R
c_gwalior,Gwalior,Matsya,d_ajmer,k_rajputana,c_gwalior,aq_chief_1228,tribal_government,R
c_gwangju,Gwangju,Gwangju,d_gwangju,k_goguryeo,c_gwangju,aq_chief_1229,tribal_government,K
c_gwiju,Gwiju,Gwiju,d_yukju,k_goguryeo,c_gwiju,aq_chief_1230,tribal_government,K
c_gyaca,Gyaca,Gyaca,d_yarlung,k_u,c_gyaca,aq_chief_1231,tribal_government,K
c_gyaitang,Gyaitang,Gyaitang,d_batang,k_kham,c_gyaitang,aq_chief_1232,tribal_government,K
c_gyama,Gyama,Gyama,d_lhasa,k_u,c_gyama,aq_chief_1233,tribal_government,K
c_gyangze,Gyangzê,Gyangzê,d_xigaze,k_tsang,c_gyangze,aq_chief_1234,tribal_government,K
c_gyegumdo,Gyêgumdo,Gyêgumdo,d_nangqen,k_kham,c_gyegumdo,aq_chief_1235,tribal_government,K
c_gyeongju,Gyeongju,Gyeongju,d_gyeongju,k_silla,c_gyeongju,aq_chief_1236,tribal_government,K
c_gyirong,Gyirong,Gyirong,d_sagya,k_tsang,c_gyirong,aq_chief_1237,tribal_government,K
c_gyoju,Gyoju,Gyoju,d_gyoju,k_goguryeo,c_gyoju,aq_chief_1238,tribal_government,K
c_gyor,Gyor,Pannonia,d_gyor,k_hungary,c_gyor,aq_chief_1239,tribal_government,R
c_hadithat-ana,Hadithat-Ana,Mesopotamia,d_euphrates,k_aq_persia_jazira,e_aq_persia,aq_chief_1240,tribal_government,R
c_hadramawt,Hadramawt,Hadramaut,d_hadramawt,k_aq040_hadramaut,k_aq040_hadramaut,aq_chief_1241,tribal_government,A/R
c_hadrianeia,Hadrianeia,Lydia,d_thracesia,k_aq_persia_lydia,e_aq_persia,aq_chief_1242,tribal_government,R
c_hadrianopolis,Hadrianopolis,Paphlagonian Interior,d_bucellaria,k_aq_persia_anatolia,e_aq_persia,aq_chief_1243,tribal_government,R
c_hadya,Hadya,Hadya,d_sharka,k_damot,c_hadya,aq_chief_1244,tribal_government,K
c_haeju,Haeju,Haeju,d_haeju,k_goguryeo,c_haeju,aq_chief_1245,tribal_government,K
c_hai_dong,Hai Dong,Hai Dong,d_hai_dong,k_viet,c_hai_dong,aq_chief_1246,tribal_government,K
c_hail,Ha'il,Arabia Interior,d_najd,k_arabia,c_hail,aq_chief_1247,tribal_government,R
c_hainaut,Hainaut,Nervii,d_brabant,k_lotharingia,c_hainaut,aq_chief_1248,tribal_government,A/R
c_haizhou,Haizhou,Haizhou,d_aq040_aq_qi_yanhai,k_aq_qi,k_aq_qi,aq_chief_1249,tribal_government,K
c_hakkari,Hakkari,Arzanene,d_diyarbakr,k_aq_persia_jazira,e_aq_persia,aq_chief_1250,tribal_government,R
c_halberstadt,Halberstadt,Semnones,d_anhalt,k_east_francia,c_halberstadt,aq_chief_1251,tribal_government,R
c_halland,Halland,Scandia,d_skane,k_denmark,c_halland,aq_chief_1252,tribal_government,R
c_hallstatt,Hallstatt,Noricum,d_salzburg,k_bavaria,c_hallstatt,aq_chief_1253,tribal_government,A/R
c_halsingland,Halsingland,Fenni,d_norrland,k_sweden,c_halsingland,aq_chief_1254,tribal_government,R
c_haltang,Haltang,Haltang,d_aksay,k_amdo,c_haltang,aq_chief_1255,tribal_government,K
c_halych,Halych,Neuri,d_halych,k_galicia-volhynia,c_halych,aq_chief_1256,tribal_government,R
c_hama,Hama,Hamath,d_homs,k_aq_persia_syria,e_aq_persia,aq_chief_1257,tribal_government,A/R
c_hamadan,Hamadan,Ecbatana,d_hamadan,k_aq_persia_daylam,e_aq_persia,aq_chief_355,tribal_government,A/R
c_hamburg,Hamburg,Chauci,d_ostfalen,k_saxony,c_hamburg,aq_chief_1259,tribal_government,A/R
c_hampton,Hampshire,Belgae,d_somerset,k_england,c_hampton,aq_chief_1260,tribal_government,A/R
c_hamyang,Hamyang,Hamyang,d_jinju,k_silla,c_hamyang,aq_chief_1261,tribal_government,K
c_hangzhou,Hangzhou,Hangzhou,d_zhexi,k_aq_yue,k_aq_yue,aq_chief_1262,tribal_government,K
c_hanlan,Hanlan,Hanlan,d_tagaung,k_pagan,c_hanlan,aq_chief_1263,tribal_government,K
c_hannover,Hannover,Cherusci,d_angria,k_saxony,c_hannover,aq_chief_1264,tribal_government,R
c_hanyang,Hanyang,Hanyang,d_jingnan,k_aq_chu,k_aq_chu,aq_chief_1265,tribal_government,K
c_hanyuan,Lizhou,Lizhou,d_qiongnan,k_aq040_shu,k_aq040_shu,aq_chief_1266,tribal_government,K
c_hanzhou,Hanzhou,Hanzhou,d_xichuan,k_aq040_shu,k_aq040_shu,aq_chief_1267,tribal_government,K
c_haozhou,Haozhou,Haozhou,d_huaixi,k_aq_chu,k_aq_chu,aq_chief_1268,tribal_government,K
c_harar,Harar,Harar,d_adal,k_adal,c_harar,aq_chief_1269,tribal_government,K
c_hargaya,Hargaya,Hargaya,d_adal,k_adal,c_hargaya,aq_chief_1270,tribal_government,K
c_harhiraa,Harhiraa,Harhiraa,d_khovd,k_naimania,c_harhiraa,aq_chief_1271,nomad_government,K
c_harikela,Harikela,Vanga,d_vanga,k_aq_nanda_bengal,e_aq_nanda,aq_chief_1272,tribal_government,R
c_harima,Harima,Harima,d_east_sanyodo,k_yamato,c_harima,aq_chief_1273,tribal_government,K
c_haripunjaya,Haripuñjaya,Haripuñjaya,d_haripunjaya,k_dvaravati,c_haripunjaya,aq_chief_1274,tribal_government,K
c_harjadalen,Herdalr,Scandia,d_jamtland,k_norway,c_harjadalen,aq_chief_1275,tribal_government,R
c_harran,Harran,Harran,d_diyarmudar,k_aq_persia_jazira,e_aq_persia,aq_chief_1276,tribal_government,A/R
c_harrat_rahat,Harrat Rahat,Yathrib,d_medina,k_arabia,c_harrat_rahat,aq_chief_1277,tribal_government,R
c_haruppeswara,Haruppeswara,Sutiya,d_sutiya,k_kamarupa,c_haruppeswara,aq_chief_1278,tribal_government,R
c_hastinapura,Hastinapura,Kuru,d_kuru,k_aq_nanda_delhi,e_aq_nanda,aq_chief_1279,tribal_government,R
c_hauran,Hauran,Bashan,d_damascus,k_aq_persia_syria,e_aq_persia,aq_chief_1280,tribal_government,A/R
c_havelberg,Havelberg,Semnones,d_ostmark,k_pomerania,c_havelberg,aq_chief_1281,tribal_government,R
c_hayk,Hayk,Armenia,d_greater_armenia,k_aq_persia_armenia,e_aq_persia,aq_chief_1282,tribal_government,A/R
c_hayq,Hayq,Hayq,d_lasta,k_abyssinia,c_hayq,aq_chief_1283,tribal_government,K
c_hedmork,Heiðmörk,Scandia,d_dalir,k_norway,c_hedmork,aq_chief_1284,tribal_government,R
c_hehe,Hehe,Hehe,d_guasha,k_hexi,c_hehe,aq_chief_1285,nomad_government,K
c_heihe,Heihe,Heihe,d_juyan,k_xia,c_heihe,aq_chief_1286,nomad_government,K
c_hejian,Yingzhou,Yingzhou,d_yingmo,k_aq_yan,k_aq_yan,aq_chief_1287,tribal_government,K
c_helenopontus,Helenopontus,Pontus,d_armeniac,k_aq_persia_pontus,e_aq_persia,aq_chief_1288,tribal_government,R
c_helgum,Helgum,Scandia,d_jamtland,k_norway,c_helgum,aq_chief_1289,tribal_government,R
c_henan,Henan,Henan,d_dongji,k_aq_zhou,k_aq_zhou,aq_zhou,tribal_government,K
c_hengzhou,Hengzhou,Hengzhou,d_hunan,k_aq_chu,k_aq_chu,aq_chief_1291,tribal_government,K
c_hengzhou_1,Hengzhou,Hengzhou,d_yongguan,k_lingxi,c_hengzhou_1,aq_chief_1292,tribal_government,K
c_hequ,Hequ,Hequ,d_langshan,k_xia,c_hequ,aq_chief_1293,nomad_government,K
c_herat,Herat,Aria,d_herat,k_aq_persia_aria,e_aq_persia,aq_chief_1294,tribal_government,A/R
c_hereford,Herefordshire,Silures,d_powys,k_wales,c_hereford,aq_chief_1295,tribal_government,A/R
c_hereti,Hereti,Iberia,d_georgia,k_aq_persia_iberia,e_aq_persia,aq_chief_1296,tribal_government,R
c_hertfordshire,Hertfordshire,Catuvellauni,d_bedford,k_england,c_hertfordshire,aq_chief_1297,tribal_government,A/R
c_hewes,Heves,Pannonia,d_visegrad,k_hungary,c_hewes,aq_chief_1298,tribal_government,R
c_hezhong,Hezhong,Hezhong,d_hezhong,k_aq_wei,k_aq_wei,aq_chief_1299,tribal_government,K
c_hezhou_2,Hezhou,Hezhou,d_longyou,k_hexi,c_hezhou_2,aq_chief_1300,tribal_government,K
c_hida,Hida,Hida,d_tosando,k_azuma,c_hida,aq_chief_1301,tribal_government,K
c_higo,Higo,Higo,d_south_saikaido,k_tsukushi,c_higo,aq_chief_1302,tribal_government,K
c_hildesheim,Hildesheim,Cherusci,d_angria,k_saxony,c_hildesheim,aq_chief_1303,tribal_government,R
c_hinthada,Hinthada,Hinthada,d_sriksetra,k_pagan,c_hinthada,aq_chief_1304,tribal_government,K
c_hiraab,Hiraab,Hiraab,d_mogadishu,k_ajuraan,c_hiraab,aq_chief_1305,tribal_government,K
c_hisar,Hisar,Haritanaka,d_haritanaka,k_delhi,c_hisar,aq_chief_1306,tribal_government,R
c_hitachi,Hitachi,Hitachi,d_east_bando,k_azuma,c_hitachi,aq_chief_1307,tribal_government,K
c_hizen,Hizen,Hizen,d_north_saikaido,k_tsukushi,c_hizen,aq_chief_1308,tribal_government,K
c_hlaingbwe,Hlaingbwe,Hlaingbwe,d_haripunjaya,k_dvaravati,c_hlaingbwe,aq_chief_1309,tribal_government,K
c_hoanya,Hoanya,Hoanya,d_liuqiu,k_liuqiu,c_hoanya,aq_chief_1310,tribal_government,K
c_hoboksar,Hoboksar,Saka,d_gurbantunggut,k_dzungaria,c_hoboksar,aq_chief_1311,nomad_government,R
c_hobyo,Hobyo,Hobyo,d_mogadishu,k_ajuraan,c_hobyo,aq_chief_1312,tribal_government,K
c_hodh,Hodh,Hodh,d_tagant,k_ghana,c_hodh,aq_chief_1313,tribal_government,K
c_hodna,Hodna,Gaetulia,d_zab,k_tahert,c_hodna,aq_chief_1314,tribal_government,R
c_hohaseco,Hohaséco,Hohaséco,d_nagormo,k_amdo,c_hohaseco,aq_chief_1315,tribal_government,K
c_hohenau,Hohenau,Noricum,d_osterreich,k_bavaria,c_hohenau,aq_chief_1316,tribal_government,R
c_hohenberg,Hohenberg,Helvetii,d_swabia,k_east_francia,c_hohenberg,aq_chief_1317,tribal_government,R
c_hohenburg,Hohenburg,Naristi,d_nordgau,k_bavaria,c_hohenburg,aq_chief_1318,tribal_government,R
c_hohenlohe,Hohenlohe,Hermunduri,d_east_franconia,k_east_francia,c_hohenlohe,aq_chief_1319,tribal_government,R
c_hoki,Hōki,Hōki,d_west_sanindo,k_yamato,c_hoki,aq_chief_1320,tribal_government,K
c_holland,Holland,Frisii,d_holland,k_frisia,c_holland,aq_chief_1321,tribal_government,A/R
c_homs,Homs,Orontes Valley,d_homs,k_aq_persia_syria,e_aq_persia,aq_chief_1322,tribal_government,A/R
c_hongju,Hongju,Hongju,d_chungju,k_baekje,c_hongju,aq_chief_1323,tribal_government,K
c_hongzhou,Hongzhou,Hongzhou,d_jiangxi,k_aq_chu,k_aq_chu,aq_chief_1324,tribal_government,K
c_hongzhou_2,Hongzhou,Hongzhou,d_yunshuo,k_aq_zhao,k_aq_zhao,aq_chief_1325,tribal_government,K
c_honorias,Honorias,Galatia,d_bucellaria,k_aq_persia_anatolia,e_aq_persia,aq_chief_1326,tribal_government,R
c_hont,Hont,Boii,d_nyitra,k_hungary,c_hont,aq_chief_1327,tribal_government,R
c_hordalandi,Hörðaland,Scandia,d_vestlandi,k_norway,c_hordalandi,aq_chief_1328,tribal_government,R
c_hormuz,Hormuz,Carmania,d_hormuz,k_aq_persia_carmania,e_aq_persia,aq_chief_1329,tribal_government,A/R
c_hotin,Hotin,Getia,d_bukovina,k_moldavia,c_hotin,aq_chief_1330,tribal_government,R
c_hradec,Hradec,Boii,d_bohemia,k_bohemia,c_hradec,aq_chief_1331,tribal_government,R
c_hradyzk,Hradyzk,Scythia,d_pereyaslavl,k_ruthenia,c_hradyzk,aq_chief_1332,tribal_government,R
c_hsenwi,Hsenwi,Hsenwi,d_mongnai,k_pagan,c_hsenwi,aq_chief_1333,tribal_government,K
c_huaian,Huai'an,Huai'an,d_sanggan,k_aq_zhao,k_aq_zhao,aq_chief_1334,tribal_government,K
c_huaining,Chenzhou,Chenzhou,d_aq040_aq_chu_chenxu,k_aq_chu,k_aq_chu,aq_chief_1335,tribal_government,K
c_huaiyang,Huaiyang,Huaiyang,d_xusi,k_aq_song,k_aq_song,aq_chief_1336,tribal_government,K
c_huaiyuan,Huaiyuan,Huaiyuan,d_shuofang,k_xia,c_huaiyuan,aq_chief_1337,nomad_government,K
c_huaizhou,Huaizhou,Huaizhou,d_heyang,k_aq_han,k_aq_han,aq_chief_1338,tribal_government,K
c_huangzhou,Huangzhou,Huangzhou,d_eyue,k_aq_chu,k_aq_chu,aq_chief_1339,tribal_government,K
c_huangzhou_1,Huangzhou,Huangzhou,d_zangke,k_qianzhong,c_huangzhou_1,aq_chief_1340,tribal_government,K
c_huanzhou,Huanzhou,Huanzhou,d_binning,k_aq_qin,k_aq_qin,aq_chief_1341,tribal_government,K
c_huayin,Huazhou,Huazhou,d_yongxing,k_aq_qin,k_aq_qin,aq_chief_1342,tribal_government,K
c_huazhou,Huazhou,Huazhou,d_aq_wei_zhenghua,k_aq_wei,k_aq_wei,aq_chief_1343,tribal_government,K
c_huesca,Huesca,Ilergetes,d_aragon,k_aragon,c_huesca,aq_chief_1344,tribal_government,A/R
c_huichuan,Huichuan,Huichuan,d_huichuan,k_dali,c_huichuan,aq_chief_1345,tribal_government,K
c_huizhou,Huizhou,Huizhou,d_shuofang,k_xia,c_huizhou,aq_chief_1346,nomad_government,K
c_huizhou_1,Huizhou,Huizhou,d_huixun,k_lingnan,c_huizhou_1,aq_chief_1347,tribal_government,K
c_hulwan,Hulwan,Assyria,d_samarra,k_aq_persia_mesopotamia,e_aq_persia,aq_chief_1348,tribal_government,R
c_huntingdonshire,Huntingdonshire,Catuvellauni,d_hereford,k_england,c_huntingdonshire,aq_chief_1349,tribal_government,A/R
c_hunyad,Hunyad,Getia,d_transylvania,k_hungary,c_hunyad,aq_chief_1350,tribal_government,R
c_hunyan,Hunyan,Masaesyli,d_tlemcen,k_tahert,c_hunyan,aq_chief_1351,tribal_government,R
c_huzhou,Huzhou,Huzhou,d_zhexi,k_aq_yue,k_aq_yue,aq_chief_1352,tribal_government,K
c_hvosno,Hvosno,Dardania,d_rashka,k_serbia,c_hvosno,aq_chief_1353,tribal_government,R
c_hwangju,Hwangju,Hwangju,d_haeju,k_goguryeo,c_hwangju,aq_chief_1354,tribal_government,K
c_hyuga,Hyūga,Hyūga,d_south_saikaido,k_tsukushi,c_hyuga,aq_chief_1355,tribal_government,K
c_iasi,Iași,Getia,d_moldova,k_moldavia,c_iasi,aq_chief_1356,tribal_government,R
c_ibadan,Ibadan,Ibadan,d_ibadan,k_yorubaland,c_ibadan,aq_chief_1357,tribal_government,K
c_ibibo,Ibibo,Ibibo,d_igboland,k_igbo-benue,c_ibibo,aq_chief_1358,tribal_government,K
c_idatarainadu,Idatarainadu,Raichur Doab,d_raichur_doab,k_karnata,c_idatarainadu,aq_chief_1359,tribal_government,R
c_idoma,Idoma,Idoma,d_igboland,k_igbo-benue,c_idoma,aq_chief_1360,tribal_government,K
c_ifat,Ifat,Ifat,d_showa,k_abyssinia,c_ifat,aq_chief_1361,tribal_government,K
c_ife,Ife,Ife,d_ife,k_yorubaland,c_ife,aq_chief_1362,tribal_government,K
c_ifni,Ifni,Gaetulia,d_sous,k_maghreb,c_ifni,aq_chief_1363,tribal_government,R
c_ifonyin,Ifonyin,Ifonyin,d_ibadan,k_yorubaland,c_ifonyin,aq_chief_1364,tribal_government,K
c_igala,Igala,Igala,d_igboland,k_igbo-benue,c_igala,aq_chief_1365,tribal_government,K
c_igana,Igana,Igana,d_oyo,k_yorubaland,c_igana,aq_chief_1366,tribal_government,K
c_igaran,Igaran,Igaran,d_baraba_steppe,k_ob,c_igaran,aq_chief_1367,tribal_government,K
c_igbo,Igbo,Igbo,d_igboland,k_igbo-benue,c_igbo,aq_chief_1368,tribal_government,K
c_igbomina,Igbomina,Igbomina,d_oyo,k_yorubaland,c_igbomina,aq_chief_1369,tribal_government,K
c_ijaw,Ijaw,Ijaw,d_igboland,k_igbo-benue,c_ijaw,aq_chief_1370,tribal_government,K
c_ijebu,Ijebu,Ijebu,d_ife,k_yorubaland,c_ijebu,aq_chief_1371,tribal_government,K
c_ikh_bogd,Ikh Bogd,Ikh Bogd,d_ovorkhangai,k_naimania,c_ikh_bogd,aq_chief_1372,nomad_government,K
c_ilam,Ilam,Limbuwan,d_limbuwan,k_himalaya,c_ilam,aq_chief_1373,tribal_government,R
c_ile_de_france,Isle de France,Parisii,d_valois,k_france,c_ile_de_france,aq_chief_1374,tribal_government,A/R
c_ilek,Ilek,Sauromatia,d_aqtobe,k_caspian_steppe,c_ilek,aq_chief_1375,nomad_government,R
c_ilesa,Ilesa,Ilesa,d_borgu,k_borgu,c_ilesa,aq_chief_1376,tribal_government,K
c_ilga,Ilga,Ilga,d_lena,k_angara,c_ilga,aq_chief_1377,nomad_government,K
c_iliq,Iliq,Saka,d_ili-alatau,k_zhetysu,c_iliq,aq_chief_1378,nomad_government,R
c_ilo,Ilo,Ilo,d_borgu,k_borgu,c_ilo,aq_chief_1379,tribal_government,K
c_ilorin,Ilorin,Ilorin,d_oyo,k_yorubaland,c_ilorin,aq_chief_1380,tribal_government,K
c_ilseon,Ilseon,Ilseon,d_gyeongju,k_silla,c_ilseon,aq_chief_1381,tribal_government,K
c_inaba,Inaba,Inaba,d_east_sanindo,k_yamato,c_inaba,aq_chief_1382,tribal_government,K
c_inari,Inari,Sápmi,d_giemajohka,k_sapmi,c_inari,aq_chief_1383,tribal_government,R
c_indrapura,Indrapura,Indrapura,d_indrapura,k_champa,c_indrapura,aq_chief_1384,tribal_government,K
c_ingolstadt,Ingolstadt,Vindelici,d_bavaria,k_bavaria,c_ingolstadt,aq_chief_1385,tribal_government,A/R
c_inje,Inje,Inje,d_gyoju,k_goguryeo,c_inje,aq_chief_1386,tribal_government,K
c_innarya,Innarya,Innarya,d_damot,k_damot,c_innarya,aq_chief_1387,tribal_government,K
c_inner_hebrides,Inner Hebrides,Epidii,d_western_isles,k_scotland,c_inner_hebrides,aq_chief_1388,tribal_government,R
c_innsbruck,Innsbruck,Raetia,d_tyrol,k_bavaria,c_innsbruck,aq_chief_1389,tribal_government,A/R
c_intarta,Intarta,Intarta,d_aksum,k_abyssinia,c_intarta,aq_chief_1390,tribal_government,K
c_inverness,Inverness,Vacomagi,d_moray,k_scotland,c_inverness,aq_chief_1391,tribal_government,A/R
c_ioci,Ioci,Ioci,d_sum,k_aynumosir,c_ioci,aq_chief_1392,tribal_government,K
c_ionia,Ionia,Ionia,d_ephese,k_aq_persia_lydia,e_aq_persia,aq_chief_1393,tribal_government,A/R
c_ipuskoa,Ipuskoa,Varduli,d_viscaya,k_navarra,c_ipuskoa,aq_chief_1394,tribal_government,A/R
c_irahistan,Irahistan,Persis,d_fars,k_aq_persia_persia,e_aq_persia,aq_chief_1395,tribal_government,R
c_irbid,Irbid,Gilead,d_urdunn,k_aq_persia_jerusalem,e_aq_persia,aq_chief_1396,tribal_government,A/R
c_irbil,Irbil,Arbela,d_kurdistan,k_aq_persia_jazira,e_aq_persia,aq_chief_1397,tribal_government,A/R
c_irkutsk,Erhüü,Erhüü,d_tsagaanbaigal,k_buryatia,c_irkutsk,aq_chief_1398,nomad_government,K
c_isauria,Isauria,Isauria,d_anatolia,k_aq_persia_anatolia,e_aq_persia,aq_chief_1399,tribal_government,A/R
c_isawa,Isawa,Isawa,d_hitakami,k_hitakami,c_isawa,aq_chief_1400,tribal_government,K
c_ise,Ise,Ise,d_tokaido,k_azuma,c_ise,aq_chief_1401,tribal_government,K
c_isfahan,Isfahan,Gabae,d_isfahan,k_aq_persia_persia,e_aq_persia,aq_chief_1402,tribal_government,A/R
c_isfara,Isfara,Ferghana,d_ferghana,k_transoxiana,c_isfara,aq_chief_1403,tribal_government,R
c_ishim,Ishim,Ishim,d_ishim,k_sibir,c_ishim,aq_chief_1404,tribal_government,K
c_iskaf,Iskaf,Babylonia,d_baghdad,k_aq_persia_mesopotamia,e_aq_persia,aq_chief_1405,tribal_government,R
c_iskar,Iskar,Iskar,d_sum,k_aynumosir,c_iskar,aq_chief_1406,tribal_government,K
c_isle_of_man,Isle of Man,Manavia,d_the_isles,k_scotland,c_isle_of_man,aq_chief_1407,tribal_government,R
c_isle_of_wight,Wight,Vectis,d_somerset,k_england,c_isle_of_wight,aq_chief_1408,tribal_government,A/R
c_issoudun,Issoudun,Bituriges Cubi,d_berry,k_france,c_issoudun,aq_chief_1409,tribal_government,A/R
c_istakhr,Istakhr,Persepolis Region,d_fars,k_aq_persia_persia,e_aq_persia,aq_persia,tribal_government,A/R
c_itanagar,Itanagar,Itanagar,d_lhoyul,k_lhomon,c_itanagar,aq_chief_1411,tribal_government,K
c_itil,Itil,Sauromatia,d_itil,k_caspian_steppe,c_itil,aq_chief_1412,nomad_government,R
c_iviza,Ibiza,Ebusus,d_mallorca,k_aq_carthage,k_aq_carthage,aq_chief_1413,tribal_government,A/R
c_iwaki,Iwaki,Iwaki,d_hitakami,k_hitakami,c_iwaki,aq_chief_1414,tribal_government,K
c_iwami,Iwami,Iwami,d_west_sanindo,k_yamato,c_iwami,aq_chief_1415,tribal_government,K
c_iwase,Iwase,Iwase,d_hitakami,k_hitakami,c_iwase,aq_chief_1416,tribal_government,K
c_iyo,Iyo,Iyo,d_nankaido,k_yamato,c_iyo,aq_chief_1417,tribal_government,K
c_izu,Izu,Izu,d_west_bando,k_azuma,c_izu,aq_chief_1418,tribal_government,K
c_izumo,Izumo,Izumo,d_west_sanindo,k_yamato,c_izumo,aq_chief_1419,tribal_government,K
c_jabal_kufs,Jabal Kufs,Carmania,d_jabal_kufs,k_aq_persia_carmania,e_aq_persia,aq_chief_1420,tribal_government,R
c_jabal_quzlum,Jabal Quzlum,Eastern Desert,d_eastern_desert,k_aq_egypt,k_aq_egypt,aq_chief_1421,tribal_government,R
c_jafara,Jafara,Tripolis,d_tripolitania,k_aq_carthage,k_aq_carthage,aq_chief_1422,tribal_government,R
c_jaffa,Jaffa,Yafo,d_palestine,k_aq_persia_jerusalem,e_aq_persia,aq_chief_1423,tribal_government,A/R
c_jaffna,Nagadipa,Rajarata,d_sinhala,k_aq_lanka,k_aq_lanka,aq_chief_1424,tribal_government,R
c_jagatipur,Jagatipur,Khasa,d_khasa,k_himalaya,c_jagatipur,aq_chief_1425,tribal_government,R
c_jahkamakke,Jåhkåmåhkke,Sápmi,d_aarjetje,k_sapmi,c_jahkamakke,aq_chief_1426,tribal_government,R
c_jaksybai,Jaksybai,Sauromatia,d_manatau,k_caspian_steppe,c_jaksybai,aq_chief_1427,nomad_government,R
c_jaligny,Jaligny,Bituriges,d_bourbon,k_france,c_jaligny,aq_chief_1428,tribal_government,R
c_jalmat,Jalmat,Sauromatia,d_jalmat,k_volga_bulgaria,c_jalmat,aq_chief_1429,tribal_government,R
c_jamantau,Jamantau,Dahae,d_barsuki,k_oghuz_il,c_jamantau,aq_chief_1430,nomad_government,R
c_jambalar,Jambalar,Sauromatia,d_pecheneg,k_caspian_steppe,c_jambalar,aq_chief_1431,nomad_government,R
c_jame,Jame,Jame,d_kasa,k_kaabu,c_jame,aq_chief_1432,tribal_government,K
c_jamtfir,Jamtaland,Scandia,d_jamtland,k_norway,c_jamtfir,aq_chief_1433,tribal_government,R
c_janakpur,Janakpur,Nepal,d_nepal,k_himalaya,c_janakpur,aq_chief_1434,tribal_government,R
c_jangheung,Jangheung,Jangheung,d_naju,k_baekje,c_jangheung,aq_chief_1435,tribal_government,K
c_jangjeong,Jangjeong,Jangjeong,d_yukju,k_goguryeo,c_jangjeong,aq_chief_1436,tribal_government,K
c_jangyztau,Jangyztau,Saka,d_atbasar,k_qara_dala,c_jangyztau,aq_chief_1437,nomad_government,R
c_jara,Jara,Jara,d_kaabu,k_kaabu,c_jara,aq_chief_1438,tribal_government,K
c_jasky_kart,Jasky Kart,Saka,d_karabas,k_saryarka,c_jasky_kart,aq_chief_1439,nomad_government,R
c_jaunpur,Jaunpur,Kasi,d_kasi,k_aq_nanda,e_aq_nanda,aq_chief_1440,tribal_government,R
c_jawf-al-yamani,Al-Jawf al- Yamani,Ma'in,d_jawf-al-yamani,k_aq040_main,k_aq040_main,aq_chief_1441,tribal_government,A/R
c_jend,Jend,Saka,d_syr_darya,k_syr_darya,c_jend,aq_chief_1442,nomad_government,R
c_jenne,Jenne,Jenne,d_jenne,k_jenne,c_jenne,aq_chief_1443,tribal_government,K
c_jeonju,Jeonju,Jeonju,d_jeonju,k_baekje,c_jeonju,aq_chief_1444,tribal_government,K
c_jerjul,Jerjul,Jerjul,d_khakass_hollow,k_khakassia,c_jerjul,aq_chief_1445,tribal_government,K
c_jersika,Jersika,Latgalians,d_latgalians,k_lithuania,c_jersika,aq_chief_1446,tribal_government,R
c_jerusalem,Jerusalem,Yerushalayim,d_palestine,k_aq_persia_jerusalem,e_aq_persia,aq_chief_239,tribal_government,A/R
c_jharkand,Jharkand,Atavi,d_jharkand,k_aq_nanda,e_aq_nanda,aq_chief_1448,tribal_government,R
c_jian_an,Jianzhou,Jianzhou,d_jianning,k_fujian,c_jian_an,aq_chief_1449,tribal_government,K
c_jianchang,Jianchang,Jianchang,d_jiangxi,k_aq_chu,k_aq_chu,aq_chief_1450,tribal_government,K
c_jianchang_1,Jianchang,Jianchang,d_huichuan,k_dali,c_jianchang_1,aq_chief_1451,tribal_government,K
c_jianchuan,Jianchuan,Jianchuan,d_jianchuan,k_dali,c_jianchuan,aq_chief_1452,tribal_government,K
c_jiangling,Jiangling,Jiangling,d_jingnan,k_aq_chu,k_aq_chu,aq_chu,tribal_government,K
c_jiangning,Jiangning,Jiangning,d_jiangdong,k_aq_yue,k_aq_yue,aq_chief_1454,tribal_government,K
c_jiangzhou_2,Jiangzhou,Jiangzhou,d_hezhong,k_aq_wei,k_aq_wei,aq_chief_1455,tribal_government,K
c_jiankang,Jiankang,Jiankang,d_gansu,k_hexi,c_jiankang,aq_chief_1456,nomad_government,K
c_jianyang,Jianzhou,Jianzhou,d_xichuan,k_aq040_shu,k_aq040_shu,aq_chief_1457,tribal_government,K
c_jianzhou_1,Jianzhou,Jianzhou,d_dongchuan,k_aq040_shu,k_aq040_shu,aq_chief_1458,tribal_government,K
c_jiazhou,Jiazhou,Jiazhou,d_qiongnan,k_aq040_shu,k_aq040_shu,aq_chief_1459,tribal_government,K
c_jie_DZU,Jie,Saka,d_gurbantunggut,k_dzungaria,c_jie_DZU,aq_chief_1460,nomad_government,R
c_jiezhou,Jiezhou,Jiezhou,d_qincheng,k_aq_qin,k_aq_qin,aq_chief_1461,tribal_government,K
c_jihlava,Jihlava,Boii,d_moravia,k_bohemia,c_jihlava,aq_chief_1462,tribal_government,R
c_jilali,Jilali,Saka,d_kokturgay,k_cuman,c_jilali,aq_chief_1463,nomad_government,R
c_jilanjik,Jilanjik,Saka,d_qyzylsaryarka,k_cuman,c_jilanjik,aq_chief_1464,nomad_government,R
c_jilat,Jilat,Ammon,d_amman,k_aq_persia_jerusalem,e_aq_persia,aq_chief_1465,tribal_government,R
c_jilib,Qoryooley,Qoryooley,d_west_ajuraan,k_ajuraan,c_jilib,aq_chief_1466,tribal_government,K
c_jillye,Jillye,Jillye,d_jeonju,k_baekje,c_jillye,aq_chief_1467,tribal_government,K
c_jimi,Jimi,Jimi,d_kanem,k_kanem,c_jimi,aq_chief_1468,tribal_government,K
c_jimsar,Jimsar,Saka,d_beshbalik,k_dzungaria,c_jimsar,aq_chief_1469,nomad_government,R
c_jinghiz,Jinghiz,Saka,d_jinghiz,k_kipchak,c_jinghiz,aq_chief_1470,nomad_government,R
c_jingzhao,Jingzhao,Jingzhao,d_yongxing,k_aq_qin,k_aq_qin,aq_qin,tribal_government,K
c_jingzhou,Jingzhou,Jingzhou,d_jingyuan,k_aq_qin,k_aq_qin,aq_chief_1472,tribal_government,K
c_jingzhou_2,Xiezhou,Xiezhou,d_shimen,k_qianzhong,c_jingzhou_2,aq_chief_1473,tribal_government,K
c_jinju,Jinju,Jinju,d_jinju,k_silla,c_jinju,aq_chief_1474,tribal_government,K
c_jinsko,Jinsko,Saka,d_tarbagatai,k_zhetysu,c_jinsko,aq_chief_1475,nomad_government,R
c_jinzhou,Jinzhou,Jinzhou,d_binning,k_aq_qin,k_aq_qin,aq_chief_1476,tribal_government,K
c_jinzhou_1,Jinzhou,Jinzhou,d_jinshang,k_aq_qin,k_aq_qin,aq_chief_1477,tribal_government,K
c_jiren_suat,Jiran Suat,Saka,d_kentarlau,k_kipchak,c_jiren_suat,aq_chief_1478,nomad_government,R
c_jiruft,Jiruft,Carmania,d_kirman,k_aq_persia_carmania,e_aq_persia,aq_chief_1479,tribal_government,R
c_jitikul,Jitikul,Sauromatia,d_mugodzhar_hills,k_caspian_steppe,c_jitikul,aq_chief_1480,nomad_government,R
c_jiuquan,Suzhou,Suzhou,d_gansu,k_hexi,c_jiuquan,aq_chief_1481,nomad_government,K
c_jiushijiuquan,Jiushijiuquan,Jiushijiuquan,d_sanggan,k_aq_zhao,k_aq_zhao,aq_chief_1482,tribal_government,K
c_jizhou,Jizhou,Jizhou,d_aq040_aq_zhao_chengde,k_aq_zhao,k_aq_zhao,aq_chief_1483,tribal_government,K
c_jizhou_1,Jizhou,Jizhou,d_youzhou,k_aq_yan,k_aq_yan,aq_chief_1484,tribal_government,K
c_jizhou_2,Jizhou,Jizhou,d_xingyuan,k_aq040_shu,k_aq040_shu,aq_chief_1485,tribal_government,K
c_jizhou_3,Jizhou,Jizhou,d_jiangxi,k_aq_chu,k_aq_chu,aq_chief_1486,tribal_government,K
c_jolof,Jolof,Jolof,d_djolof,k_takrur,c_jolof,aq_chief_1487,tribal_government,K
c_jone,Jonê,Jonê,d_gainlho,k_gyalrong,c_jone,aq_chief_1488,tribal_government,K
c_jovvkuj,Jovvkuj,Sápmi,d_guoldat,k_sapmi,c_jovvkuj,aq_chief_1489,tribal_government,R
c_jowol,Jowol,Jowol,d_silla,k_takrur,c_jowol,aq_chief_1490,tribal_government,K
c_jubba,Bardhere,Bardhere,d_west_ajuraan,k_ajuraan,c_jubba,aq_chief_1491,tribal_government,K
c_julevadno,Julevädno,Sápmi,d_vuovdisamieana,k_sapmi,c_julevadno,aq_chief_1492,tribal_government,R
c_julfar,Julfar,Magan,d_oman,k_arabia,c_julfar,aq_chief_1493,tribal_government,R
c_julym,Julym,Julym,d_khakass_hollow,k_khakassia,c_julym,aq_chief_1494,tribal_government,K
c_jumla,Jumla,Khasa,d_khasa,k_himalaya,c_jumla,aq_chief_1495,tribal_government,R
c_junzhou,Junzhou,Junzhou,d_xiangdeng,k_aq_chu,k_aq_chu,aq_chief_1496,tribal_government,K
c_juterbog,Jüterbog,Elbe Lands,d_lausitz,k_sorbia,c_juterbog,aq_chief_1497,tribal_government,R
c_juwain,Juwain,Parthia,d_nishapur,k_aq_persia_khorasan,e_aq_persia,aq_chief_1498,tribal_government,R
c_juwair,Juwair,Damascus,d_damascus,k_aq_persia_syria,e_aq_persia,aq_chief_1499,tribal_government,R
c_juzhou,Juzhou,Juzhou,d_zangke,k_qianzhong,c_juzhou,aq_chief_1500,tribal_government,K
c_kaabu,Kaabu,Kaabu,d_kaabu,k_kaabu,c_kaabu,aq_chief_1501,tribal_government,K
c_kaarta,Kaarta,Kaarta,d_kaniaga,k_ghana,c_kaarta,aq_chief_1502,tribal_government,K
c_kabarasana,Kabarasana,Kabarasana,d_toro,k_guinea,c_kabarasana,aq_chief_1503,tribal_government,K
c_kabtag,Kabtag,Saka,d_naiman_gobi,k_dzungaria,c_kabtag,aq_chief_1504,nomad_government,R
c_kabul,Kabul,Arachosia,d_kabul,k_aq_persia_kabulistan,e_aq_persia,aq_chief_1505,tribal_government,A/R
c_kachu,Kachu,Kachu,d_kulyndy_steppe,k_ob,c_kachu,aq_chief_1506,tribal_government,K
c_kada,Kada,Kada,d_angara,k_angara,c_kada,aq_chief_1507,nomad_government,K
c_kadam,Kadam,Kadam,d_wadai,k_darfur,c_kadam,aq_chief_1508,tribal_government,K
c_kaduna,Kaduna,Kaduna,d_katsina,k_hausaland,c_kaduna,aq_chief_1509,tribal_government,K
c_kaerji,Kaerji,Kaerji,d_gurbantunggut,k_dzungaria,c_kaerji,aq_chief_1510,nomad_government,K
c_kafa,Kafa,Saka,d_atbasar,k_qara_dala,c_kafa,aq_chief_1511,nomad_government,R
c_kaffa,Kaffa,Kaffa,d_kaffa,k_damot,c_kaffa,aq_chief_1512,tribal_government,K
c_kafirkot,Kafirkot,Malli,d_multan,k_punjab,c_kafirkot,aq_chief_1513,tribal_government,R
c_kaga,Kaga,Kaga,d_hokurikudo,k_azuma,c_kaga,aq_chief_1514,tribal_government,K
c_kagar,Kagar,Kagar,d_ngamring,k_tsang,c_kagar,aq_chief_1515,tribal_government,K
c_kagha,Kagha,Kagha,d_kagha,k_kanem,c_kagha,aq_chief_1516,tribal_government,K
c_kai,Kai,Kai,d_tosando,k_azuma,c_kai,aq_chief_1517,tribal_government,K
c_kainar,Kainar,Sauromatia,d_atyrau,k_caspian_steppe,c_kainar,aq_chief_1518,nomad_government,R
c_kainsk,Kainsk,Kainsk,d_lanikaz,k_sibir,c_kainsk,aq_chief_1519,tribal_government,K
c_kainuu,Kainuu,Fenni,d_pohjanmaa,k_finland,c_kainuu,aq_chief_1520,tribal_government,R
c_kairwan,Kairwan,Byzacium,d_kairouan,k_aq_carthage,k_aq_carthage,aq_chief_1521,tribal_government,A/R
c_kaisereia,Kaisereia,Cappadocia,d_charsianon,k_aq_persia_cappadocia,e_aq_persia,aq_chief_1522,tribal_government,R
c_kaiserslautern,Kaiserslautern,Chatti,d_west_franconia,k_east_francia,c_kaiserslautern,aq_chief_1523,tribal_government,R
c_kaizhou,Kaizhou,Kaizhou,d_baqu,k_aq040_ba,k_aq040_ba,aq_chief_1524,tribal_government,K
c_kakheti,Kakheti,Iberia,d_georgia,k_aq_persia_iberia,e_aq_persia,aq_chief_1525,tribal_government,R
c_kakisalmi,Kakisalmi,Fenni,d_karelia,k_finland,c_kakisalmi,aq_chief_1526,tribal_government,R
c_kalabsha,Kalabsha,Kalabsha,d_nobatia,k_aq_kush,k_aq_kush,aq_chief_1527,tribal_government,K
c_kalanjara,Kalanjara,Jejakabhukti,d_jejakabhukti,k_aq_nanda_kosala,e_aq_nanda,aq_chief_1528,tribal_government,R
c_kalat,Kalat,Malli,d_multan,k_punjab,c_kalat,aq_chief_1529,tribal_government,R
c_kalbin,Kalbin,Saka,d_semey,k_kipchak,c_kalbin,aq_chief_1530,nomad_government,R
c_kale,Kale,Kale,d_tagaung,k_pagan,c_kale,aq_chief_1531,tribal_government,K
c_kali_kumaon,Kali Kumaon,Kirata,d_kurmanchal,k_himalaya,c_kali_kumaon,aq_chief_1532,tribal_government,R
c_kalif,Kalif,Sogdiana,d_soghd,k_aq_persia_transoxiana,e_aq_persia,aq_chief_1533,tribal_government,R
c_kalinganagar,Kalinganagar,Kalinga,d_kalinga,k_aq_nanda_orissa,e_aq_nanda,aq_chief_1534,tribal_government,R
c_kaliska,Kalisz,Vistula Lands,d_wielkopolska,k_poland,c_kaliska,aq_chief_1535,tribal_government,R
c_kalliopolis,Kallipolis,Kallipolis,d_aq040_thessalonika_thrace,k_thessalonika,c_kalliopolis,aq_chief_1536,tribal_government,A/R
c_kalos_limen,Güzliev,Taurica,d_crimea,k_pontic_steppe,c_kalos_limen,aq_chief_1537,nomad_government,R
c_kalpi,Kalpi,Kanyakubja,d_kanyakubja,k_aq_nanda_kosala,e_aq_nanda,aq_chief_1538,tribal_government,R
c_kalyani,Kalyani,Kuntala,d_kalyani,k_karnata,c_kalyani,aq_chief_1539,tribal_government,R
c_kamarupanagara,Kamarupanagara,Kamarupanagara,d_kamarupanagara,k_kamarupa,c_kamarupanagara,aq_chief_1540,tribal_government,R
c_kamatapur,Kamatapur,Kamarupanagara,d_kamarupanagara,k_kamarupa,c_kamatapur,aq_chief_1541,tribal_government,R
c_kambampet,Mudigonda,Andhra,d_warangal,k_telingana,c_kambampet,aq_chief_1542,tribal_government,R
c_kammersberg,Kammersberg,Noricum,d_carinthia,k_bavaria,c_kammersberg,aq_chief_1543,tribal_government,R
c_kamru,Kamru,Kamru,d_kinnaur,k_guge,c_kamru,aq_chief_1544,tribal_government,K
c_kanara,Kanara,Konkana,d_konkana,k_maharastra,c_kanara,aq_chief_1545,tribal_government,R
c_kanchipuram,Kanchipuram,Tondai Nadu,d_tondai_nadu,k_tamilakam,c_kanchipuram,aq_chief_1546,tribal_government,R
c_kandy,Malaya,Maya,d_dakhina_desa,k_aq_lanka,k_aq_lanka,aq_chief_1547,tribal_government,R
c_kandygatai,Kandygatai,Saka,d_jinghiz,k_kipchak,c_kandygatai,aq_chief_1548,nomad_government,R
c_kanem,Kanem,Kanem,d_kanem,k_kanem,c_kanem,aq_chief_1549,tribal_government,K
c_kangmar,Kangmar,Kangmar,d_xigaze,k_tsang,c_kangmar,aq_chief_1550,tribal_government,K
c_kangra,Kangra,Madra,d_lahore,k_punjab,c_kangra,aq_chief_1551,tribal_government,R
c_kangzhou,Kangzhou,Kangzhou,d_lingnan,k_lingnan,c_kangzhou,aq_chief_1552,tribal_government,K
c_kaniaga,Kaniaga,Kaniaga,d_kaniaga,k_ghana,c_kaniaga,aq_chief_1553,tribal_government,K
c_kankan,Kankan,Kankan,d_manding,k_mali,c_kankan,aq_chief_1554,tribal_government,K
c_kano,Kano,Kano,d_kano,k_hausaland,c_kano,aq_chief_1555,tribal_government,K
c_kansk,Kankhot,Kankhot,d_yenisei_kan,k_angara,c_kansk,aq_chief_1556,nomad_government,K
c_kantegir,Kantegir,Kantegir,d_western_sayan,k_tuva,c_kantegir,aq_chief_1557,tribal_government,K
c_kanyakubja,Kanyakubja,Kanyakubja,d_kanyakubja,k_aq_nanda_kosala,e_aq_nanda,aq_chief_1558,tribal_government,R
c_kara-mugai,Kara-Mugai,Dahae,d_aral_il,k_oghuz_il,c_kara-mugai,aq_chief_1559,nomad_government,R
c_kara_asirgan,Kara Asirgan,Saka,d_naiman_gobi,k_dzungaria,c_kara_asirgan,aq_chief_1560,nomad_government,R
c_kara_khoja,Kara Khoja,Saka,d_kara_khoja,k_dzungaria,c_kara_khoja,aq_chief_1561,nomad_government,R
c_kara_khol,Kara Khol,Kara Khol,d_katu_yaryk,k_tuva,c_kara_khol,aq_chief_1562,nomad_government,K
c_karabaigal,Karabaigal,Karabaigal,d_bargujin_tukum,k_buryatia,c_karabaigal,aq_chief_1563,nomad_government,K
c_karabalgasun,Karabalgasun,Karabalgasun,d_orkhon,k_otuken,c_karabalgasun,aq_chief_1564,nomad_government,K
c_karabas,Karabas,Saka,d_karabas,k_saryarka,c_karabas,aq_chief_1565,nomad_government,R
c_karabash,Karabash,Uralic Steppe,d_uraltau,k_bashkiria,c_karabash,aq_chief_1566,tribal_government,R
c_karabolam,Karabolam,Sauromatia,d_volga_bulgaria,k_volga_bulgaria,c_karabolam,aq_chief_1567,tribal_government,R
c_karachev,Karachev,Neuri,d_karachev,k_ruthenia,c_karachev,aq_chief_1568,tribal_government,R
c_karahataka,Karahataka,Rattapadi,d_rattapadi,k_maharastra,c_karahataka,aq_chief_1569,tribal_government,R
c_karakorum,Karakorum,Karakorum,d_orkhon,k_otuken,c_karakorum,aq_chief_1570,nomad_government,K
c_karamay,Karamay,Saka,d_tarbagatai,k_zhetysu,c_karamay,aq_chief_1571,nomad_government,R
c_karashar,Karashar,Karasahr,d_karashar,k_khotan,c_karashar,aq_chief_1572,tribal_government,R
c_karasjohka,Kárášjohka,Sápmi,d_duortnoseatnu,k_sapmi,c_karasjohka,aq_chief_1573,tribal_government,R
c_karasu,Karasu,Saka,d_kush-murun,k_qara_dala,c_karasu,aq_chief_1574,nomad_government,R
c_karatayak,Karatayak,Budini,d_voronezh,k_mordvinia,c_karatayak,aq_chief_1575,tribal_government,R
c_karatsagaan,Karatsagaan,Karatsagaan,d_selenga_valley,k_otuken,c_karatsagaan,aq_chief_1576,nomad_government,K
c_karauda,Karauda,Karauda,d_eastern_sayan,k_khakassia,c_karauda,aq_chief_1577,tribal_government,K
c_karbala,Karbala,Babylonia,d_baghdad,k_aq_persia_mesopotamia,e_aq_persia,aq_chief_1578,tribal_government,A/R
c_kargadan,Kargadan,Uralic Lands,d_udmurtia,k_permia,c_kargadan,aq_chief_1579,tribal_government,R
c_karghalik,Karghalik,Khotan,d_khotan,k_khotan,c_karghalik,aq_chief_1580,tribal_government,R
c_kargopol,Kargopol,Fenni,d_chudia,k_bjarmaland,c_kargopol,aq_chief_1581,tribal_government,R
c_karkaraly,Karkaraly,Saka,d_karkaraly,k_saryarka,c_karkaraly,aq_chief_1582,nomad_government,R
c_karmanta,Karmāntā,Vanga,d_vanga,k_aq_nanda_bengal,e_aq_nanda,aq_chief_1583,tribal_government,R
c_karnten,Kärnten,Noricum,d_carinthia,k_bavaria,c_karnten,aq_chief_1584,tribal_government,A/R
c_karor,Karor,Malli,d_multan,k_punjab,c_karor,aq_chief_1585,tribal_government,R
c_karran,Karran,Bactria,d_badakhshan,k_aq_persia_bactria,e_aq_persia,aq_chief_1586,tribal_government,R
c_kartauzh,Kartauzh,Kartauzh,d_konda,k_yugra,c_kartauzh,aq_chief_1587,tribal_government,K
c_kartli,Kartli,Colchis,d_tao-klarjeti,k_georgia,c_kartli,aq_chief_1588,tribal_government,R
c_karur,Karur,Malli,d_multan,k_punjab,c_karur,aq_chief_1589,tribal_government,R
c_kasa,Kasa,Kasa,d_kasa,k_kaabu,c_kasa,aq_chief_1590,tribal_government,K
c_kash,Kash,Saka,d_ili-alatau,k_zhetysu,c_kash,aq_chief_1591,nomad_government,R
c_kashgar,Kashgar,Kashgar,d_kashgar,k_khotan,c_kashgar,aq_chief_1592,tribal_government,R
c_kaska,Kaska,Saka,d_saryarka,k_cuman,c_kaska,aq_chief_1593,nomad_government,R
c_kaskelen,Kaskelen,Saka,d_zhetysu,k_zhetysu,c_kaskelen,aq_chief_1594,nomad_government,R
c_kaski,Kaski,Khasa,d_khasa,k_himalaya,c_kaski,aq_chief_1595,tribal_government,R
c_kasmira,Kasmira,Kasmira,d_kasmira,k_kashmir,c_kasmira,aq_chief_1596,tribal_government,R
c_kassala,Kassala,Kassala,d_baqlin,k_blemmyia,c_kassala,aq_chief_1597,tribal_government,K
c_kassel,Kassel,Chatti,d_hesse,k_east_francia,c_kassel,aq_chief_1598,tribal_government,A/R
c_katagum,Katagum,Katagum,d_kagha,k_kanem,c_katagum,aq_chief_1599,tribal_government,K
c_kataka,Kataka,Tosali,d_tosali,k_aq_nanda_orissa,e_aq_nanda,aq_chief_1600,tribal_government,R
c_katehar,Katehar,Vodamayutja,d_vodamayutja,k_aq_nanda_delhi,e_aq_nanda,aq_chief_1601,tribal_government,R
c_kath,Kath,Chorasmia,d_khorezm,k_transoxiana,c_kath,aq_chief_1602,tribal_government,R
c_kathmandu,Kathmandu,Nepal,d_nepal,k_himalaya,c_kathmandu,aq_chief_1603,tribal_government,R
c_katsina,Katsina,Katsina,d_katsina,k_hausaland,c_katsina,aq_chief_1604,tribal_government,K
c_katu_yaryk,Katu-Yaryk,Katu-Yaryk,d_katu_yaryk,k_tuva,c_katu_yaryk,aq_chief_1605,nomad_government,K
c_katukuru,Katukuru,Andhra,d_warangal,k_telingana,c_katukuru,aq_chief_1606,tribal_government,R
c_kauthara,Kauthara,Kauthara,d_vijaya,k_champa,c_kauthara,aq_chief_1607,tribal_government,K
c_kawachi,Kawachi,Kawachi,d_kinai,k_yamato,c_kawachi,aq_chief_1608,tribal_government,K
c_kayor,Kayor,Kayor,d_djolof,k_takrur,c_kayor,aq_chief_1609,tribal_government,K
c_kazan,Kazan,Sauromatia,d_kazan,k_volga_bulgaria,c_kazan,aq_chief_1610,tribal_government,R
c_kazanskaya,Kazanskaya,Sauromatia,d_don_valley,k_pontic_steppe,c_kazanskaya,aq_chief_1611,nomad_government,R
c_kazanskoye,Solenoye,Solenoye,d_tara,k_sibir,c_kazanskoye,aq_chief_1612,tribal_government,K
c_kazusa,Kazusa,Kazusa,d_east_bando,k_azuma,c_kazusa,aq_chief_1613,tribal_government,K
c_kazym,Kazym,Kazym,d_kazym,k_yugra,c_kazym,aq_chief_1614,tribal_government,K
c_kbumak,Kbumak,Sauromatia,d_aqtobe,k_caspian_steppe,c_kbumak,aq_chief_1615,nomad_government,R
c_kebbi,Kebbi,Kebbi,d_kebbi,k_hausaland,c_kebbi,aq_chief_1616,tribal_government,K
c_keffi,Keffi,Keffi,d_kwararafa,k_igbo-benue,c_keffi,aq_chief_1617,tribal_government,K
c_kempten,Kempten,Cambodunum,d_augsburg,k_bavaria,c_kempten,aq_chief_1618,tribal_government,A/R
c_kent,Kent,Cantiaci,d_canterbury,k_england,c_kent,aq_chief_1619,tribal_government,A/R
c_kepala_burung,Kepala Burung,Kepala Burung,d_papua,k_maluku,c_kepala_burung,aq_chief_1620,tribal_government,K
c_kera,Kera,Kera,d_wandala,k_sao,c_kera,aq_chief_1621,tribal_government,K
c_kerak,Kerak,Moab,d_oultrejourdain,k_aq_persia_jerusalem,e_aq_persia,aq_chief_1622,tribal_government,A/R
c_kerala,Vembanad,Chera Nadu,d_chera_nadu,k_tamilakam,c_kerala,aq_chief_1623,tribal_government,R
c_kerch,Kerch,Pantikapaion,d_aq_bosporus_crimea,k_aq_bosporus,k_aq_bosporus,aq_bosporus,tribal_government,R
c_keriya,Keriya,Khotan,d_khotan,k_khotan,c_keriya,aq_chief_1625,tribal_government,R
c_kerken,Kerken,Uralic Lands,d_ural,k_permia,c_kerken,aq_chief_1626,tribal_government,R
c_kermanshah,Kermanshah,Media,d_kermanshah,k_aq_persia_daylam,e_aq_persia,aq_chief_1627,tribal_government,A/R
c_kernave,Kernave,Aestii,d_lithuanians,k_lithuania,c_kernave,aq_chief_1628,tribal_government,R
c_ketu,Ketu,Ketu,d_ibadan,k_yorubaland,c_ketu,aq_chief_1629,tribal_government,K
c_keve,Keve,Pannonia,d_temes,k_hungary,c_keve,aq_chief_1630,tribal_government,R
c_kevrola,Kevrola,Fenni,d_ustyug,k_bjarmaland,c_kevrola,aq_chief_1631,tribal_government,R
c_keyimen,Wuda,Wuda,d_langshan,k_xia,c_keyimen,aq_chief_1632,nomad_government,K
c_khabur,Khabur,Assyria,d_diyarrabia,k_aq_persia_jazira,e_aq_persia,aq_chief_1633,tribal_government,R
c_khachen,Khachen,Armenia,d_greater_armenia,k_aq_persia_armenia,e_aq_persia,aq_chief_1634,tribal_government,R
c_khanjargalant,Khanjargalant,Khanjargalant,d_orkhon,k_otuken,c_khanjargalant,aq_chief_1635,nomad_government,K
c_khaplu,Khaplu,Khaplu,d_baltiyul,k_maryul,c_khaplu,aq_chief_1636,tribal_government,K
c_khar_us,Khar Us,Khar Us,d_zavkhan,k_naimania,c_khar_us,aq_chief_1637,nomad_government,K
c_kharam-vosh,Kharam-Vosh,Kharam-Vosh,d_konda,k_yugra,c_kharam-vosh,aq_chief_1638,tribal_government,K
c_kharga,Kharga,Oasis Magna,d_al-wahat,k_aq_egypt,k_aq_egypt,aq_chief_1639,tribal_government,A/R
c_khasagt_khairkhan,Khasagt Khairkhan,Khasagt Khairkhan,d_ovorkhangai,k_naimania,c_khasagt_khairkhan,aq_chief_1640,nomad_government,K
c_khawr,Khawr,Gedrosia,d_makran,k_aq_persia_makran,e_aq_persia,aq_chief_1641,tribal_government,R
c_khaybar,Khaybar,Khaybar,d_medina,k_arabia,c_khaybar,aq_chief_1642,tribal_government,A/R
c_khentii,Khentii,Khentii,d_ogrash,k_otuken,c_khentii,aq_chief_1643,nomad_government,K
c_kherson,Ingul,Royal Scythia,d_kizilyedisan,k_pontic_steppe,c_kherson,aq_chief_1644,nomad_government,R
c_khetaka,Khetaka,Gurjara Mandala,d_gurjara_mandala,k_gujarat,c_khetaka,aq_chief_1645,tribal_government,R
c_khijjingakota,Khijjingakota,Tosali,d_tosali,k_aq_nanda_orissa,e_aq_nanda,aq_chief_1646,tribal_government,R
c_khinjali_mandala,Khinjali Mandala,Tosali,d_tosali,k_aq_nanda_orissa,e_aq_nanda,aq_chief_1647,tribal_government,R
c_khiva,Khiva,Chorasmia,d_khorezm,k_transoxiana,c_khiva,aq_chief_1648,tribal_government,R
c_khojand,Khojand,Ferghana,d_ferghana,k_transoxiana,c_khojand,aq_chief_1649,tribal_government,R
c_khokhoo,Khökhöö,Khökhöö,d_selenga_valley,k_otuken,c_khokhoo,aq_chief_1650,nomad_government,K
c_kholmogory,Kholmogory,Fenni,d_biarmia,k_bjarmaland,c_kholmogory,aq_chief_1651,tribal_government,R
c_khopyor,Khopyor,Budini,d_khopyor,k_mordvinia,c_khopyor,aq_chief_1652,tribal_government,R
c_khortytsia,Yilki Su,Royal Scythia,d_red_levedia,k_pontic_steppe,c_khortytsia,aq_chief_1653,nomad_government,R
c_khotan,Khotan,Khotan,d_khotan,k_khotan,c_khotan,aq_chief_1654,tribal_government,R
c_khotang,Khotang,Limbuwan,d_limbuwan,k_himalaya,c_khotang,aq_chief_1655,tribal_government,R
c_khu_bua,Khu Bua,Khu Bua,d_lop_buri,k_dvaravati,c_khu_bua,aq_chief_1656,tribal_government,K
c_khumar,Khumar,Maeotis,d_azov,k_caucasus,c_khumar,aq_chief_1657,nomad_government,R
c_khurnak,Khurnak,Khurnak,d_aksai_chin,k_maryul,c_khurnak,aq_chief_1658,tribal_government,K
c_khursa,Khursa,Budini,d_voronezh,k_mordvinia,c_khursa,aq_chief_1659,tribal_government,R
c_khuttal,Khuttal,Bactria,d_khuttal,k_aq_persia_bactria,e_aq_persia,aq_chief_1660,tribal_government,R
c_khuwar,Khuwar,Media,d_rayy,k_aq_persia_daylam,e_aq_persia,aq_chief_1661,tribal_government,R
c_kiev,Kyiv,Scythia,d_kiev,k_ruthenia,c_kiev,aq_chief_1662,tribal_government,R
c_kii,Kii,Kii,d_nankaido,k_yamato,c_kii,aq_chief_1663,tribal_government,K
c_kiia,Kiia,Kiia,d_ala_tau,k_ob,c_kiia,aq_chief_1664,tribal_government,K
c_kilimanjaro,Kilimanjaro,Kilimanjaro,d_bonde_la_ufa,k_zanj,c_kilimanjaro,aq_chief_1665,tribal_government,K
c_kinda,Kinda,Geats,d_ostergotland,k_sweden,c_kinda,aq_chief_1666,tribal_government,R
c_kinda_sakun,Kinda Sakun,Qataban,d_hadramawt,k_aq040_hadramaut,k_aq040_hadramaut,aq_chief_1667,tribal_government,A/R
c_kingui,Kingui,Kingui,d_diafunu,k_ghana,c_kingui,aq_chief_1668,tribal_government,K
c_kintus,Kintuš,Sápmi,d_guoldat,k_sapmi,c_kintus,aq_chief_1669,tribal_government,R
c_kiranapura,Kiranapura,Daksina Kosala,d_daksina_kosala,k_aq_nanda_orissa,e_aq_nanda,aq_chief_1670,tribal_government,R
c_kirillov,Kirillov,Fenni,d_chudia,k_bjarmaland,c_kirillov,aq_chief_1671,tribal_government,R
c_kirinyaga,Kirinyaga,Kirinyaga,d_bonde_la_ufa,k_zanj,c_kirinyaga,aq_chief_1672,tribal_government,K
c_kirkuk,Kirkuk,Arrapha,d_samarra,k_aq_persia_mesopotamia,e_aq_persia,aq_chief_1673,tribal_government,A/R
c_kirman,Kirman,Carmania,d_kirman,k_aq_persia_carmania,e_aq_persia,aq_chief_1674,tribal_government,A/R
c_kishsh,Kishsh,Sogdiana,d_soghd,k_aq_persia_transoxiana,e_aq_persia,aq_chief_1675,tribal_government,R
c_kisi,Kisi,Kisi,d_loma,k_mali,c_kisi,aq_chief_1676,tribal_government,K
c_kita,Kita,Kita,d_kaniaga,k_ghana,c_kita,aq_chief_1677,tribal_government,K
c_kitka,Kitka,Sápmi,d_giemajohka,k_sapmi,c_kitka,aq_chief_1678,tribal_government,R
c_kitoi,Kitoï,Kitoï,d_angara,k_angara,c_kitoi,aq_chief_1679,nomad_government,K
c_kittila,Kittila,Sápmi,d_vuovdisamieana,k_sapmi,c_kittila,aq_chief_1680,tribal_government,R
c_kiz,Kiz,Gedrosia,d_makran,k_aq_persia_makran,e_aq_persia,aq_chief_1681,tribal_government,R
c_kizir,Kizir,Kizir,d_blue_khakassia,k_khakassia,c_kizir,aq_chief_1682,tribal_government,K
c_klarjeti,Klarjeti,Colchis,d_tao-klarjeti,k_georgia,c_klarjeti,aq_chief_1683,tribal_government,R
c_kletsk,Kletsk,Neuri,d_pinsk,k_white_rus,c_kletsk,aq_chief_1684,tribal_government,R
c_klingenberg,Klingenberg,Chatti,d_west_franconia,k_east_francia,c_klingenberg,aq_chief_1685,tribal_government,R
c_knin,Knin,Liburnia,d_dalmatia,k_croatia,c_knin,aq_chief_1686,tribal_government,A/R
c_knittelfeld,Knittelfeld,Noricum,d_carinthia,k_bavaria,c_knittelfeld,aq_chief_1687,tribal_government,R
c_koblenz,Koblenz,Confluentes,d_lower_lorraine,k_lotharingia,c_koblenz,aq_chief_1688,tribal_government,A/R
c_koda,Koda,Koda,d_kazym,k_yugra,c_koda,aq_chief_1689,tribal_government,K
c_kodalaka_mandala,Kodalaka Mandala,Tosali,d_tosali,k_aq_nanda_orissa,e_aq_nanda,aq_chief_1690,tribal_government,R
c_koh_ker,Koh Ker,Koh Ker,d_angkor,k_funan,c_koh_ker,aq_chief_1691,tribal_government,K
c_koi-bagar,Koi-Bagar,Saka,d_kentarlau,k_kipchak,c_koi-bagar,aq_chief_1692,nomad_government,R
c_kojuk,Kojuk,Kojuk,d_ala_tau,k_ob,c_kojuk,aq_chief_1693,tribal_government,K
c_kokenois,Kokenois,Latgalians,d_latgalians,k_lithuania,c_kokenois,aq_chief_1694,tribal_government,R
c_kokoli,Kokoli,Kokoli,d_futa_jalon,k_mali,c_kokoli,aq_chief_1695,tribal_government,K
c_kokpekty,Kokpekty,Saka,d_alakol,k_zhetysu,c_kokpekty,aq_chief_1696,nomad_government,R
c_koksemey,Koksemey,Saka,d_semey,k_kipchak,c_koksemey,aq_chief_1697,nomad_government,R
c_kol,Kol,Mathura,d_mathura,k_aq_nanda_delhi,e_aq_nanda,aq_chief_1698,tribal_government,R
c_kolhapur,Kolhapur,Rattapadi,d_rattapadi,k_maharastra,c_kolhapur,aq_chief_1699,tribal_government,R
c_kolobrzeg,Wolin,Venedi,d_pommerania,k_pomerania,c_kolobrzeg,aq_chief_1700,tribal_government,R
c_kolon,Kolon,Pannonia,d_somogy,k_hungary,c_kolon,aq_chief_1701,tribal_government,R
c_kolyn,Kolyn,Uralic Lands,d_udmurtia,k_permia,c_kolyn,aq_chief_1702,tribal_government,R
c_kolyvan,Kolyvan,Kolyvan,d_baraba_steppe,k_ob,c_kolyvan,aq_chief_1703,tribal_government,K
c_komarom,Komárom,Pannonia,d_visegrad,k_hungary,c_komarom,aq_chief_1704,tribal_government,R
c_konda_ob,Konda,Konda,d_baraba_steppe,k_ob,c_konda_ob,aq_chief_1705,tribal_government,K
c_kondana,Kondana,Nasikya,d_nasikya,k_maharastra,c_kondana,aq_chief_1706,tribal_government,R
c_kondoma,Kondoma,Kondoma,d_aley,k_ob,c_kondoma,aq_chief_1707,tribal_government,K
c_kong,Kong,Kong,d_kong,k_kong,c_kong,aq_chief_1708,tribal_government,K
c_kongu,Kongu,Pandya Nadu,d_pandya_nadu,k_tamilakam,c_kongu,aq_chief_1709,tribal_government,R
c_konigsberg,Sambia,Aestii,d_prussia,k_lithuania,c_konigsberg,aq_chief_1710,tribal_government,R
c_konko,Konko,Konko,d_bambuk,k_mali,c_konko,aq_chief_1711,tribal_government,K
c_kono,Kono,Kono,d_kono,k_guinea,c_kono,aq_chief_1712,tribal_government,K
c_kontupohja,Kontupohja,Fenni,d_karelia,k_finland,c_kontupohja,aq_chief_1713,tribal_government,R
c_konyan,Konyan,Konyan,d_toro,k_guinea,c_konyan,aq_chief_1714,tribal_government,K
c_kopathal,Kopathal,Saka,d_zhetysu,k_zhetysu,c_kopathal,aq_chief_1715,nomad_government,R
c_koppam,Koppam,Raichur Doab,d_raichur_doab,k_karnata,c_koppam,aq_chief_1716,tribal_government,R
c_kordofan,Kordofan,Kordofan,d_kordofan,k_darfur,c_kordofan,aq_chief_1717,tribal_government,K
c_korehari,Korehari,Korehari,d_hitakami,k_hitakami,c_korehari,aq_chief_1718,tribal_government,K
c_korgon,Korgon,Korgon,d_aley,k_ob,c_korgon,aq_chief_1719,tribal_government,K
c_korinthos,Korinthos,Korinthos,d_aq_tribe_achaia_achaia,k_hellas,c_korinthos,aq_chief_1720,tribal_government,A/R
c_korosten,Korosten,Neuri,d_turov,k_ruthenia,c_korosten,aq_chief_1721,tribal_government,R
c_korsun,Korsun,Scythia,d_kiev,k_ruthenia,c_korsun,aq_chief_1722,tribal_government,R
c_kos-buwak,Kos-Buwak,Dahae,d_jemba,k_oghuz_il,c_kos-buwak,aq_chief_1723,nomad_government,R
c_kos_uba,Kos Uba,Sauromatia,d_mugodzhar_hills,k_caspian_steppe,c_kos_uba,aq_chief_1724,nomad_government,R
c_kosh_kurbay,Kosh Kurbay,Sauromatia,d_mugodzhar_hills,k_caspian_steppe,c_kosh_kurbay,aq_chief_1725,nomad_government,R
c_koshuki,Koshuki,Koshuki,d_pelym,k_yugra,c_koshuki,aq_chief_1726,tribal_government,K
c_kostanay,Kostanay,Saka,d_kurgan,k_qara_dala,c_kostanay,aq_chief_1727,nomad_government,R
c_kota,Kota,Medapata,d_medapata,k_rajputana,c_kota,aq_chief_1728,tribal_government,R
c_kotera,Kotera,Kotera,d_bargujin_tukum,k_buryatia,c_kotera,aq_chief_1729,nomad_government,K
c_kotivarsa,Kotivarsa,Gauda,d_gauda,k_aq_nanda_bengal,e_aq_nanda,aq_chief_1730,tribal_government,R
c_kotokel,Kotokel,Kotokel,d_dauria,k_buryatia,c_kotokel,aq_chief_1731,nomad_government,K
c_kotoko,Kotoko,Kotoko,d_wandala,k_sao,c_kotoko,aq_chief_1732,tribal_government,K
c_kotte,Pacinadesa,Rajarata,d_sinhala,k_aq_lanka,k_aq_lanka,aq_chief_1733,tribal_government,R
c_kouga,Kouga,Kouga,d_mema,k_ghana,c_kouga,aq_chief_1734,tribal_government,K
c_koutajoki,Koutajoki,Sápmi,d_giemajohka,k_sapmi,c_koutajoki,aq_chief_1735,tribal_government,R
c_kozelsk,Kozelsk,Neuri,d_karachev,k_ruthenia,c_kozelsk,aq_chief_1736,tribal_government,R
c_kozlov,Kozlov,Budini,d_saran,k_mordvinia,c_kozlov,aq_chief_1737,tribal_government,R
c_kozuke,Kōzuke,Kōzuke,d_west_bando,k_azuma,c_kozuke,aq_chief_1738,tribal_government,K
c_kracheh_nokor,Kracheh Nokor,Kracheh Nokor,d_vyadhapura,k_funan,c_kracheh_nokor,aq_chief_1739,tribal_government,K
c_krajna,Krajna,Vistula Lands,d_wielkopolska,k_poland,c_krajna,aq_chief_1740,tribal_government,R
c_krakowska,Kraków,Vistula Lands,d_lesser_poland,k_poland,c_krakowska,aq_chief_1741,tribal_government,R
c_kran,Kran,Odrysia,d_aq040_aq040_central_thrace_philippopolis,k_aq040_central_thrace,k_aq040_central_thrace,aq_chief_1742,tribal_government,R
c_kranj,Kranj,Carni,d_krain,k_bavaria,c_kranj,aq_chief_1743,tribal_government,A/R
c_krasnoyarsk,Kyzyl Char,Kyzyl Char,d_yenisei_kan,k_angara,c_krasnoyarsk,aq_chief_1744,nomad_government,K
c_krasso,Krassó,Pannonia,d_temes,k_hungary,c_krasso,aq_chief_1745,tribal_government,R
c_krems,Krems,Noricum,d_osterreich,k_bavaria,c_krems,aq_chief_1746,tribal_government,A/R
c_kropot,Kropot,Kropot,d_eastern_sayan,k_khakassia,c_kropot,aq_chief_1747,tribal_government,K
c_kru,Kru,Kru,d_kru,k_guinea,c_kru,aq_chief_1748,tribal_government,K
c_ku_jeku,Ku Jeku,Saka,d_karabas,k_saryarka,c_ku_jeku,aq_chief_1749,nomad_government,R
c_ku_kaeo,Ku Kaeo,Ku Kaeo,d_mukdahan,k_chenla,c_ku_kaeo,aq_chief_1750,tribal_government,K
c_kucha,Kucha,Karasahr,d_karashar,k_khotan,c_kucha,aq_chief_1751,tribal_government,R
c_kuchuk,Kuchuk,Kuchuk,d_kulyndy_steppe,k_ob,c_kuchuk,aq_chief_1752,tribal_government,K
c_kufa,Kufa,Babylonia,d_kufa,k_aq_persia_mesopotamia,e_aq_persia,aq_chief_1753,tribal_government,A/R
c_kuisugu,Kuisugu,Kuisugu,d_mamprusi,k_gur,c_kuisugu,aq_chief_1754,tribal_government,K
c_kuizhou,Kuizhou,Kuizhou,d_kuizhong,k_aq040_ba,k_aq040_ba,aq_chief_1755,tribal_government,K
c_kujawy,Kujawy,Vistula Lands,d_kuyavia,k_poland,c_kujawy,aq_chief_1756,tribal_government,R
c_kukiya,Kukiya,Kukiya,d_kawkaw,k_songhay,c_kukiya,aq_chief_1757,tribal_government,K
c_kuku,Kuku,Kuku,d_baguirmi,k_sao,c_kuku,aq_chief_1758,tribal_government,K
c_kulan_utmas,Kulan Utmas,Saka,d_tokumbay,k_saryarka,c_kulan_utmas,aq_chief_1759,nomad_government,R
c_kulan_uynak,Kulan-Uynak,Saka,d_kentarlau,k_kipchak,c_kulan_uynak,aq_chief_1760,nomad_government,R
c_kulunda,Kulunda,Kulunda,d_kulyndy_steppe,k_ob,c_kulunda,aq_chief_1761,tribal_government,K
c_kumaon,Kumaon,Kirata,d_kurmanchal,k_himalaya,c_kumaon,aq_chief_1762,tribal_government,R
c_kumasi,Kumasi,Kumasi,d_ashanti,k_akan,c_kumasi,aq_chief_1763,tribal_government,K
c_kumertau,Kumertau,Sauromatia,d_bugurslan,k_volga_bulgaria,c_kumertau,aq_chief_1764,tribal_government,R
c_kumkol,Kumkol,Kumkol,d_nagormo,k_amdo,c_kumkol,aq_chief_1765,tribal_government,K
c_kumtag,Kumtag,Loulan,d_loulan,k_khotan,c_kumtag,aq_chief_1766,tribal_government,R
c_kumych,Kumych,Uralic Lands,d_perm,k_permia,c_kumych,aq_chief_1767,tribal_government,R
c_kundina,Kundina,Sutiya,d_sutiya,k_kamarupa,c_kundina,aq_chief_1768,tribal_government,R
c_kuozhou,Kuozhou,Kuozhou,d_longyou,k_hexi,c_kuozhou,aq_chief_1769,tribal_government,K
c_kuranko,Kuranko,Kuranko,d_loma,k_mali,c_kuranko,aq_chief_1770,tribal_government,K
c_kurdar,Kurdar,Chorasmia,d_khorezm,k_transoxiana,c_kurdar,aq_chief_1771,tribal_government,R
c_kurdistan,Kurdistan,Corduene,d_kurdistan,k_aq_persia_jazira,e_aq_persia,aq_chief_1772,tribal_government,R
c_kurgan,Kurgan,Saka,d_kurgan,k_qara_dala,c_kurgan,aq_chief_1773,nomad_government,R
c_kurgus,Kurgus,Kurgus,d_shamir,k_aq_kush,k_aq_kush,aq_chief_1774,tribal_government,K
c_kurmaed,Kurmaed,Kurmaed,d_bumthang,k_lhomon,c_kurmaed,aq_chief_1775,tribal_government,K
c_kurmina,Kurmina,Kurmina,d_jenne,k_jenne,c_kurmina,aq_chief_1776,tribal_government,K
c_kursk,Kursk,Neuri,d_chernigov,k_ruthenia,c_kursk,aq_chief_1777,tribal_government,R
c_kurtysh,Kurtysh,Chorasmia,d_uzboy,k_transoxiana,c_kurtysh,aq_chief_1778,nomad_government,R
c_kurumba,Kurumba,Kurumba,d_upper_gurma,k_gurma,c_kurumba,aq_chief_1779,tribal_government,K
c_kush-murun,Kush-Murun,Saka,d_kush-murun,k_qara_dala,c_kush-murun,aq_chief_1780,nomad_government,R
c_kusinagara,Kusinagara,Tirabhukti,d_tirabhukti,k_aq_nanda,e_aq_nanda,aq_chief_1781,tribal_government,R
c_kusumi,Kusumi,Kusumi,d_ramannadesa,k_pagan,c_kusumi,aq_chief_1782,tribal_government,K
c_kusunkotan,Kusunkotan,Kusunkotan,d_sahaliyan,k_aynumosir,c_kusunkotan,aq_chief_1783,tribal_government,K
c_kutch,Kutch,Anartta,d_anartta,k_gujarat,c_kutch,aq_chief_1784,tribal_government,R
c_kuzbas,Kuzbas,Kuzbas,d_shoria,k_khakassia,c_kuzbas,aq_chief_1785,tribal_government,K
c_kuzeytorg,Kuzeyrtorg,Tanais,d_tana,k_pontic_steppe,c_kuzeytorg,aq_chief_1786,nomad_government,R
c_kwahu-akyem,Kwahu-Akyem,Kwahu-Akyem,d_ashanti,k_akan,c_kwahu-akyem,aq_chief_1787,tribal_government,K
c_kwararafa,Kwararafa,Kwararafa,d_kwararafa,k_igbo-benue,c_kwararafa,aq_chief_1788,tribal_government,K
c_kyadya,Kyadya,Kyadya,d_nupe,k_igbo-benue,c_kyadya,aq_chief_1789,tribal_government,K
c_kyakyaru,Kyakyaru,Kyakyaru,d_sagya,k_tsang,c_kyakyaru,aq_chief_1790,tribal_government,K
c_kyaukse,Kyaukse,Kyaukse,d_pagan,k_pagan,c_kyaukse,aq_chief_1791,tribal_government,K
c_kyin,Kyin,Kyin,d_salair,k_ob,c_kyin,aq_chief_1792,tribal_government,K
c_kymyl_tey,Kymyl'Tey,Kymyl'Tey,d_angara,k_angara,c_kymyl_tey,aq_chief_1793,nomad_government,K
c_kyunglung,Kyunglung,Kyunglung,d_ngari,k_guge,c_kyunglung,aq_chief_1794,tribal_government,K
c_kyzistra,Kyzistra,Cappadocia,d_charsianon,k_aq_persia_cappadocia,e_aq_persia,aq_chief_1795,tribal_government,R
c_kyzylkul,Kyzylkul,Kyzylkul,d_blue_khakassia,k_khakassia,c_kyzylkul,aq_chief_1796,tribal_government,K
c_la_marche,La Marche,Bituriges,d_bourbon,k_france,c_la_marche,aq_chief_1797,tribal_government,R
c_labda,Labda,Leptis Magna,d_syrte,k_aq_carthage,k_aq_carthage,aq_chief_1798,tribal_government,A/R
c_labourd,Labourd,Aquitania,d_gascogne,k_france,c_labourd,aq_chief_1799,tribal_government,A/R
c_lachyk-uba,Lachyk-Uba,Budini,d_mordvinia,k_mordvinia,c_lachyk-uba,aq_chief_1800,tribal_government,R
c_laconia,Laconia,Laconia,d_achaia,k_aq_sparta,k_aq_sparta,aq_sparta,tribal_government,A/R
c_ladyzyn,Ladyzyn,Royal Scythia,d_yedisan,k_pontic_steppe,c_ladyzyn,aq_chief_1802,nomad_government,R
c_lag_dera,Lag Dera,Lag Dera,d_samalo,k_bale,c_lag_dera,aq_chief_1803,tribal_government,K
c_laghwat,Laghwat,Gaetulia,d_mzab,k_tahert,c_laghwat,aq_chief_1804,tribal_government,R
c_lahur,Lahur,Madra,d_lahore,k_punjab,c_lahur,aq_chief_1805,tribal_government,R
c_laia,Laia,Laia,d_ostyaki,k_yugra,c_laia,aq_chief_1806,tribal_government,K
c_laizhou,Laizhou,Laizhou,d_ziqing,k_aq_qi,k_aq_qi,aq_chief_1807,tribal_government,K
c_lakhnau,Lakhnau,Kanyakubja,d_kanyakubja,k_aq_nanda_kosala,e_aq_nanda,aq_chief_1808,tribal_government,R
c_laksmanavati,Laksmanāvati,Gauda,d_gauda,k_aq_nanda_bengal,e_aq_nanda,aq_chief_1809,tribal_government,R
c_lam_tay,Lam Tay,Lam Tay,d_lam_tay,k_viet,c_lam_tay,aq_chief_1810,tribal_government,K
c_lampang,Lampang,Lampang,d_sukhothai,k_dvaravati,c_lampang,aq_chief_1811,tribal_government,K
c_lamu,Lamu,Lamu,d_pate,k_zanj,c_lamu,aq_chief_1812,tribal_government,K
c_lanarkshire,Lanarkshire,Votadini,d_lothian,k_scotland,c_lanarkshire,aq_chief_1813,tribal_government,R
c_lancashire,Lancashire,Brigantes,d_lancaster,k_england,c_lancashire,aq_chief_1814,tribal_government,A/R
c_lanciano,Lanciano,Umbria,d_spoleto,k_romagna,c_lanciano,aq_chief_1815,tribal_government,R
c_landsberg,Santok,Venedi,d_pommerania,k_pomerania,c_landsberg,aq_chief_1816,tribal_government,R
c_langres,Langres,Lingones,d_burgundy,k_france,c_langres,aq_chief_1817,tribal_government,A/R
c_langshan,Wuluhai,Wuluhai,d_langshan,k_xia,c_langshan,aq_chief_1818,nomad_government,K
c_langya,Yizhou,Yizhou,d_aq040_aq_qi_yanhai,k_aq_qi,k_aq_qi,aq_chief_1819,tribal_government,K
c_langzhou,Langzhou,Langzhou,d_jingnan,k_aq_chu,k_aq_chu,aq_chief_1820,tribal_government,K
c_langzhou_1,Langzhou,Langzhou,d_lilang,k_xingyuan,c_langzhou_1,aq_chief_1821,tribal_government,K
c_lanzhou,Lanzhou,Lanzhou,d_hedong,k_aq_zhao,k_aq_zhao,aq_chief_1822,tribal_government,K
c_lanzhou_1,Lanzhou,Lanzhou,d_longyou,k_hexi,c_lanzhou_1,aq_chief_1823,tribal_government,K
c_lapusna,Lăpușna,Getia,d_bugeac,k_moldavia,c_lapusna,aq_chief_1824,tribal_government,R
c_lar,Lar,Persis,d_fars,k_aq_persia_persia,e_aq_persia,aq_chief_1825,tribal_government,R
c_lasta,Lasta,Lasta,d_lasta,k_abyssinia,c_lasta,aq_chief_1826,tribal_government,K
c_lecce,Lecce,Messapians,d_apulia,k_sicily,c_lecce,aq_chief_1827,tribal_government,A/R
c_leczycka,Łęczyca,Vistula Lands,d_kuyavia,k_poland,c_leczycka,aq_chief_1828,tribal_government,R
c_legnica,Legnica,Lugian Lands,d_lower_silesia,k_poland,c_legnica,aq_chief_1829,tribal_government,R
c_leh,Leh,Leh,d_ladakh,k_maryul,c_leh,aq_chief_1830,tribal_government,K
c_leicestershire,Leicestershire,Corieltauvi,d_hereford,k_england,c_leicestershire,aq_chief_1831,tribal_government,A/R
c_leinster,Leinster,Laigin,d_leinster,k_ireland,c_leinster,aq_chief_1832,tribal_government,A/R
c_leizhou,Leizhou,Leizhou,d_gaoliang,k_lingnan,c_leizhou,aq_chief_1833,tribal_government,K
c_lena,Eülge,Eülge,d_lena,k_angara,c_lena,aq_chief_1834,nomad_government,K
c_lenggu,Lenggu,Lenggu,d_litang,k_kham,c_lenggu,aq_chief_1835,tribal_government,K
c_lenghu,Lenghu,Lenghu,d_nagormo,k_amdo,c_lenghu,aq_chief_1836,tribal_government,K
c_lennox,Lennox,Damnonii,d_galloway,k_scotland,c_lennox,aq_chief_1837,tribal_government,R
c_leon,Leon,Astures,d_leon,k_leon,c_leon,aq_chief_1838,tribal_government,A/R
c_lepsink,Lepsink,Saka,d_alakol,k_zhetysu,c_lepsink,aq_chief_1839,nomad_government,R
c_leraba,Leraba,Leraba,d_kong,k_kong,c_leraba,aq_chief_1840,tribal_government,K
c_lesbos,Lesbos,Lesbos,d_aegean_islands,k_thessalonika,c_lesbos,aq_chief_1841,tribal_government,A/R
c_leuchtenburg,Leuchtenburg,Naristi,d_nordgau,k_bavaria,c_leuchtenburg,aq_chief_1842,tribal_government,R
c_lhagang,Lhagang,Lhagang,d_chakla,k_gyalrong,c_lhagang,aq_chief_1843,tribal_government,K
c_lhari,Lhari,Lhari,d_nagchu,k_u,c_lhari,aq_chief_1844,tribal_government,K
c_lhasa,Lhasa,Lhasa,d_lhasa,k_u,c_lhasa,aq_chief_1845,tribal_government,K
c_lhatok,Lhatok,Lhatok,d_lhatok,k_kham,c_lhatok,aq_chief_1846,tribal_government,K
c_lhunze,Lhünzê,Lhünzê,d_monyul,k_lhomon,c_lhunze,aq_chief_1847,tribal_government,K
c_lhunzhub,Lhünzhub,Lhünzhub,d_lhasa,k_u,c_lhunzhub,aq_chief_1848,tribal_government,K
c_liangzhou,Liangzhou,Liangzhou,d_hexi,k_hexi,c_liangzhou,aq_chief_1849,tribal_government,K
c_lianzhou,Lianzhou,Lianzhou,d_hunan,k_aq_chu,k_aq_chu,aq_chief_1850,tribal_government,K
c_lianzhou_1,Lianzhou,Lianzhou,d_rongguan,k_lingxi,c_lianzhou_1,aq_chief_1851,tribal_government,K
c_liao_fengzhou,Fengzhou,Fengzhou,d_LIAO_zhongjing,k_raole,c_liao_fengzhou,aq_chief_1852,tribal_government,K
c_liaoquan,Liaoquan,Liaoquan,d_gansu,k_hexi,c_liaoquan,aq_chief_1853,nomad_government,K
c_liaozhou,Yizhou,Yizhou,d_hedong,k_aq_zhao,k_aq_zhao,aq_chief_1854,tribal_government,K
c_lidong,Lidong,Lidong,d_qiongguan,k_lingnan,c_lidong,aq_chief_1855,tribal_government,K
c_liebnitz,Leibnitz,Noricum,d_steyermark,k_bavaria,c_liebnitz,aq_chief_1856,tribal_government,R
c_liege,Liege,Eburones,d_luxembourg,k_lotharingia,c_liege,aq_chief_1857,tribal_government,A/R
c_lienz,Lienz,Noricum,d_tyrol,k_bavaria,c_lienz,aq_chief_1858,tribal_government,A/R
c_lika,Lika,Illyria,d_croatia,k_croatia,c_lika,aq_chief_1859,tribal_government,R
c_lille,Lille,Menapii,d_flanders,k_france,c_lille,aq_chief_1860,tribal_government,A/R
c_limousin,Limousin,Lemovices,d_aquitaine,k_france,c_limousin,aq_chief_1861,tribal_government,A/R
c_lincolnshire,Lincolnshire,Corieltauvi,d_york,k_england,c_lincolnshire,aq_chief_1862,tribal_government,A/R
c_lingtsang,Lingtsang,Lingtsang,d_lingtsang,k_kham,c_lingtsang,aq_chief_1863,tribal_government,K
c_lingxi,Xizhou,Xizhou,d_wuxi,k_kuizhou,c_lingxi,aq_chief_1864,tribal_government,K
c_lingzhou,Lingzhou,Lingzhou,d_shuofang,k_xia,c_lingzhou,aq_chief_1865,nomad_government,K
c_lingzhou_1,Lingzhou,Lingzhou,d_xichuan,k_aq040_shu,k_aq040_shu,aq_chief_1866,tribal_government,K
c_linjiang,Linjiang,Linjiang,d_jiangxi,k_aq_chu,k_aq_chu,aq_chief_1867,tribal_government,K
c_linlithgowshire,Linlithgowshire,Votadini,d_lothian,k_scotland,c_linlithgowshire,aq_chief_1868,tribal_government,R
c_linz,Linz,Noricum,d_salzburg,k_bavaria,c_linz,aq_chief_1869,tribal_government,A/R
c_linzhou,Linzhou,Linzhou,d_xinan,k_daibei,c_linzhou,aq_chief_1870,tribal_government,K
c_lippe,Lippe,Cherusci,d_angria,k_saxony,c_lippe,aq_chief_1871,tribal_government,R
c_lipto,Liptov,Boii,d_nyitra,k_hungary,c_lipto,aq_chief_1872,tribal_government,R
c_lisboa,Lisboa,Olisipo,d_beja,k_badajoz,c_lisboa,aq_chief_1873,tribal_government,A/R
c_lisieux,Lisieux,Lexovii,d_normandy,k_france,c_lisieux,aq_chief_1874,tribal_government,A/R
c_litang,Litang,Litang,d_litang,k_kham,c_litang,aq_chief_1875,tribal_government,K
c_litomerice,Litoměřice,Boii,d_bohemia,k_bohemia,c_litomerice,aq_chief_1876,tribal_government,R
c_liuzhou,Liuzhou,Liuzhou,d_guiguan,k_lingxi,c_liuzhou,aq_chief_1877,tribal_government,K
c_livs,Sakala,Livonians,d_livonia,k_esthonia,c_livs,aq_chief_1878,tribal_government,R
c_liyang,Hezhou,Hezhou,d_jingnan,k_aq_chu,k_aq_chu,aq_chief_1879,tribal_government,K
c_liyang_2,Liyang,Liyang,d_huaixi,k_aq_chu,k_aq_chu,aq_chief_1880,tribal_government,K
c_lizhou_2,Lizhou,Lizhou,d_lilang,k_xingyuan,c_lizhou_2,aq_chief_1881,tribal_government,K
c_ljubljana,Leibach,Emona Region,d_krain,k_bavaria,c_ljubljana,aq_chief_1882,tribal_government,A/R
c_lleida,Lleida,Laietania,d_barcelona,k_aragon,c_lleida,aq_chief_1883,tribal_government,R
c_lnj_liaoxi,Liaoxi,Liaoxi,d_liaoxi,k_raole,c_lnj_liaoxi,aq_chief_1884,tribal_government,K
c_lnj_liaoxibei,Liaoxibei,Liaoxibei,d_liaoxi,k_raole,c_lnj_liaoxibei,aq_chief_1885,tribal_government,K
c_lobdaburg,Lobdaburg,Hermunduri,d_thuringia,k_east_francia,c_lobdaburg,aq_chief_1886,tribal_government,R
c_lobi,Lobi,Lobi,d_lobi,k_kong,c_lobi,aq_chief_1887,tribal_government,K
c_lobo,Lobo,Lobo,d_kru,k_guinea,c_lobo,aq_chief_1888,tribal_government,K
c_logudoro,Logudoro,Sardinian Tribes,d_aq040_sardinia_sardinia,k_sardinia,c_logudoro,aq_chief_1889,tribal_government,A/R
c_lolland_falster,Lolland-Falster,Danish Isles,d_sjaelland,k_denmark,c_lolland_falster,aq_chief_1890,tribal_government,R
c_lombardia,Lombardia,Insubres,d_lombardia,k_italy,c_lombardia,aq_chief_1891,tribal_government,A/R
c_lomzynska,Łomża,Vistula Lands,d_mazovia,k_poland,c_lomzynska,aq_chief_1892,tribal_government,R
c_long_hung,Long Hung,Long Hung,d_thang_long,k_viet,c_long_hung,aq_chief_1893,tribal_government,K
c_longde,Luzhou,Luzhou,d_zelu,k_aq_han,k_aq_han,aq_chief_1894,tribal_government,K
c_longzhou,Longzhou,Longzhou,d_dongchuan,k_aq040_shu,k_aq040_shu,aq_chief_1895,tribal_government,K
c_longzhou_2,Longzhou,Longzhou,d_fengxiang,k_aq_qin,k_aq_qin,aq_chief_1896,tribal_government,K
c_lop_buri,Lop Buri,Lop Buri,d_lop_buri,k_dvaravati,c_lop_buri,aq_chief_1897,tribal_government,K
c_lori,Lori,Iberia,d_georgia,k_aq_persia_iberia,e_aq_persia,aq_chief_1898,tribal_government,R
c_loropeni,Loropeni,Loropeni,d_lobi,k_kong,c_loropeni,aq_chief_1899,tribal_government,K
c_lothian,Lothian,Votadini,d_lothian,k_scotland,c_lothian,aq_chief_1900,tribal_government,A/R
c_loulan,Loulan,Loulan,d_loulan,k_khotan,c_loulan,aq_chief_1901,tribal_government,R
c_lower_dniepr,Lower Dniepr,Royal Scythia,d_kizilyedisan,k_pontic_steppe,c_lower_dniepr,aq_chief_1902,nomad_government,R
c_lower_galatia,Lower Galatia,Cappadocia,d_cappadocia,k_aq_persia_cappadocia,e_aq_persia,aq_chief_1903,tribal_government,R
c_lozova,Lozova,Royal Scythia,d_levedia,k_pontic_steppe,c_lozova,aq_chief_1904,nomad_government,R
c_luang_prabang,Muang Sua,Muang Sua,d_muang_sua,k_dvaravati,c_luang_prabang,aq_chief_1905,tribal_government,K
c_lubeck,Lübeck,Cimbri,d_holstein,k_saxony,c_lubeck,aq_chief_1906,tribal_government,R
c_lubelska,Lublin,Vistula Lands,d_lesser_poland,k_poland,c_lubelska,aq_chief_1907,tribal_government,R
c_lubusz,Lubusz,Vistula Lands,d_wielkopolska,k_poland,c_lubusz,aq_chief_1908,tribal_government,R
c_lucca,Lucca,Luca,d_toscana,k_aq_etruria,k_aq_etruria,aq_chief_1909,tribal_government,A/R
c_ludrava,Ludrava,Stravani,d_stravani,k_rajputana,c_ludrava,aq_chief_1910,tribal_government,R
c_lujiang,Luzhou,Luzhou,d_huaixi,k_aq_chu,k_aq_chu,aq_chief_1911,tribal_government,K
c_luki,Luki,Neuri,d_luki,k_novgorod,c_luki,aq_chief_1912,tribal_government,R
c_lukoml,Lukoml,Neuri,d_polotsk,k_white_rus,c_lukoml,aq_chief_1913,tribal_government,R
c_lumbini,Lumbini,Khasa,d_khasa,k_himalaya,c_lumbini,aq_chief_1914,tribal_government,R
c_luneburg,Lüneburg,Langobardi,d_ostfalen,k_saxony,c_luneburg,aq_chief_1915,tribal_government,A/R
c_lunggar,Lunggar,Lunggar,d_purang,k_guge,c_lunggar,aq_chief_1916,tribal_government,K
c_luni,Luni,Luna,d_genoa,k_italy,c_luni,aq_chief_1917,tribal_government,A/R
c_luntai,Luntai,Karasahr,d_karashar,k_khotan,c_luntai,aq_chief_1918,tribal_government,R
c_luobupo,Miran,Charkliq,d_charkliq,k_khotan,c_luobupo,aq_chief_1919,tribal_government,R
c_luodian,Luodian,Luodian,d_luodian,k_qianzhong,c_luodian,aq_chief_1920,tribal_government,K
c_luozhou,Luozhou,Luozhou,d_gaoliang,k_lingnan,c_luozhou,aq_chief_1921,tribal_government,K
c_luristan,Luristan,Media,d_isfahan,k_aq_persia_persia,e_aq_persia,aq_chief_1922,tribal_government,A/R
c_lusignan,Lusignan,Pictones,d_poitou,k_france,c_lusignan,aq_chief_1923,tribal_government,R
c_luuq,Luuq,Luuq,d_west_ajuraan,k_ajuraan,c_luuq,aq_chief_1924,tribal_government,K
c_luxembourg,Luxembourg,Treveri,d_luxembourg,k_lotharingia,c_luxembourg,aq_chief_1925,tribal_government,R
c_luxi,Chenzhou,Chenzhou,d_wuxi,k_kuizhou,c_luxi,aq_chief_1926,tribal_government,K
c_luyang,Jinzhou,Jinzhou,d_wuxi,k_kuizhou,c_luyang,aq_chief_1927,tribal_government,K
c_luzhou_2,Luzhou,Luzhou,d_wuxin,k_aq040_ba,k_aq040_ba,aq_chief_1928,tribal_government,K
c_lviv,Lviv,Neuri,d_halych,k_galicia-volhynia,c_lviv,aq_chief_1929,tribal_government,R
c_lxj_fengzhou,Fengzhou,Fengzhou,d_tiande,k_xia,c_lxj_fengzhou,aq_chief_1930,nomad_government,K
c_lxj_huanzhou,Huanzhou,Huanzhou,d_yanyun_yuyi,k_raole,c_lxj_huanzhou,aq_chief_1931,tribal_government,K
c_lxj_yangchengzhou,Yangchengzhou,Yangchengzhou,d_yanyun_yuyi,k_raole,c_lxj_yangchengzhou,aq_chief_1932,tribal_government,K
c_lxj_yunneizhou,Yunneizhou,Yunneizhou,d_xinan,k_daibei,c_lxj_yunneizhou,aq_chief_1933,tribal_government,K
c_lxj_yuyidong,Yuyidong,Yuyidong,d_LIAO_zhongjing,k_raole,c_lxj_yuyidong,aq_chief_1934,tribal_government,K
c_lycandus,Lycandus,Cilicia,d_cilicia,k_aq_persia_cilicia,e_aq_persia,aq_chief_1935,tribal_government,R
c_lycaonia,Lycaonia,Lycaonia,d_anatolia,k_aq_persia_anatolia,e_aq_persia,aq_chief_1936,tribal_government,A/R
c_lycia,Lycia,Lycia,d_cibyrrhaeot,k_aq_persia_caria,e_aq_persia,aq_mausolus,tribal_government,A/R
c_lydia,Lydia,Lydia,d_thracesia,k_aq_persia_lydia,e_aq_persia,aq_chief_1938,tribal_government,A/R
c_lyon,Lyon,Segusiavi,d_dauphine,k_burgundy,c_lyon,aq_chief_1939,tribal_government,A/R
c_lysva,Lysva,Uralic Lands,d_perm,k_permia,c_lysva,aq_chief_1940,tribal_government,R
c_lyubim,Lyubim,Fenni,d_vologda,k_bjarmaland,c_lyubim,aq_chief_1941,tribal_government,R
c_lzj_chengde,Chengde,Chengde,d_LIAO_zhongjing,k_raole,c_lzj_chengde,aq_chief_1942,tribal_government,K
c_lzj_chengdexi,Chengdexi,Chengdexi,d_LIAO_zhongjing,k_raole,c_lzj_chengdexi,aq_chief_1943,tribal_government,K
c_ma_linh,Ma Linh,Ma Linh,d_indrapura,k_champa,c_ma_linh,aq_chief_1944,tribal_government,K
c_maab,Ma'ab,Ammon,d_amman,k_aq_persia_jerusalem,e_aq_persia,aq_chief_1945,tribal_government,R
c_maan,Ma'an,Edom,d_shammar,k_arabia,c_maan,aq_chief_1946,tribal_government,A/R
c_maastricht,Maastricht,Eburones,d_julich,k_lotharingia,c_maastricht,aq_chief_1947,tribal_government,A/R
c_macon,Mâcon,Aedui,d_burgundy,k_france,c_macon,aq_chief_1948,tribal_government,A/R
c_macva,Mačva,Pannonia,d_macva,k_serbia,c_macva,aq_chief_1949,tribal_government,R
c_madaya,Madaya,Madaya,d_tagaung,k_pagan,c_madaya,aq_chief_1950,tribal_government,K
c_madeira,Madeira,Fortunate Isles,d_canarias,k_maghreb,c_madeira,aq_chief_1951,tribal_government,R
c_madhupur,Madhupur,Varendra,d_varendra,k_aq_nanda_bengal,e_aq_nanda,aq_chief_1952,tribal_government,R
c_madoi,Madoi,Madoi,d_golog,k_gyalrong,c_madoi,aq_chief_1953,tribal_government,K
c_madrid,Madrid,Carpetani,d_toledo,k_andalusia,c_madrid,aq_chief_1954,tribal_government,A/R
c_madurai,Madurai,Pandya Nadu,d_pandya_nadu,k_tamilakam,c_madurai,aq_chief_1955,tribal_government,R
c_mae_hong_son,Mae Hong Son,Mae Hong Son,d_haripunjaya,k_dvaravati,c_mae_hong_son,aq_chief_1956,tribal_government,K
c_mafaza,Mafaza,Persis,d_yazd,k_aq_persia_persia,e_aq_persia,aq_chief_1957,tribal_government,R
c_magadha,Magadha,Magadha,d_magadha,k_aq_nanda,e_aq_nanda,aq_nanda,tribal_government,R
c_magdeburg,Magdeburg,Semnones,d_anhalt,k_east_francia,c_magdeburg,aq_chief_1959,tribal_government,A/R
c_maghas,Maghas,Sauromatia,d_alania,k_caucasus,c_maghas,aq_chief_1960,nomad_government,R
c_magwe,Magwe,Magwe,d_sriksetra,k_pagan,c_magwe,aq_chief_1961,tribal_government,K
c_mahdiya,Mahdiya,Tunes,d_tunis,k_aq_carthage,k_aq_carthage,aq_chief_1962,tribal_government,R
c_mahishaka,Mahishaka,Gangavadi,d_gangavadi,k_karnata,c_mahishaka,aq_chief_1963,tribal_government,R
c_mahoba,Mahoba,Jejakabhukti,d_jejakabhukti,k_aq_nanda_kosala,e_aq_nanda,aq_chief_1964,tribal_government,R
c_mahra,Mahra,Hadramaut,d_mahra,k_yemen,c_mahra,aq_chief_1965,tribal_government,A/R
c_mahur,Sirpur,Andhra,d_warangal,k_telingana,c_mahur,aq_chief_1966,tribal_government,R
c_maine,Maine,Aulerci Cenomani,d_anjou,k_france,c_maine,aq_chief_1967,tribal_government,A/R
c_mainling,Mainling,Mainling,d_lhoyul,k_lhomon,c_mainling,aq_chief_1968,tribal_government,K
c_mainz,Mainz,Mattiaci,d_west_franconia,k_east_francia,c_mainz,aq_chief_1969,tribal_government,A/R
c_mait,Mait,Mait,d_sanaag,k_adal,c_mait,aq_chief_1970,tribal_government,K
c_makhir,Makhir,Makhir,d_sanaag,k_adal,c_makhir,aq_chief_1971,tribal_government,K
c_malaga,Malaga,Malaka,d_granada,k_andalusia,c_malaga,aq_chief_1972,tribal_government,A/R
c_malagon,Malagon,Carpetania,d_toledo,k_andalusia,c_malagon,aq_chief_1973,tribal_government,R
c_malbork,Pomesania,Aestii,d_prussia,k_lithuania,c_malbork,aq_chief_1974,tribal_government,R
c_maldives,Maldives,Chera Nadu,d_chera_nadu,k_tamilakam,c_maldives,aq_chief_1975,tribal_government,R
c_maldwyn,Penllyn,Ordovices,d_powys,k_wales,c_maldwyn,aq_chief_1976,tribal_government,A/R
c_malindi,Malindi,Malindi,d_mombasa,k_zanj,c_malindi,aq_chief_1977,tribal_government,K
c_mallabhum,Mallabhum,Suhma,d_suhma,k_aq_nanda_bengal,e_aq_nanda,aq_chief_1978,tribal_government,R
c_mallorca,Mallorca,Baliares,d_aq040_valencia_mallorca,k_valencia,c_mallorca,aq_chief_1979,tribal_government,A/R
c_malta,Malta,Melite,d_aq_carthage_sicily,k_aq_carthage,k_aq_carthage,aq_chief_1980,tribal_government,A/R
c_mamadych,Mamadych,Sauromatia,d_kazan,k_volga_bulgaria,c_mamadych,aq_chief_1981,tribal_government,R
c_mamprusi,Mamprusi,Mamprusi,d_mamprusi,k_gur,c_mamprusi,aq_chief_1982,tribal_government,K
c_man,Man,Man,d_bassa,k_guinea,c_man,aq_chief_1983,tribal_government,K
c_mana,Mana,Mana,d_yenisei_kan,k_angara,c_mana,aq_chief_1984,nomad_government,K
c_manaka,Manaka,Saka,d_betpa,k_saryarka,c_manaka,aq_chief_1985,nomad_government,R
c_manatau,Manatau,Sauromatia,d_manatau,k_caspian_steppe,c_manatau,aq_chief_1986,nomad_government,R
c_mandab,Mandab,Saba,d_taizz,k_aq040_qataban,k_aq040_qataban,aq_chief_1987,tribal_government,A/R
c_mandapika,Mandapika,Anupa,d_anupa,k_malwa,c_mandapika,aq_chief_1988,tribal_government,R
c_mandavyapura,Mandavyapura,Maru,d_maru,k_rajputana,c_mandavyapura,aq_chief_1989,tribal_government,R
c_mandestan,Mandestan,Persis,d_fars,k_aq_persia_persia,e_aq_persia,aq_chief_1990,tribal_government,R
c_mangnai,Mangnai,Mangnai,d_nagormo,k_amdo,c_mangnai,aq_chief_1991,tribal_government,K
c_mangra,Mangra,Mangra,d_malho,k_gyalrong,c_mangra,aq_chief_1992,tribal_government,K
c_mangyshlak,Mangyshlak,Dahae,d_transcaspiana,k_oghuz_il,c_mangyshlak,aq_chief_1993,nomad_government,R
c_manikpur,Mānikpur,Kanyakubja,d_kanyakubja,k_aq_nanda_kosala,e_aq_nanda,aq_chief_1994,tribal_government,R
c_manipur,Manipur,Para-Lauhitya,d_para_lauhitya,k_kamarupa,c_manipur,aq_chief_1995,tribal_government,R
c_mansfeld,Mansfeld,Semnones,d_anhalt,k_east_francia,c_mansfeld,aq_chief_1996,tribal_government,R
c_mansura,Mansura,Sauvira,d_sauvira,k_aq_persia_sindh,e_aq_persia,aq_chief_1997,tribal_government,R
c_manthang,Manthang,Manthang,d_purang,k_guge,c_manthang,aq_chief_1998,tribal_government,K
c_mantua,Mantua,Mantua,d_emilia,k_italy,c_mantua,aq_chief_1999,tribal_government,A/R
c_manturovo,Manturovo,Budini,d_nizhny_novgorod,k_opolye,c_manturovo,aq_chief_2000,tribal_government,R
c_maozhou,Maozhou,Maozhou,d_xichuan,k_aq040_shu,k_aq040_shu,aq_chief_2001,tribal_government,K
c_maqen,Maqên,Maqên,d_golog,k_gyalrong,c_maqen,aq_chief_2002,tribal_government,K
c_maqu,Maqu,Maqu,d_gainlho,k_gyalrong,c_maqu,aq_chief_2003,tribal_government,K
c_maragha,Maragha,Media,d_azerbaijan,k_aq_persia_daylam,e_aq_persia,aq_chief_2004,tribal_government,R
c_maralbeshi,Maralbeshi,Kashgar,d_kashgar,k_khotan,c_maralbeshi,aq_chief_2005,tribal_government,R
c_marash,Marash,Commagene,d_edessa,k_aq_persia_syria,e_aq_persia,aq_chief_2006,tribal_government,A/R
c_marburg,Marburg,Chatti,d_hesse,k_east_francia,c_marburg,aq_chief_2007,tribal_government,A/R
c_mareeg,Mareeg,Mareeg,d_mogadishu,k_ajuraan,c_mareeg,aq_chief_2008,tribal_government,K
c_mari-turek,Mari-Turek,Sauromatia,d_kazan,k_volga_bulgaria,c_mari-turek,aq_chief_2009,tribal_government,R
c_mark,Mark,Ubii,d_lower_lorraine,k_lotharingia,c_mark,aq_chief_2010,tribal_government,R
c_markam,Markam,Markam,d_batang,k_kham,c_markam,aq_chief_2011,tribal_government,K
c_marmaros,Marmaros,Carpathian Celts,d_transcarpathia,k_hungary,c_marmaros,aq_chief_2012,tribal_government,R
c_marrakesh,Marrakesh,Mauri,d_marrakesh,k_maghreb,c_marrakesh,aq_chief_2013,tribal_government,A/R
c_marsabit,Marsabit,Marsabit,d_samalo,k_bale,c_marsabit,aq_chief_2014,tribal_government,K
c_marsan,Marsan,Aquitania,d_gascogne,k_france,c_marsan,aq_chief_2015,tribal_government,R
c_martyuba,Martyuba,Sauromatia,d_martyuba,k_volga_bulgaria,c_martyuba,aq_chief_2016,tribal_government,R
c_marvarrud,Marv-ar-Rud,Margiana,d_merv,k_aq_persia_margiana,e_aq_persia,aq_chief_2017,tribal_government,R
c_masa,Masa,Masa,d_baguirmi,k_sao,c_masa,aq_chief_2018,tribal_government,K
c_masabadhan,Masabadhan,Media,d_kermanshah,k_aq_persia_daylam,e_aq_persia,aq_chief_2019,tribal_government,R
c_masalit,Masalit,Masalit,d_west_darfur,k_darfur,c_masalit,aq_chief_2020,tribal_government,K
c_masin,Masin,Masin,d_wagadu,k_ghana,c_masin,aq_chief_2021,tribal_government,K
c_massawa,Massawa,Massawa,d_dahlaks,k_abyssinia,c_massawa,aq_chief_2022,tribal_government,K
c_massina,Massina,Massina,d_mema,k_ghana,c_massina,aq_chief_2023,tribal_government,K
c_mathura,Mathura,Mathura,d_mathura,k_aq_nanda_delhi,e_aq_nanda,aq_chief_2024,tribal_government,R
c_matya,Matya,Budini,d_tambov,k_mordvinia,c_matya,aq_chief_2025,tribal_government,R
c_mau,Mau,Mau,d_toro,k_guinea,c_mau,aq_chief_2026,tribal_government,K
c_mayo,Mayo,Connachta,d_connacht,k_ireland,c_mayo,aq_chief_2027,tribal_government,R
c_mayyafariqin,Mayyafariqin,Arzanene,d_diyarbakr,k_aq_persia_jazira,e_aq_persia,aq_chief_2028,tribal_government,R
c_mazandaran,Mazandaran,Hyrcania,d_tabaristan,k_aq_persia_hyrcania,e_aq_persia,aq_chief_2029,tribal_government,A/R
c_mazongshan,Mazongshan,Mazongshan,d_juyan,k_xia,c_mazongshan,aq_chief_2030,nomad_government,K
c_mearns,Mearns,Caledonii,d_albany,k_scotland,c_mearns,aq_chief_2031,tribal_government,R
c_meaux,Meaux,Meldi,d_champagne,k_france,c_meaux,aq_chief_2032,tribal_government,A/R
c_mecca,Mecca,Makoraba,d_mecca,k_arabia,c_mecca,aq_chief_2033,tribal_government,A/R
c_mecklenburg,Mecklenburg,Venedi,d_nordmark,k_pomerania,c_mecklenburg,aq_chief_2034,tribal_government,R
c_medantaka,Medantaka,Maru,d_maru,k_rajputana,c_medantaka,aq_chief_2035,tribal_government,R
c_medapata,Medapata,Medapata,d_medapata,k_rajputana,c_medapata,aq_chief_2036,tribal_government,R
c_medellin,Medellin,Vettones,d_badajoz,k_badajoz,c_medellin,aq_chief_2037,tribal_government,A/R
c_medelpad,Medelpad,Fenni,d_norrland,k_sweden,c_medelpad,aq_chief_2038,tribal_government,R
c_medina,Medina,Yathrib,d_medina,k_arabia,c_medina,aq_chief_2039,tribal_government,A/R
c_medjerda,Medjerda,Tunes,d_tunis,k_aq_carthage,k_aq_carthage,aq_chief_2040,tribal_government,R
c_meissen,Meissen,Elbe Lands,d_meissen,k_sorbia,c_meissen,aq_chief_2041,tribal_government,R
c_meizhou,Meizhou,Meizhou,d_qiongnan,k_aq040_shu,k_aq040_shu,aq_chief_2042,tribal_government,K
c_meizhou_1,Meizhou,Meizhou,d_huixun,k_lingnan,c_meizhou_1,aq_chief_2043,tribal_government,K
c_meknes,Meknes,Mauri,d_fes,k_maghreb,c_meknes,aq_chief_2044,tribal_government,R
c_melilla,Melilla,Rusaddir,d_rif,k_maghreb,c_melilla,aq_chief_2045,tribal_government,A/R
c_melitene,Melitene,Melitene,d_mesopotamia,k_aq_persia_armenia,e_aq_persia,aq_chief_2046,tribal_government,A/R
c_mema,Mema,Mema,d_mema,k_ghana,c_mema,aq_chief_2047,tribal_government,K
c_memar,Memar,Memar,d_rutog,k_maryul,c_memar,aq_chief_2048,tribal_government,K
c_memel,Memel,Samogitians,d_samogitia,k_lithuania,c_memel,aq_chief_2049,tribal_government,R
c_menas,Menas,Menas,d_menas,k_aynumosir,c_menas,aq_chief_2050,tribal_government,K
c_menorca,Menorca,Gymnesiae,d_aq040_valencia_mallorca,k_valencia,c_menorca,aq_chief_2051,tribal_government,A/R
c_mentawai,Mentawai,Mentawai,d_nias,k_malayadvipa,c_mentawai,aq_chief_2052,tribal_government,K
c_merida,Merida,Vettones,d_badajoz,k_badajoz,c_merida,aq_chief_2053,tribal_government,A/R
c_merioneth,Merionnydd,Ordovices,d_gwynedd,k_wales,c_merioneth,aq_chief_2054,tribal_government,A/R
c_meroe,Meroë,Meroë,d_makuria,k_aq_kush,k_aq_kush,aq_kush,tribal_government,K
c_mersenburg,Merseburg,Hermunduri,d_anhalt,k_east_francia,c_mersenburg,aq_chief_2056,tribal_government,A/R
c_merv,Merv,Margiana,d_merv,k_aq_persia_margiana,e_aq_persia,aq_chief_2057,tribal_government,A/R
c_mesembria,Mesembria,Scythia Minor,d_dobrudja,k_bulgaria,c_mesembria,aq_chief_2058,tribal_government,R
c_mesopotamia,Mesopotamia,Sophene,d_mesopotamia,k_aq_persia_armenia,e_aq_persia,aq_chief_2059,tribal_government,R
c_messenia,Messenia,Messenia,d_aq040_aq040_messenia_achaia,k_aq040_messenia,k_aq040_messenia,aq_chief_2060,tribal_government,A/R
c_messina,Messina,Zankle,d_sicily,k_aq_syracuse,k_aq_syracuse,aq_chief_2061,tribal_government,A/R
c_messukyla,Messukylä,Fenni,d_finland,k_finland,c_messukyla,aq_chief_2062,tribal_government,R
c_metz,Metz,Mediomatrici,d_upper_lorraine,k_lotharingia,c_metz,aq_chief_2063,tribal_government,A/R
c_metzovo,Metzovo,Epirus,d_epirus,k_aq_epirus,k_aq_epirus,aq_chief_2064,tribal_government,R
c_mianzhou,Mianzhou,Mianzhou,d_dongchuan,k_aq040_shu,k_aq040_shu,aq_chief_2065,tribal_government,K
c_miastko,Szczytno,Venedi,d_pomerelia,k_pomerania,c_miastko,aq_chief_2066,tribal_government,R
c_middlesex,Middlesex,Catuvellauni,d_bedford,k_england,c_middlesex,aq_chief_2067,tribal_government,A/R
c_midnapore,Midnapore,Suhma,d_suhma,k_aq_nanda_bengal,e_aq_nanda,aq_chief_2068,tribal_government,R
c_mikawa,Mikawa,Mikawa,d_tokaido,k_azuma,c_mikawa,aq_chief_2069,tribal_government,K
c_miliez,Milicz,Lugian Lands,d_lower_silesia,k_poland,c_miliez,aq_chief_2070,tribal_government,R
c_millau,Millau,Millau,d_toulouse,k_france,c_millau,aq_chief_2071,tribal_government,K
c_millerovo,South Kazanskaya,Sauromatia,d_don_valley,k_pontic_steppe,c_millerovo,aq_chief_2072,nomad_government,R
c_mimasaka,Mimasaka,Mimasaka,d_east_sanyodo,k_yamato,c_mimasaka,aq_chief_2073,tribal_government,K
c_minbu,Minbu,Minbu,d_pagan,k_pagan,c_minbu,aq_chief_2074,tribal_government,K
c_minden,Minden,Cherusci,d_angria,k_saxony,c_minden,aq_chief_2075,tribal_government,R
c_mingzhou,Mingzhou,Mingzhou,d_xingming,k_aq_zhao,k_aq_zhao,aq_zhao,tribal_government,K
c_mingzhou_1,Mingzhou,Mingzhou,d_zhedong,k_aq_yue,k_aq_yue,aq_chief_2077,tribal_government,K
c_mino,Mino,Mino,d_tosando,k_azuma,c_mino,aq_chief_2078,tribal_government,K
c_minsk,Minsk,Neuri,d_minsk,k_white_rus,c_minsk,aq_chief_2079,tribal_government,R
c_minzhou,Minzhou,Minzhou,d_qincheng,k_aq_qin,k_aq_qin,aq_chief_2080,tribal_government,K
c_mithila,Mithila,Tirabhukti,d_tirabhukti,k_aq_nanda,e_aq_nanda,aq_chief_2081,tribal_government,R
c_mizhou,Mizhou,Mizhou,d_aq040_aq_qi_yanhai,k_aq_qi,k_aq_qi,aq_chief_2082,tribal_government,K
c_modena,Modena,Mutina Region,d_emilia,k_italy,c_modena,aq_chief_2083,tribal_government,A/R
c_modrus,Modruš,Illyria,d_croatia,k_croatia,c_modrus,aq_chief_2084,tribal_government,R
c_moeng_laem,Moeng Laem,Moeng Laem,d_yongchang,k_pagan,c_moeng_laem,aq_chief_2085,tribal_government,K
c_moeng_long,Moeng Long,Moeng Long,d_sipsongpanna,k_dvaravati,c_moeng_long,aq_chief_2086,tribal_government,K
c_mogadishu,Mogadishu,Mogadishu,d_mogadishu,k_ajuraan,c_mogadishu,aq_chief_2087,tribal_government,K
c_mohadavasaka,Mohadavasaka,Gurjara Mandala,d_gurjara_mandala,k_gujarat,c_mohadavasaka,aq_chief_2088,tribal_government,R
c_molina,Molina,Celtiberi,d_toledo,k_andalusia,c_molina,aq_chief_2089,tribal_government,A/R
c_momauk,Momauk,Momauk,d_tengchong,k_pagan,c_momauk,aq_chief_2090,tribal_government,K
c_mombasa,Mombasa,Mombasa,d_mombasa,k_zanj,c_mombasa,aq_chief_2091,tribal_government,K
c_monferrato,Monferrato,Ligures,d_piedmonte,k_italy,c_monferrato,aq_chief_2092,tribal_government,A/R
c_mongnai,Mongnai,Mongnai,d_mongnai,k_pagan,c_mongnai,aq_chief_2093,tribal_government,K
c_monkh_saridag,Mönkh Saridag,Mönkh Saridag,d_eastern_sayan,k_khakassia,c_monkh_saridag,aq_chief_2094,tribal_government,K
c_monmouthshire,Gwent,Silures,d_deheubarth,k_wales,c_monmouthshire,aq_chief_2095,tribal_government,A/R
c_montaigu,Montaigu,Pictones,d_poitou,k_france,c_montaigu,aq_chief_2096,tribal_government,R
c_montargis,Montargis,Carnutes,d_orleans,k_france,c_montargis,aq_chief_2097,tribal_government,R
c_monterrei,Monterrei,Gallaeci,d_galicia,k_spanish_galicia,c_monterrei,aq_chief_2098,tribal_government,R
c_montpellier,Montpellier,Volcae Arecomici,d_languedoc,k_france,c_montpellier,aq_chief_2099,tribal_government,A/R
c_monyin,Monyin,Monyin,d_tengchong,k_pagan,c_monyin,aq_chief_2100,tribal_government,K
c_mora,Uclés,Olcades,d_toledo,k_andalusia,c_mora,aq_chief_2101,tribal_government,A/R
c_morarna,Mórar,Scandia,d_jamtland,k_norway,c_morarna,aq_chief_2102,tribal_government,R
c_moray,Moray,Caledonii,d_moray,k_scotland,c_moray,aq_chief_2103,tribal_government,A/R
c_more,Möre,Geats,d_smaland,k_sweden,c_more,aq_chief_2104,tribal_government,R
c_mosala,Mosala,Vengi,d_vengi,k_andhra,c_mosala,aq_chief_2105,tribal_government,R
c_moskva,Moskva,Budini,d_opolye,k_opolye,c_moskva,aq_chief_2106,tribal_government,R
c_mosul,Mosul,Nineveh Region,d_diyarrabia,k_aq_persia_jazira,e_aq_persia,aq_chief_276,tribal_government,A/R
c_mosynopolis,Mosynopolis,Bisaltia,d_strymon,k_aq040_west_thrace,k_aq040_west_thrace,aq_berisades,tribal_government,R
c_moura,Moura,Cynetes,d_sevilla,k_andalusia,c_moura,aq_chief_2109,tribal_government,A/R
c_mozhaysk,Mozhaysk,Budini,d_smolensk,k_white_rus,c_mozhaysk,aq_chief_2110,tribal_government,R
c_mozhou,Mozhou,Mozhou,d_yingmo,k_aq_yan,k_aq_yan,aq_chief_2111,tribal_government,K
c_mrima,Mrima,Mrima,d_zanzibar,k_zanj,c_mrima,aq_chief_2112,tribal_government,K
c_mto_galana,Mto Galana,Mto Galana,d_bonde_la_ufa,k_zanj,c_mto_galana,aq_chief_2113,tribal_government,K
c_mto_tana,Mto Tana,Mto Tana,d_bonde_la_ufa,k_zanj,c_mto_tana,aq_chief_2114,tribal_government,K
c_muang_fa_daet,Muang Fa Daet,Muang Fa Daet,d_mukdahan,k_chenla,c_muang_fa_daet,aq_chief_2115,tribal_government,K
c_mudgagiri,Mudgagiri,Magadha,d_magadha,k_aq_nanda,e_aq_nanda,aq_chief_2116,tribal_government,R
c_mudug,Mudug,Mudug,d_hafun,k_ajuraan,c_mudug,aq_chief_2117,tribal_government,K
c_mueang_phra_rot,Mueang Phra Rot,Mueang Phra Rot,d_angkor_borey,k_funan,c_mueang_phra_rot,aq_chief_2118,tribal_government,K
c_mugan,Mugan,Caucasian Albania,d_shirvan,k_aq_persia_daylam,e_aq_persia,aq_chief_2119,tribal_government,R
c_mugodzhar_hills,Mugodzhar Hills,Sauromatia,d_mugodzhar_hills,k_caspian_steppe,c_mugodzhar_hills,aq_chief_2120,nomad_government,R
c_mukdahan,Mukdahan,Mukdahan,d_mukdahan,k_chenla,c_mukdahan,aq_chief_2121,tribal_government,K
c_mulaka,Mulaka,Ashmaka,d_devagiri,k_maharastra,c_mulaka,aq_chief_2122,tribal_government,R
c_multan,Multan,Malli,d_multan,k_punjab,c_multan,aq_chief_2123,tribal_government,R
c_muluvagil,Muluvagil,Tondai Nadu,d_tondai_nadu,k_tamilakam,c_muluvagil,aq_chief_2124,tribal_government,R
c_muluya,Muluya,Mauri,d_fes,k_maghreb,c_muluya,aq_chief_2125,tribal_government,R
c_mumo,Mumo,Mumo,d_orkhon,k_otuken,c_mumo,aq_chief_2126,nomad_government,K
c_munchen,München,Vindelici,d_bavaria,k_bavaria,c_munchen,aq_chief_2127,tribal_government,A/R
c_munda,Munda,Atavi,d_jharkand,k_aq_nanda,e_aq_nanda,aq_chief_2128,tribal_government,R
c_munio,Munio,Munio,d_bornu,k_kanem,c_munio,aq_chief_2129,tribal_government,K
c_munjan,Munjan,Bactria,d_badakhshan,k_aq_persia_bactria,e_aq_persia,aq_chief_2130,tribal_government,R
c_munster,Münster,Bructeri,d_westfalen,k_saxony,c_munster,aq_chief_2131,tribal_government,A/R
c_murcia,Murcia,Contestani,d_murcia,k_valencia,c_murcia,aq_chief_2132,tribal_government,A/R
c_murom,Murom,Budini,d_ryazan,k_opolye,c_murom,aq_chief_2133,tribal_government,R
c_murun_tomis,Murun Tomis,Saka,d_turgay,k_cuman,c_murun_tomis,aq_chief_2134,nomad_government,R
c_murzuk,Murzuk,Garamantia,d_fezzan,k_sahara,c_murzuk,aq_chief_2135,tribal_government,R
c_murzzuschlag,Mürzzuschlag,Noricum,d_steyermark,k_bavaria,c_murzzuschlag,aq_chief_2136,tribal_government,R
c_musashi,Musashi,Musashi,d_west_bando,k_azuma,c_musashi,aq_chief_2137,tribal_government,K
c_muscat,Muscat,Magan,d_oman,k_arabia,c_muscat,aq_chief_2138,tribal_government,A/R
c_mushun,Mushun,Saka,d_muyunkum,k_syr_darya,c_mushun,aq_chief_2139,nomad_government,R
c_mustasaari,Mustasaari,Fenni,d_pohjanmaa,k_finland,c_mustasaari,aq_chief_2140,tribal_government,R
c_muya,Muya,Muya,d_dauria,k_buryatia,c_muya,aq_chief_2141,nomad_government,K
c_muze,Muze,Muze,d_tonghai,k_dali,c_muze,aq_chief_2142,tribal_government,K
c_muzhou,Muzhou,Muzhou,d_zhexi,k_aq_yue,k_aq_yue,aq_chief_2143,tribal_government,K
c_myeongju,Myeongju,Myeongju,d_donggye,k_silla,c_myeongju,aq_chief_2144,tribal_government,K
c_myitkyina,Myitkyina,Myitkyina,d_tengchong,k_pagan,c_myitkyina,aq_chief_2145,tribal_government,K
c_mysia,Mysia,Mysia,d_opsikion,k_aq_persia_nikaea,e_aq_persia,aq_artabazos,tribal_government,A/R
c_nabadwipa,Nabadwipa,Vanga,d_nadia,k_aq_nanda_bengal,e_aq_nanda,aq_chief_2147,tribal_government,R
c_naddula,Naddūla,Maru,d_maru,k_rajputana,c_naddula,aq_chief_2148,tribal_government,R
c_naga,Naga,Naga,d_alwa,k_aq_kush,k_aq_kush,aq_chief_2149,tribal_government,K
c_nagarze,Nagarzê,Nagarzê,d_yarlung,k_u,c_nagarze,aq_chief_2150,tribal_government,K
c_nagato,Nagato,Nagato,d_west_sanyodo,k_yamato,c_nagato,aq_chief_2151,tribal_government,K
c_nagauda,Nagauda,Jangala,d_jangladesh,k_rajputana,c_nagauda,aq_chief_2152,tribal_government,R
c_nagchu,Nagqu,Nagqu,d_nagchu,k_u,c_nagchu,aq_chief_2153,tribal_government,K
c_nagormo,Nagormo,Nagormo,d_nagormo,k_amdo,c_nagormo,aq_chief_2154,tribal_government,K
c_naimisa,Naimisa,Saryupara,d_saryupara,k_aq_nanda_kosala,e_aq_nanda,aq_chief_2155,tribal_government,R
c_naissus,Naissos,Naissos,d_bulgaria,k_bulgaria,c_naissus,aq_chief_2156,tribal_government,A/R
c_najera,Najera,Berones,d_navarra,k_navarra,c_najera,aq_chief_2157,tribal_government,A/R
c_najran,Najran,Najran,d_sanaa,k_aq_saba,k_aq_saba,aq_chief_2158,tribal_government,A/R
c_naju,Naju,Naju,d_naju,k_baekje,c_naju,aq_chief_2159,tribal_government,K
c_nakhon_pathom,Nakhon Pathom,Nakhon Pathom,d_lop_buri,k_dvaravati,c_nakhon_pathom,aq_chief_2160,tribal_government,K
c_nakhshab,Nakhshab,Sogdiana,d_soghd,k_aq_persia_transoxiana,e_aq_persia,aq_chief_2161,tribal_government,R
c_nakkavaram,Nakkavaram,Nakkavaram,d_handumans,k_malayadvipa,c_nakkavaram,aq_chief_2162,tribal_government,K
c_naldurg,Naldurg,Rattapadi,d_rattapadi,k_maharastra,c_naldurg,aq_chief_2163,tribal_government,R
c_nallamala,Nallamala,Pakanadu,d_udayagiri,k_andhra,c_nallamala,aq_chief_2164,tribal_government,R
c_nalu,Nalu,Nalu,d_sapi,k_guinea,c_nalu,aq_chief_2165,tribal_government,K
c_nam_dinh,Nam Dinh,Nam Dinh,d_nghe_an,k_viet,c_nam_dinh,aq_chief_2166,tribal_government,K
c_namandiru,Namandiru,Namandiru,d_djolof,k_takrur,c_namandiru,aq_chief_2167,tribal_government,K
c_namastau,Namastau,Dahae,d_jemba,k_oghuz_il,c_namastau,aq_chief_2168,nomad_government,R
c_namdalfylki,Naumdælafylki,Scandia,d_halogaland,k_norway,c_namdalfylki,aq_chief_2169,tribal_government,R
c_namur,Namur,Aduatuci,d_luxembourg,k_lotharingia,c_namur,aq_chief_2170,tribal_government,A/R
c_namwon,Namwon,Namwon,d_jeonju,k_baekje,c_namwon,aq_chief_2171,tribal_government,K
c_nan_asia,Nan,Nan,d_muang_sua,k_dvaravati,c_nan_asia,aq_chief_2172,tribal_government,K
c_nanan,Nanan,Nanan,d_zhaoxin,k_aq_chu,k_aq_chu,aq_chief_2173,tribal_government,K
c_nancy,Nancy,Treveri,d_upper_lorraine,k_lotharingia,c_nancy,aq_chief_2174,tribal_government,R
c_nandana,Nandana,Gandhara,d_gandhara,k_aq_persia_punjab,e_aq_persia,aq_chief_2175,tribal_government,R
c_nandian,Nandian,Nandian,d_tengchong,k_pagan,c_nandian,aq_chief_2176,tribal_government,K
c_nang,Nang,Nang,d_yarlung,k_u,c_nang,aq_chief_2177,tribal_government,K
c_nangqen,Nangqên,Nangqên,d_nangqen,k_kham,c_nangqen,aq_chief_2178,tribal_government,K
c_nanjian,Nanjian,Nanjian,d_jianning,k_fujian,c_nanjian,aq_chief_2179,tribal_government,K
c_nankang,Nankang,Nankang,d_dingjiang,k_aq_chu,k_aq_chu,aq_chief_2180,tribal_government,K
c_nanping,Nanping,Nanping,d_zangke,k_qianzhong,c_nanping,aq_chief_2181,tribal_government,K
c_nantes,Nantes,Namnetes,d_brittany,k_france,c_nantes,aq_chief_2182,tribal_government,A/R
c_nanumba,Nanumba,Nanumba,d_eweland,k_akan,c_nanumba,aq_chief_2183,tribal_government,K
c_nanxi,Rongzhou,Rongzhou,d_wuxin,k_aq040_ba,k_aq040_ba,aq_chief_2184,tribal_government,K
c_nanzhou,Nanzhou,Nanzhou,d_qianzhong,k_kuizhou,c_nanzhou,aq_chief_2185,tribal_government,K
c_napoli,Napoli,Neapolis,d_capua,k_sicily,c_napoli,aq_chief_2186,tribal_government,A/R
c_naqis,Naqis,Naqis,d_naqis,k_blemmyia,c_naqis,aq_chief_2187,tribal_government,K
c_narim,Narim,Narim,d_ala_tau,k_ob,c_narim,aq_chief_2188,tribal_government,K
c_narke,Neeric,Geats,d_ostergotland,k_sweden,c_narke,aq_chief_2189,tribal_government,R
c_narva,Virumaa,Aestii,d_esthonia,k_esthonia,c_narva,aq_chief_2190,tribal_government,R
c_narym_DZU,Narym,Saka,d_akaltay,k_dzungaria,c_narym_DZU,aq_chief_2191,nomad_government,R
c_nasaiya,Nasaiya,Ferghana,d_ferghana,k_transoxiana,c_nasaiya,aq_chief_2192,tribal_government,R
c_nasibin,Nasibin,Nisibis,d_diyarrabia,k_aq_persia_jazira,e_aq_persia,aq_chief_2193,tribal_government,A/R
c_nasrabad,Nasrabad,Ferghana,d_ferghana,k_transoxiana,c_nasrabad,aq_chief_2194,tribal_government,R
c_nassau,Nassau,Mattiaci,d_hesse,k_east_francia,c_nassau,aq_chief_2195,tribal_government,A/R
c_natangia,Natangia,Aestii,d_prussia,k_lithuania,c_natangia,aq_chief_2196,tribal_government,R
c_naumberg,Sommerfeld,Elbe Lands,d_lausitz,k_sorbia,c_naumberg,aq_chief_2197,tribal_government,R
c_naumburg,Naumburg,Elbe Lands,d_meissen,k_sorbia,c_naumburg,aq_chief_2198,tribal_government,R
c_naushki,Naushki,Naushki,d_ogrash,k_otuken,c_naushki,aq_chief_2199,nomad_government,K
c_navarra,Navarra,Vascones,d_navarra,k_navarra,c_navarra,aq_chief_2200,tribal_government,A/R
c_navasarika,Navasarika,Lata,d_lata,k_gujarat,c_navasarika,aq_chief_2201,tribal_government,R
c_naxos,Naxos,Naxos,d_aegean_islands,k_thessalonika,c_naxos,aq_chief_2202,tribal_government,A/R
c_ndenye,Ndenye,Ndenye,d_gyaman,k_akan,c_ndenye,aq_chief_2203,tribal_government,K
c_neamnt,Neamț,Getia,d_bukovina,k_moldavia,c_neamnt,aq_chief_2204,tribal_government,R
c_nebit_dag,Nebit Dag,Chorasmia,d_uzboy,k_transoxiana,c_nebit_dag,aq_chief_2205,nomad_government,R
c_nedenes,Austr Agðir,Scandia,d_agder,k_norway,c_nedenes,aq_chief_2206,tribal_government,R
c_nedersticht,Nedersticht,Frisii,d_utrecht,k_frisia,c_nedersticht,aq_chief_2207,tribal_government,A/R
c_negev,Negev,Edom,d_oultrejourdain,k_aq_persia_jerusalem,e_aq_persia,aq_chief_2208,tribal_government,A/R
c_nellore,Nellore,Tondai Nadu,d_tondai_nadu,k_tamilakam,c_nellore,aq_chief_2209,tribal_government,R
c_neopatras,Neopatras,Thessaly,d_thessaly,k_thessalonika,c_neopatras,aq_chief_2210,tribal_government,R
c_neramkary,Neramkary,Neramkary,d_ostyaki,k_yugra,c_neramkary,aq_chief_2211,tribal_government,K
c_neuchatel,Neuchâtel,Helvetii,d_transjurania,k_burgundy,c_neuchatel,aq_chief_2212,tribal_government,A/R
c_neufchateau,Neufchâteau,Treveri,d_upper_lorraine,k_lotharingia,c_neufchateau,aq_chief_2213,tribal_government,R
c_nevers,Nevers,Aedui,d_burgundy,k_france,c_nevers,aq_chief_2214,tribal_government,A/R
c_ngawa,Ngawa,Ngawa,d_gyalrong,k_gyalrong,c_ngawa,aq_chief_2215,tribal_government,K
c_nghe_an,Nghe An,Nghe An,d_nghe_an,k_viet,c_nghe_an,aq_chief_2216,tribal_government,K
c_ngoenyang,Ngoenyang,Ngoenyang,d_muang_sua,k_dvaravati,c_ngoenyang,aq_chief_2217,tribal_government,K
c_ngoring,Ngoring,Ngoring,d_qumarleb,k_amdo,c_ngoring,aq_chief_2218,tribal_government,K
c_niani,Niani,Niani,d_manding,k_mali,c_niani,aq_chief_2219,tribal_government,K
c_nias,Nias,Nias,d_nias,k_malayadvipa,c_nias,aq_chief_2220,tribal_government,K
c_nice,Nice,Nikaia,d_provence,k_burgundy,c_nice,aq_chief_2221,tribal_government,A/R
c_nicopolis,Nicopolis,Epirus,d_epirus,k_aq_epirus,k_aq_epirus,aq_chief_2222,tribal_government,A/R
c_nicosia,Nicosia,Ledra,d_cyprus,k_aq_persia_cyprus,e_aq_persia,aq_evagoras,tribal_government,A/R
c_niebla,Niebla,Ilipla,d_sevilla,k_andalusia,c_niebla,aq_chief_2224,tribal_government,A/R
c_nih,Nih,Drangiana,d_sistan,k_aq_persia_drangiana,e_aq_persia,aq_chief_2225,tribal_government,R
c_nihawand,Nihawand,Media,d_hamadan,k_aq_persia_daylam,e_aq_persia,aq_chief_2226,tribal_government,A/R
c_nikaea,Nikaea,Bithynia,d_opsikion,k_aq_persia_nikaea,e_aq_persia,aq_artabazos,tribal_government,A/R
c_nikki,Nikki,Nikki,d_borgu,k_borgu,c_nikki,aq_chief_2228,tribal_government,K
c_nikopolis,Nikopolis,Triballi,d_turnovo,k_bulgaria,c_nikopolis,aq_chief_2229,tribal_government,R
c_ningduzhou,Ningduzhou,Ningduzhou,d_zhaoxin,k_aq_chu,k_aq_chu,aq_chief_2230,tribal_government,K
c_ninive,Ninive,Nineveh,d_diyarrabia,k_aq_persia_jazira,e_aq_persia,aq_chief_2231,tribal_government,A/R
c_niomi,Niomi,Niomi,d_wuli,k_kaabu,c_niomi,aq_chief_2232,tribal_government,K
c_nishapur,Nishapur,Parthia,d_nishapur,k_aq_persia_khorasan,e_aq_persia,aq_chief_2233,tribal_government,A/R
c_nizhny_novgorod,Obran Osh,Budini,d_nizhny_novgorod,k_opolye,c_nizhny_novgorod,aq_chief_2234,tribal_government,R
c_nizwa,Nizwa,Magan,d_oman,k_arabia,c_nizwa,aq_chief_2235,tribal_government,A/R
c_njudung,Njudung,Geats,d_smaland,k_sweden,c_njudung,aq_chief_2236,tribal_government,R
c_nongdong,Nongdong,Nongdong,d_dali,k_dali,c_nongdong,aq_chief_2237,tribal_government,K
c_nordlingen,Nördlingen,Hermunduri,d_east_franconia,k_east_francia,c_nordlingen,aq_chief_2238,tribal_government,R
c_nordmark,Nordmark,Geats,d_vastergotland,k_sweden,c_nordmark,aq_chief_2239,tribal_government,R
c_nordrland,Norðrland,Thule,d_iceland,k_norway,c_nordrland,aq_chief_2240,tribal_government,R
c_norfolk,Norfolk,Iceni,d_norfolk,k_england,c_norfolk,aq_chief_2241,tribal_government,A/R
c_north_riding,North Riding,Brigantes,d_york,k_england,c_north_riding,aq_chief_2242,tribal_government,A/R
c_northamptonshire,Northamptonshire,Catuvellauni,d_hereford,k_england,c_northamptonshire,aq_chief_2243,tribal_government,A/R
c_northumberland,Northumberland,Votadini,d_northumberland,k_england,c_northumberland,aq_chief_2244,tribal_government,A/R
c_norwegian_more,Mæri,Scandia,d_trandalog,k_norway,c_norwegian_more,aq_chief_2245,tribal_government,R
c_noto,Noto,Noto,d_hokurikudo,k_azuma,c_noto,aq_chief_2246,tribal_government,K
c_nottinghamshire,Nottinghamshire,Corieltauvi,d_hereford,k_england,c_nottinghamshire,aq_chief_2247,tribal_government,A/R
c_novara,Novara,Insubres,d_piedmonte,k_italy,c_novara,aq_chief_2248,tribal_government,A/R
c_novgorod,Novgorod,Neuri,d_novgorod,k_novgorod,c_novgorod,aq_chief_2249,tribal_government,R
c_novgorod_seversky,Novgorod Seversky,Neuri,d_chernigov,k_ruthenia,c_novgorod_seversky,aq_chief_2250,tribal_government,R
c_novogrudok,Novogrudok,Neuri,d_grodno,k_white_rus,c_novogrudok,aq_chief_2251,tribal_government,R
c_novosil,Novosil,Neuri,d_novosil,k_ruthenia,c_novosil,aq_chief_2252,tribal_government,R
c_nugaal,Nugaal,Nugaal,d_hafun,k_ajuraan,c_nugaal,aq_chief_2253,tribal_government,K
c_nuon,Nuon,Nuon,d_bassa,k_guinea,c_nuon,aq_chief_2254,tribal_government,K
c_nupe,Nupe,Nupe,d_nupe,k_igbo-benue,c_nupe,aq_chief_2255,tribal_government,K
c_nurnberg,Nürnberg,Hermunduri,d_east_franconia,k_east_francia,c_nurnberg,aq_chief_2256,tribal_government,R
c_nurtay,Nurtay,Saka,d_karkaraly,k_saryarka,c_nurtay,aq_chief_2257,nomad_government,R
c_nushiro,Nushiro,Nushiro,d_nushiro,k_hitakami,c_nushiro,aq_chief_2258,tribal_government,K
c_nyagrong,Nyagrong,Nyagrong,d_litang,k_kham,c_nyagrong,aq_chief_2259,tribal_government,K
c_nyainrong,Nyainrong,Nyainrong,d_amdo,k_amdo,c_nyainrong,aq_chief_2260,tribal_government,K
c_nyalam,Nyalam,Nyalam,d_sagya,k_tsang,c_nyalam,aq_chief_2261,tribal_government,K
c_nyaungshwe,Nyaungshwe,Nyaungshwe,d_mongnai,k_pagan,c_nyaungshwe,aq_chief_2262,tribal_government,K
c_nyemo,Nyêmo,Nyêmo,d_lhasa,k_u,c_nyemo,aq_chief_2263,tribal_government,K
c_nyene,Nyene,Nyene,d_worodugu,k_kong,c_nyene,aq_chief_2264,tribal_government,K
c_nyima,Nyima,Nyima,d_nyima,k_tsang,c_nyima,aq_chief_2265,tribal_government,K
c_nyingchi,Nyingchi,Nyingchi,d_nyingchi,k_kham,c_nyingchi,aq_chief_2266,tribal_government,K
c_nyitra,Nitra,Boii,d_nyitra,k_hungary,c_nyitra,aq_chief_2267,tribal_government,R
c_nyland,Nyland,Fenni,d_finland,k_finland,c_nyland,aq_chief_2268,tribal_government,R
c_nysa,Nysa,Boii Frontier,d_upper_silesia,k_poland,c_nysa,aq_chief_2269,tribal_government,R
c_nzi,Nzi,Nzi,d_kong,k_kong,c_nzi,aq_chief_2270,tribal_government,K
c_ob,Ob,Ob,d_salair,k_ob,c_ob,aq_chief_2271,tribal_government,K
c_odessa,Kara-Kerman,Royal Scythia,d_kizilyedisan,k_pontic_steppe,c_odessa,aq_chief_2272,nomad_government,R
c_odishi,Odishi,Colchis,d_abkhazia,k_georgia,c_odishi,aq_chief_2273,tribal_government,R
c_odoyev,Odoyev,Neuri,d_novosil,k_ruthenia,c_odoyev,aq_chief_2274,tribal_government,R
c_oglamych,Oglamych,Dahae,d_garabogazkol,k_oghuz_il,c_oglamych,aq_chief_2275,nomad_government,R
c_ohrid,Ohrid,Thrace,d_bulgaria,k_bulgaria,c_ohrid,aq_chief_2276,tribal_government,R
c_oigon,Oigon,Oigon,d_arkhangai,k_naimania,c_oigon,aq_chief_2277,nomad_government,K
c_okangara,Okangara,Okangara,d_angara,k_angara,c_okangara,aq_chief_2278,nomad_government,K
c_oki,Oki,Oki,d_west_sanindo,k_yamato,c_oki,aq_chief_2279,tribal_government,K
c_oland,Öland,Geats,d_smaland,k_sweden,c_oland,aq_chief_2280,tribal_government,R
c_olavinlinna,Savo,Fenni,d_savo,k_finland,c_olavinlinna,aq_chief_2281,tribal_government,R
c_oldenburg,Oldenburg,Chauci,d_angria,k_saxony,c_oldenburg,aq_chief_2282,tribal_government,A/R
c_oleshye,Kyzyl Jar,Royal Scythia,d_red_levedia,k_pontic_steppe,c_oleshye,aq_chief_2283,nomad_government,R
c_olkhon,Olkhon,Olkhon,d_tsagaanbaigal,k_buryatia,c_olkhon,aq_chief_2284,nomad_government,K
c_olmedo,Olmedo,Vaccaei,d_castilla,k_castille,c_olmedo,aq_chief_2285,tribal_government,A/R
c_olomouc,Olomouc,Boii,d_moravia,k_bohemia,c_olomouc,aq_chief_2286,tribal_government,R
c_omi,Ōmi,Ōmi,d_tosando,k_azuma,c_omi,aq_chief_2287,tribal_government,K
c_omsk,Om,Om,d_lanikaz,k_sibir,c_omsk,aq_chief_2288,tribal_government,K
c_onega,Onega,Fenni,d_karelia,k_finland,c_onega,aq_chief_2289,tribal_government,R
c_onega_BJA,Onega,Fenni,d_biarmia,k_bjarmaland,c_onega_BJA,aq_chief_2290,tribal_government,R
c_ongi,Ongi,Ongi,d_ovorkhangai,k_naimania,c_ongi,aq_chief_2291,nomad_government,K
c_onsthia,Onsthia,Fenni,d_vologda,k_bjarmaland,c_onsthia,aq_chief_2292,tribal_government,R
c_opanda,Opanda,Opanda,d_nupe,k_igbo-benue,c_opanda,aq_chief_2293,tribal_government,K
c_opava,Opava,Boii,d_moravia,k_bohemia,c_opava,aq_chief_2294,tribal_government,R
c_opole,Opole,Boii Frontier,d_upper_silesia,k_poland,c_opole,aq_chief_2295,tribal_government,R
c_orangallu,Orangallu,Andhra,d_warangal,k_telingana,c_orangallu,aq_chief_2296,tribal_government,R
c_orania,Orania,Masaesyli,d_tlemcen,k_tahert,c_orania,aq_chief_2297,tribal_government,R
c_orava,Orava,Boii,d_nyitra,k_hungary,c_orava,aq_chief_2298,tribal_government,R
c_orbetello,Orbetello,Cosa Region,d_toscana,k_aq_etruria,k_aq_etruria,aq_chief_2299,tribal_government,A/R
c_orenburg,Or,Sauromatia,d_aqtobe,k_caspian_steppe,c_orenburg,aq_chief_2300,nomad_government,R
c_orhei,Orhei,Getia,d_moldova,k_moldavia,c_orhei,aq_chief_2301,tribal_government,R
c_oriel,Oriel,Ulaid,d_ulster,k_ireland,c_oriel,aq_chief_2302,tribal_government,R
c_orkney,Orkney,Orcades,d_northern_isles,k_norway,c_orkney,aq_chief_2303,tribal_government,R
c_orlamunde,Orlamünde,Hermunduri,d_thuringia,k_east_francia,c_orlamunde,aq_chief_2304,tribal_government,R
c_orleans,Orléans,Carnutes,d_orleans,k_france,c_orleans,aq_chief_2305,tribal_government,A/R
c_ormond,Ormond,Mumu,d_munster,k_ireland,c_ormond,aq_chief_2306,tribal_government,R
c_orsha,Orsha,Neuri,d_minsk,k_white_rus,c_orsha,aq_chief_2307,tribal_government,R
c_orvieto,Orvieto,Velzna,d_aq_etruria_spoleto,k_aq_etruria,k_aq_etruria,aq_chief_2308,tribal_government,A/R
c_osel,Saaremaa,Aestii,d_esthonia,k_esthonia,c_osel,aq_chief_2309,tribal_government,R
c_oshrusana,Oshrusana,Sogdiana,d_osrushana,k_aq_persia_transoxiana,e_aq_persia,aq_chief_2310,tribal_government,R
c_oskol,Oskol,Budini,d_voronezh,k_mordvinia,c_oskol,aq_chief_2311,tribal_government,R
c_osnabruck,Osnabrück,Cherusci,d_westfalen,k_saxony,c_osnabruck,aq_chief_2312,tribal_government,A/R
c_ossory,Ossory,Osraige,d_leinster,k_ireland,c_ossory,aq_chief_2313,tribal_government,A/R
c_ostergotland,Östergötland,Geats,d_ostergotland,k_sweden,c_ostergotland,aq_chief_2314,tribal_government,R
c_osterland,Osterland,Elbe Lands,d_meissen,k_sorbia,c_osterland,aq_chief_2315,tribal_government,R
c_osterode,Sasna,Galindians,d_masuria,k_lithuania,c_osterode,aq_chief_2316,tribal_government,R
c_ostfriesland,Ostfriesland,Frisii,d_frisia,k_frisia,c_ostfriesland,aq_chief_2317,tribal_government,A/R
c_osumi,Ōsumi,Ōsumi,d_south_saikaido,k_tsukushi,c_osumi,aq_chief_2318,tribal_government,K
c_otrar,Otrar,Saka,d_chah,k_syr_darya,c_otrar,aq_chief_2319,tribal_government,R
c_oudalan,Oudalan,Oudalan,d_upper_gurma,k_gurma,c_oudalan,aq_chief_2320,tribal_government,K
c_oulu,Oulu,Fenni,d_pohjanmaa,k_finland,c_oulu,aq_chief_2321,tribal_government,R
c_outer_hebrides,Outer Hebrides,Epidii,d_western_isles,k_scotland,c_outer_hebrides,aq_chief_2322,tribal_government,R
c_oversticht,Oversticht,Frisii,d_utrecht,k_frisia,c_oversticht,aq_chief_2323,tribal_government,A/R
c_owari,Owari,Owari,d_tokaido,k_azuma,c_owari,aq_chief_2324,tribal_government,K
c_owu,Owu,Owu,d_ife,k_yorubaland,c_owu,aq_chief_2325,tribal_government,K
c_oxfordshire,Oxfordshire,Dobunni,d_gloucester,k_england,c_oxfordshire,aq_chief_2326,tribal_government,A/R
c_oyo,Oyo,Oyo,d_oyo,k_yorubaland,c_oyo,aq_chief_2327,tribal_government,K
c_pacatiana,Pacatiana,Phrygia,d_anatolia,k_aq_persia_anatolia,e_aq_persia,aq_chief_2328,tribal_government,R
c_paderborn,Paderborn,Cherusci,d_westfalen,k_saxony,c_paderborn,aq_chief_2329,tribal_government,A/R
c_padua,Padua,Patavium,d_verona,k_italy,c_padua,aq_chief_2330,tribal_government,A/R
c_padum,Padum,Padum,d_zanskar,k_maryul,c_padum,aq_chief_2331,tribal_government,K
c_pagan,Pagan,Pagan,d_pagan,k_pagan,c_pagan,aq_chief_2332,tribal_government,K
c_pagania,Paganija,Illyria,d_usora,k_croatia,c_pagania,aq_chief_2333,tribal_government,R
c_palakka,Kammanadu,Pakanadu,d_udayagiri,k_andhra,c_palakka,aq_chief_2334,tribal_government,R
c_palanga,Palanga,Samogitians,d_samogitia,k_lithuania,c_palanga,aq_chief_2335,tribal_government,R
c_palermo,Palermo,Panormos,d_aq_carthage_sicily,k_aq_carthage,k_aq_carthage,aq_chief_2336,tribal_government,A/R
c_pallas,Pallas,Laietania,d_barcelona,k_aragon,c_pallas,aq_chief_2337,tribal_government,R
c_palmyra,Palmyra,Tadmor,d_palmyra,k_aq_persia_syria,e_aq_persia,aq_chief_2338,tribal_government,A/R
c_palniki,Palniki,Uralic Lands,d_udmurtia,k_permia,c_palniki,aq_chief_2339,tribal_government,R
c_pamphylia,Pamphylia,Pamphylia,d_aq040_aq_persia_cilicia_cibyrrhaeot,k_aq_persia_cilicia,e_aq_persia,aq_chief_2340,tribal_government,A/R
c_panaji,Konkan,Konkana,d_konkana,k_maharastra,c_panaji,aq_chief_2341,tribal_government,R
c_panduranga,Panduranga,Panduranga,d_vijaya,k_champa,c_panduranga,aq_chief_2342,tribal_government,K
c_panjgur,Panjgur,Gedrosia,d_makran,k_aq_persia_makran,e_aq_persia,aq_chief_468,tribal_government,R
c_pannagallu,Pannagallu,Andhra,d_racakonda,k_telingana,c_pannagallu,aq_chief_2344,tribal_government,R
c_paphlagonia,Paphlagonia,Paphlagonia,d_paphlagonia,k_aq_persia_pontus,e_aq_persia,aq_chief_2345,tribal_government,R
c_papua_selatan,Papua Selatan,Papua Selatan,d_papua,k_maluku,c_papua_selatan,aq_chief_2346,tribal_government,K
c_parivi,Parivi,Nulambavadi,d_nulambavadi,k_karnata,c_parivi,aq_chief_2347,tribal_government,R
c_parma,Parma,Boii,d_lombardia,k_italy,c_parma,aq_chief_2348,tribal_government,A/R
c_paro,Paro,Paro,d_paro,k_lhomon,c_paro,aq_chief_2349,tribal_government,K
c_parsberg,Parsberg,Naristi,d_nordgau,k_bavaria,c_parsberg,aq_chief_2350,tribal_government,R
c_passau,Passau,Boii,d_bavaria,k_bavaria,c_passau,aq_chief_2351,tribal_government,A/R
c_pate,Pate,Pate,d_pate,k_zanj,c_pate,aq_chief_2352,tribal_government,K
c_pavia,Pavia,Ticinum Region,d_lombardia,k_italy,c_pavia,aq_chief_2353,tribal_government,A/R
c_pavlodar,Imekia,Imekia,d_lanikaz,k_sibir,c_pavlodar,aq_chief_2354,tribal_government,K
c_peaccam,Peäccam,Sápmi,d_giemajohka,k_sapmi,c_peaccam,aq_chief_2355,tribal_government,R
c_pecheneg,Pecheneg,Sauromatia,d_pecheneg,k_caspian_steppe,c_pecheneg,aq_chief_2356,nomad_government,R
c_pedersore,Pietarsaari,Fenni,d_pohjanmaa,k_finland,c_pedersore,aq_chief_2357,tribal_government,R
c_pegu,Pegu,Pegu,d_ramannadesa,k_pagan,c_pegu,aq_chief_2358,tribal_government,K
c_pelym,Pelym,Pelym,d_pelym,k_yugra,c_pelym,aq_chief_2359,tribal_government,K
c_pelyul,Pelyül,Pelyül,d_dege,k_kham,c_pelyul,aq_chief_2360,tribal_government,K
c_pemako,Pemako,Pemako,d_lhoyul,k_lhomon,c_pemako,aq_chief_2361,tribal_government,K
c_pemba,Pemba,Pemba,d_zanzibar,k_zanj,c_pemba,aq_chief_2362,tribal_government,K
c_pembrokeshire,Dyfed,Demetae,d_deheubarth,k_wales,c_pembrokeshire,aq_chief_2363,tribal_government,A/R
c_pendjari,Pendjari,Pendjari,d_mamprusi,k_gur,c_pendjari,aq_chief_2364,tribal_government,K
c_pengzhou,Pengzhou,Pengzhou,d_xichuan,k_aq040_shu,k_aq040_shu,aq_chief_2365,tribal_government,K
c_pengzhou_2,Pengzhou,Pengzhou,d_lilang,k_xingyuan,c_pengzhou_2,aq_chief_2366,tribal_government,K
c_penthievre,Penthièvre,Armorica,d_brittany,k_france,c_penthievre,aq_chief_2367,tribal_government,R
c_penugonda,Penugonda,Tondai Nadu,d_tondai_nadu,k_tamilakam,c_penugonda,aq_chief_2368,tribal_government,R
c_penza,Penza,Budini,d_chuvashia,k_mordvinia,c_penza,aq_chief_2369,tribal_government,R
c_perekop,Aqmescit,Taurica,d_crimea,k_pontic_steppe,c_perekop,aq_chief_2370,nomad_government,R
c_peremyshl,Peremyshl,Neuri,d_cherven_cities,k_galicia-volhynia,c_peremyshl,aq_chief_2371,tribal_government,R
c_peresopnytsia,Peresopnytsia,Neuri,d_volhynia,k_galicia-volhynia,c_peresopnytsia,aq_chief_2372,tribal_government,R
c_pereyaslavl,Pereyaslavl,Scythia,d_pereyaslavl,k_ruthenia,c_pereyaslavl,aq_chief_2373,tribal_government,R
c_perigord,Périgord,Petrocorii,d_aquitaine,k_france,c_perigord,aq_chief_2374,tribal_government,A/R
c_perm,Perm,Uralic Lands,d_perm,k_permia,c_perm,aq_chief_2375,tribal_government,R
c_petropavl,Kyzylzhar,Saka,d_tobol-ishim,k_qara_dala,c_petropavl,aq_chief_2376,nomad_government,R
c_petropavolsk,Irtysh,Irtysh,d_tara,k_sibir,c_petropavolsk,aq_chief_2377,tribal_government,K
c_petrovsk,Medveditsa,Budini,d_chuvashia,k_mordvinia,c_petrovsk,aq_chief_2378,tribal_government,R
c_phetchabun,Phetchabun,Phetchabun,d_sukhothai,k_dvaravati,c_phetchabun,aq_chief_2379,tribal_government,K
c_philippopolis,Philippopolis,Philippopolis,d_aq040_aq040_central_thrace_philippopolis,k_aq040_central_thrace,k_aq040_central_thrace,aq040_central_thrace,tribal_government,A/R
c_philomelium,Philomelion,Phrygia,d_anatolia,k_aq_persia_anatolia,e_aq_persia,aq_chief_2381,tribal_government,R
c_phiti,Pihiti,Rajarata,d_sinhala,k_aq_lanka,k_aq_lanka,aq_lanka,tribal_government,R
c_phrygia,Phrygia,Phrygia,d_aq040_aq_persia_anatolia_opsikion,k_aq_persia_anatolia,e_aq_persia,aq_chief_696,tribal_government,A/R
c_pielinen,Pielinen,Fenni,d_savo,k_finland,c_pielinen,aq_chief_2384,tribal_government,R
c_pila,Wałcz,Venedi,d_pommerania,k_pomerania,c_pila,aq_chief_2385,tribal_government,R
c_pingyang,Jinzhou,Jinzhou,d_hezhong,k_aq_wei,k_aq_wei,aq_chief_2386,tribal_government,K
c_pinsk,Pinsk,Neuri,d_pinsk,k_white_rus,c_pinsk,aq_chief_2387,tribal_government,R
c_pinzhou,Pinzhou,Pinzhou,d_youzhou,k_aq_yan,k_aq_yan,aq_chief_2388,tribal_government,K
c_pirin,Pirin,Thrace,d_bulgaria,k_bulgaria,c_pirin,aq_chief_2389,tribal_government,R
c_pisa,Pisa,Pisae,d_pisa,k_aq_etruria,k_aq_etruria,aq_chief_2390,tribal_government,A/R
c_pisidia,Pisidia,Pisidia,d_anatolia,k_aq_persia_anatolia,e_aq_persia,aq_chief_2391,tribal_government,A/R
c_pite,Pite,Sápmi,d_aarjetje,k_sapmi,c_pite,aq_chief_2392,tribal_government,R
c_pitten,Pitten,Noricum,d_steyermark,k_bavaria,c_pitten,aq_chief_2393,tribal_government,R
c_plasencia,Plasencia,Lusitania,d_badajoz,k_badajoz,c_plasencia,aq_chief_2394,tribal_government,R
c_pleiku,Pleiku,Pleiku,d_ratanakiri,k_funan,c_pleiku,aq_chief_2395,tribal_government,K
c_plocka,Płock,Vistula Lands,d_mazovia,k_poland,c_plocka,aq_chief_2396,tribal_government,R
c_plyos,Plyos,Budini,d_nizhny_novgorod,k_opolye,c_plyos,aq_chief_2397,tribal_government,R
c_plzen,Plzeň,Boii,d_bohemia,k_bohemia,c_plzen,aq_chief_2398,tribal_government,R
c_po,Po,Po,d_wagadugu,k_gur,c_po,aq_chief_2399,tribal_government,K
c_podor,Podor,Podor,d_takrur,k_takrur,c_podor,aq_chief_2400,tribal_government,K
c_podrinje,Podrinje,Dardania,d_rashka,k_serbia,c_podrinje,aq_chief_2401,tribal_government,R
c_pogibi,Pogibi,Pogibi,d_sahaliyan,k_aynumosir,c_pogibi,aq_chief_2402,tribal_government,K
c_poitiers,Poitiers,Pictones,d_poitou,k_france,c_poitiers,aq_chief_2403,tribal_government,A/R
c_polesine,Polesine,Venetia,d_verona,k_italy,c_polesine,aq_chief_2404,tribal_government,R
c_polotsk,Polotsk,Neuri,d_polotsk,k_white_rus,c_polotsk,aq_chief_2405,tribal_government,R
c_polovragi,Polovragi,Getia,d_transylvanian_alps,k_dacia,c_polovragi,aq_chief_2406,tribal_government,R
c_pomoravlje,Pomoravlje,Thrace,d_bulgaria,k_bulgaria,c_pomoravlje,aq_chief_2407,tribal_government,R
c_pomorje,Pomorje,Doclea,d_duklja,k_aq_illyria,k_aq_illyria,aq_chief_2408,tribal_government,R
c_pompeiopolis,Pompeiopolis,Paphlagonia,d_paphlagonia,k_aq_persia_pontus,e_aq_persia,aq_chief_2409,tribal_government,R
c_porto,Porto,Callaeci,d_porto,k_portugal,c_porto,aq_chief_2410,tribal_government,A/R
c_poszony,Pozsony,Boii,d_nyitra,k_hungary,c_poszony,aq_chief_2411,tribal_government,R
c_povenets,Povenets,Fenni,d_biarmia,k_bjarmaland,c_povenets,aq_chief_2412,tribal_government,R
c_pozega,Požega,Pannonia,d_slavonia,k_croatia,c_pozega,aq_chief_2413,tribal_government,R
c_poznanska,Poznań,Vistula Lands,d_wielkopolska,k_poland,c_poznanska,aq_chief_2414,tribal_government,R
c_praha,Praha,Boii,d_bohemia,k_bohemia,c_praha,aq_chief_2415,tribal_government,R
c_pravia,Pravia,Paesici,d_asturias,k_leon,c_pravia,aq_chief_2416,tribal_government,A/R
c_prayaga,Prayaga,Kanyakubja,d_kanyakubja,k_aq_nanda_kosala,e_aq_nanda,aq_chief_2417,tribal_government,R
c_prea_vihear,Prea Vihear,Prea Vihear,d_angkor,k_funan,c_prea_vihear,aq_chief_2418,tribal_government,K
c_prenzlau,Prenzlau,Semnones,d_ostmark,k_pomerania,c_prenzlau,aq_chief_2419,tribal_government,R
c_prerov,Přerov,Boii,d_moravia,k_bohemia,c_prerov,aq_chief_2420,tribal_government,R
c_prigoro_tabynsk,Prigoro Tabynsk,Uralic Steppe,d_bashkiria,k_bashkiria,c_prigoro_tabynsk,aq_chief_2421,tribal_government,R
c_provence,Provence,Massalia,d_provence,k_burgundy,c_provence,aq_chief_2422,tribal_government,A/R
c_prusa,Prusa,Bithynia,d_opsikion,k_aq_persia_nikaea,e_aq_persia,aq_chief_2423,tribal_government,A/R
c_przemkow,Przemków,Lugian Lands,d_lower_silesia,k_poland,c_przemkow,aq_chief_2424,tribal_government,R
c_pset,Pset,Illyria Interior,d_bosna,k_croatia,c_pset,aq_chief_2425,tribal_government,R
c_pskov,Pskov,Neuri,d_novgorod,k_novgorod,c_pskov,aq_chief_2426,tribal_government,R
c_pudozh,Pudozh,Fenni,d_biarmia,k_bjarmaland,c_pudozh,aq_chief_2427,tribal_government,R
c_puigcerda,Cerdaña,Laietania,d_barcelona,k_aragon,c_puigcerda,aq_chief_2428,tribal_government,R
c_pula,Pula,Pola,d_istria,k_italy,c_pula,aq_chief_2429,tribal_government,A/R
c_punakha,Punakha,Punakha,d_paro,k_lhomon,c_punakha,aq_chief_2430,tribal_government,K
c_pundravardhana,Pundravardhana,Varendra,d_varendra,k_aq_nanda_bengal,e_aq_nanda,aq_chief_2431,tribal_government,R
c_pungju,Pungju,Pungju,d_haeju,k_goguryeo,c_pungju,aq_chief_2432,tribal_government,K
c_purang,Purang,Purang,d_purang,k_guge,c_purang,aq_chief_2433,tribal_government,K
c_puri,Puri,Kalinga,d_kalinga,k_aq_nanda_orissa,e_aq_nanda,aq_chief_2434,tribal_government,R
c_purig,Purig,Purig,d_zanskar,k_maryul,c_purig,aq_chief_2435,tribal_government,K
c_pursat,Pursat,Pursat,d_angkor_borey,k_funan,c_pursat,aq_chief_2436,tribal_government,K
c_purushapura,Purushapura,Gandhara,d_gandhara,k_aq_persia_punjab,e_aq_persia,aq_chief_2437,tribal_government,R
c_putao,Putao,Putao,d_tengchong,k_pagan,c_putao,aq_chief_2438,tribal_government,K
c_puttlingen,Puttlingen,Treveri,d_upper_lorraine,k_lotharingia,c_puttlingen,aq_chief_2439,tribal_government,R
c_putyvl,Putyvl,Neuri,d_chernigov,k_ruthenia,c_putyvl,aq_chief_2440,tribal_government,R
c_puzhou,Puzhou,Puzhou,d_dongchuan,k_aq040_shu,k_aq040_shu,aq_chief_2441,tribal_government,K
c_puzhou_2,Puzhou,Puzhou,d_aq040_aq040_wey_yuncao,k_aq040_wey,k_aq040_wey,aq_chief_2442,tribal_government,K
c_pyeongju,Pyeongju,Pyeongju,d_gaeseong,k_goguryeo,c_pyeongju,aq_chief_2443,tribal_government,K
c_qadisiya,Qadisiya,Babylonia,d_kufa,k_aq_persia_mesopotamia,e_aq_persia,aq_chief_2444,tribal_government,A/R
c_qain,Qain,Parthia,d_kohestan,k_aq_persia_khorasan,e_aq_persia,aq_chief_2445,tribal_government,R
c_qalaafe,Qalaafe,Qalaafe,d_west_ajuraan,k_ajuraan,c_qalaafe,aq_chief_2446,tribal_government,K
c_qamdo,Qamdo,Qamdo,d_qamdo,k_kham,c_qamdo,aq_chief_2447,tribal_government,K
c_qaraustyurt,Qaraustyurt,Dahae,d_transcaspiana,k_oghuz_il,c_qaraustyurt,aq_chief_2448,nomad_government,R
c_qaryatan,Qaryatan,Tadmor,d_palmyra,k_aq_persia_syria,e_aq_persia,aq_chief_2449,tribal_government,R
c_qashtiliya,Qashtiliya,Capsa,d_jerid,k_africa,c_qashtiliya,aq_chief_2450,tribal_government,R
c_qasim,Qasim,Arabia Interior,d_najd,k_arabia,c_qasim,aq_chief_2451,tribal_government,R
c_qasr_ibrim,Qasr Ibrim,Qasr Ibrim,d_nobatia,k_aq_kush,k_aq_kush,aq_chief_2452,tribal_government,K
c_qataa,Qataa,Qataa,d_baqlin,k_blemmyia,c_qataa,aq_chief_2453,tribal_government,K
c_qatif,Qatif,Gerrha,d_bahrain,k_arabia,c_qatif,aq_chief_2454,tribal_government,A/R
c_qayaliq,Qayaliq,Saka,d_zhetysu,k_zhetysu,c_qayaliq,aq_chief_2455,nomad_government,R
c_qazwin,Qazwin,Cadusia,d_daylam,k_aq_persia_daylam,e_aq_persia,aq_chief_2456,tribal_government,R
c_qianzhou,Qianzhou,Qianzhou,d_zhaoxin,k_aq_chu,k_aq_chu,aq_chief_2457,tribal_government,K
c_qianzhou_1,Qianzhou,Qianzhou,d_qianzhong,k_kuizhou,c_qianzhou_1,aq_chief_2458,tribal_government,K
c_qilin,Qilin,Qilin,d_qilian,k_hexi,c_qilin,aq_chief_2459,nomad_government,K
c_qimr,Qimr,Qimr,d_west_darfur,k_darfur,c_qimr,aq_chief_2460,tribal_government,K
c_qinggil,Qinggil,Saka,d_altay,k_dzungaria,c_qinggil,aq_chief_2461,nomad_government,R
c_qingshan,Qingshan,Qingshan,d_xinan,k_daibei,c_qingshan,aq_chief_2462,tribal_government,K
c_qingyang,Qingzhou,Qingzhou,d_binning,k_aq_qin,k_aq_qin,aq_chief_2463,tribal_government,K
c_qingyuan,Yizhou,Yizhou,d_guiguan,k_lingxi,c_qingyuan,aq_chief_2464,tribal_government,K
c_qingzhou,Qingzhou,Qingzhou,d_ziqing,k_aq_qi,k_aq_qi,aq_qi,tribal_government,K
c_qinnasrin,Qinnasrin,Halab,d_aleppo,k_aq_persia_syria,e_aq_persia,aq_chief_2466,tribal_government,R
c_qinzhou_1,Qinzhou,Qinzhou,d_qincheng,k_aq_qin,k_aq_qin,aq_chief_2467,tribal_government,K
c_qinzhou_2,Qinzhou,Qinzhou,d_yongguan,k_lingxi,c_qinzhou_2,aq_chief_2468,tribal_government,K
c_qiongbu,Qiongbu,Qiongbu,d_qiongnan,k_aq040_shu,k_aq040_shu,aq_chief_2469,tribal_government,K
c_qiongzhou,Qiongzhou,Qiongzhou,d_qiongnan,k_aq040_shu,k_aq040_shu,aq_chief_2470,tribal_government,K
c_qizhou,Qizhou,Qizhou,d_yuncao,k_aq_qi,k_aq_qi,aq_chief_2471,tribal_government,K
c_qizhou_1,Qizhou,Qizhou,d_eyue,k_aq_chu,k_aq_chu,aq_chief_2472,tribal_government,K
c_qom,Qom,Media,d_rayy,k_aq_persia_daylam,e_aq_persia,aq_chief_2473,tribal_government,A/R
c_qoshagyl,Qoshagyl,Dahae,d_jemba,k_oghuz_il,c_qoshagyl,aq_chief_2474,nomad_government,R
c_quanzhou,Quanzhou,Quanzhou,d_pinghai,k_fujian,c_quanzhou,aq_chief_2475,tribal_government,K
c_quanzhou_2,Quanzhou,Quanzhou,d_lingling,k_aq_chu,k_aq_chu,aq_chief_2476,tribal_government,K
c_quercy,Quercy,Cadurci,d_toulouse,k_france,c_quercy,aq_chief_2477,tribal_government,A/R
c_qumarleb,Qumarlêb,Qumarlêb,d_qumarleb,k_amdo,c_qumarleb,aq_chief_2478,tribal_government,K
c_qumisha,Qumisha,Persis,d_isfahan,k_aq_persia_persia,e_aq_persia,aq_chief_2479,tribal_government,R
c_quoc_oai,Quoc Oai,Quoc Oai,d_lam_tay,k_viet,c_quoc_oai,aq_chief_2480,tribal_government,K
c_quqen,Quqên,Quqên,d_gyalrong,k_gyalrong,c_quqen,aq_chief_2481,tribal_government,K
c_quriltay,Quriltay,Saka,d_muyunkum,k_syr_darya,c_quriltay,aq_chief_2482,nomad_government,R
c_qurta,Qurta,Qurta,d_nobatia,k_aq_kush,k_aq_kush,aq_chief_2483,tribal_government,K
c_qus,Qus,Upper Egypt,d_al-said,k_aq_egypt,k_aq_egypt,aq_chief_2484,tribal_government,A/R
c_qusayr,Qusayr,Eastern Desert,d_eastern_desert,k_aq_egypt,k_aq_egypt,aq_chief_2485,tribal_government,R
c_quye,Quye,Quye,d_xiasui,k_xia,c_quye,aq_chief_2486,tribal_government,K
c_quzhou,Quzhou,Quzhou,d_baqu,k_aq040_ba,k_aq040_ba,aq_chief_2487,tribal_government,K
c_quzhou_1,Quzhou,Quzhou,d_shimen,k_qianzhong,c_quzhou_1,aq_chief_2488,tribal_government,K
c_qyzylteniz,Qyzylteniz,Saka,d_saryarka,k_cuman,c_qyzylteniz,aq_chief_2489,nomad_government,R
c_qyzylustyurt,Qyzylustyurt,Dahae,d_transcaspiana,k_oghuz_il,c_qyzylustyurt,aq_chief_2490,nomad_government,R
c_qyzylyaitsk,Qyzylyaitsk,Sauromatia,d_pecheneg,k_caspian_steppe,c_qyzylyaitsk,aq_chief_2491,nomad_government,R
c_racakonda,Racakonda,Andhra,d_racakonda,k_telingana,c_racakonda,aq_chief_2492,tribal_government,R
c_radha,Radha,Gauda,d_gauda,k_aq_nanda_bengal,e_aq_nanda,aq_chief_2493,tribal_government,R
c_radomska,Radom,Vistula Lands,d_lesser_poland,k_poland,c_radomska,aq_chief_2494,tribal_government,R
c_ragusa,Ragusa,Epidaurum,d_ragusa,k_croatia,c_ragusa,aq_chief_2495,tribal_government,A/R
c_rahba,Rahba,Mesopotamia,d_euphrates,k_aq_persia_jazira,e_aq_persia,aq_chief_2496,tribal_government,R
c_raimskoe,Raimskoe,Dahae,d_aral_il,k_oghuz_il,c_raimskoe,aq_chief_2497,nomad_government,R
c_rajanpur,Rajanpur,Sauvira,d_bhakkar,k_aq_persia_sindh,e_aq_persia,aq_chief_2498,tribal_government,R
c_rajrappa,Rajrappa,Atavi,d_jharkand,k_aq_nanda,e_aq_nanda,aq_chief_2499,tribal_government,R
c_rakcha,Rakcha,Budini,d_mordvinia,k_mordvinia,c_rakcha,aq_chief_2500,tribal_government,R
c_rama,Rama,Illyria Interior,d_bosna,k_croatia,c_rama,aq_chief_2501,tribal_government,R
c_ramagiri,Ramagiri,Vidharba,d_vidharba,k_maharastra,c_ramagiri,aq_chief_2502,tribal_government,R
c_ramhurmuz,Ramhurmuz,Susiana,d_khuzestan,k_aq_persia_persia,e_aq_persia,aq_chief_2503,tribal_government,A/R
c_ramu,Ramu,Ramu,d_arakan,k_pagan,c_ramu,aq_chief_2504,tribal_government,K
c_rangzhou,Rangzhou,Rangzhou,d_yongguan,k_lingxi,c_rangzhou,aq_chief_2505,tribal_government,K
c_ranikot,Ranikot,Sauvira,d_sauvira,k_aq_persia_sindh,e_aq_persia,aq_chief_2506,tribal_government,R
c_raniriki,Elfinn,Scandia,d_viken,k_norway,c_raniriki,aq_chief_2507,tribal_government,R
c_rano,Rano,Rano,d_kano,k_hausaland,c_rano,aq_chief_2508,tribal_government,K
c_ranthambore,Ranthambore,Matsya,d_ajmer,k_rajputana,c_ranthambore,aq_chief_2509,tribal_government,R
c_raozhou,Raozhou,Raozhou,d_dingjiang,k_aq_chu,k_aq_chu,aq_chief_2510,tribal_government,K
c_raqqa,Raqqa,Mesopotamia,d_diyarmudar,k_aq_persia_jazira,e_aq_persia,aq_chief_2511,tribal_government,R
c_ras_hafun,Ras Hafun,Ras Hafun,d_hafun,k_ajuraan,c_ras_hafun,aq_chief_2512,tribal_government,K
c_raseiniai,Raseiniai,Samogitians,d_samogitia,k_lithuania,c_raseiniai,aq_chief_2513,tribal_government,R
c_rashka,Raška,Dardania,d_rashka,k_serbia,c_rashka,aq_chief_2514,tribal_government,R
c_rasht,Rasht,Bactria,d_khuttal,k_aq_persia_bactria,e_aq_persia,aq_chief_2515,tribal_government,R
c_ratanakiri,Ratanakiri,Ratanakiri,d_ratanakiri,k_funan,c_ratanakiri,aq_chief_2516,tribal_government,K
c_ratanpur,Ratanpur,Dakshina Kosala,d_ratanpur,k_aq_nanda_gondwana,e_aq_nanda,aq_chief_2517,tribal_government,R
c_ratibor,Ratibor,Boii Frontier,d_upper_silesia,k_poland,c_ratibor,aq_chief_2518,tribal_government,R
c_ravenna,Ravenna,Ravenna,d_romagna,k_romagna,c_ravenna,aq_chief_2519,tribal_government,A/R
c_ravensburg,Ravensburg,Vindelicia,d_augsburg,k_bavaria,c_ravensburg,aq_chief_2520,tribal_government,R
c_rayapura,Rayapura,Daksina Kosala,d_daksina_kosala,k_aq_nanda_orissa,e_aq_nanda,aq_chief_2521,tribal_government,R
c_rayy,Rayy,Rhagae,d_rayy,k_aq_persia_daylam,e_aq_persia,aq_chief_2522,tribal_government,A/R
c_rebgong,Rebgong,Rebgong,d_malho,k_gyalrong,c_rebgong,aq_chief_2523,tribal_government,K
c_regensburg,Regensburg,Vindelici,d_bavaria,k_bavaria,c_regensburg,aq_chief_2524,tribal_government,A/R
c_reggio_calabria,Reggio Calabria,Rhegion,d_calabria,k_sicily,c_reggio_calabria,aq_chief_2525,tribal_government,A/R
c_reims,Reims,Remi,d_champagne,k_france,c_reims,aq_chief_2526,tribal_government,A/R
c_renandu,Renandu,Tondai Nadu,d_tondai_nadu,k_tamilakam,c_renandu,aq_chief_2527,tribal_government,R
c_reni,Reni,Jangala,d_jangladesh,k_rajputana,c_reni,aq_chief_2528,tribal_government,R
c_rennes,Rennes,Redones,d_brittany,k_france,c_rennes,aq_chief_2529,tribal_government,A/R
c_rethel,Rethel,Remi,d_champagne,k_france,c_rethel,aq_chief_2530,tribal_government,R
c_reval,Rävala,Aestii,d_esthonia,k_esthonia,c_reval,aq_chief_2531,tribal_government,R
c_rhodopes,Rhodopes,Odrysia,d_aq040_aq040_central_thrace_philippopolis,k_aq040_central_thrace,k_aq040_central_thrace,aq_chief_2532,tribal_government,R
c_rhodos,Rhodos,Rhodos,d_aegean_islands,k_thessalonika,c_rhodos,aq_chief_2533,tribal_government,A/R
c_riau,Riau,Riau,d_MAL_pahang,k_hujung_medini,c_riau,aq_chief_2534,tribal_government,K
c_ribe,Ribe,Cimbria,d_slesvig,k_denmark,c_ribe,aq_chief_2535,tribal_government,R
c_rima,Rima,Rima,d_dzayul,k_lhomon,c_rima,aq_chief_2536,tribal_government,K
c_ringkobing,Ringkøbing,Cimbria,d_jylland,k_denmark,c_ringkobing,aq_chief_2537,tribal_government,R
c_riqan,Riqan,Carmania,d_jabal_kufs,k_aq_persia_carmania,e_aq_persia,aq_chief_2538,tribal_government,R
c_rivsharan,Rivsharan,Margiana,d_merv,k_aq_persia_margiana,e_aq_persia,aq_chief_2539,tribal_government,R
c_rogalandi,Rogaland,Scandia,d_vestlandi,k_norway,c_rogalandi,aq_chief_2540,tribal_government,R
c_rohana,Rohana,Ruhunu,d_ruhunu,k_aq_lanka,k_aq_lanka,aq_chief_2541,tribal_government,R
c_roing,Roing,Roing,d_dzayul,k_lhomon,c_roing,aq_chief_2542,tribal_government,K
c_roma,Roma,Roma,d_latium,k_aq_rome,k_aq_rome,aq_rome,tribal_government,A/R
c_romen,Romen,Scythia,d_pereyaslavl,k_ruthenia,c_romen,aq_chief_2544,tribal_government,R
c_rongshui,Rongzhou,Rongzhou,d_guiguan,k_lingxi,c_rongshui,aq_chief_2545,tribal_government,K
c_rongzhou,Rongzhou,Rongzhou,d_wuxin,k_aq040_ba,k_aq040_ba,aq_chief_2546,tribal_government,K
c_rongzhou_2,Rongzhou,Rongzhou,d_rongguan,k_lingxi,c_rongzhou_2,aq_chief_2547,tribal_government,K
c_roslavl,Roslavl,Budini,d_smolensk,k_white_rus,c_roslavl,aq_chief_2548,tribal_government,R
c_ross,Ross,Caledonii,d_moray,k_scotland,c_ross,aq_chief_2549,tribal_government,A/R
c_rossano,Rossano,Bruttii,d_calabria,k_sicily,c_rossano,aq_chief_2550,tribal_government,A/R
c_rossello,Rosselló,Laietania,d_barcelona,k_aragon,c_rossello,aq_chief_2551,tribal_government,R
c_rostock,Rostock,Venedi,d_nordmark,k_pomerania,c_rostock,aq_chief_2552,tribal_government,R
c_rothas,Rothas,Atavi,d_jharkand,k_aq_nanda,e_aq_nanda,aq_chief_2553,tribal_government,R
c_rothenburg,Rothenburg,Vindelici,d_bavaria,k_bavaria,c_rothenburg,aq_chief_2554,tribal_government,R
c_rouen,Rouen,Veliocasses,d_normandy,k_france,c_rouen,aq_chief_2555,tribal_government,A/R
c_rouergue,Rouergue,Ruteni,d_toulouse,k_france,c_rouergue,aq_chief_2556,tribal_government,A/R
c_rounala,Rounala,Sápmi,d_duortnoseatnu,k_sapmi,c_rounala,aq_chief_2557,tribal_government,R
c_rouyuan,Rouyuan,Rouyuan,d_sanggan,k_aq_zhao,k_aq_zhao,aq_chief_2558,tribal_government,K
c_rudbar,Rudbar,Drangiana,d_sistan,k_aq_persia_drangiana,e_aq_persia,aq_chief_2559,tribal_government,R
c_rugen,Rügen,Venedi,d_nordmark,k_pomerania,c_rugen,aq_chief_2560,tribal_government,R
c_rukhaj,Rukhaj,Arachosia,d_zabulistan,k_aq_persia_kabulistan,e_aq_persia,aq_chief_2561,tribal_government,A/R
c_runzhou,Runzhou,Runzhou,d_jiangdong,k_aq_yue,k_aq_yue,aq_chief_2562,tribal_government,K
c_ruppin,Ruppin,Semnones,d_ostmark,k_pomerania,c_ruppin,aq_chief_2563,tribal_government,R
c_rusa,Rusa,Neuri,d_novgorod,k_novgorod,c_rusa,aq_chief_2564,tribal_government,R
c_rusafa,Rusafa,Lower Babylonia,d_basra,k_aq_persia_mesopotamia,e_aq_persia,aq_chief_2565,tribal_government,R
c_rutog,Rutog,Rutog,d_rutog,k_maryul,c_rutog,aq_chief_2566,tribal_government,K
c_ruyan,Ruyan,Hyrcania,d_tabaristan,k_aq_persia_hyrcania,e_aq_persia,aq_chief_2567,tribal_government,R
c_ruzhou,Ruzhou,Ruzhou,d_dongji,k_aq_zhou,k_aq_zhou,aq_chief_2568,tribal_government,K
c_ryazan,Ryazan,Budini,d_ryazan,k_opolye,c_ryazan,aq_chief_2569,tribal_government,R
c_ryty,Ryty,Ryty,d_tsagaanbaigal,k_buryatia,c_ryty,aq_chief_2570,nomad_government,K
c_saalum,Saalum,Saalum,d_wuli,k_kaabu,c_saalum,aq_chief_2571,tribal_government,K
c_saarbrucken,Saarbrücken,Treveri,d_upper_lorraine,k_lotharingia,c_saarbrucken,aq_chief_2572,tribal_government,R
c_sabakyul,Sabakyul,Saka,d_kurgan,k_qara_dala,c_sabakyul,aq_chief_2573,nomad_government,R
c_sable,Sablé,Andecavi,d_anjou,k_france,c_sable,aq_chief_2574,tribal_government,R
c_sabzevar,Sabzevar,Aria,d_herat,k_aq_persia_aria,e_aq_persia,aq_chief_2575,tribal_government,R
c_sacz,Sącz,Vistula Lands,d_lesser_poland,k_poland,c_sacz,aq_chief_2576,tribal_government,R
c_safata,Safata,Babylonia,d_kufa,k_aq_persia_mesopotamia,e_aq_persia,aq_chief_2577,tribal_government,R
c_sagaing,Sagaing,Sagaing,d_pagan,k_pagan,c_sagaing,aq_chief_2578,tribal_government,K
c_sagami,Sagami,Sagami,d_west_bando,k_azuma,c_sagami,aq_chief_2579,tribal_government,K
c_sagar,Sagar,Kuntala,d_kalyani,k_karnata,c_sagar,aq_chief_2580,tribal_government,R
c_sagiz,Sagiz,Sauromatia,d_atyrau,k_caspian_steppe,c_sagiz,aq_chief_2581,nomad_government,R
c_sagya,Sa'gya,Sa'gya,d_sagya,k_tsang,c_sagya,aq_chief_2582,tribal_government,K
c_sai,Sai,Sai,d_makuria,k_aq_kush,k_aq_kush,aq_chief_2583,tribal_government,K
c_saimara,Saimara,Media,d_kermanshah,k_aq_persia_daylam,e_aq_persia,aq_chief_2584,tribal_government,R
c_saintonge,Saintonge,Santones,d_aquitaine,k_france,c_saintonge,aq_chief_2585,tribal_government,A/R
c_sakala,Sakala,Madra,d_lahore,k_punjab,c_sakala,aq_chief_2586,tribal_government,R
c_sakarai,Sakarāi,Matsya,d_ajmer,k_rajputana,c_sakarai,aq_chief_2587,tribal_government,R
c_sakmara,Sakmara,Uralic Steppe,d_sakmara,k_bashkiria,c_sakmara,aq_chief_2588,tribal_government,R
c_salamanca,Salamanca,Vettones,d_leon,k_leon,c_salamanca,aq_chief_2589,tribal_government,A/R
c_salamat,Salamat,Salamat,d_salamat,k_sao,c_salamat,aq_chief_2590,tribal_government,K
c_salavat,Salavat,Sauromatia,d_bugurslan,k_volga_bulgaria,c_salavat,aq_chief_2591,tribal_government,R
c_salerno,Salerno,Campania,d_salerno,k_sicily,c_salerno,aq_chief_2592,tribal_government,A/R
c_salinis,Salinis,Fenni,d_karelia,k_finland,c_salinis,aq_chief_2593,tribal_government,R
c_salo_tai,Salo Tai,Salo Tai,d_phonsavan,k_chenla,c_salo_tai,aq_chief_2594,tribal_government,K
c_salzburg,Salzburg,Noricum,d_salzburg,k_bavaria,c_salzburg,aq_chief_2595,tribal_government,A/R
c_sam_nuea,Sam Nuea,Sam Nuea,d_nghe_an,k_viet,c_sam_nuea,aq_chief_2596,tribal_government,K
c_samaiqan,Samalqan,Parthia,d_nishapur,k_aq_persia_khorasan,e_aq_persia,aq_chief_2597,tribal_government,R
c_samander,Sarir,Caucasia,d_ciscaucasia,k_caucasus,c_samander,aq_chief_2598,nomad_government,R
c_samar,Samar,Royal Scythia,d_levedia,k_pontic_steppe,c_samar,aq_chief_2599,nomad_government,R
c_samar_VB,Samar,Sauromatia,d_volga_bulgaria,k_volga_bulgaria,c_samar_VB,aq_chief_2600,tribal_government,R
c_samarkand,Samarkand,Sogdiana,d_soghd,k_aq_persia_transoxiana,e_aq_persia,aq_chief_432,tribal_government,R
c_samarra,Samarra,Opis Region,d_samarra,k_aq_persia_mesopotamia,e_aq_persia,aq_chief_2602,tribal_government,A/R
c_samatata,Samatata,Vanga,d_vanga,k_aq_nanda_bengal,e_aq_nanda,aq_chief_2603,tribal_government,R
c_sambalpur,Sambalpur,Daksina Kosala,d_daksina_kosala,k_aq_nanda_orissa,e_aq_nanda,aq_chief_2604,tribal_government,R
c_sambhal,Sambhal,Vodamayutja,d_vodamayutja,k_aq_nanda_delhi,e_aq_nanda,aq_chief_2605,tribal_government,R
c_sambhupura,Sambhupura,Sambhupura,d_angkor,k_funan,c_sambhupura,aq_chief_2606,tribal_government,K
c_samiran,Samiran,Caucasia,d_ciscaucasia,k_caucasus,c_samiran,aq_chief_2607,nomad_government,R
c_samman,Samman,Tylos,d_bahrain,k_arabia,c_samman,aq_chief_2608,tribal_government,R
c_samosata,Samosata,Commagene,d_edessa,k_aq_persia_syria,e_aq_persia,aq_chief_2609,tribal_government,A/R
c_sanaa,San'a',Saba,d_sanaa,k_aq_saba,k_aq_saba,aq_saba,tribal_government,A/R
c_sanasomboon,Sanasomboon,Sanasomboon,d_phonsavan,k_chenla,c_sanasomboon,aq_chief_2611,tribal_government,K
c_sancerre,Sancerre,Carnutes,d_orleans,k_france,c_sancerre,aq_chief_2612,tribal_government,R
c_sanda,Sanda,Sanda,d_sapi,k_guinea,c_sanda,aq_chief_2613,tribal_government,K
c_sandomierska,Sandomierz,Vistula Lands,d_lesser_poland,k_poland,c_sandomierska,aq_chief_2614,tribal_government,R
c_sandoway,Sandoway,Sandoway,d_arakan,k_pagan,c_sandoway,aq_chief_2615,tribal_government,K
c_sangju,Sangju,Sangju,d_gyeongju,k_silla,c_sangju,aq_chief_2616,tribal_government,K
c_sangqu,Sangqu,Sangqu,d_gainlho,k_gyalrong,c_sangqu,aq_chief_2617,tribal_government,K
c_sanij,Sanij,Gedrosia,d_makran,k_aq_persia_makran,e_aq_persia,aq_chief_2618,tribal_government,R
c_sankt_gallen,Sankt Gallen,Helvetii,d_currezia,k_east_francia,c_sankt_gallen,aq_chief_2619,tribal_government,A/R
c_sankt_polten,Sankt Pölten,Noricum,d_osterreich,k_bavaria,c_sankt_polten,aq_chief_2620,tribal_government,R
c_santiago,Santiago,Gallaeci,d_galicia,k_spanish_galicia,c_santiago,aq_chief_2621,tribal_government,A/R
c_sanuki,Sanuki,Sanuki,d_nankaido,k_yamato,c_sanuki,aq_chief_2622,tribal_government,K
c_saoura,Saoura,Sahara,d_taghaza,k_anbiya,c_saoura,aq_chief_2623,tribal_government,R
c_saptagrama,Saptagrama,Vanga,d_nadia,k_aq_nanda_bengal,e_aq_nanda,aq_chief_2624,tribal_government,R
c_saqsin,Saqsin,Sauromatia,d_itil,k_caspian_steppe,c_saqsin,aq_chief_2625,nomad_government,R
c_sarakhs,Sarakhs,Margiana,d_merv,k_aq_persia_margiana,e_aq_persia,aq_chief_2626,tribal_government,A/R
c_saran,Saran,Budini,d_saran,k_mordvinia,c_saran,aq_chief_2627,tribal_government,R
c_sarangpur,Sarangpur,Akara-Dasarna,d_akara_dasarna,k_malwa,c_sarangpur,aq_chief_2628,tribal_government,R
c_sarasvata_mandala,Sarasvata Mandala,Gurjara Mandala,d_gurjara_mandala,k_gujarat,c_sarasvata_mandala,aq_chief_2629,tribal_government,R
c_sarasvati,Sarasvati,Haritanaka,d_haritanaka,k_delhi,c_sarasvati,aq_chief_2630,tribal_government,R
c_saratov,Sar Atau,Budini,d_chuvashia,k_mordvinia,c_saratov,aq_chief_2631,tribal_government,R
c_sardan,Sardan,Susiana,d_khuzestan,k_aq_persia_persia,e_aq_persia,aq_chief_2632,tribal_government,R
c_saris,Šariš,Carpathian Celts,d_ungvar,k_hungary,c_saris,aq_chief_2633,tribal_government,R
c_sarkel,Sarkel,Scythia,d_khazaria,k_caucasus,c_sarkel,aq_chief_2634,nomad_government,R
c_sartlan,Sartlan,Sartlan,d_baraba_steppe,k_ob,c_sartlan,aq_chief_2635,tribal_government,K
c_sarykamysh,Sarykamysh,Chorasmia,d_uzboy,k_transoxiana,c_sarykamysh,aq_chief_2636,nomad_government,R
c_sarysyn,Sarysyn,Sauromatia,d_don_valley,k_pontic_steppe,c_sarysyn,aq_chief_2637,nomad_government,R
c_sasaram,Sasaram,Magadha,d_magadha,k_aq_nanda,e_aq_nanda,aq_chief_2638,tribal_government,R
c_sasyk_kul,Sasyk Kul,Saka,d_semey,k_kipchak,c_sasyk_kul,aq_chief_2639,nomad_government,R
c_satakunta,Satakunta,Fenni,d_finland,k_finland,c_satakunta,aq_chief_2640,tribal_government,R
c_satala,Satala,Armenia Minor,d_chaldia,k_aq_persia_pontus,e_aq_persia,aq_chief_2641,tribal_government,A/R
c_satfura,Satfura,Tunes,d_tunis,k_aq_carthage,k_aq_carthage,aq_chief_2642,tribal_government,R
c_satif,Satif,Numidia,d_bejaia,k_tahert,c_satif,aq_chief_2643,tribal_government,A/R
c_satsuma,Satsuma,Satsuma,d_south_saikaido,k_tsukushi,c_satsuma,aq_chief_2644,tribal_government,K
c_satyapura,Satyapura,Stravani,d_stravani,k_rajputana,c_satyapura,aq_chief_2645,tribal_government,R
c_saumur,Saumur,Andecavi,d_anjou,k_france,c_saumur,aq_chief_2646,tribal_government,A/R
c_savalu,Savalu,Savalu,d_savalu,k_borgu,c_savalu,aq_chief_2647,tribal_government,K
c_savoie,Savoie,Allobroges,d_savoie,k_burgundy,c_savoie,aq_chief_2648,tribal_government,A/R
c_say,Say,Say,d_lower_gurma,k_gurma,c_say,aq_chief_2649,tribal_government,K
c_sayanchu,Sayanchu,Sayanchu,d_western_sayan,k_tuva,c_sayanchu,aq_chief_2650,tribal_government,K
c_sayn,Sayn,Ubii,d_lower_lorraine,k_lotharingia,c_sayn,aq_chief_2651,tribal_government,R
c_scalovia,Scalovia,Samogitians,d_samogitia,k_lithuania,c_scalovia,aq_chief_2652,tribal_government,R
c_schaumberg,Schaumberg,Noricum,d_salzburg,k_bavaria,c_schaumberg,aq_chief_2653,tribal_government,R
c_schmalkalden,Schmalkalden,Hermunduri,d_thuringia,k_east_francia,c_schmalkalden,aq_chief_2654,tribal_government,R
c_schweibus,Schweibus,Lugian Lands,d_lower_silesia,k_poland,c_schweibus,aq_chief_2655,tribal_government,R
c_sebasteia,Sebasteia,Cappadocia,d_sebasteia,k_aq_persia_cappadocia,e_aq_persia,aq_chief_2656,tribal_government,R
c_sebezh,Sebezh,Neuri,d_novgorod,k_novgorod,c_sebezh,aq_chief_2657,tribal_government,R
c_sebur,Sebur,Uralic Lands,d_perm,k_permia,c_sebur,aq_chief_2658,tribal_government,R
c_selenga,Selenga,Selenga,d_selenga_valley,k_otuken,c_selenga,aq_chief_2659,nomad_government,K
c_seleucia,Seleucia,Cilicia,d_cilicia,k_aq_persia_cilicia,e_aq_persia,aq_chief_2660,tribal_government,A/R
c_selge,Selge,Phrygia,d_anatolia,k_aq_persia_anatolia,e_aq_persia,aq_chief_2661,tribal_government,R
c_selpils,Selpils,Curonians,d_courland,k_lithuania,c_selpils,aq_chief_2662,tribal_government,R
c_semey,Semey,Saka,d_semey,k_kipchak,c_semey,aq_chief_2663,nomad_government,R
c_semien,Semien,Semien,d_gondar,k_abyssinia,c_semien,aq_chief_2664,tribal_government,K
c_sennar,Sennar,Sennar,d_sennar,k_aq_kush,k_aq_kush,aq_chief_2665,tribal_government,K
c_seno,Seno,Seno,d_yatenga,k_gurma,c_seno,aq_chief_2666,tribal_government,K
c_sens,Sens,Senones,d_champagne,k_france,c_sens,aq_chief_2667,tribal_government,A/R
c_seogyeong,Seogyeong,Seogyeong,d_bukgye,k_goguryeo,c_seogyeong,aq_chief_2668,tribal_government,K
c_seongju,Seongju,Seongju,d_bukgye,k_goguryeo,c_seongju,aq_chief_2669,tribal_government,K
c_serae,Sera'e,Sera'e,d_aksum,k_abyssinia,c_serae,aq_chief_2670,tribal_government,K
c_serdosk,Serdosk,Budini,d_saran,k_mordvinia,c_serdosk,aq_chief_2671,tribal_government,R
c_serres,Serres,Sirra,d_aq040_thessalonika_strymon,k_thessalonika,c_serres,aq_chief_2672,tribal_government,A/R
c_sertar,Sêrtar,Sêrtar,d_chakla,k_gyalrong,c_sertar,aq_chief_2673,tribal_government,K
c_settsu,Settsu,Settsu,d_kinai,k_yamato,c_settsu,aq_chief_2674,tribal_government,K
c_sevede,Sevede,Geats,d_smaland,k_sweden,c_sevede,aq_chief_2675,tribal_government,R
c_severin,Severin,Getia,d_oltenia,k_dacia,c_severin,aq_chief_2676,tribal_government,R
c_sevilla,Sevilla,Hispalis Region,d_sevilla,k_andalusia,c_sevilla,aq_chief_2677,tribal_government,A/R
c_sevsk,Sevsk,Neuri,d_karachev,k_ruthenia,c_sevsk,aq_chief_2678,tribal_government,R
c_sewa,Sêwa,Sêwa,d_conyi,k_u,c_sewa,aq_chief_2679,tribal_government,K
c_sfax,Sfax,Tacape,d_gabes,k_aq_carthage,k_aq_carthage,aq_chief_2680,tribal_government,R
c_shabe,Shabe,Shabe,d_savalu,k_borgu,c_shabe,aq_chief_2681,tribal_government,K
c_shahrazur,Shahrazur,Corduene,d_kurdistan,k_aq_persia_jazira,e_aq_persia,aq_chief_2682,tribal_government,R
c_shahre-babak,Shahr-e-Babak,Persis,d_yazd,k_aq_persia_persia,e_aq_persia,aq_chief_2683,tribal_government,R
c_shaki,Shaki,Caucasian Albania,d_shirvan,k_aq_persia_daylam,e_aq_persia,aq_chief_2684,tribal_government,R
c_shamir,Shamir,Shamir,d_shamir,k_aq_kush,k_aq_kush,aq_chief_2685,tribal_government,K
c_shanchan,Shanchan,Shanchan,d_tuodong,k_dali,c_shanchan,aq_chief_2686,tribal_government,K
c_shangxi,Shangxi,Shangxi,d_wuxi,k_kuizhou,c_shangxi,aq_chief_2687,tribal_government,K
c_shangzhou,Shangzhou,Shangzhou,d_jinshang,k_aq_qin,k_aq_qin,aq_chief_2688,tribal_government,K
c_shanzhou,Shanzhou,Shanzhou,d_aq_wei_biansong,k_aq_wei,k_aq_wei,aq_chief_2689,tribal_government,K
c_shanzhou_2,Shanzhou,Shanzhou,d_shanguo,k_aq_han,k_aq_han,aq_chief_2690,tribal_government,K
c_shaoqing,Xizhou,Xizhou,d_luoshi,k_qianzhong,c_shaoqing,aq_chief_2691,tribal_government,K
c_shaowu,Shaowu,Shaowu,d_jianning,k_fujian,c_shaowu,aq_chief_2692,tribal_government,K
c_shaozhou,Shaozhou,Shaozhou,d_lingling,k_aq_chu,k_aq_chu,aq_chief_2693,tribal_government,K
c_shaozhou_1,Shaozhou,Shaozhou,d_huixun,k_lingnan,c_shaozhou_1,aq_chief_2694,tribal_government,K
c_shaqiq,Shaqiq,Arabia Interior,d_najd,k_arabia,c_shaqiq,aq_chief_2695,tribal_government,R
c_sharaf,Sharaf,Arabia Interior,d_najd,k_arabia,c_sharaf,aq_chief_2696,tribal_government,R
c_sharga,Sharga,Sharga,d_gobi_altai,k_naimania,c_sharga,aq_chief_2697,nomad_government,K
c_sharka,Sharka,Sharka,d_sharka,k_damot,c_sharka,aq_chief_2698,tribal_government,K
c_sharkiya,Sharkiya,Lower Egypt,d_delta,k_aq_egypt,k_aq_egypt,aq_chief_2699,tribal_government,A/R
c_shavgar,Shavgar,Saka,d_chah,k_syr_darya,c_shavgar,aq_chief_2700,tribal_government,R
c_shayzar,Shayzar,Orontes Valley,d_homs,k_aq_persia_syria,e_aq_persia,aq_chief_2701,tribal_government,A/R
c_shazhou,Shazhou,Shazhou,d_guasha,k_hexi,c_shazhou,aq_chief_2702,nomad_government,K
c_shchuchinsk,Burabay,Saka,d_kazakh,k_cuman,c_shchuchinsk,aq_chief_2703,nomad_government,R
c_shelji,Shelji,Saka,d_muyunkum,k_syr_darya,c_shelji,aq_chief_2704,nomad_government,R
c_shengzhou,Shengzhou,Shengzhou,d_xinan,k_daibei,c_shengzhou,aq_chief_2705,tribal_government,K
c_shenkursk,Shenkursk,Fenni,d_ustyug,k_bjarmaland,c_shenkursk,aq_chief_2706,tribal_government,R
c_shenzhou,Shenzhou,Shenzhou,d_aq040_aq_chu_chenxu,k_aq_chu,k_aq_chu,aq_chief_2707,tribal_government,K
c_shenzhou_1,Shenzhou,Shenzhou,d_aq040_aq_zhao_chengde,k_aq_zhao,k_aq_zhao,aq_chief_2708,tribal_government,K
c_sherbro,Sherbro,Sherbro,d_kono,k_guinea,c_sherbro,aq_chief_2709,tribal_government,K
c_shetland,Shetland,Orcades,d_northern_isles,k_norway,c_shetland,aq_chief_2710,tribal_government,R
c_shezhou,Shezhou,Shezhou,d_xuanshe,k_aq_yue,k_aq_yue,aq_chief_2711,tribal_government,K
c_shicheng,Shicheng,Shicheng,d_tuodong,k_dali,c_shicheng,aq_chief_2712,tribal_government,K
c_shigar,Shigar,Shigar,d_baltiyul,k_maryul,c_shigar,aq_chief_2713,tribal_government,K
c_shimosa,Shimōsa,Shimōsa,d_east_bando,k_azuma,c_shimosa,aq_chief_2714,tribal_government,K
c_shimotsuke,Shimotsuke,Shimotsuke,d_east_bando,k_azuma,c_shimotsuke,aq_chief_2715,tribal_government,K
c_shinano,Shinano,Shinano,d_tosando,k_azuma,c_shinano,aq_chief_2716,tribal_government,K
c_shiraz,Shiraz,Persis,d_fars,k_aq_persia_persia,e_aq_persia,aq_chief_2717,tribal_government,A/R
c_shirvan,Shirvan,Caucasian Albania,d_shirvan,k_aq_persia_daylam,e_aq_persia,aq_chief_2718,tribal_government,A/R
c_shishina,Shishina,Shishina,d_yenisei_kan,k_angara,c_shishina,aq_chief_2719,nomad_government,K
c_shityy,Shityy,Shityy,d_eastern_sayan,k_khakassia,c_shityy,aq_chief_2720,tribal_government,K
c_shizhou,Shizhou,Shizhou,d_hedong,k_aq_zhao,k_aq_zhao,aq_chief_2721,tribal_government,K
c_shizhou_1,Shizhou,Shizhou,d_qianzhong,k_kuizhou,c_shizhou_1,aq_chief_2722,tribal_government,K
c_shor,Shor,Shor,d_shoria,k_khakassia,c_shor,aq_chief_2723,tribal_government,K
c_shorkot,Shorkot,Madra,d_lahore,k_punjab,c_shorkot,aq_chief_2724,tribal_government,R
c_shouchang,Shouchang,Shouchang,d_guasha,k_hexi,c_shouchang,aq_chief_2725,nomad_government,K
c_shouzhou,Shouzhou,Shouzhou,d_huaixi,k_aq_chu,k_aq_chu,aq_chief_2726,tribal_government,K
c_showa,Showa,Showa,d_showa,k_abyssinia,c_showa,aq_chief_2727,tribal_government,K
c_showak,Showak,Showak,d_baqlin,k_blemmyia,c_showak,aq_chief_2728,tribal_government,K
c_shropshire,Shropshire,Cornovii,d_hereford,k_england,c_shropshire,aq_chief_2729,tribal_government,A/R
c_shuangzhou,Shuangzhou,Shuangzhou,d_lingnan,k_lingnan,c_shuangzhou,aq_chief_2730,tribal_government,K
c_shughnan,Shughnan,Bactria,d_badakhshan,k_aq_persia_bactria,e_aq_persia,aq_chief_2731,tribal_government,R
c_shukunzhou,Shukunzhou,Shukunzhou,d_yongguan,k_lingxi,c_shukunzhou,aq_chief_2732,tribal_government,K
c_shunzhou,Shunzhou,Shunzhou,d_luoshi,k_qianzhong,c_shunzhou,aq_chief_2733,tribal_government,K
c_shuozhou,Shuozhou,Shuozhou,d_yunshuo,k_aq_zhao,k_aq_zhao,aq_chief_2734,tribal_government,K
c_shuzhou,Shuzhou,Shuzhou,d_huaixi,k_aq_chu,k_aq_chu,aq_chief_2735,tribal_government,K
c_siauliai,Siauliai,Samogitians,d_samogitia,k_lithuania,c_siauliai,aq_chief_2736,tribal_government,R
c_sibi,Sibi,Sauvira,d_bhakkar,k_aq_persia_sindh,e_aq_persia,aq_chief_2737,tribal_government,R
c_sibi_mali,Sibi,Sibi,d_manding,k_mali,c_sibi_mali,aq_chief_2738,tribal_government,K
c_sibir,Sibir,Sibir,d_sibir,k_sibir,c_sibir,aq_chief_2739,tribal_government,K
c_sidamo,Sidamo,Sidamo,d_bali,k_bale,c_sidamo,aq_chief_2740,tribal_government,K
c_sie,Sie,Sie,d_luoshi,k_qianzhong,c_sie,aq_chief_2741,tribal_government,K
c_siena,Siena,Etruria,d_toscana,k_aq_etruria,k_aq_etruria,aq_chief_2742,tribal_government,A/R
c_sieradzka,Sieradz,Vistula Lands,d_kuyavia,k_poland,c_sieradzka,aq_chief_2743,tribal_government,R
c_sif-i-umara,Sif-i-Umara,Carmania,d_hormuz,k_aq_persia_carmania,e_aq_persia,aq_chief_2744,tribal_government,R
c_siggevara,Siggevara,Sápmi,d_duortnoseatnu,k_sapmi,c_siggevara,aq_chief_2745,tribal_government,R
c_sighnaq,Sighnaq,Saka,d_syr_darya,k_syr_darya,c_sighnaq,aq_chief_2746,nomad_government,R
c_sijilmasa,Sijilmasa,Gaetulia,d_tafilalt,k_maghreb,c_sijilmasa,aq_chief_2747,tribal_government,A/R
c_sikasso,Sikasso,Sikasso,d_bobo,k_jenne,c_sikasso,aq_chief_2748,tribal_government,K
c_silla,Silla,Silla,d_silla,k_takrur,c_silla,aq_chief_2749,tribal_government,K
c_silves,Silves,Cynetes,d_algarve,k_badajoz,c_silves,aq_chief_2750,tribal_government,A/R
c_simaramapura,Simaramapura,Tirabhukti,d_tirabhukti,k_aq_nanda,e_aq_nanda,aq_chief_2751,tribal_government,R
c_simenas,Simenas,Simenas,d_menas,k_aynumosir,c_simenas,aq_chief_2752,tribal_government,K
c_simhapura,Simhapura,Simhapura,d_indrapura,k_champa,c_simhapura,aq_chief_2753,tribal_government,K
c_sinai,Sinai,Sinai,d_sinai,k_aq_egypt,k_aq_egypt,aq_chief_2754,tribal_government,A/R
c_sinjar,Sinjar,Singara Region,d_diyarrabia,k_aq_persia_jazira,e_aq_persia,aq_chief_2755,tribal_government,A/R
c_sinope,Sinope,Sinope,d_armeniac,k_aq_persia_pontus,e_aq_persia,aq_chief_228,tribal_government,A/R
c_sir_faesyfed,Ferlix,Cornovii,d_powys,k_wales,c_sir_faesyfed,aq_chief_2757,tribal_government,A/R
c_siracusa,Siracusa,Syrakousai,d_sicily,k_aq_syracuse,k_aq_syracuse,aq_syracuse,tribal_government,A/R
c_siraya,Siraya,Siraya,d_liuqiu,k_liuqiu,c_siraya,aq_chief_2759,tribal_government,K
c_sirhan,Sirhan,Ma'in,d_jawf,k_arabia,c_sirhan,aq_chief_2760,tribal_government,R
c_sirjan,Sirjan,Carmania,d_kirman,k_aq_persia_carmania,e_aq_persia,aq_chief_2761,tribal_government,R
c_sittaung,Sittaung,Sittaung,d_ramannadesa,k_pagan,c_sittaung,aq_chief_2762,tribal_government,K
c_sitti,Sitti,Sitti,d_mora,k_adal,c_sitti,aq_chief_2763,tribal_government,K
c_siun,Siun,Sauromatia,d_jalmat,k_volga_bulgaria,c_siun,aq_chief_2764,tribal_government,R
c_siwa,Siwa,Siwa,d_alexandria,k_aq_egypt,k_aq_egypt,aq_chief_2765,tribal_government,A/R
c_siwistan,Siwistan,Siwistan,d_sauvira,k_aq_persia_sindh,e_aq_persia,aq_chief_2766,tribal_government,K
c_siyuan,Siyuan,Siyuan,d_xiyuan,k_qianzhong,c_siyuan,aq_chief_2767,tribal_government,K
c_sizhou,Sizhou,Sizhou,d_qianzhong,k_kuizhou,c_sizhou,aq_chief_2768,tribal_government,K
c_sizhou_2,Sizhou,Sizhou,d_xusi,k_aq_song,k_aq_song,aq_chief_2769,tribal_government,K
c_sjaelland,Sjælland,Danish Isles,d_sjaelland,k_denmark,c_sjaelland,aq_chief_2770,tribal_government,R
c_sjeltie,Sjeltie,Sápmi,d_aarjetje,k_sapmi,c_sjeltie,aq_chief_2771,tribal_government,R
c_skane,Skåne,Scandia,d_skane,k_denmark,c_skane,aq_chief_2772,tribal_government,R
c_skara,Skara,Geats,d_vastergotland,k_sweden,c_skara,aq_chief_2773,tribal_government,R
c_skardu,Skardu,Skardu,d_baltiyul,k_maryul,c_skardu,aq_chief_2774,tribal_government,K
c_skolt,Skolt,Sápmi,d_giemajohka,k_sapmi,c_skolt,aq_chief_2775,tribal_government,R
c_skopje,Skopje,Thrace,d_aq_paeonia_bulgaria,k_aq_paeonia,k_aq_paeonia,aq_paeonia,tribal_government,R
c_slesvig,Slesvig,Cimbria,d_slesvig,k_denmark,c_slesvig,aq_chief_2777,tribal_government,R
c_slupsk,Słupsk,Venedi,d_pomerelia,k_pomerania,c_slupsk,aq_chief_2778,tribal_government,R
c_slutsk,Slutsk,Neuri,d_pinsk,k_white_rus,c_slutsk,aq_chief_2779,tribal_government,R
c_smolensk,Smolensk,Budini,d_smolensk,k_white_rus,c_smolensk,aq_chief_2780,tribal_government,R
c_sobrarbe,Sobrarbe,Celtiberia,d_aragon,k_aragon,c_sobrarbe,aq_chief_2781,tribal_government,R
c_sochur,Sochur,Sochur,d_ala_tau,k_ob,c_sochur,aq_chief_2782,tribal_government,K
c_socotra,Socotra,Socotra,d_socotra,k_yemen,c_socotra,aq_chief_2783,tribal_government,A/R
c_sodermannaland,Södermannaland,Suiones,d_svealand,k_sweden,c_sodermannaland,aq_chief_2784,tribal_government,R
c_sog,Sog,Sog,d_qamdo,k_kham,c_sog,aq_chief_2785,tribal_government,K
c_sogn,Sogn,Scandia,d_vestlandi,k_norway,c_sogn,aq_chief_2786,tribal_government,R
c_sokode,Sokode,Sokode,d_savalu,k_borgu,c_sokode,aq_chief_2787,tribal_government,K
c_sokoto,Sokoto,Sokoto,d_kebbi,k_hausaland,c_sokoto,aq_chief_2788,tribal_government,K
c_soldin,Cedynia,Venedi,d_pommerania,k_pomerania,c_soldin,aq_chief_2789,tribal_government,R
c_soli,Soli,Illyria Interior,d_lower_bosna,k_croatia,c_soli,aq_chief_2790,tribal_government,R
c_solimana,Solimana,Solimana,d_loma,k_mali,c_solimana,aq_chief_2791,tribal_government,K
c_sombio,Sombio,Sápmi,d_giemajohka,k_sapmi,c_sombio,aq_chief_2792,tribal_government,R
c_somerset,Somerset,Durotriges,d_somerset,k_england,c_somerset,aq_chief_2793,tribal_government,A/R
c_somnath,Somnath,Saurashtra,d_saurashtra,k_gujarat,c_somnath,aq_chief_2794,tribal_government,R
c_somogy,Somogy,Pannonia,d_somogy,k_hungary,c_somogy,aq_chief_2795,tribal_government,R
c_sonda,Sonda,Sauvira,d_sauvira,k_aq_persia_sindh,e_aq_persia,aq_chief_2796,tribal_government,R
c_songuu_aallar,Songuu Aallar,Songuu Aallar,d_kargassia,k_khakassia,c_songuu_aallar,aq_chief_2797,tribal_government,K
c_songzhou,Songzhou,Songzhou,d_biansong,k_aq_song,k_aq_song,aq_song,tribal_government,K
c_sopron,Sopron,Pannonia,d_gyor,k_hungary,c_sopron,aq_chief_2799,tribal_government,R
c_soria,Soria,Celtiberi,d_castilla,k_castille,c_soria,aq_chief_2800,tribal_government,A/R
c_soroca,Soroca,Getia,d_moldova,k_moldavia,c_soroca,aq_chief_2801,tribal_government,R
c_sorok,Sorok,Sorok,d_salair,k_ob,c_sorok,aq_chief_2802,tribal_government,K
c_sortavala,Sortavala,Fenni,d_karelia,k_finland,c_sortavala,aq_chief_2803,tribal_government,R
c_soso,Soso,Soso,d_kaniaga,k_ghana,c_soso,aq_chief_2804,tribal_government,K
c_sosva,Sosva,Sosva,d_kazym,k_yugra,c_sosva,aq_chief_2805,tribal_government,K
c_souf,Souf,Capsa,d_jerid,k_africa,c_souf,aq_chief_2806,tribal_government,R
c_sous,Sous,Gaetulia,d_sous,k_maghreb,c_sous,aq_chief_2807,tribal_government,R
c_south_kordofan,South Kordofan,South Kordofan,d_kordofan,k_darfur,c_south_kordofan,aq_chief_2808,tribal_government,K
c_soya,Soya,Soya,d_menas,k_aynumosir,c_soya,aq_chief_2809,tribal_government,K
c_speyer,Speyer,Nemetii,d_west_franconia,k_east_francia,c_speyer,aq_chief_2810,tribal_government,A/R
c_spis,Spiš,Carpathian Celts,d_ungvar,k_hungary,c_spis,aq_chief_2811,tribal_government,R
c_spoleto,Spoleto,Umbria,d_spoleto,k_romagna,c_spoleto,aq_chief_2812,tribal_government,A/R
c_spreewald,Spreewald,Elbe Lands,d_lausitz,k_sorbia,c_spreewald,aq_chief_2813,tribal_government,R
c_sprottau,Sprottau,Lugian Lands,d_lower_silesia,k_poland,c_sprottau,aq_chief_2814,tribal_government,R
c_sran,Sran,Sran,d_papua,k_maluku,c_sran,aq_chief_2815,tribal_government,K
c_sravasti,Sravasti,Saryupara,d_saryupara,k_aq_nanda_kosala,e_aq_nanda,aq_chief_2816,tribal_government,R
c_sredets,Sredets,Triballi,d_turnovo,k_bulgaria,c_sredets,aq_chief_2817,tribal_government,R
c_srihatta,Srihatta,Para-Lauhitya,d_para_lauhitya,k_kamarupa,c_srihatta,aq_chief_2818,tribal_government,R
c_sriksetra,Śrīksetra,Śrīksetra,d_sriksetra,k_pagan,c_sriksetra,aq_chief_2819,tribal_government,K
c_sripatha,Sripatha,Mathura,d_mathura,k_aq_nanda_delhi,e_aq_nanda,aq_chief_2820,tribal_government,R
c_sripuri,Sripuri,Daksina Kosala,d_daksina_kosala,k_aq_nanda_orissa,e_aq_nanda,aq_chief_2821,tribal_government,R
c_srirangapatna,Manyapura,Gangavadi,d_gangavadi,k_karnata,c_srirangapatna,aq_chief_2822,tribal_government,R
c_stade,Stade,Cimbri,d_holstein,k_saxony,c_stade,aq_chief_2823,tribal_government,R
c_staffordshire,Staffordshire,Cornovii,d_hereford,k_england,c_staffordshire,aq_chief_2824,tribal_government,A/R
c_starodub,Starodub,Neuri,d_chernigov,k_ruthenia,c_starodub,aq_chief_2825,tribal_government,R
c_stendal,Stendal,Cherusci,d_ostfalen,k_saxony,c_stendal,aq_chief_2826,tribal_government,R
c_stettin,Szczecin,Venedi,d_pommerania,k_pomerania,c_stettin,aq_chief_2827,tribal_government,R
c_stezycka,Stężyca,Vistula Lands,d_lesser_poland,k_poland,c_stezycka,aq_chief_2828,tribal_government,R
c_sthanisvara,Sthanisvara,Kuru,d_kuru,k_aq_nanda_delhi,e_aq_nanda,aq_chief_2829,tribal_government,R
c_stoenesti,Stoenești,Getia,d_moldova,k_moldavia,c_stoenesti,aq_chief_2830,tribal_government,R
c_stoyanka,Stoyanka,Stoyanka,d_western_sayan,k_tuva,c_stoyanka,aq_chief_2831,tribal_government,K
c_strassburg,Strassburg,Triboci,d_alsace,k_east_francia,c_strassburg,aq_chief_2832,tribal_government,A/R
c_strathearn,Strathearn,Caledonii,d_albany,k_scotland,c_strathearn,aq_chief_2833,tribal_government,R
c_strumica,Strumica,Thrace,d_bulgaria,k_bulgaria,c_strumica,aq_chief_2834,tribal_government,R
c_stung_treng,Stung Treng,Stung Treng,d_ratanakiri,k_funan,c_stung_treng,aq_chief_2835,tribal_government,K
c_suakin,Suakin,Suakin,d_bazin,k_blemmyia,c_suakin,aq_chief_2836,tribal_government,K
c_subay,Subay,Arabia Interior,d_najd,k_arabia,c_subay,aq_chief_2837,tribal_government,R
c_suceava,Suceava,Getia,d_bukovina,k_moldavia,c_suceava,aq_chief_2838,tribal_government,R
c_sudurland,Suðrland,Thule,d_iceland,k_norway,c_sudurland,aq_chief_2839,tribal_government,R
c_suenik,Suenik,Armenia,d_greater_armenia,k_aq_persia_armenia,e_aq_persia,aq_chief_2840,tribal_government,R
c_suffolk,Suffolk,Iceni,d_norfolk,k_england,c_suffolk,aq_chief_2841,tribal_government,A/R
c_suining,Suizhou,Suizhou,d_wuxin,k_aq040_ba,k_aq040_ba,aq_chief_2842,tribal_government,K
c_suizhou,Suizhou,Suizhou,d_xiasui,k_xia,c_suizhou,aq_chief_2843,tribal_government,K
c_suizhou_1,Suizhou,Suizhou,d_xiangdeng,k_aq_chu,k_aq_chu,aq_chief_2844,tribal_government,K
c_sukhna,Sukhna,Tadmor,d_palmyra,k_aq_persia_syria,e_aq_persia,aq_chief_2845,tribal_government,R
c_sukhothai,Sukhothai,Sukhothai,d_sukhothai,k_dvaravati,c_sukhothai,aq_chief_2846,tribal_government,K
c_sullum,Sullum,Marmarica,d_alexandria,k_aq_egypt,k_aq_egypt,aq_chief_2847,tribal_government,A/R
c_sum,Sum,Sum,d_sum,k_aynumosir,c_sum,aq_chief_2848,tribal_government,K
c_sumadija,Šumadija,Dardania,d_rashka,k_serbia,c_sumadija,aq_chief_2849,tribal_government,R
c_sumdo,Sumdo,Sumdo,d_aksai_chin,k_maryul,c_sumdo,aq_chief_2850,tribal_government,K
c_sundgau,Sundgau,Sequani,d_alsace,k_east_francia,c_sundgau,aq_chief_2851,tribal_government,A/R
c_sungqu,Sungqu,Sungqu,d_gyalrong,k_gyalrong,c_sungqu,aq_chief_2852,tribal_government,K
c_suo,Suō,Suō,d_west_sanyodo,k_yamato,c_suo,aq_chief_2853,tribal_government,K
c_suondavara,Suondavara,Sápmi,d_duortnoseatnu,k_sapmi,c_suondavara,aq_chief_2854,tribal_government,R
c_suriya,Suriya,Aram,d_aleppo,k_aq_persia_syria,e_aq_persia,aq_chief_2855,tribal_government,A/R
c_surparaka,Surparaka,Konkana,d_konkana,k_maharastra,c_surparaka,aq_chief_2856,tribal_government,R
c_surrah,Surrah,Arabia Interior,d_najd,k_arabia,c_surrah,aq_chief_2857,tribal_government,R
c_surrey,Surrey,Atrebates,d_canterbury,k_england,c_surrey,aq_chief_2858,tribal_government,A/R
c_suruga,Suruga,Suruga,d_tokaido,k_azuma,c_suruga,aq_chief_2859,tribal_government,K
c_sussex,Sussex,Regni,d_canterbury,k_england,c_sussex,aq_chief_2860,tribal_government,A/R
c_sutherland,Sutherland,Caledonii,d_moray,k_scotland,c_sutherland,aq_chief_2861,tribal_government,A/R
c_sutkend,Sütkend,Saka,d_chah,k_syr_darya,c_sutkend,aq_chief_2862,tribal_government,R
c_suvarnagram,Suvarnagram,Varendra,d_varendra,k_aq_nanda_bengal,e_aq_nanda,aq_chief_2863,tribal_government,R
c_suvarnapura,Suvarnapura,Daksina Kosala,d_daksina_kosala,k_aq_nanda_orissa,e_aq_nanda,aq_chief_2864,tribal_government,R
c_suyab,Suyab,Saka,d_talas_alatau,k_syr_darya,c_suyab,aq_chief_2865,nomad_government,R
c_suzdal,Suzdal,Budini,d_opolye,k_opolye,c_suzdal,aq_chief_2866,tribal_government,R
c_suzhou,Suzhou,Suzhou,d_xusi,k_aq_song,k_aq_song,aq_chief_2867,tribal_government,K
c_suzhou_2,Suzhou,Suzhou,d_jiangdong,k_aq_yue,k_aq_yue,aq_chief_2868,tribal_government,K
c_svaneti,Svaneti,Colchis,d_abkhazia,k_georgia,c_svaneti,aq_chief_2869,tribal_government,R
c_swetaka_mandala,Swetaka Mandala,Kalinga,d_kalinga,k_aq_nanda_orissa,e_aq_nanda,aq_chief_2870,tribal_government,R
c_syrrusafa,Syrrusafa,Halab,d_aleppo,k_aq_persia_syria,e_aq_persia,aq_chief_2871,tribal_government,R
c_syrte,Syrte,Syrtis,d_syrte,k_aq_carthage,k_aq_carthage,aq_chief_2872,tribal_government,A/R
c_sysma,Sysmä,Fenni,d_savo,k_finland,c_sysma,aq_chief_2873,tribal_government,R
c_szabolcs,Szabolcs,Getia,d_bihar,k_hungary,c_szabolcs,aq_chief_2874,tribal_government,R
c_szatmar,Szatmár,Getia,d_bihar,k_hungary,c_szatmar,aq_chief_2875,tribal_government,R
c_szekelyfold,Székelyföld,Getia,d_transylvania,k_hungary,c_szekelyfold,aq_chief_2876,tribal_government,R
c_szekesfehervar,Székesfehérvár,Pannonia,d_visegrad,k_hungary,c_szekesfehervar,aq_chief_2877,tribal_government,R
c_szerem,Szerém,Pannonia,d_syrmia,k_hungary,c_szerem,aq_chief_2878,tribal_government,R
c_tabary,Tabary,Tabary,d_ostyaki,k_yugra,c_tabary,aq_chief_2879,tribal_government,K
c_tabassa,Tabassa,Theveste Region,d_kairouan,k_aq_carthage,k_aq_carthage,aq_chief_2880,tribal_government,A/R
c_tabla_butii,Tabla Buții,Getia,d_transylvanian_alps,k_dacia,c_tabla_butii,aq_chief_2881,tribal_government,R
c_tabon,Tabon,Tabon,d_manding,k_mali,c_tabon,aq_chief_2882,tribal_government,K
c_tabriz,Tabriz,Media,d_azerbaijan,k_aq_persia_daylam,e_aq_persia,aq_chief_2883,tribal_government,A/R
c_tabuk,Tabuk,Lihyan,d_shammar,k_arabia,c_tabuk,aq_chief_2884,tribal_government,A/R
c_tadjoura,Tadjoura,Tadjoura,d_zaila,k_adal,c_tadjoura,aq_chief_2885,tribal_government,K
c_tadla,Tadla,Mauri,d_marrakesh,k_maghreb,c_tadla,aq_chief_2886,tribal_government,R
c_tadmekka,Tadmekka,Garamantia,d_tadmekka,k_sahara,c_tadmekka,aq_chief_2887,tribal_government,R
c_taeju,Taeju,Taeju,d_yukju,k_goguryeo,c_taeju,aq_chief_2888,tribal_government,K
c_tagadur,Tagadur,Chola Nadu,d_chola_nadu,k_tamilakam,c_tagadur,aq_chief_2889,tribal_government,R
c_tagali,Tagali,Tagali,d_sennar,k_aq_kush,k_aq_kush,aq_chief_2890,tribal_government,K
c_tagant,Tagant,Tagant,d_tagant,k_ghana,c_tagant,aq_chief_2891,tribal_government,K
c_taghaza,Taghaza,Sahara,d_taghaza,k_anbiya,c_taghaza,aq_chief_2892,tribal_government,R
c_tagul,Tagul,Tagul,d_yenisei_kan,k_angara,c_tagul,aq_chief_2893,nomad_government,K
c_tahert,Tahert,Numidia,d_tahert,k_tahert,c_tahert,aq_chief_2894,tribal_government,A/R
c_tahoua,Tahoua,Tahoua,d_gobir,k_hausaland,c_tahoua,aq_chief_2895,tribal_government,K
c_taif,Ta'if,Thaqif,d_mecca,k_arabia,c_taif,aq_chief_2896,tribal_government,A/R
c_taiyuan,Taiyuan,Taiyuan,d_hedong,k_aq_zhao,k_aq_zhao,aq_chief_2897,tribal_government,K
c_taizhou,Taizhou,Taizhou,d_zhedong,k_aq_yue,k_aq_yue,aq_chief_2898,tribal_government,K
c_taizhou_1,Taizhou,Taizhou,d_huainan,k_aq_chu,k_aq_chu,aq_chief_2899,tribal_government,K
c_taizz,Ta'izz,Qataban,d_taizz,k_aq040_qataban,k_aq040_qataban,aq_chief_2900,tribal_government,A/R
c_tajima,Tajima,Tajima,d_east_sanindo,k_yamato,c_tajima,aq_chief_2901,tribal_government,K
c_takkeda,Takkeda,Garamantia,d_air,k_sahara,c_takkeda,aq_chief_2902,tribal_government,R
c_takon,Takon,Takon,d_tagaung,k_pagan,c_takon,aq_chief_2903,tribal_government,K
c_takrit,Takrit,Assyria,d_samarra,k_aq_persia_mesopotamia,e_aq_persia,aq_chief_2904,tribal_government,A/R
c_takrur,Takrūr,Takrūr,d_takrur,k_takrur,c_takrur,aq_chief_2905,tribal_government,K
c_talakad,Talakad,Gangavadi,d_gangavadi,k_karnata,c_talakad,aq_chief_2906,tribal_government,R
c_talava,Talava,Latgalians,d_latgalians,k_lithuania,c_talava,aq_chief_2907,tribal_government,R
c_talish,Talish,Media,d_azerbaijan,k_aq_persia_daylam,e_aq_persia,aq_chief_2908,tribal_government,R
c_tall_basma,Tall Basma,Arzanene,d_diyarbakr,k_aq_persia_jazira,e_aq_persia,aq_chief_2909,tribal_government,R
c_tall_hamid,Tall Hamid,Cilicia,d_cilicia,k_aq_persia_cilicia,e_aq_persia,aq_chief_2910,tribal_government,R
c_tamasna,Tamasna,Mauri,d_marrakesh,k_maghreb,c_tamasna,aq_chief_2911,tribal_government,R
c_tambov,Tambov,Budini,d_tambov,k_mordvinia,c_tambov,aq_chief_2912,tribal_government,R
c_tamentit,Tamentit,Gaetulia,d_touat,k_anbiya,c_tamentit,aq_chief_2913,tribal_government,R
c_tamiso,Tamiso,Tamiso,d_sapi,k_guinea,c_tamiso,aq_chief_2914,tribal_government,K
c_tamna,Tamna,Tamna,d_tamna,k_baekje,c_tamna,aq_chief_2915,tribal_government,K
c_tamralipti,Tamralipti,Suhma,d_suhma,k_aq_nanda_bengal,e_aq_nanda,aq_chief_2916,tribal_government,R
c_tana,Tana,Tanais,d_tana,k_pontic_steppe,c_tana,aq_chief_2917,nomad_government,R
c_tanas,Tanas,Icosium,d_alger,k_tahert,c_tanas,aq_chief_2918,tribal_government,R
c_tanba,Tanba,Tanba,d_east_sanindo,k_yamato,c_tanba,aq_chief_2919,tribal_government,K
c_tanga,Tanga,Tanga,d_zanzibar,k_zanj,c_tanga,aq_chief_2920,tribal_government,K
c_tangiers,Tangiers,Tingis,d_rif,k_maghreb,c_tangiers,aq_chief_2921,tribal_government,A/R
c_tango,Tango,Tango,d_east_sanindo,k_yamato,c_tango,aq_chief_2922,tribal_government,K
c_tangzhou,Tangzhou,Tangzhou,d_xiangdeng,k_aq_chu,k_aq_chu,aq_chief_2923,tribal_government,K
c_tanyang,Xuzhou,Xuzhou,d_wuxi,k_kuizhou,c_tanyang,aq_chief_2924,tribal_government,K
c_tanzhou,Tanzhou,Tanzhou,d_hunan,k_aq_chu,k_aq_chu,aq_chief_2925,tribal_government,K
c_tanzhou_2,Tanzhou,Tanzhou,d_youzhou,k_aq_yan,k_aq_yan,aq_chief_2926,tribal_government,K
c_tao,Tao,Colchis,d_tao-klarjeti,k_georgia,c_tao,aq_chief_2927,tribal_government,R
c_tapsa,Tapsa,Tapsa,d_togina,k_tuva,c_tapsa,aq_chief_2928,tribal_government,K
c_tara,Tara,Tara,d_tara,k_sibir,c_tara,aq_chief_2929,tribal_government,K
c_taradavadi,Taradavadi,Rattapadi,d_rattapadi,k_maharastra,c_taradavadi,aq_chief_2930,tribal_government,R
c_tarayka,Tarayka,Tarayka,d_sahaliyan,k_aynumosir,c_tarayka,aq_chief_2931,tribal_government,K
c_taraz,Taraz,Saka,d_talas_alatau,k_syr_darya,c_taraz,aq_chief_2932,nomad_government,R
c_targu_jiu,Târgu Jiu,Getia,d_oltenia,k_dacia,c_targu_jiu,aq_chief_2933,tribal_government,R
c_targyl,Targyl,Saka,d_betpa,k_saryarka,c_targyl,aq_chief_2934,nomad_government,R
c_tarnowska,Tarnów,Vistula Lands,d_lesser_poland,k_poland,c_tarnowska,aq_chief_2935,tribal_government,R
c_tarragona,Tarragona,Laietania,d_barcelona,k_aragon,c_tarragona,aq_chief_2936,tribal_government,R
c_tarsos,Tarsos,Tarsos,d_optimatoi,k_aq_persia_nikaea,e_aq_persia,aq_chief_2937,tribal_government,A/R
c_tartas_SIB,Tartas,Tartas,d_vasyugan_mire,k_ob,c_tartas_SIB,aq_chief_2938,tribal_government,K
c_tarvagatai,Tarvagatai,Tarvagatai,d_arkhangai,k_naimania,c_tarvagatai,aq_chief_2939,nomad_government,K
c_taskyl,Taskyl,Taskyl,d_ala_tau,k_ob,c_taskyl,aq_chief_2940,tribal_government,K
c_tavan_bogd,Tavan Bogd,Tavan Bogd,d_altaishan,k_ob,c_tavan_bogd,aq_chief_2941,tribal_government,K
c_tavasts,Tavasts,Fenni,d_finland,k_finland,c_tavasts,aq_chief_2942,tribal_government,R
c_taveta,Taveta,Taveta,d_bonde_la_ufa,k_zanj,c_taveta,aq_chief_2943,tribal_government,K
c_tawang,Tawang,Tawang,d_monyul,k_lhomon,c_tawang,aq_chief_2944,tribal_government,K
c_tayma,Tayma',Tayma,d_shammar,k_arabia,c_tayma,aq_chief_2945,tribal_government,A/R
c_taza,Taza,Mauri,d_fes,k_maghreb,c_taza,aq_chief_2946,tribal_government,R
c_tbilisi,Tbilisi,Iberia,d_georgia,k_aq_persia_iberia,e_aq_persia,aq_chief_2947,tribal_government,A/R
c_tecklenburg,Tecklenburg,Bructeri,d_westfalen,k_saxony,c_tecklenburg,aq_chief_2948,tribal_government,R
c_tekar,Tekar,Saka,d_jinghiz,k_kipchak,c_tekar,aq_chief_2949,nomad_government,R
c_teke,Teke,Saka,d_kazakh,k_cuman,c_teke,aq_chief_2950,nomad_government,R
c_telemark,Þelamörk,Scandia,d_viken,k_norway,c_telemark,aq_chief_2951,tribal_government,R
c_telmen,Telmen,Telmen,d_arkhangai,k_naimania,c_telmen,aq_chief_2952,nomad_government,K
c_temes,Temes,Pannonia,d_temes,k_hungary,c_temes,aq_chief_2953,tribal_government,R
c_temne,Temne,Temne,d_sapi,k_guinea,c_temne,aq_chief_2954,tribal_government,K
c_tengerge,Tengerge,Saka,d_altay,k_dzungaria,c_tengerge,aq_chief_2955,nomad_government,R
c_tengger,Tenggeli,Tenggeli,d_xiutu,k_xia,c_tengger,aq_chief_2956,nomad_government,K
c_tengiz,Tengiz,Dahae,d_jemba,k_oghuz_il,c_tengiz,aq_chief_2957,nomad_government,R
c_tengzhou,Tengzhou,Tengzhou,d_rongguan,k_lingxi,c_tengzhou,aq_chief_2958,tribal_government,K
c_teniz,Teniz,Saka,d_saryarka,k_cuman,c_teniz,aq_chief_2959,nomad_government,R
c_ter,Ter,Sápmi,d_guoldat,k_sapmi,c_ter,aq_chief_2960,tribal_government,R
c_teramo,Teramo,Umbria,d_spoleto,k_romagna,c_teramo,aq_chief_2961,tribal_government,R
c_terebovl,Terebovl,Neuri,d_halych,k_galicia-volhynia,c_terebovl,aq_chief_2962,tribal_government,R
c_terek_pass,Terek Pass,Kashgar,d_kashgar,k_khotan,c_terek_pass,aq_chief_2963,tribal_government,R
c_terekli,Terekli,Dahae,d_aral_karakum,k_oghuz_il,c_terekli,aq_chief_2964,nomad_government,R
c_terektai,Terektai,Terektai,d_altaishan,k_ob,c_terektai,aq_chief_2965,tribal_government,K
c_teruel,Teruel,Celtiberi,d_valencia,k_valencia,c_teruel,aq_chief_2966,tribal_government,A/R
c_tesiin_gol,Tesiin Gol,Tesiin Gol,d_ubsunur_hollow,k_naimania,c_tesiin_gol,aq_chief_2967,nomad_government,K
c_tessalit,Tessalit,Garamantia,d_tadmekka,k_sahara,c_tessalit,aq_chief_2968,tribal_government,R
c_teviotdale,Teviotdale,Votadini,d_lothian,k_scotland,c_teviotdale,aq_chief_2969,tribal_government,A/R
c_tewo,Têwo,Têwo,d_gainlho,k_gyalrong,c_tewo,aq_chief_2970,tribal_government,K
c_tezu,Tezu,Tezu,d_dzayul,k_lhomon,c_tezu,aq_chief_2971,tribal_government,K
c_thabeik_taung,Thabeik Taung,Thabeik Taung,d_arakan,k_pagan,c_thabeik_taung,aq_chief_2972,tribal_government,K
c_thalabiya,Tha'labiya,Ma'in,d_jawf,k_arabia,c_thalabiya,aq_chief_2973,tribal_government,R
c_thaldat,Thaldat,Thaldat,d_aksai_chin,k_maryul,c_thaldat,aq_chief_2974,tribal_government,K
c_thalner,Thalner,Anupa,d_anupa,k_malwa,c_thalner,aq_chief_2975,tribal_government,R
c_thanbyuzayat,Thanbyuzayat,Thanbyuzayat,d_tun_sun,k_dvaravati,c_thanbyuzayat,aq_chief_2976,tribal_government,K
c_thang_long,Thăng Long,Thăng Long,d_thang_long,k_viet,c_thang_long,aq_chief_2977,tribal_government,K
c_thaton,Thaton,Thaton,d_ramannadesa,k_pagan,c_thaton,aq_chief_2978,tribal_government,K
c_theodosiopolis,Theodosiopolis,Armenia,d_mesopotamia,k_aq_persia_armenia,e_aq_persia,aq_chief_2979,tribal_government,A/R
c_thessalia,Thessalia,Thessaly,d_thessaly,k_thessalonika,c_thessalia,aq_chief_2980,tribal_government,A/R
c_thessaliotis,Thessaliotis,Thessaly,d_thessaly,k_thessalonika,c_thessaliotis,aq_chief_2981,tribal_government,R
c_thessalonika,Thessalonika,Therma,d_thessalonika,k_aq_macedon,k_aq_macedon,aq_chief_2982,tribal_government,A/R
c_thiers,Thiers,Arverni,d_auvergne,k_france,c_thiers,aq_chief_2983,tribal_government,R
c_thomond,Thomond,Mumu,d_munster,k_ireland,c_thomond,aq_chief_2984,tribal_government,A/R
c_thouars,Thouars,Pictones,d_poitou,k_france,c_thouars,aq_chief_2985,tribal_government,R
c_thyatira,Thyatira,Lydia,d_thracesia,k_aq_persia_lydia,e_aq_persia,aq_chief_2986,tribal_government,A/R
c_tiande,Tiande,Tiande,d_tiande,k_xia,c_tiande,aq_chief_2987,nomad_government,K
c_tianzhou,Tianzhou,Tianzhou,d_yongguan,k_lingxi,c_tianzhou,aq_chief_2988,tribal_government,K
c_tib,Tib,Babylonia,d_wasit,k_aq_persia_mesopotamia,e_aq_persia,aq_chief_2989,tribal_government,R
c_tiberias,Tiberias,Galilee,d_urdunn,k_aq_persia_jerusalem,e_aq_persia,aq_chief_2990,tribal_government,A/R
c_tibesti,Tibesti,Garamantia,d_tibesti,k_sahara,c_tibesti,aq_chief_2991,tribal_government,R
c_tichitt,Tichitt,Tichitt,d_tagant,k_ghana,c_tichitt,aq_chief_2992,tribal_government,K
c_tigheci,Tigheci,Getia,d_bugeac,k_moldavia,c_tigheci,aq_chief_2993,tribal_government,R
c_tigre,Tigré,Tigré,d_aksum,k_abyssinia,c_tigre,aq_chief_2994,tribal_government,K
c_tihama,Tihama,Makoraba,d_mecca,k_arabia,c_tihama,aq_chief_2995,tribal_government,R
c_tihamat-al-yamani,Tihamat al- Yamani,Saba,d_sanaa,k_aq_saba,k_aq_saba,aq_chief_2996,tribal_government,A/R
c_tikhvin,Tikhvin,Fenni,d_vepsia,k_novgorod,c_tikhvin,aq_chief_2997,tribal_government,R
c_timbi,Timbi,Timbi,d_futa_jalon,k_mali,c_timbi,aq_chief_2998,tribal_government,K
c_tindouf,Tindouf,Gaetulia,d_zammour,k_anbiya,c_tindouf,aq_chief_2999,tribal_government,R
c_tingzhou,Tingzhou,Tingzhou,d_jianning,k_fujian,c_tingzhou,aq_chief_3000,tribal_government,K
c_tinmallal,Tinmallal,Mauri,d_marrakesh,k_maghreb,c_tinmallal,aq_chief_3001,tribal_government,R
c_tirakka,Tirakka,Tirakka,d_timbuktu,k_songhay,c_tirakka,aq_chief_3002,tribal_government,K
c_tiris,Tiris,Gaetulia,d_zammour,k_anbiya,c_tiris,aq_chief_3003,tribal_government,R
c_tiruvannamalai,Tiruvannamalai,Chola Nadu,d_chola_nadu,k_tamilakam,c_tiruvannamalai,aq_chief_3004,tribal_government,R
c_tivoli,Tivoli,Tibur,d_aq040_romagna_latium,k_romagna,c_tivoli,aq_chief_3005,tribal_government,A/R
c_tlemcen,Tlemcen,Masaesyli,d_tlemcen,k_tahert,c_tlemcen,aq_chief_3006,tribal_government,A/R
c_tmutarakan,Tmutarakan,Hermonassa,d_aq040_aq_bosporus_azov,k_aq_bosporus,k_aq_bosporus,aq_chief_3007,tribal_government,R
c_tobol,Tobol,Tobol,d_sibir,k_sibir,c_tobol,aq_chief_3008,tribal_government,K
c_tobruk,Tobruk,Kyrenaika,d_cyrenaica,k_aq040_kyrene,k_aq040_kyrene,aq_chief_3009,tribal_government,A/R
c_todo,Todo,Todo,d_savalu,k_borgu,c_todo,aq_chief_3010,tribal_government,K
c_togotai,Togotai,Saka,d_saryarka,k_cuman,c_togotai,aq_chief_3011,nomad_government,R
c_tokisara,Tokisara,Tokisara,d_nushiro,k_hitakami,c_tokisara,aq_chief_3012,tribal_government,K
c_toksun,Toksun,Karasahr,d_karashar,k_khotan,c_toksun,aq_chief_3013,tribal_government,R
c_tokumbay,Tokumbay,Saka,d_tokumbay,k_saryarka,c_tokumbay,aq_chief_3014,nomad_government,R
c_toledo,Toledo,Carpetani,d_toledo,k_andalusia,c_toledo,aq_chief_3015,tribal_government,A/R
c_tolna,Tolna,Pannonia,d_somogy,k_hungary,c_tolna,aq_chief_3016,tribal_government,R
c_toma,Toma,Toma,d_toro,k_guinea,c_toma,aq_chief_3017,tribal_government,K
c_tomorbulag,Tömörbulag,Tömörbulag,d_khovsgol,k_naimania,c_tomorbulag,aq_chief_3018,nomad_government,K
c_tomsk,Eushta,Eushta,d_ala_tau,k_ob,c_tomsk,aq_chief_3019,tribal_government,K
c_tongcheng,Tongcheng,Tongcheng,d_juyan,k_xia,c_tongcheng,aq_chief_3020,nomad_government,K
c_tongchuan,Tongchuan,Tongchuan,d_dongchuan,k_aq040_shu,k_aq040_shu,aq_chief_3021,tribal_government,K
c_tonghai,Tonghai,Tonghai,d_tonghai,k_dali,c_tonghai,aq_chief_3022,tribal_government,K
c_tongzhou,Tongzhou,Tongzhou,d_yongxing,k_aq_qin,k_aq_qin,aq_chief_3023,tribal_government,K
c_tongzhou_1,Tongzhou,Tongzhou,d_baqu,k_aq040_ba,k_aq040_ba,aq_chief_3024,tribal_government,K
c_tonnerrois,Tonnerrois,Aedui,d_burgundy,k_france,c_tonnerrois,aq_chief_3025,tribal_government,R
c_torangy_kul,Torangy Kul,Saka,d_akaltay,k_dzungaria,c_torangy_kul,aq_chief_3026,nomad_government,R
c_torda,Torda,Getia,d_transylvania,k_hungary,c_torda,aq_chief_3027,tribal_government,R
c_torema,Torema,Torema,d_salair,k_ob,c_torema,aq_chief_3028,tribal_government,K
c_torne,Torne,Sápmi,d_vuovdisamieana,k_sapmi,c_torne,aq_chief_3029,tribal_government,R
c_toro,Toro,Toro,d_toro,k_guinea,c_toro,aq_chief_3030,tribal_government,K
c_toropets,Toropets,Budini,d_smolensk,k_white_rus,c_toropets,aq_chief_3031,tribal_government,R
c_tortoli,Tortoli,Sardinia,d_aq040_sardinia_sardinia,k_sardinia,c_tortoli,aq_chief_3032,tribal_government,R
c_tortona,Tortona,Ligures,d_lombardia,k_italy,c_tortona,aq_chief_3033,tribal_government,A/R
c_torun,Chełmno,Galindians,d_masuria,k_lithuania,c_torun,aq_chief_3034,tribal_government,R
c_tosa,Tosa,Tosa,d_nankaido,k_yamato,c_tosa,aq_chief_3035,tribal_government,K
c_totma,Totma,Fenni,d_chudia,k_bjarmaland,c_totma,aq_chief_3036,tribal_government,R
c_totomi,Tōtōmi,Tōtōmi,d_tokaido,k_azuma,c_totomi,aq_chief_3037,tribal_government,K
c_touat,Touat,Gaetulia,d_touat,k_anbiya,c_touat,aq_chief_3038,tribal_government,R
c_toulouse,Toulouse,Volcae Tectosages,d_toulouse,k_france,c_toulouse,aq_chief_3039,tribal_government,A/R
c_toungoo,Toungoo,Toungoo,d_sriksetra,k_pagan,c_toungoo,aq_chief_3040,tribal_government,K
c_tourraine,Touraine,Turones,d_berry,k_france,c_tourraine,aq_chief_3041,tribal_government,A/R
c_tovkhon,Tövkhön,Tövkhön,d_ovorkhangai,k_naimania,c_tovkhon,aq_chief_3042,nomad_government,K
c_trakai,Trakai,Aestii,d_lithuanians,k_lithuania,c_trakai,aq_chief_3043,tribal_government,R
c_trandam,Trandam,Trandam,d_zadoi,k_amdo,c_trandam,aq_chief_3044,tribal_government,K
c_trandheim,Þrándheimr,Scandia,d_trandalog,k_norway,c_trandheim,aq_chief_3045,tribal_government,R
c_travunia,Travunija,Doclea,d_duklja,k_aq_illyria,k_aq_illyria,aq_chief_3046,tribal_government,R
c_trebizond,Trebizond,Trapezus,d_chaldia,k_aq_persia_pontus,e_aq_persia,aq_chief_3047,tribal_government,A/R
c_trenscen,Trenčín,Boii,d_nyitra,k_hungary,c_trenscen,aq_chief_3048,tribal_government,R
c_trent,Trent,Raeti,d_lombardia,k_italy,c_trent,aq_chief_3049,tribal_government,A/R
c_treviso,Treviso,Veneti,d_verona,k_italy,c_treviso,aq_chief_3050,tribal_government,A/R
c_tribandapura,Tribandapura,Haritanaka,d_haritanaka,k_delhi,c_tribandapura,aq_chief_3051,tribal_government,R
c_trier,Trier,Treveri,d_upper_lorraine,k_lotharingia,c_trier,aq_chief_3052,tribal_government,A/R
c_trigarta,Trigarta,Madra,d_lahore,k_punjab,c_trigarta,aq_chief_3053,tribal_government,R
c_trikuta,Trikuta,Nasikya,d_nasikya,k_maharastra,c_trikuta,aq_chief_3054,tribal_government,R
c_trincomalee,Kotthasara,Rajarata,d_sinhala,k_aq_lanka,k_aq_lanka,aq_chief_3055,tribal_government,R
c_tripoli,Tripoli,Tripolis Phoenicia,d_lebanon,k_aq_persia_syria,e_aq_persia,aq_chief_3056,tribal_government,A/R
c_tripolitana,Tripolitana,Tripolis,d_tripolitania,k_aq_carthage,k_aq_carthage,aq_chief_3057,tribal_government,A/R
c_tripuri,Tripurī,Dahala,d_dahala,k_aq_nanda_gondwana,e_aq_nanda,aq_chief_3058,tribal_government,R
c_trongsa,Trongsa,Trongsa,d_bumthang,k_lhomon,c_trongsa,aq_chief_3059,tribal_government,K
c_troyes,Troyes,Tricasses,d_champagne,k_france,c_troyes,aq_chief_3060,tribal_government,A/R
c_tsambagarau,Tsambagarau,Tsambagarau,d_khovd,k_naimania,c_tsambagarau,aq_chief_3061,nomad_government,K
c_tsaparang,Tsaparang,Tsaparang,d_ngari,k_guge,c_tsaparang,aq_chief_3062,tribal_government,K
c_tseel,Tseel,Tseel,d_gobi_altai,k_naimania,c_tseel,aq_chief_3063,nomad_government,K
c_tselym_dalyn,Tselym Dalyn,Tselym Dalyn,d_konda,k_yugra,c_tselym_dalyn,aq_chief_3064,tribal_government,K
c_tsugaru,Tsugaru,Tsugaru,d_hitakami,k_hitakami,c_tsugaru,aq_chief_3065,tribal_government,K
c_tsushima,Tsushima,Tsushima,d_north_saikaido,k_tsukushi,c_tsushima,aq_chief_3066,tribal_government,K
c_tudela,Tudela,Vascones,d_navarra,k_navarra,c_tudela,aq_chief_3067,tribal_government,A/R
c_tudgha,Tudgha,Gaetulia,d_tafilalt,k_maghreb,c_tudgha,aq_chief_3068,tribal_government,R
c_tui,Tui,Grovii,d_galicia,k_spanish_galicia,c_tui,aq_chief_3069,tribal_government,A/R
c_tula,Tula,Budini,d_ryazan,k_opolye,c_tula,aq_chief_3070,tribal_government,R
c_tuluchezeva,Tuluchezeva,Budini,d_khopyor,k_mordvinia,c_tuluchezeva,aq_chief_3071,tribal_government,R
c_tulun,Tulun,Tulun,d_chuna_valley,k_angara,c_tulun,aq_chief_3072,nomad_government,K
c_tumak,Tumak,Tumak,d_baguirmi,k_sao,c_tumak,aq_chief_3073,tribal_government,K
c_tumar,Tumar,Saka,d_turgay,k_cuman,c_tumar,aq_chief_3074,nomad_government,R
c_tummana,Tummana,Dakshina Kosala,d_ratanpur,k_aq_nanda_gondwana,e_aq_nanda,aq_chief_3075,tribal_government,R
c_tun,Tun,Parthia,d_kohestan,k_aq_persia_khorasan,e_aq_persia,aq_chief_3076,tribal_government,R
c_tunis,Tunis,Tunes,d_tunis,k_aq_carthage,k_aq_carthage,aq_carthage,tribal_government,A/R
c_tunka,Tunka,Tunka,d_selenga_valley,k_otuken,c_tunka,aq_chief_3078,nomad_government,K
c_turan,Turan,Gedrosia,d_makran,k_aq_persia_makran,e_aq_persia,aq_chief_3079,tribal_government,R
c_turgay,Turgay,Saka,d_turgay,k_cuman,c_turgay,aq_chief_3080,nomad_government,R
c_turin,Turin,Taurini,d_piedmonte,k_italy,c_turin,aq_chief_3081,tribal_government,A/R
c_turnovo,Tarnovgrad,Triballi,d_turnovo,k_bulgaria,c_turnovo,aq_chief_3082,tribal_government,R
c_turov,Turov,Neuri,d_turov,k_ruthenia,c_turov,aq_chief_3083,tribal_government,R
c_turuberan,Turuberan,Vaspurakan,d_vaspurakan,k_aq_persia_armenia,e_aq_persia,aq_chief_3084,tribal_government,R
c_tus,Tus,Parthia,d_nishapur,k_aq_persia_khorasan,e_aq_persia,aq_chief_3085,tribal_government,A/R
c_tustar,Tustar,Susiana,d_khuzestan,k_aq_persia_persia,e_aq_persia,aq_chief_3086,tribal_government,A/R
c_tuulain,Tu'ulain,Tu'ulain,d_tuyuhun,k_amdo,c_tuulain,aq_chief_3087,tribal_government,K
c_tver,Tver,Budini,d_opolye,k_opolye,c_tver,aq_chief_3088,tribal_government,R
c_tyendugu,Tyendugu,Tyendugu,d_worodugu,k_kong,c_tyendugu,aq_chief_3089,tribal_government,K
c_tyumen,Tyumen,Tyumen,d_ostyaki,k_yugra,c_tyumen,aq_chief_3090,tribal_government,K
c_ubins,Ubins,Ubins,d_baraba_steppe,k_ob,c_ubins,aq_chief_3091,tribal_government,K
c_ubmejeiednuo,Ubmejeiednuo,Sápmi,d_aarjetje,k_sapmi,c_ubmejeiednuo,aq_chief_3092,tribal_government,R
c_ubon_ratchathani,Ubon Ratchathani,Ubon Ratchathani,d_mukdahan,k_chenla,c_ubon_ratchathani,aq_chief_3093,tribal_government,K
c_ubulla,Ubulla,Lower Babylonia,d_basra,k_aq_persia_mesopotamia,e_aq_persia,aq_chief_3094,tribal_government,A/R
c_uch,Uch,Malli,d_multan,k_punjab,c_uch,aq_chief_3095,tribal_government,R
c_uch_katyn,Uch Katyn,Saka,d_karkaraly,k_saryarka,c_uch_katyn,aq_chief_3096,nomad_government,R
c_uchangidurga,Uchangidurga,Nulambavadi,d_nulambavadi,k_karnata,c_uchangidurga,aq_chief_3097,tribal_government,R
c_uchkul,Uchkul,Saka,d_zhetysu,k_zhetysu,c_uchkul,aq_chief_3098,nomad_government,R
c_ucinaa,Ucinaa,Ucinaa,d_ruucuu,k_ruucuu,c_ucinaa,aq_chief_3099,tribal_government,K
c_udabhanda,Udabhanda,Gandhara,d_gandhara,k_aq_persia_punjab,e_aq_persia,aq_chief_3100,tribal_government,R
c_ufa,Bashkort,Uralic Steppe,d_bashkiria,k_bashkiria,c_ufa,aq_chief_3101,tribal_government,R
c_uiju,Yeongju,Yeongju,d_yukju,k_goguryeo,c_uiju,aq_chief_3102,tribal_government,K
c_uiska,Uiska,Uralic Steppe,d_uraltau,k_bashkiria,c_uiska,aq_chief_3103,tribal_government,R
c_ujjayini,Ujjayini,Avanti,d_dadhipadra,k_malwa,c_ujjayini,aq_chief_3104,tribal_government,R
c_ukek,Ukek,Sauromatia,d_itil,k_caspian_steppe,c_ukek,aq_chief_3105,nomad_government,R
c_ulaanbaatar,Örgöö,Örgöö,d_ogrash,k_otuken,c_ulaanbaatar,aq_chief_3106,nomad_government,K
c_ulaangom,Ulaangom,Ulaangom,d_ubsunur_hollow,k_naimania,c_ulaangom,aq_chief_3107,nomad_government,K
c_ulam,Ülam,Ülam,d_tuyuhun,k_amdo,c_ulam,aq_chief_3108,tribal_government,K
c_ulan_chuzir,Ulan Chuzir,Saka,d_gurbantunggut,k_dzungaria,c_ulan_chuzir,aq_chief_3109,nomad_government,R
c_ulan_ude,Uda,Uda,d_uda_valley,k_buryatia,c_ulan_ude,aq_chief_3110,nomad_government,K
c_ulantaiga,Ulantaiga,Ulantaiga,d_khovsgol,k_naimania,c_ulantaiga,aq_chief_3111,nomad_government,K
c_uliastai,Uliastai,Uliastai,d_zavkhan,k_naimania,c_uliastai,aq_chief_3112,nomad_government,K
c_uliuty,Uliuty,Saka,d_karabas,k_saryarka,c_uliuty,aq_chief_3113,nomad_government,R
c_ulju,Ulju,Ulju,d_jinju,k_silla,c_ulju,aq_chief_3114,tribal_government,K
c_ulleong,Ulleong,Ulleong,d_donggye,k_silla,c_ulleong,aq_chief_3115,tribal_government,K
c_ulm,Ulm,Vindelici,d_swabia,k_east_francia,c_ulm,aq_chief_3116,tribal_government,A/R
c_ulster,Ulster,Ulaid,d_ulster,k_ireland,c_ulster,aq_chief_3117,tribal_government,A/R
c_ulu_jitanjik,Ulu Jitanjik,Saka,d_kokturgay,k_cuman,c_ulu_jitanjik,aq_chief_3118,nomad_government,R
c_ulytau,Ulytau,Saka,d_qyzylsaryarka,k_cuman,c_ulytau,aq_chief_3119,nomad_government,R
c_uman,Uman,Royal Scythia,d_yedisan,k_pontic_steppe,c_uman,aq_chief_3120,nomad_government,R
c_umiai,Umiai,Umiai,d_vasyugan_mire,k_ob,c_umiai,aq_chief_3121,tribal_government,K
c_ungvar,Ungvár,Carpathian Celts,d_ungvar,k_hungary,c_ungvar,aq_chief_3122,tribal_government,R
c_upland,Uppland,Suiones,d_svealand,k_sweden,c_upland,aq_chief_3123,tribal_government,R
c_upper_bono,Upper Bono,Upper Bono,d_brong,k_akan,c_upper_bono,aq_chief_3124,tribal_government,K
c_upper_ghur,Upper Ghur,Drangiana,d_ghur,k_aq_persia_aria,e_aq_persia,aq_chief_3125,tribal_government,R
c_upper_gurma,Upper Gurma,Upper Gurma,d_upper_gurma,k_gurma,c_upper_gurma,aq_chief_3126,tribal_government,K
c_upper_khabur,Upper Khabur,Assyria,d_diyarrabia,k_aq_persia_jazira,e_aq_persia,aq_chief_3127,tribal_government,R
c_uqayr,Uqayr,Gerrha,d_al-hasa,k_arabia,c_uqayr,aq_chief_3128,tribal_government,R
c_uraiyur,Uraiyur,Pandya Nadu,d_pandya_nadu,k_tamilakam,c_uraiyur,aq_chief_3129,tribal_government,R
c_ural,Ural,Uralic Lands,d_ural,k_permia,c_ural,aq_chief_3130,tribal_government,R
c_uraltau,Uraltau,Uralic Steppe,d_uraltau,k_bashkiria,c_uraltau,aq_chief_3131,tribal_government,R
c_urbino,Urbino,Picenum,d_ancona,k_romagna,c_urbino,aq_chief_3132,tribal_government,R
c_urgamal,Urgamal,Urgamal,d_zavkhan,k_naimania,c_urgamal,aq_chief_3133,nomad_government,K
c_urgell,Urgell,Laietania,d_barcelona,k_aragon,c_urgell,aq_chief_3134,tribal_government,R
c_urgun,Urgun,Gandhara,d_gandhara,k_aq_persia_punjab,e_aq_persia,aq_chief_3135,tribal_government,R
c_urmiya,Urmiya,Media,d_azerbaijan,k_aq_persia_daylam,e_aq_persia,aq_chief_3136,tribal_government,R
c_uses,Uzès,Volcae Arecomici,d_languedoc,k_france,c_uses,aq_chief_3137,tribal_government,A/R
c_ushara,Ushara,Ushara,d_alwa,k_aq_kush,k_aq_kush,aq_chief_3138,tribal_government,K
c_ushmun,Ushmun,Khmun,d_al-said,k_aq_egypt,k_aq_egypt,aq_chief_3139,tribal_government,A/R
c_ushytsia,Ushytsia,Scythia,d_kiev,k_ruthenia,c_ushytsia,aq_chief_3140,tribal_government,R
c_uskes,Uskes,Uskes,d_sum,k_aynumosir,c_uskes,aq_chief_3141,tribal_government,K
c_usora,Usora,Illyria Interior,d_lower_bosna,k_croatia,c_usora,aq_chief_3142,tribal_government,R
c_ustyug,Ustyug,Fenni,d_ustyug,k_bjarmaland,c_ustyug,aq_chief_3143,tribal_government,R
c_uul_chors,Uul Chors,Uul Chors,d_shoria,k_khakassia,c_uul_chors,aq_chief_3144,tribal_government,K
c_uulynkhol,Uulynkhöl,Uulynkhöl,d_baigaluuls,k_buryatia,c_uulynkhol,aq_chief_3145,nomad_government,K
c_uvs_nuur,Uvs Nuur,Uvs Nuur,d_ubsunur_hollow,k_naimania,c_uvs_nuur,aq_chief_3146,nomad_government,K
c_uwal,Uwal,Tylos,d_bahrain,k_arabia,c_uwal,aq_chief_3147,tribal_government,A/R
c_uzboy,Uzboy,Chorasmia,d_uzboy,k_transoxiana,c_uzboy,aq_chief_3148,nomad_government,R
c_uzen,Uzen,Sauromatia,d_itil,k_caspian_steppe,c_uzen,aq_chief_3149,nomad_government,R
c_uzgend,Uzgend,Ferghana,d_ferghana,k_transoxiana,c_uzgend,aq_chief_3150,tribal_government,R
c_uzgend_KARA,Uzgend,Saka,d_syr_darya,k_syr_darya,c_uzgend_KARA,aq_chief_3151,nomad_government,R
c_vadodara,Vadodara,Lata,d_lata,k_gujarat,c_vadodara,aq_chief_3152,tribal_government,R
c_vaihingen,Vaihingen,Chatti,d_west_franconia,k_east_francia,c_vaihingen,aq_chief_3153,tribal_government,R
c_vaijayanti,Vaijayanti,Raichur Doab,d_raichur_doab,k_karnata,c_vaijayanti,aq_chief_3154,tribal_government,R
c_vairagara,Vairagara,Vidharba,d_vidharba,k_maharastra,c_vairagara,aq_chief_3155,tribal_government,R
c_vairata,Vairata,Matsya,d_ajmer,k_rajputana,c_vairata,aq_chief_3156,tribal_government,R
c_vaisali,Vaiśālĩ,Vaiśālĩ,d_arakan,k_pagan,c_vaisali,aq_chief_3157,tribal_government,K
c_valabhi,Valabhi,Saurashtra,d_saurashtra,k_gujarat,c_valabhi,aq_chief_3158,tribal_government,R
c_valdai,Valdai,Neuri,d_luki,k_novgorod,c_valdai,aq_chief_3159,tribal_government,R
c_valencia,Valencia,Edetani,d_valencia,k_valencia,c_valencia,aq_chief_3160,tribal_government,A/R
c_valentinois,Valentinois,Segovellauni,d_dauphine,k_burgundy,c_valentinois,aq_chief_3161,tribal_government,A/R
c_valladolid,Valladolid,Vaccaei,d_castilla,k_castille,c_valladolid,aq_chief_3162,tribal_government,A/R
c_valois,Valois,Suessiones,d_valois,k_france,c_valois,aq_chief_3163,tribal_government,A/R
c_vanand,Vanand,Armenia,d_greater_armenia,k_aq_persia_armenia,e_aq_persia,aq_chief_3164,tribal_government,R
c_vanemane,Vanemane,Curonians,d_courland,k_lithuania,c_vanemane,aq_chief_3165,tribal_government,R
c_vannes,Vannes,Veneti,d_brittany,k_france,c_vannes,aq_chief_3166,tribal_government,A/R
c_varanasi,Varanasi,Kasi,d_kasi,k_aq_nanda,e_aq_nanda,aq_chief_3167,tribal_government,R
c_vardhamana,Vardhamāna,Saurashtra,d_saurashtra,k_gujarat,c_vardhamana,aq_chief_3168,tribal_government,R
c_varend,Värend,Geats,d_smaland,k_sweden,c_varend,aq_chief_3169,tribal_government,R
c_vargashi,Vargashi,Saka,d_tobol-ishim,k_qara_dala,c_vargashi,aq_chief_3170,nomad_government,R
c_varmland,Värmaland,Suiones,d_bergslagen,k_sweden,c_varmland,aq_chief_3171,tribal_government,R
c_vas,Vas,Pannonia,d_gyor,k_hungary,c_vas,aq_chief_3172,tribal_government,R
c_vaspurakan,Vaspurakan,Vaspurakan,d_vaspurakan,k_aq_persia_armenia,e_aq_persia,aq_orontes,tribal_government,R
c_vastergotland,Västergötland,Geats,d_vastergotland,k_sweden,c_vastergotland,aq_chief_3174,tribal_government,R
c_vastmanland,Västmannaland,Suiones,d_bergslagen,k_sweden,c_vastmanland,aq_chief_3175,tribal_government,R
c_vastvag,Lófótr,Scandia,d_halogaland,k_norway,c_vastvag,aq_chief_3176,tribal_government,R
c_vasyugan,Vasyugan,Vasyugan,d_vasyugan_mire,k_ob,c_vasyugan,aq_chief_3177,tribal_government,K
c_vatapi,Vatapi,Raichur Doab,d_raichur_doab,k_karnata,c_vatapi,aq_chief_3178,tribal_government,R
c_vatsagulma,Vatsagulma,Ashmaka,d_devagiri,k_maharastra,c_vatsagulma,aq_chief_3179,tribal_government,R
c_vaucouleurs,Vaucouleurs,Leuci,d_bar,k_lotharingia,c_vaucouleurs,aq_chief_3180,tribal_government,R
c_vecchio,Vecchio,Corsica,d_corsica,k_sardinia,c_vecchio,aq_chief_3181,tribal_government,R
c_velay,Velay,Vellavi,d_auvergne,k_france,c_velay,aq_chief_3182,tribal_government,A/R
c_velbazhd,Velbazhd,Thrace,d_bulgaria,k_bulgaria,c_velbazhd,aq_chief_3183,tribal_government,R
c_velsk,Velsk,Fenni,d_ustyug,k_bjarmaland,c_velsk,aq_chief_3184,tribal_government,R
c_venadu,Venadu,Chera Nadu,d_chera_nadu,k_tamilakam,c_venadu,aq_chief_3185,tribal_government,R
c_venaissin,Venaissin,Massalia,d_provence,k_burgundy,c_venaissin,aq_chief_3186,tribal_government,R
c_vendome,Vendôme,Carnutes,d_orleans,k_france,c_vendome,aq_chief_3187,tribal_government,R
c_veneto,Veneto,Veneti,d_venice,k_venice,c_veneto,aq_chief_3188,tribal_government,A/R
c_venezia,Venezia,Veneti,d_venice,k_venice,c_venezia,aq_chief_3189,tribal_government,A/R
c_vengipura,Vengipura,Vengi,d_vengi,k_andhra,c_vengipura,aq_chief_3190,tribal_government,R
c_veria,Veria,Beroia,d_thessalonika,k_aq_macedon,k_aq_macedon,aq_macedon,tribal_government,A/R
c_vermandois,Vermandois,Viromandui,d_valois,k_france,c_vermandois,aq_chief_3192,tribal_government,A/R
c_verona,Verona,Veneti,d_verona,k_italy,c_verona,aq_chief_3193,tribal_government,A/R
c_vestfold,Vestfold,Scandia,d_viken,k_norway,c_vestfold,aq_chief_3194,tribal_government,R
c_vestisland,Vestrland,Thule,d_iceland,k_norway,c_vestisland,aq_chief_3195,tribal_government,R
c_veszprem,Veszprém,Pannonia,d_gyor,k_hungary,c_veszprem,aq_chief_3196,tribal_government,R
c_vhrbosna,Vrhbosna,Illyria Interior,d_bosna,k_croatia,c_vhrbosna,aq_chief_3197,tribal_government,R
c_viborg,Viborg,Cimbria,d_jylland,k_denmark,c_viborg,aq_chief_3198,tribal_government,R
c_vidin,Vidin,Triballia,d_vidin,k_bulgaria,c_vidin,aq_chief_3199,tribal_government,R
c_vidisa,Vidisa,Akara-Dasarna,d_akara_dasarna,k_malwa,c_vidisa,aq_chief_3200,tribal_government,R
c_vidzeme,Metsepole,Livonians,d_livonia,k_esthonia,c_vidzeme,aq_chief_3201,tribal_government,R
c_vien_chan,Vien Chan,Vien Chan,d_phonsavan,k_chenla,c_vien_chan,aq_chief_3202,tribal_government,K
c_viena,Viena,Fenni,d_karelia,k_finland,c_viena,aq_chief_3203,tribal_government,R
c_vienna,Wien,Pannonian Vienna Region,d_osterreich,k_bavaria,c_vienna,aq_chief_3204,tribal_government,A/R
c_viennois,Viennois,Allobroges,d_dauphine,k_burgundy,c_viennois,aq_chief_3205,tribal_government,A/R
c_viipuri,Viipuri,Fenni,d_karelia,k_finland,c_viipuri,aq_chief_3206,tribal_government,R
c_vijaya,Vijaya,Vijaya,d_vijaya,k_champa,c_vijaya,aq_chief_3207,tribal_government,K
c_vijayapura,Vijayapura,Vanga,d_nadia,k_aq_nanda_bengal,e_aq_nanda,aq_chief_3208,tribal_government,R
c_vijnot,Vijnot,Sauvira,d_bhakkar,k_aq_persia_sindh,e_aq_persia,aq_chief_3209,tribal_government,R
c_vikramapura,Vikramapura,Jangala,d_jangladesh,k_rajputana,c_vikramapura,aq_chief_3210,tribal_government,R
c_villach,Villach,Noricum,d_carinthia,k_bavaria,c_villach,aq_chief_3211,tribal_government,A/R
c_vingulmork,Vingulmörk,Scandia,d_viken,k_norway,c_vingulmork,aq_chief_3212,tribal_government,R
c_viraja,Viraja,Tosali,d_tosali,k_aq_nanda_orissa,e_aq_nanda,aq_chief_3213,tribal_government,R
c_viscaya,Viscaya,Caristii,d_viscaya,k_navarra,c_viscaya,aq_chief_3214,tribal_government,A/R
c_visegrad,Visegrad,Pannonia,d_visegrad,k_hungary,c_visegrad,aq_chief_3215,tribal_government,R
c_viseu,Viseu,Lusitani,d_coimbra,k_portugal,c_viseu,aq_chief_3216,tribal_government,A/R
c_vitebsk,Vitebsk,Neuri,d_polotsk,k_white_rus,c_vitebsk,aq_chief_3217,tribal_government,R
c_viterbo,Viterbo,Etruria,d_aq_etruria_latium,k_aq_etruria,k_aq_etruria,aq_chief_3218,tribal_government,A/R
c_vitim,Vitim,Vitim,d_bargujin_tukum,k_buryatia,c_vitim,aq_chief_3219,nomad_government,K
c_viviers,Viviers,Helvii,d_dauphine,k_burgundy,c_viviers,aq_chief_3220,tribal_government,A/R
c_vizagipatam,Vizagipatam,Kalinga,d_kalinga,k_aq_nanda_orissa,e_aq_nanda,aq_chief_3221,tribal_government,R
c_vladimir,Vladimir,Budini,d_opolye,k_opolye,c_vladimir,aq_chief_3222,tribal_government,R
c_vodamayutja,Vodamayutja,Vodamayutja,d_vodamayutja,k_aq_nanda_delhi,e_aq_nanda,aq_chief_3223,tribal_government,R
c_vodi,Vodi,Neuri,d_novgorod,k_novgorod,c_vodi,aq_chief_3224,tribal_government,R
c_vodica,Krajina,Illyria Interior,d_lower_bosna,k_croatia,c_vodica,aq_chief_3225,tribal_government,R
c_vogtland,Vogtland,Elbe Lands,d_meissen,k_sorbia,c_vogtland,aq_chief_3226,tribal_government,R
c_voin,Voin',Scythia,d_pereyaslavl,k_ruthenia,c_voin,aq_chief_3227,tribal_government,R
c_volkovysk,Volkovysk,Neuri,d_grodno,k_white_rus,c_volkovysk,aq_chief_3228,tribal_government,R
c_volodymyr,Volodymyr,Neuri,d_volhynia,k_galicia-volhynia,c_volodymyr,aq_chief_3229,tribal_government,R
c_vologda,Vologda,Fenni,d_vologda,k_bjarmaland,c_vologda,aq_chief_3230,tribal_government,R
c_vorbasse,Vorbasse,Cimbria,d_slesvig,k_denmark,c_vorbasse,aq_chief_3231,tribal_government,R
c_voronezh,Voronezh,Budini,d_voronezh,k_mordvinia,c_voronezh,aq_chief_3232,tribal_government,R
c_votkinsk,Votkinsk,Uralic Lands,d_ural,k_permia,c_votkinsk,aq_chief_3233,tribal_government,R
c_vratsa,Vratsa,Triballi,d_turnovo,k_bulgaria,c_vratsa,aq_chief_3234,tribal_government,R
c_vrbas,Vrbas,Illyria Interior,d_lower_bosna,k_croatia,c_vrbas,aq_chief_3235,tribal_government,R
c_vukovar,Vukovár,Pannonia,d_slavonia,k_croatia,c_vukovar,aq_chief_3236,tribal_government,R
c_vyadhapura,Vyadhapura,Vyadhapura,d_vyadhapura,k_funan,c_vyadhapura,aq_chief_3237,tribal_government,K
c_vyangi,Vyangi,Fenni,d_vepsia,k_novgorod,c_vyangi,aq_chief_3238,tribal_government,R
c_wa,Jinmadian,Jinmadian,d_lobi,k_kong,c_wa,aq_chief_3239,tribal_government,K
c_wabar,Wabar,Ma'in,d_jawf-al-yamani,k_aq040_main,k_aq040_main,aq_chief_3240,tribal_government,R
c_wadai,Wadaï,Wadaï,d_wadai,k_darfur,c_wadai,aq_chief_3241,tribal_government,K
c_wadan,Wadan,Gaetulia,d_adrar,k_anbiya,c_wadan,aq_chief_3242,tribal_government,R
c_waddan,Waddan,Syrtis,d_aq040_africa_syrte,k_africa,c_waddan,aq_chief_3243,tribal_government,R
c_wadi_amur,Wadi Amur,Wadi Amur,d_naqis,k_blemmyia,c_wadi_amur,aq_chief_3244,tribal_government,K
c_wadi_el-milk,Wadi el-milk,Wadi el-milk,d_makuria,k_aq_kush,k_aq_kush,aq_chief_3245,tribal_government,K
c_wagadugu,Wagadugu,Wagadugu,d_wagadugu,k_gur,c_wagadugu,aq_chief_3246,tribal_government,K
c_waj,Wäj,Wäj,d_showa,k_abyssinia,c_waj,aq_chief_3247,tribal_government,K
c_wajda,Wajda,Masaesyli,d_tlemcen,k_tahert,c_wajda,aq_chief_3248,tribal_government,R
c_wajh,Wajh,Yathrib,d_medina,k_arabia,c_wajh,aq_chief_3249,tribal_government,R
c_wakhan,Wakhan,Bactria,d_badakhshan,k_aq_persia_bactria,e_aq_persia,aq_chief_3250,tribal_government,R
c_wakhsh,Wakhsh,Bactria,d_khuttal,k_aq_persia_bactria,e_aq_persia,aq_chief_3251,tribal_government,R
c_walata,Walata,Walata,d_wagadu,k_ghana,c_walata,aq_chief_3252,tribal_government,K
c_waldeck,Waldeck,Bructeri,d_westfalen,k_saxony,c_waldeck,aq_chief_3253,tribal_government,R
c_wanan,Wanan,Wanan,d_qiongguan,k_lingnan,c_wanan,aq_chief_3254,tribal_government,K
c_wandala,Wandala,Wandala,d_wandala,k_sao,c_wandala,aq_chief_3255,tribal_government,K
c_wanzhou,Wanzhou,Wanzhou,d_kuizhong,k_aq040_ba,k_aq040_ba,aq_chief_3256,tribal_government,K
c_waqisa,Waqisa,Babylonia,d_kufa,k_aq_persia_mesopotamia,e_aq_persia,aq_chief_3257,tribal_government,R
c_wargla,Wargla,Gaetulia,d_mzab,k_tahert,c_wargla,aq_chief_3258,tribal_government,R
c_warwickshire,Warwickshire,Cornovii,d_hereford,k_england,c_warwickshire,aq_chief_3259,tribal_government,A/R
c_wasit,Wasit,Babylonia,d_wasit,k_aq_persia_mesopotamia,e_aq_persia,aq_chief_3260,tribal_government,A/R
c_wassa,Wassa,Wassa,d_ashanti,k_akan,c_wassa,aq_chief_3261,tribal_government,K
c_weichu,Weichu,Weichu,d_dali,k_dali,c_weichu,aq_chief_3262,tribal_government,K
c_weiyuan,Weiyuan,Weiyuan,d_yinsheng,k_dali,c_weiyuan,aq_chief_3263,tribal_government,K
c_weizhou,Weizhou,Weizhou,d_weibo,k_aq_wei,k_aq_wei,aq_chief_3264,tribal_government,K
c_weizhou_1,Weizhou,Weizhou,d_heyang,k_aq_han,k_aq_han,aq_chief_3265,tribal_government,K
c_weizhou_2,Weizhou,Weizhou,d_qincheng,k_aq_qin,k_aq_qin,aq_chief_3266,tribal_government,K
c_weizhou_3,Weizhou,Weizhou,d_shuofang,k_xia,c_weizhou_3,aq_chief_3267,nomad_government,K
c_weizhou_4,Weizhou,Weizhou,d_ziqing,k_aq_qi,k_aq_qi,aq_chief_3268,tribal_government,K
c_welamo,Welamo,Welamo,d_kaffa,k_damot,c_welamo,aq_chief_3269,tribal_government,K
c_wellega,Wellega,Wellega,d_damot,k_damot,c_wellega,aq_chief_3270,tribal_government,K
c_wentugaole,Wentugaole,Wentugaole,d_juyan,k_xia,c_wentugaole,aq_chief_3271,nomad_government,K
c_wenyon,Wenyon,Wenyon,d_wenyon,k_guinea,c_wenyon,aq_chief_3272,tribal_government,K
c_wenzhou,Wenzhou,Wenzhou,d_lilang,k_xingyuan,c_wenzhou,aq_chief_3273,tribal_government,K
c_wenzhou_2,Wenzhou,Wenzhou,d_zhedong,k_aq_yue,k_aq_yue,aq_chief_3274,tribal_government,K
c_werle,Werle,Venedi,d_nordmark,k_pomerania,c_werle,aq_chief_3275,tribal_government,R
c_west-tokharestan,West- Tokharestan,Bactria,d_balkh,k_aq_persia_bactria,e_aq_persia,aq_chief_3276,tribal_government,R
c_west_kordofan,West Kordofan,West Kordofan,d_kordofan,k_darfur,c_west_kordofan,aq_chief_3277,tribal_government,K
c_west_qamuda,West Qamuda,Byzacium,d_kairouan,k_aq_carthage,k_aq_carthage,aq_chief_3278,tribal_government,R
c_west_riding,West Riding,Brigantes,d_york,k_england,c_west_riding,aq_chief_3279,tribal_government,A/R
c_western_tannu,Western Tannu,Western Tannu,d_tannu_ola,k_tuva,c_western_tannu,aq_chief_3280,tribal_government,K
c_westfriesland,Westfriesland,Frisii,d_holland,k_frisia,c_westfriesland,aq_chief_3281,tribal_government,A/R
c_westmorland,Westmorland,Carvetii,d_lancaster,k_england,c_westmorland,aq_chief_3282,tribal_government,A/R
c_wiek,Wiek,Aestii,d_esthonia,k_esthonia,c_wiek,aq_chief_3283,tribal_government,R
c_wielunska,Wieluń,Vistula Lands,d_kuyavia,k_poland,c_wielunska,aq_chief_3284,tribal_government,R
c_wiltberg,Wiltberg,Hermunduri,d_east_franconia,k_east_francia,c_wiltberg,aq_chief_3285,tribal_government,R
c_wiltshire,Wiltshire,Belgae,d_gloucester,k_england,c_wiltshire,aq_chief_3286,tribal_government,A/R
c_wittenberg,Wittenberg,Elbe Lands,d_lausitz,k_sorbia,c_wittenberg,aq_chief_3287,tribal_government,R
c_wolgast,Wolgast,Venedi,d_nordmark,k_pomerania,c_wolgast,aq_chief_3288,tribal_government,R
c_wolkenstein,Wolkenstein,Elbe Lands,d_meissen,k_sorbia,c_wolkenstein,aq_chief_3289,tribal_government,R
c_wolpe,Wölpe,Cherusci,d_angria,k_saxony,c_wolpe,aq_chief_3290,tribal_government,R
c_wolqayt,Wolqayt,Wolqayt,d_baqlin,k_blemmyia,c_wolqayt,aq_chief_3291,tribal_government,K
c_wonju,Wonju,Wonju,d_donggye,k_silla,c_wonju,aq_chief_3292,tribal_government,K
c_worcestershire,Worcestershire,Dobunni,d_hereford,k_england,c_worcestershire,aq_chief_3293,tribal_government,A/R
c_wormditt,Warmia,Aestii,d_prussia,k_lithuania,c_wormditt,aq_chief_3294,tribal_government,R
c_worms,Worms,Vangiones,d_west_franconia,k_east_francia,c_worms,aq_chief_3295,tribal_government,A/R
c_worodugu,Worodugu,Worodugu,d_worodugu,k_kong,c_worodugu,aq_chief_3296,tribal_government,K
c_woye,Woye,Woye,d_LIAO_zhongjing,k_raole,c_woye,aq_chief_3297,tribal_government,K
c_wschowska,Wschowa,Vistula Lands,d_wielkopolska,k_poland,c_wschowska,aq_chief_3298,tribal_government,R
c_wulan,Wulan,Wulan,d_shuofang,k_xia,c_wulan,aq_chief_3299,nomad_government,K
c_wuli,Wuli,Wuli,d_wuli,k_kaabu,c_wuli,aq_chief_3300,tribal_government,K
c_wulong,Wulong,Wulong,d_xiyuan,k_qianzhong,c_wulong,aq_chief_3301,tribal_government,K
c_wurttemberg,Württemberg,Helvetii,d_swabia,k_east_francia,c_wurttemberg,aq_chief_3302,tribal_government,R
c_wurzburg,Würzburg,Hermunduri,d_east_franconia,k_east_francia,c_wurzburg,aq_chief_3303,tribal_government,R
c_wuyuan,Yanzhou,Yanzhou,d_xiasui,k_xia,c_wuyuan,aq_chief_3304,tribal_government,K
c_wuzhou,Wuzhou,Wuzhou,d_zhedong,k_aq_yue,k_aq_yue,aq_chief_3305,tribal_government,K
c_wuzhou_1,Wuzhou,Wuzhou,d_jingjiang,k_lingxi,c_wuzhou_1,aq_chief_3306,tribal_government,K
c_xainza,Xainza,Xainza,d_nyima,k_tsang,c_xainza,aq_chief_3307,tribal_government,K
c_xaitongmoin,Tongmoin,Tongmoin,d_ngamring,k_tsang,c_xaitongmoin,aq_chief_3308,tribal_government,K
c_xiangcheng,Xiangcheng,Xiangcheng,d_jianchuan,k_dali,c_xiangcheng,aq_chief_3309,tribal_government,K
c_xiangshan,Xiangzhou,Xiangzhou,d_guiguan,k_lingxi,c_xiangshan,aq_chief_3310,tribal_government,K
c_xiangyang,Xiangyang,Xiangyang,d_xiangdeng,k_aq_chu,k_aq_chu,aq_chief_3311,tribal_government,K
c_xiangzhou,Xiangzhou,Xiangzhou,d_aq040_aq_wei_xingming,k_aq_wei,k_aq_wei,aq_chief_3312,tribal_government,K
c_xiaoguan,Xiaoguan,Xiaoguan,d_jingyuan,k_aq_qin,k_aq_qin,aq_chief_3313,tribal_government,K
c_xiazhou,Xiazhou,Xiazhou,d_xiasui,k_xia,c_xiazhou,aq_chief_3314,tribal_government,K
c_xiazhou_1,Xiazhou,Xiazhou,d_jingnan,k_aq_chu,k_aq_chu,aq_chief_3315,tribal_government,K
c_xigaze,Xigazê,Xigazê,d_xigaze,k_tsang,c_xigaze,aq_chief_3316,tribal_government,K
c_xigortang,Xigortang,Xigortang,d_tuyuhun,k_amdo,c_xigortang,aq_chief_3317,tribal_government,K
c_xin_an,Quzhou,Quzhou,d_zhedong,k_aq_yue,k_aq_yue,aq_chief_3318,tribal_government,K
c_xincheng,Xincheng,Xincheng,d_guasha,k_hexi,c_xincheng,aq_chief_3319,nomad_government,K
c_xinghua,Xinghua,Xinghua,d_pinghai,k_fujian,c_xinghua,aq_chief_3320,tribal_government,K
c_xingqing,Xingqing,Xingqing,d_xingfeng,k_guannei,c_xingqing,aq_chief_3321,tribal_government,K
c_xingyuan,Xingyuan,Xingyuan,d_xingyuan,k_aq040_shu,k_aq040_shu,aq_chief_3322,tribal_government,K
c_xingzhou,Xingzhou,Xingzhou,d_xingming,k_aq_zhao,k_aq_zhao,aq_zhao,tribal_government,K
c_xinhzou,Xinzhou,Xinzhou,d_dingjiang,k_aq_chu,k_aq_chu,aq_chief_3324,tribal_government,K
c_xining,Xining,Xining,d_xining,k_amdo,c_xining,aq_chief_3325,tribal_government,K
c_xiningzhou,Shanzhou,Shanzhou,d_longyou,k_hexi,c_xiningzhou,aq_chief_3326,tribal_government,K
c_xinzhou,Xinzhou,Xinzhou,d_yanmen,k_aq_zhao,k_aq_zhao,aq_chief_3327,tribal_government,K
c_xinzhou_1,Xinzhou,Xinzhou,d_lingnan,k_lingnan,c_xinzhou_1,aq_chief_3328,tribal_government,K
c_xiongzhou,Xiongzhou,Xiongzhou,d_shuofang,k_xia,c_xiongzhou,aq_chief_3329,nomad_government,K
c_xiuzhou,Xiuzhou,Xiuzhou,d_zhexi,k_aq_yue,k_aq_yue,aq_chief_3330,tribal_government,K
c_xizhou,Xizhou,Xizhou,d_hezhong,k_aq_wei,k_aq_wei,aq_chief_3331,tribal_government,K
c_xuanzhou,Xuanzhou,Xuanzhou,d_xuanshe,k_aq_yue,k_aq_yue,aq_chief_3332,tribal_government,K
c_xunzhou,Xunzhou,Xunzhou,d_huixun,k_lingnan,c_xunzhou,aq_chief_3333,tribal_government,K
c_xunzhou_2,Xunzhou,Xunzhou,d_yongguan,k_lingxi,c_xunzhou_2,aq_chief_3334,tribal_government,K
c_xuzhou_1,Xuzhou,Xuzhou,d_xusi,k_aq_song,k_aq_song,aq_chief_3335,tribal_government,K
c_yabrin,Yabrin,Gerrha,d_al-hasa,k_arabia,c_yabrin,aq_chief_3336,tribal_government,R
c_yagba,Yagba,Yagba,d_oyo,k_yorubaland,c_yagba,aq_chief_3337,tribal_government,K
c_yaitsk,Yaitsk,Sauromatia,d_pecheneg,k_caspian_steppe,c_yaitsk,aq_chief_3338,nomad_government,R
c_yalala,Yalala,Numidia,d_tahert,k_tahert,c_yalala,aq_chief_3339,tribal_government,R
c_yalong,Yalong,Yalong,d_qilian,k_hexi,c_yalong,aq_chief_3340,nomad_government,K
c_yamama,Yamama,Arabia Interior,d_yamama,k_arabia,c_yamama,aq_chief_3341,tribal_government,R
c_yamashiro,Yamashiro,Yamashiro,d_kinai,k_yamato,c_yamashiro,aq_chief_3342,tribal_government,K
c_yamato,Yamato,Yamato,d_kinai,k_yamato,c_yamato,aq_chief_3343,tribal_government,K
c_yamethin,Yamethin,Yamethin,d_pagan,k_pagan,c_yamethin,aq_chief_3344,tribal_government,K
c_yan_an,Yanzhou,Yanzhou,d_fufang,k_guannei,c_yan_an,aq_chief_3345,tribal_government,K
c_yanbu,Yanbu,Yathrib,d_medina,k_arabia,c_yanbu,aq_chief_3346,tribal_government,R
c_yanchuan,Yanchuan,Yanchuan,d_luodian,k_qianzhong,c_yanchuan,aq_chief_3347,tribal_government,K
c_yangcheng,Qinzhou,Qinzhou,d_zelu,k_aq_han,k_aq_han,aq_chief_3348,tribal_government,K
c_yangikent,Yangikent,Dahae,d_aral_il,k_oghuz_il,c_yangikent,aq_chief_3349,nomad_government,R
c_yangjibaliq,Yangjibaliq,Saka,d_beshbalik,k_dzungaria,c_yangjibaliq,aq_chief_3350,nomad_government,R
c_yangju,Yangju,Yangju,d_gwangju,k_goguryeo,c_yangju,aq_chief_3351,tribal_government,K
c_yangwarok,Yangwarok,Limbuwan,d_limbuwan,k_himalaya,c_yangwarok,aq_chief_3352,tribal_government,R
c_yangzhou,Yangzhou,Yangzhou,d_huainan,k_aq_chu,k_aq_chu,aq_chief_3353,tribal_government,K
c_yangzhou_1,Yangzhou,Yangzhou,d_xingyuan,k_aq040_shu,k_aq040_shu,aq_chief_3354,tribal_government,K
c_yanokul,Yanokul,Uralic Steppe,d_sakmara,k_bashkiria,c_yanokul,aq_chief_3355,tribal_government,R
c_yanzhou,Yanzhou,Yanzhou,d_yanhai,k_aq040_lu,k_aq040_lu,aq_chief_3356,tribal_government,K
c_yanzhou_3,Yanzhou,Yanzhou,d_luodian,k_qianzhong,c_yanzhou_3,aq_chief_3357,tribal_government,K
c_yaozhou,Yaozhou,Yaozhou,d_yongxing,k_aq_qin,k_aq_qin,aq_chief_3358,tribal_government,K
c_yar-calli,Yar Calli,Sauromatia,d_volga_bulgaria,k_volga_bulgaria,c_yar-calli,aq_chief_3359,tribal_government,R
c_yarkand,Yarkand,Kashgar,d_kashgar,k_khotan,c_yarkand,aq_chief_3360,tribal_government,R
c_yaroslavl,Yaroslavl,Budini,d_opolye,k_opolye,c_yaroslavl,aq_chief_3361,tribal_government,R
c_yasin,Yasin,Pamir,d_pamir,k_kashmir,c_yasin,aq_chief_3362,tribal_government,R
c_yatenga,Yatenga,Yatenga,d_yatenga,k_gurma,c_yatenga,aq_chief_3363,tribal_government,K
c_yatvyagi,Yatvyagi,Aestii,d_lithuanians,k_lithuania,c_yatvyagi,aq_chief_3364,tribal_government,R
c_yau,Yau,Yau,d_bornu,k_kanem,c_yau,aq_chief_3365,tribal_government,K
c_yauri,Yauri,Yauri,d_kebbi,k_hausaland,c_yauri,aq_chief_3366,tribal_government,K
c_yazd,Yazd,Persis,d_yazd,k_aq_persia_persia,e_aq_persia,aq_chief_3367,tribal_government,A/R
c_yazhou,Yazhou,Yazhou,d_qiongguan,k_lingnan,c_yazhou,aq_chief_3368,tribal_government,K
c_yazhou_1,Yazhou,Yazhou,d_qiongguan,k_lingnan,c_yazhou_1,aq_chief_3369,tribal_government,K
c_yazhou_2,Yazhou,Yazhou,d_qiongnan,k_aq040_shu,k_aq040_shu,aq_chief_3370,tribal_government,K
c_yekaterinburg,Yekaterinburg,Ugric Lands,d_vogulia,k_bashkiria,c_yekaterinburg,aq_chief_3371,tribal_government,R
c_yelimane,Yelimane,Yelimane,d_diafunu,k_ghana,c_yelimane,aq_chief_3372,tribal_government,K
c_yenisei,Yenisei,Yenisei,d_ala_tau,k_ob,c_yenisei,aq_chief_3373,tribal_government,K
c_yenshipin,Yenshipin,Yenshipin,d_amdo,k_amdo,c_yenshipin,aq_chief_3374,tribal_government,K
c_yeongwon,Yeongwon,Yeongwon,d_bukgye,k_goguryeo,c_yeongwon,aq_chief_3375,tribal_government,K
c_yera,Yera,Yera,d_dauria,k_buryatia,c_yera,aq_chief_3376,nomad_government,K
c_yezhou,Jiangzhou,Jiangzhou,d_wuxi,k_kuizhou,c_yezhou,aq_chief_3377,tribal_government,K
c_yingchuan,Xuzhou,Xuzhou,d_chenxu,k_aq_han,k_aq_han,aq_chief_3378,tribal_government,K
c_yingde,Yingzhou,Yingzhou,d_lingnan,k_lingnan,c_yingde,aq_chief_3379,tribal_government,K
c_yingzhou,Yingzhou,Yingzhou,d_aq040_aq_chu_biansong,k_aq_chu,k_aq_chu,aq_chief_3380,tribal_government,K
c_yingzhou_2,Yingzhou,Yingzhou,d_xiangdeng,k_aq_chu,k_aq_chu,aq_chief_3381,tribal_government,K
c_yingzhou_4,Yingzhou,Yingzhou,d_zangke,k_qianzhong,c_yingzhou_4,aq_chief_3382,tribal_government,K
c_yingzhou_5,Yingzhou,Yingzhou,d_yunshuo,k_aq_zhao,k_aq_zhao,aq_chief_3383,tribal_government,K
c_yinsheng,Yinsheng,Yinsheng,d_yinsheng,k_dali,c_yinsheng,aq_chief_3384,tribal_government,K
c_yinzhou,Yinzhou,Yinzhou,d_xiasui,k_xia,c_yinzhou,aq_chief_3385,tribal_government,K
c_yinzhou_1,Yinzhou,Yinzhou,d_shimen,k_qianzhong,c_yinzhou_1,aq_chief_3386,tribal_government,K
c_yizhou_1,Yizhou,Yizhou,d_aq040_aq_yan_yideng,k_aq_yan,k_aq_yan,aq_chief_3387,tribal_government,K
c_yizhou_3,Yizhou,Yizhou,d_qianzhong,k_kuizhou,c_yizhou_3,aq_chief_3388,tribal_government,K
c_yongchang_jingmadian,Jingmadian,Jingmadian,d_yongchang,k_pagan,c_yongchang_jingmadian,aq_chief_3389,tribal_government,K
c_yongchang_yongchang,Yongchang,Yongchang,d_yongchang,k_pagan,c_yongchang_yongchang,aq_chief_3390,tribal_government,K
c_yongxing,Yongxing,Yongxing,d_sanggan,k_aq_zhao,k_aq_zhao,aq_chief_3391,tribal_government,K
c_yongzhou,Yongzhou,Yongzhou,d_lingling,k_aq_chu,k_aq_chu,aq_chief_3392,tribal_government,K
c_yongzhou_1,Yongzhou,Yongzhou,d_yongguan,k_lingxi,c_yongzhou_1,aq_chief_3393,tribal_government,K
c_yoshkar-ola,Charla,Sauromatia,d_kazan,k_volga_bulgaria,c_yoshkar-ola,aq_chief_3394,tribal_government,R
c_youzhou,Youzhou,Youzhou,d_youzhou,k_aq_yan,k_aq_yan,aq_yan,tribal_government,K
c_youzhou_2,Youzhou,Youzhou,d_xiasui,k_xia,c_youzhou_2,aq_chief_3396,tribal_government,K
c_yperen,Yperen,Menapii,d_flanders,k_france,c_yperen,aq_chief_3397,tribal_government,A/R
c_yuanzhou,Yuanzhou,Yuanzhou,d_jiangxi,k_aq_chu,k_aq_chu,aq_chief_3398,tribal_government,K
c_yuanzhou_2,Yuanzhou,Yuanzhou,d_jingyuan,k_aq_qin,k_aq_qin,aq_chief_3399,tribal_government,K
c_yuezhou,Yuezhou,Yuezhou,d_zhedong,k_aq_yue,k_aq_yue,aq_yue,tribal_government,K
c_yuezhou_1,Yuezhou,Yuezhou,d_eyue,k_aq_chu,k_aq_chu,aq_chief_3401,tribal_government,K
c_yulin,Yulin,Yulin,d_rongguan,k_lingxi,c_yulin,aq_chief_3402,tribal_government,K
c_yumen,Yumen,Yumen,d_gansu,k_hexi,c_yumen,aq_chief_3403,nomad_government,K
c_yunyang,Jiangzhou,Jiangzhou,d_dingjiang,k_aq_chu,k_aq_chu,aq_chief_3404,tribal_government,K
c_yunzhou,Yunzhou,Yunzhou,d_yuncao,k_aq_qi,k_aq_qi,aq_chief_3405,tribal_government,K
c_yunzhou_2,Yunzhou,Yunzhou,d_jiangxi,k_aq_chu,k_aq_chu,aq_chief_3406,tribal_government,K
c_yuzhou,Yuzhou,Yuzhou,d_yunshuo,k_aq_zhao,k_aq_zhao,aq_chief_3407,tribal_government,K
c_yuzhou_2,Yuzhou,Yuzhou,d_wuxin,k_aq040_ba,k_aq040_ba,aq_chief_3408,tribal_government,K
c_zabid,Zabid,Saba,d_sanaa,k_aq_saba,k_aq_saba,aq_chief_3409,tribal_government,A/R
c_zabulistan,Zabulistan,Arachosia,d_zabulistan,k_aq_persia_kabulistan,e_aq_persia,aq_chief_3410,tribal_government,A/R
c_zachlumia,Zachlumia,Illyria,d_usora,k_croatia,c_zachlumia,aq_chief_3411,tribal_government,R
c_zadar,Zadar,Iadera,d_dalmatia,k_croatia,c_zadar,aq_chief_3412,tribal_government,A/R
c_zadoi,Zadoi,Zadoi,d_zadoi,k_amdo,c_zadoi,aq_chief_3413,tribal_government,K
c_zagorje,Zagorje,Pannonia,d_slavonia,k_croatia,c_zagorje,aq_chief_3414,tribal_government,R
c_zagreb,Zagreb,Pannonia,d_slavonia,k_croatia,c_zagreb,aq_chief_3415,tribal_government,R
c_zaila,Zaila,Zaila,d_zaila,k_adal,c_zaila,aq_chief_3416,tribal_government,K
c_zakroczymska,Zakroczym,Vistula Lands,d_mazovia,k_poland,c_zakroczymska,aq_chief_3417,tribal_government,R
c_zamakhshar,Zamakhshar,Chorasmia,d_khorezm,k_transoxiana,c_zamakhshar,aq_chief_3418,tribal_government,R
c_zamindawar,Zamindawar,Arachosia,d_zabulistan,k_aq_persia_kabulistan,e_aq_persia,aq_chief_3419,tribal_government,R
c_zamm,Zamm,Margiana,d_merv,k_aq_persia_margiana,e_aq_persia,aq_chief_3420,tribal_government,R
c_zammour,Zammour,Gaetulia,d_zammour,k_anbiya,c_zammour,aq_chief_3421,tribal_government,R
c_zamora,Zamora,Vaccaei,d_leon,k_leon,c_zamora,aq_chief_3422,tribal_government,A/R
c_zanjan,Zanjan,Cadusia,d_daylam,k_aq_persia_daylam,e_aq_persia,aq_chief_3423,tribal_government,R
c_zanzibar,Zanzibar,Zanzibar,d_zanzibar,k_zanj,c_zanzibar,aq_chief_3424,tribal_government,K
c_zarafshan,Zarafshan,Sogdiana,d_osrushana,k_aq_persia_transoxiana,e_aq_persia,aq_chief_3425,tribal_government,R
c_zaragoza,Zaragoza,Sedetani,d_aragon,k_aragon,c_zaragoza,aq_chief_3426,tribal_government,A/R
c_zarand,Zaránd,Getia,d_bihar,k_hungary,c_zarand,aq_chief_3427,tribal_government,R
c_zaranj,Zaranj,Drangiana,d_sistan,k_aq_persia_drangiana,e_aq_persia,aq_chief_3428,tribal_government,A/R
c_zaria,Zaria,Zaria,d_katsina,k_hausaland,c_zaria,aq_chief_3429,tribal_government,K
c_zarma,Zarma,Zarma,d_dendi,k_songhay,c_zarma,aq_chief_3430,tribal_government,K
c_zarman,Zarman,Zarman,d_gobi_altai,k_naimania,c_zarman,aq_chief_3431,nomad_government,K
c_zaslavl,Zaslavl,Neuri,d_halych,k_galicia-volhynia,c_zaslavl,aq_chief_3432,tribal_government,R
c_zatec,Žatec,Boii,d_bohemia,k_bohemia,c_zatec,aq_chief_3433,tribal_government,R
c_zavrsje,Završje,Illyria,d_usora,k_croatia,c_zavrsje,aq_chief_3434,tribal_government,R
c_zawila,Zawila,Garamantia,d_fezzan,k_sahara,c_zawila,aq_chief_3435,tribal_government,R
c_zeeland,Zeeland,Menapii,d_holland,k_frisia,c_zeeland,aq_chief_3436,tribal_government,A/R
c_zekog,Zêkog,Zêkog,d_malho,k_gyalrong,c_zekog,aq_chief_3437,tribal_government,K
c_zela,Zela,Pontus,d_armeniac,k_aq_persia_pontus,e_aq_persia,aq_chief_3438,tribal_government,A/R
c_zelengora,Zelengora,Illyria,d_usora,k_croatia,c_zelengora,aq_chief_3439,tribal_government,R
c_zemigalians,Semigallia,Curonians,d_courland,k_lithuania,c_zemigalians,aq_chief_3440,tribal_government,R
c_zemplen,Zemplén,Carpathian Celts,d_ungvar,k_hungary,c_zemplen,aq_chief_3441,tribal_government,R
c_zetang,Zêtang,Zêtang,d_yarlung,k_u,c_zetang,aq_chief_3442,tribal_government,K
c_zezhou,Zezhou,Zezhou,d_zelu,k_aq_han,k_aq_han,aq_chief_3443,tribal_government,K
c_zhagyab,Zhag'yab,Zhag'yab,d_lhatok,k_kham,c_zhagyab,aq_chief_3444,tribal_government,K
c_zhangzhou,Zhangzhou,Zhangzhou,d_pinghai,k_fujian,c_zhangzhou,aq_chief_3445,tribal_government,K
c_zhanyin,Baiyin,Baiyin,d_hexi,k_hexi,c_zhanyin,aq_chief_3446,tribal_government,K
c_zhaozhou,Zhaozhou,Zhaozhou,d_aq040_aq_zhao_chengde,k_aq_zhao,k_aq_zhao,aq_chief_3447,tribal_government,K
c_zhaozhou_1,Zhaozhou,Zhaozhou,d_jingjiang,k_lingxi,c_zhaozhou_1,aq_chief_3448,tribal_government,K
c_zhenfan,Zhenfan,Zhenfan,d_xiutu,k_xia,c_zhenfan,aq_chief_3449,nomad_government,K
c_zhengzhou,Zhengzhou,Zhengzhou,d_zhenghua,k_aq_han,k_aq_han,aq_han,tribal_government,K
c_zhenwu_1,Zhenwu,Zhenwu,d_gansu,k_hexi,c_zhenwu_1,aq_chief_3451,nomad_government,K
c_zhenxi,Zhenzhou,Zhenzhou,d_qianzhong,k_kuizhou,c_zhenxi,aq_chief_3452,tribal_government,K
c_zhenzhou,Zhenzhou,Zhenzhou,d_chengde,k_aq040_zhongshan,k_aq040_zhongshan,aq_chief_3453,tribal_government,K
c_zherkovo,Zherkovo,Odrysia,d_philippopolis,k_aq_thrace,k_aq_thrace,aq_chief_3454,tribal_government,R
c_zhidoi,Zhidoi,Zhidoi,d_zadoi,k_amdo,c_zhidoi,aq_chief_3455,tribal_government,K
c_zhongba,Drongpa,Drongpa,d_purang,k_guge,c_zhongba,aq_chief_3456,tribal_government,K
c_zhongzhou,Zhongzhou,Zhongzhou,d_kuizhong,k_aq040_ba,k_aq040_ba,aq_chief_3457,tribal_government,K
c_zhuozhou,Zhuozhou,Zhuozhou,d_youzhou,k_aq_yan,k_aq_yan,aq_chief_3458,tribal_government,K
c_zhytomyr,Zhytomyr,Scythia,d_kiev,k_ruthenia,c_zhytomyr,aq_chief_3459,tribal_government,R
c_zichia,Zichia,Sauromatia,d_alania,k_caucasus,c_zichia,aq_chief_3460,nomad_government,R
c_zichuan,Zizhou,Zizhou,d_ziqing,k_aq_qi,k_aq_qi,aq_chief_3461,tribal_government,K
c_zirkuh,Zirkuh,Aria,d_herat,k_aq_persia_aria,e_aq_persia,aq_chief_3462,tribal_government,R
c_ziting,Ziting,Ziting,d_guasha,k_hexi,c_ziting,aq_chief_3463,nomad_government,K
c_ziz,Ziz,Gaetulia,d_tafilalt,k_maghreb,c_ziz,aq_chief_3464,tribal_government,R
c_zizhou_2,Zizhou,Zizhou,d_dongchuan,k_aq040_shu,k_aq040_shu,aq_chief_3465,tribal_government,K
c_zlatibor,Zlatibor,Dardania,d_rashka,k_serbia,c_zlatibor,aq_chief_3466,tribal_government,R
c_znojmo,Znojmo,Boii,d_moravia,k_bohemia,c_znojmo,aq_chief_3467,tribal_government,R
c_zogang,Zogang,Zogang,d_boyul,k_kham,c_zogang,aq_chief_3468,tribal_government,K
c_zoige,Zoigê,Zoigê,d_gyalrong,k_gyalrong,c_zoige,aq_chief_3469,tribal_government,K
c_zollern,Zollern,Helvetii,d_swabia,k_east_francia,c_zollern,aq_chief_3470,tribal_government,R
c_zolyom,Zólyom,Boii,d_nyitra,k_hungary,c_zolyom,aq_chief_3471,tribal_government,R
c_zongzhou,Zongzhou,Zongzhou,d_luoshi,k_qianzhong,c_zongzhou,aq_chief_3472,tribal_government,K
c_zuining,Zuining,Zuining,d_tonghai,k_dali,c_zuining,aq_chief_3473,tribal_government,K
c_zurich,Zürich,Helvetii,d_currezia,k_east_francia,c_zurich,aq_chief_3474,tribal_government,A/R
c_zutphen,Zutphen,Batavi,d_gelre,k_frisia,c_zutphen,aq_chief_3475,tribal_government,R
c_zvyahel,Zvyahel,Scythia,d_kiev,k_ruthenia,c_zvyahel,aq_chief_3476,tribal_government,R
