0;-6638390;0;0
2753408;-592143;0;0
5506561;-592143;0;0
8259969;-592143;0;0
11013122;-592143;0;0
3970;-592143;0;0
11021745;-592143;0;0
5510531;-592143;0;0
8263684;-592143;0;0
11017092;-592143;0;0
7685;-592143;0;0
2761093;-592143;0;0
5514246;-592143;0;0
8267654;-592143;0;0
11020807;-592143;0;0
11655;-592143;0;0
2764808;-592143;0;0
5518216;-592143;0;0
8271369;-592143;0;0
11024777;-592143;0;0
15370;-592143;0;0
2768778;-592143;0;0
5521931;-592143;0;0
8275339;-592143;0;0
11028492;-592143;0;0
19340;-592143;0;0
2772493;-592143;0;0
8279054;-592143;0;0
5525901;-592143;0;0
11032462;-592143;0;0
23055;-592143;0;0
2776463;-592143;0;0
5529616;-592143;0;0
8283024;-592143;0;0
11036177;-592143;0;0
27025;-592143;0;0
2780178;-592143;0;0
5533586;-592143;0;0
8286739;-592143;0;0
11040147;-592143;0;0
30740;-592143;0;0
2784148;-592143;0;0
5537301;-592143;0;0
8290709;-592143;0;0
11043862;-592143;0;0
34710;-592143;0;0
2787863;-592143;0;0
5541271;-592143;0;0
8294424;-592143;0;0
11047832;-592143;0;0
38425;-592143;0;0
2791833;-592143;0;0
5544986;-592143;0;0
8298394;-592143;0;0
11051547;-592143;0;0
42395;-592143;0;0
2795548;-592143;0;0
5548956;-592143;0;0
8302109;-592143;0;0
11055517;-592143;0;0
46110;-592143;0;0
2799518;-592143;0;0
5552671;-592143;0;0
8306079;-592143;0;0
11059232;-592143;0;0
50080;-592143;0;0
2803233;-592143;0;0
5556641;-592143;0;0
8309794;-592143;0;0
11063202;-592143;0;0
53795;-592143;0;0
2752675;-592143;0;0
5505828;-592143;0;0
8259236;-592143;0;0
11012389;-592143;0;0
3237;-592143;0;0
2756390;-592143;0;0
5509798;-592143;0;0
8262951;-592143;0;0
11016359;-592143;0;0
6952;-592143;0;0
2760360;-592143;0;0
5513513;-592143;0;0
8266921;-592143;0;0
11020074;-592143;0;0
10922;-592143;0;0
2764075;-592143;0;0
5517483;-592143;0;0
8270636;-592143;0;0
11024044;-592143;0;0
14637;-592143;0;0
2768045;-592143;0;0
5521198;-592143;0;0
8274606;-592143;0;0
11027759;-592143;0;0
18607;-592143;0;0
2771760;-592143;0;0
5525168;-592143;0;0
8278321;-592143;0;0
11031729;-592143;0;0
22322;-592143;0;0
2775730;-592143;0;0
5528883;-592143;0;0
8282291;-592143;0;0
11035444;-592143;0;0
26292;-592143;0;0
2779445;-592143;0;0
5532853;-592143;0;0
8286006;-592143;0;0
11039414;-592143;0;0
30007;-592143;0;0
2783415;-592143;0;0
5536568;-592143;0;0
8289976;-592143;0;0
11043129;-592143;0;0
33977;-592143;0;0
2787130;-592143;0;0
5540538;-592143;0;0
8293691;-592143;0;0
11047099;-592143;0;0
37692;-592143;0;0
2791100;-592143;0;0
5544253;-592143;0;0
8297661;-592143;0;0
11050814;-592143;0;0
41662;-592143;0;0
2794815;-592143;0;0
5548223;-592143;0;0
8301376;-592143;0;0
11054784;-592143;0;0
45377;-592143;0;0
2798785;-592143;0;0
5551938;-592143;0;0
8305346;-592143;0;0
11058499;-592143;0;0
49347;-592143;0;0
2802500;-592143;0;0
5555908;-592143;0;0
8309061;-592143;0;0
11062469;-592143;0;0
53062;-592143;0;0
2806470;-592143;0;0
5505095;-592143;0;0
8258503;-592143;0;0
11011656;-592143;0;0
2504;-592143;0;0
2755657;-592143;0;0
5509065;-592143;0;0
8262218;-592143;0;0
11015626;-592143;0;0
6219;-592143;0;0
2759627;-592143;0;0
5512780;-592143;0;0
8266188;-592143;0;0
11019341;-592143;0;0
10189;-592143;0;0
2763342;-592143;0;0
5516750;-592143;0;0
8269903;-592143;0;0
11023311;-592143;0;0
13904;-592143;0;0
2767312;-592143;0;0
5520465;-592143;0;0
8273873;-592143;0;0
11027026;-592143;0;0
17874;-592143;0;0
2771027;-592143;0;0
5524435;-592143;0;0
8277588;-592143;0;0
11030996;-592143;0;0
21589;-592143;0;0
2774997;-592143;0;0
5528150;-592143;0;0
8281558;-592143;0;0
11034711;-592143;0;0
25559;-592143;0;0
2778712;-592143;0;0
5532120;-592143;0;0
8285273;-592143;0;0
11038681;-592143;0;0
29274;-592143;0;0
2782682;-592143;0;0
5535835;-592143;0;0
8289243;-592143;0;0
11042396;-592143;0;0
33244;-592143;0;0
2786397;-592143;0;0
5539805;-592143;0;0
8292958;-592143;0;0
11046366;-592143;0;0
36959;-592143;0;0
2790367;-592143;0;0
5543520;-592143;0;0
8296928;-592143;0;0
11050081;-592143;0;0
40929;-592143;0;0
2794082;-592143;0;0
5547490;-592143;0;0
8300643;-592143;0;0
11054051;-592143;0;0
44544;-592143;0;0
2797952;-592143;0;0
5551105;-592143;0;0
8304513;-592143;0;0
11057666;-592143;0;0
48514;-592143;0;0
2801667;-592143;0;0
5555075;-592143;0;0
8308228;-592143;0;0
11061636;-592143;0;0
52229;-592143;0;0
2805637;-592143;0;0
5558790;-592143;0;0
8257670;-592143;0;0
11010823;-592143;0;0
1671;-592143;0;0
2754824;-592143;0;0
5508232;-592143;0;0
8261385;-592143;0;0
11014793;-592143;0;0
5386;-592143;0;0
2758794;-592143;0;0
5511947;-592143;0;0
8265355;-592143;0;0
11018508;-592143;0;0
9356;-592143;0;0
2762509;-592143;0;0
5515917;-592143;0;0
8269070;-592143;0;0
11022478;-592143;0;0
13071;-592143;0;0
2766479;-592143;0;0
5519632;-592143;0;0
8273040;-592143;0;0
11026193;-592143;0;0
17041;-592143;0;0
2770194;-592143;0;0
5523602;-592143;0;0
8276755;-592143;0;0
11030163;-592143;0;0
20756;-592143;0;0
2774164;-592143;0;0
5527317;-592143;0;0
8292913;-592143;0;0
11033878;-592143;0;0
24726;-592143;0;0
2777879;-592143;0;0
5531287;-592143;0;0
8284440;-592143;0;0
11037848;-592143;0;0
28441;-592143;0;0
2781849;-592143;0;0
5535002;-592143;0;0
8288410;-592143;0;0
11041563;-592143;0;0
32411;-592143;0;0
2785564;-592143;0;0
5538972;-592143;0;0
8292125;-592143;0;0
11045533;-592143;0;0
36126;-592143;0;0
2789534;-592143;0;0
5542687;-592143;0;0
8296095;-592143;0;0
11049248;-592143;0;0
40096;-592143;0;0
2793249;-592143;0;0
5546657;-592143;0;0
8299810;-592143;0;0
11053218;-592143;0;0
43811;-592143;0;0
2797219;-592143;0;0
5550372;-592143;0;0
8303780;-592143;0;0
11056933;-592143;0;0
47781;-592143;0;0
2800934;-592143;0;0
5554342;-592143;0;0
8307495;-592143;0;0
11060903;-592143;0;0
51496;-592143;0;0
2804904;-592143;0;1
5558057;-592143;0;0
8311465;-592143;0;0
11010090;-592143;0;0
938;-592143;0;0
2754091;-592143;0;0
5507499;-592143;0;0
8260652;-592143;0;0
11014060;-592143;0;0
4653;-592143;0;0
2758061;-592143;0;0
5511214;-592143;0;0
8264622;-592143;0;0
11017775;-592143;0;0
8623;-592143;0;0
2761776;-592143;0;0
5515184;-592143;0;0
8268337;-592143;0;0
2838922;-592143;0;1
12338;-592143;0;0
2765746;-592143;0;0
5518899;-592143;0;0
8272307;-592143;0;0
11025460;-592143;0;0
16308;-592143;0;0
2769461;-592143;0;0
5522869;-592143;0;0
8276022;-592143;0;0
11029430;-592143;0;0
20023;-592143;0;0
2773431;-592143;0;0
5526584;-592143;0;0
8279992;-592143;0;0
11033145;-592143;0;0
23993;-592143;0;0
2777146;-592143;0;0
5530554;-592143;0;0
8283707;-592143;0;0
11037115;-592143;0;0
27708;-592143;0;0
2781116;-592143;0;0
5534269;-592143;0;0
8287677;-592143;0;0
11040830;-592143;0;0
31678;-592143;0;0
2784831;-592143;0;0
5538239;-592143;0;0
8291392;-592143;0;0
11044800;-592143;0;0
35393;-592143;0;0
2788801;-592143;0;0
5541954;-592143;0;0
8295362;-592143;0;0
11048515;-592143;0;0
39363;-592143;0;0
2792516;-592143;0;0
5545924;-592143;0;0
8299077;-592143;0;0
11052485;-592143;0;0
43078;-592143;0;0
2796486;-592143;0;0
5549639;-592143;0;0
8303047;-592143;0;0
11056200;-592143;0;0
47048;-592143;0;0
2800201;-592143;0;0
5553609;-592143;0;0
8306762;-592143;0;0
11060170;-592143;0;0
50763;-592143;0;0
2804171;-592143;0;0
5557324;-592143;0;0
8310732;-592143;0;0
11063885;-592143;0;0
205;-592143;0;0
2753358;-592143;0;0
5506766;-592143;0;0
8259919;-592143;0;0
11013327;-592143;0;0
3920;-592143;0;0
2757328;-592143;0;0
5510481;-592143;0;0
8263889;-592143;0;0
11017042;-592143;0;0
7890;-592143;0;0
2761043;-592143;0;0
5514451;-592143;0;0
8267604;-592143;0;0
11021012;-592143;0;0
11605;-592143;0;0
2765013;-592143;0;0
5518166;-592143;0;0
8271574;-592143;0;0
11024727;-592143;0;0
15575;-592143;0;0
2768728;-592143;0;0
5522136;-592143;0;0
8275289;-592143;0;0
11028697;-592143;0;0
19290;-592143;0;0
2772698;-592143;0;0
5525851;-592143;0;0
8279259;-592143;0;0
11032412;-592143;0;0
23260;-592143;0;0
2776413;-592143;0;0
5529821;-592143;0;0
8282974;-592143;0;0
11036382;-592143;0;0
26975;-592143;0;0
2780383;-592143;0;0
5533536;-592143;0;0
8286944;-592143;0;0
11040097;-592143;0;0
30945;-592143;0;0
2784098;-592143;0;0
5537506;-592143;0;0
8290659;-592143;0;0
11044067;-592143;0;0
34560;-592143;0;0
2787968;-592143;0;0
5541121;-592143;0;0
8294529;-592143;0;0
11047682;-592143;0;0
38530;-592143;0;0
2791683;-592143;0;0
5545091;-592143;0;0
8298244;-592143;0;0
11051652;-592143;0;0
42245;-592143;0;0
2795653;-592143;0;0
5548806;-592143;0;0
8302214;-592143;0;0
11055367;-592143;0;0
46215;-592143;0;0
2799368;-592143;0;0
5552776;-592143;0;0
8305929;-592143;0;0
11059337;-592143;0;0
49930;-592143;0;0
2803338;-592143;0;0
5556491;-592143;0;0
8309899;-592143;0;0
11063052;-592143;0;0
53900;-592143;0;0
2752525;-592143;0;0
5505933;-592143;0;0
8259086;-592143;0;0
11012494;-592143;0;0
3087;-592143;0;0
2756495;-592143;0;0
5509648;-592143;0;0
2774847;-592143;0;0
11016209;-592143;0;0
7057;-592143;0;0
2760210;-592143;0;0
5513618;-592143;0;0
8266771;-592143;0;0
11020179;-592143;0;0
10772;-592143;0;0
2764180;-592143;0;0
5517333;-592143;0;0
8270741;-592143;0;0
11023894;-592143;0;0
14742;-592143;0;0
2767895;-592143;0;0
5521303;-592143;0;0
8274456;-592143;0;0
11027864;-592143;0;0
18457;-592143;0;0
2771865;-592143;0;0
5525018;-592143;0;0
8278426;-592143;0;0
11031579;-592143;0;0
22427;-592143;0;0
2775580;-6638390;0;0
5528988;-6638390;0;0
8282141;-592143;0;0
11035549;-592143;0;0
26142;-592143;0;0
2779550;-592143;0;0
5532703;-592143;0;0
8286111;-592143;0;0
11039264;-592143;0;0
30112;-592143;0;0
2783265;-592143;0;0
5536673;-592143;0;0
8289826;-592143;0;0
11043234;-5523323;25;0
33827;-5523323;25;0
2787235;-592143;0;0
5540388;-592143;0;0
8293796;-6833259;22;0
11046949;-592143;0;0
37797;-592143;0;0
2790950;-592143;0;0
5544358;-7225710;10;0
8297511;-4429741;35;0
11050919;-592143;0;0
41512;-592143;0;0
2794920;-592143;0;0
5548073;-10708272;16;0
8301481;-592143;0;0
11054634;-592143;0;0
45482;-10708272;16;0
2798635;-592143;0;0
5552043;-592143;0;0
8305196;-592143;0;0
11058604;-592143;0;0
49197;-4406668;28;0
2802605;-6704553;19;0
5555758;-5196181;13;0
8309166;-4018053;5;0
11062319;-4611998;38;0
53167;-592143;0;0
2806320;-8210240;4;0
5505200;-4611998;38;0
8258353;-592143;0;0
11011761;-592143;0;0
2354;-592143;0;0
2755762;-592143;0;0
5508915;-592143;0;0
8262323;-5523323;25;0
11015476;-592143;0;0
6324;-592143;0;0
2759477;-592143;0;0
5512885;-592143;0;0
8266038;-592143;0;0
11019446;-592143;0;0
10039;-592143;0;0
2763447;-592143;0;0
5516600;-592143;0;0
8270008;-592143;0;0
11023161;-592143;0;0
14009;-592143;0;0
2767162;-592143;0;0
5520570;-592143;0;0
8273723;-592143;0;0
11027131;-592143;0;0
17724;-592143;0;0
2771132;-592143;0;0
5524285;-592143;0;0
8277693;-592143;0;0
11030846;-592143;0;0
21694;-592143;0;0
8263056;-592143;0;0
5528255;-592143;0;0
8281408;-592143;0;0
11034816;-592143;0;0
25409;-592143;0;0
2778817;-592143;0;0
5531970;-592143;0;0
8285378;-592143;0;0
11038531;-592143;0;0
29379;-592143;0;0
2782532;-592143;0;0
5535940;-592143;0;0
8289093;-592143;0;0
11042501;-592143;0;0
33094;-592143;0;0
2786502;-592143;0;0
5539655;-592143;0;0
8293063;-592143;0;0
11046216;-592143;0;0
37064;-592143;0;0
2790217;-592143;0;0
5543625;-592143;0;0
8296778;-592143;0;0
11050186;-592143;0;0
40779;-592143;0;0
2794187;-592143;0;0
5547340;-592143;0;0
8300748;-592143;0;0
11053901;-592143;0;0
44749;-592143;0;0
2797902;-592143;0;0
5551310;-592143;0;0
8304463;-592143;0;0
11057871;-592143;0;0
48464;-1717419;17;0
2801872;-1717419;17;0
5555025;-1717419;17;0
8308433;-592143;0;0
11061586;-592143;0;0
52434;-592143;0;0
2805587;-592143;0;0
5558995;-592143;0;0
8257620;-592143;0;0
11011028;-592143;0;0
1621;-592143;0;0
2755029;-592143;0;0
5508182;-592143;0;0
8261590;-592143;0;0
11014743;-592143;0;0
5591;-592143;0;0
2758744;-592143;0;0
5512152;-592143;0;0
8265305;-592143;0;0
11018713;-592143;0;0
9306;-592143;0;0
2762714;-592143;0;0
5515867;-592143;0;0
8269275;-592143;0;0
11022428;-592143;0;0
13276;-592143;0;0
2766429;-592143;0;0
5519837;-592143;0;0
8272990;-592143;0;0
11026398;-592143;0;0
16991;-592143;0;0
2770399;-592143;0;0
5523552;-592143;0;0
8276960;-592143;0;0
11030113;-592143;0;0
20961;-592143;0;0
2774114;-592143;0;0
5527522;-592143;0;0
8280675;-1717419;17;0
11034083;-592143;0;0
24576;-592143;0;0
2777984;-592143;0;0
5531137;-592143;0;0
8284545;-592143;0;0
11037698;-592143;0;0
28546;-592143;0;0
2781699;-592143;0;0
5535107;-592143;0;0
8288260;-592143;0;0
11041668;-592143;0;0
32261;-592143;0;0
2785669;-592143;0;0
5538822;-592143;0;0
8292230;-592143;0;0
11045383;-592143;0;0
36231;-592143;0;0
2789384;-592143;0;0
5542792;-592143;0;0
8295945;-592143;0;0
11049353;-592143;0;0
39946;-592143;0;0
2793354;-592143;0;0
5546507;-592143;0;0
8299915;-592143;0;0
11053068;-592143;0;0
43916;-592143;0;0
2797069;-6638390;0;0
5550477;-592143;0;0
8303630;-6638390;0;0
11057038;-6638390;0;0
47631;-6638390;0;0
2801039;-592143;0;0
5554192;-6638390;0;0
8307600;-6638390;0;0
11060753;-6638390;0;0
51601;-6638390;0;0
2804754;-6638390;0;0
5558162;-6638390;0;0
8311315;-6638390;0;0
11010195;-6638390;0;0
788;-6638390;0;0
2754196;-6638390;0;0
5507349;-592143;0;1
8260757;-6638390;0;0
11013910;-6638390;0;0
4758;-6638390;0;0
2757911;-6638390;0;0
5511319;-6638390;0;0
8264472;-6638390;0;0
11017880;-6638390;0;0
8473;-592143;0;1
2761881;-592143;0;1
5515034;-592143;0;1
8268442;-592143;0;1
11021595;-592143;0;1
12443;-592143;0;1
2765596;-592143;0;1
5519004;-592143;0;1
8272157;-592143;0;1
11025565;-592143;0;1
16158;-6638390;0;0
2769566;-6638390;0;0
5522719;-6638390;0;0
8276127;-6638390;0;0
11029280;-6638390;0;0
20128;-6638390;0;0
2773281;-6638390;0;0
5526689;-6638390;0;0
8279842;-5841687;2;0
11033250;-5841687;2;0
23843;-5841687;2;0
2777251;-5841687;2;0
5530404;-5841687;2;0
8283812;-5841687;2;0
11036965;-592143;0;0
27813;-592143;0;0
2780966;-5841687;2;0
5534374;-592143;0;0
8287527;-5841687;2;0
11040935;-592143;0;0
31528;-592143;0;0
2784936;-5841687;2;0
5538089;-5841687;2;0
8291497;-6638390;0;0
11044650;-6638390;0;0
35498;-6638390;0;0
2788651;-6638390;0;0
5542059;-6638390;0;0
8295212;-6638390;0;0
11048620;-6638390;0;0
39213;-6638390;0;0
2792621;-6638390;0;0
5545774;-6638390;0;0
8299182;-6638390;0;0
11052335;-6638390;0;0
43183;-6638390;0;0
2796336;-6638390;0;0
5549744;-6638390;0;0
8302897;-6638390;0;0
11056305;-6638390;0;0
46898;-6638390;0;0
2800306;-5841687;2;0
5553459;-5841687;2;0
8306867;-5841687;2;0
11060020;-5841687;2;0
50868;-5841687;2;0
2804021;-5841687;2;0
5557429;-5841687;2;0
8310582;-6638390;0;0
11063990;-6638390;0;0
55;-6638390;0;0
2753463;-6638390;0;0
5506616;-6638390;0;0
8260024;-6638390;0;0
11013177;-6638390;0;0
4025;-6638390;0;0
2757178;-592143;0;1
5510586;-592143;0;1
8263739;-592143;0;1
11017147;-592143;0;1
7740;-592143;0;1
2761148;-592143;0;1
5514301;-6638390;0;0
8267709;-6638390;0;0
11020862;-6638390;0;0
11710;-6638390;0;0
2764863;-6638390;0;0
5518271;-6638390;0;0
8271424;-6638390;0;0
11024832;-6638390;0;0
15425;-592143;0;1
2768833;-592143;0;1
5521986;-592143;0;1
8275394;-592143;0;1
11028547;-592143;0;1
19395;-5841687;2;0
2772548;-5841687;2;0
5525956;-5841687;2;0
8279109;-5841687;2;0
11032517;-5841687;2;0
23110;-5841687;2;0
2776518;-5841687;2;0
5529671;-5841687;2;0
8283079;-5841687;2;0
11036232;-5841687;2;0
27080;-5841687;2;0
2780233;-5841687;2;0
5533641;-5841687;2;0
8286794;-5841687;2;0
11040202;-5841687;2;0
30795;-5841687;2;0
2784203;-5841687;2;0
5537356;-5841687;2;0
8290764;-5841687;2;0
11043917;-5841687;2;0
34765;-5841687;2;0
2787918;-5841687;2;0
5541326;-5841687;2;0
8294479;-5841687;2;0
11047887;-5841687;2;0
38480;-5841687;2;0
2791888;-5841687;2;0
5545041;-5841687;2;0
8298449;-592143;0;1
11051602;-592143;0;1
42450;-592143;0;1
2795603;-592143;0;1
5549011;-592143;0;1
8302164;-592143;0;1
11055572;-592143;0;1
46165;-592143;0;1
2799573;-592143;0;1
5552726;-592143;0;1
8306134;-592143;0;1
11059287;-592143;0;1
50135;-592143;0;1
2803288;-592143;0;1
5556696;-592143;0;1
8309849;-592143;0;1
11063257;-592143;0;1
53850;-592143;0;1
2752730;-592143;0;1
5505883;-592143;0;1
8259291;-592143;0;1
11012444;-592143;0;1
3292;-592143;0;1
2756445;-592143;0;1
5509853;-592143;0;1
8263006;-592143;0;1
11016414;-592143;0;1
7007;-592143;0;1
2760415;-592143;0;1
5513568;-592143;0;1
8266976;-592143;0;1
11020129;-592143;0;1
10977;-592143;0;1
2764130;-592143;0;1
5517538;-592143;0;1
8270691;-592143;0;1
11024099;-592143;0;1
14592;-592143;0;1
2768000;-592143;0;1
5521153;-592143;0;1
8274561;-592143;0;1
11027714;-592143;0;1
18562;-592143;0;1
2771715;-592143;0;1
5525123;-592143;0;1
8278276;-592143;0;0
11031684;-592143;0;0
22277;-592143;0;0
2775685;-592143;0;0
5528838;-592143;0;0
8282246;-592143;0;0
11035399;-592143;0;0
26247;-592143;0;0
2779400;-592143;0;0
5532808;-592143;0;0
8285961;-592143;0;0
11039369;-592143;0;0
29962;-592143;0;0
2783370;-592143;0;0
5536523;-592143;0;0
8289931;-592143;0;0
11043084;-592143;0;0
33932;-592143;0;0
2787085;-592143;0;0
5540493;-592143;0;0
8293646;-11940641;1;0
11047054;-11940641;1;0
37647;-11940641;1;0
2791055;-11940641;1;0
5544208;-11940641;1;0
8297616;-11940641;1;0
11050769;-11940641;1;0
41617;-11940641;1;0
2794770;-11940641;1;0
5548178;-11940641;1;0
8301331;-11940641;1;0
11054739;-11940641;1;0
45332;-11940641;1;0
2798740;-11940641;1;0
5551893;-11940641;1;0
8305301;-11940641;1;0
11058454;-11940641;1;0
49302;-11940641;1;0
2802455;-11940641;1;0
5555863;-11940641;1;0
993;-11940641;1;0
8309016;-592143;0;0
11034666;-11940641;1;0
5507554;-11940641;1;0
5592075;-11940641;1;0
8345483;-11940641;1;0
11098636;-11940641;1;0
8292180;-11940641;1;0
11045588;-11940641;1;0
36181;-11940641;1;0
2789589;-11940641;1;0
5542742;-11940641;1;0
8296150;-11940641;1;0
11049303;-11940641;1;0
40151;-11940641;1;0
2793304;-11940641;1;0
5546712;-11940641;1;0
8299865;-11940641;1;0
11053273;-11940641;1;0
43866;-11940641;1;0
2797274;-11940641;1;0
5550427;-11940641;1;0
8303835;-11940641;1;0
11056988;-11940641;1;0
47836;-11940641;1;0
2800989;-11940641;1;0
5554397;-11940641;1;0
8307550;-11940641;1;0
11060958;-11940641;1;0
51551;-11940641;1;0
2804959;-11940641;1;0
5558112;-11940641;1;0
8311520;-11940641;1;0
11010145;-11940641;1;0
11041618;-11940641;1;0
8288465;-11940641;1;0
8258458;-11940641;1;0
5535057;-11940641;1;0
11014115;-592143;0;0
70144;-592143;0;0
2823552;-592143;0;0
5576705;-592143;0;0
8330113;-592143;0;0
11083266;-592143;0;0
74114;-592143;0;0
2827267;-592143;0;0
2842637;-592143;0;1
8333828;-592143;0;0
11087236;-592143;0;0
77829;-592143;0;0
2831237;-592143;0;0
89484;-592143;0;1
8337798;-592143;0;0
11090951;-592143;0;0
81799;-592143;0;1
2834952;-592143;0;0
5588360;-11940641;1;0
8341513;-11940641;1;0
11094921;-11940641;1;0
85514;-11940641;1;0
5539027;-11940641;1;0
32466;-11940641;1;0
2785619;-11940641;1;0
53017;-11940641;1;0
5505050;-11940641;1;0
8269858;-11940641;1;0
5516705;-11940641;1;0
5580675;-11940641;1;0
8284495;-11940641;1;0
2777934;-11940641;1;0
11033933;-11940641;1;0
8280780;-11940641;1;0
5596045;-592143;0;0
8349198;-11940641;1;0
11102606;-11940641;1;0
93199;-11940641;1;0
2846607;-11940641;1;0
5599760;-11940641;1;0
8353168;-11940641;1;0
1124592;-11940641;1;0
11106321;-11940641;1;0
97169;-11940641;1;0
2850322;-11940641;1;0
5603730;-11940641;1;0
8356883;-11940641;1;0
11109558;-592143;0;0
100151;-592143;0;0
2853559;-592143;0;1
2762564;-6638390;0;0
5515972;-6638390;0;0
8269125;-6638390;0;0
11022533;-6638390;0;0
13126;-6638390;0;0
2766534;-6638390;0;0
13859;-6638390;0;0
2757123;-6638390;0;0
11026248;-6638390;0;0
17096;-6638390;0;0
2770249;-6638390;0;0
5523657;-6638390;0;0
8276810;-6638390;0;0
11030218;-6638390;0;0
20811;-6638390;0;0
2774219;-6638390;0;0
24781;-6638390;0;0
5551160;-6638390;0;0
8304568;-6638390;0;0
8266143;-6638390;0;0
5509020;-6638390;0;0
11062424;-6638390;0;0
2786352;-6638390;0;0
5539760;-6638390;0;0
11054006;-6638390;0;0
11046321;-6638390;0;0
36914;-6638390;0;0
2790322;-6638390;0;0
5543475;-6638390;0;0
8296883;-6638390;0;0
11050036;-6638390;0;0
40884;-6638390;0;0
2794037;-6638390;0;0
5527372;-6638390;0;0
11015581;-6638390;0;0
8280725;-592143;0;1
11037903;-592143;0;1
8277543;-6638390;0;0
2759582;-6638390;0;0
8300598;-6638390;0;0
2806425;-6638390;0;0
11019296;-6638390;0;0
10144;-6638390;0;0
28496;-6638390;0;0
2755612;-6638390;0;0
2459;-6638390;0;0
11023266;-6638390;0;0
2781904;-6638390;0;0
2767267;-6638390;0;0
5520420;-6638390;0;0
8273828;-6638390;0;0
11026981;-6638390;0;0
17829;-6638390;0;0
2770982;-6638390;0;0
5524390;-6638390;0;0
2754146;-6638390;0;0
11030951;-6638390;0;0
21544;-6638390;0;0
2774952;-6638390;0;0
5528105;-6638390;0;0
8281513;-6638390;0;0
8260707;-6638390;0;0
25514;-6638390;0;0
2778667;-6638390;0;0
5532075;-6638390;0;0
8285228;-6638390;0;0
11038636;-6638390;0;0
29229;-6638390;0;0
2782637;-6638390;0;0
5535790;-6638390;0;0
8289198;-6638390;0;0
11042351;-6638390;0;0
33199;-6638390;0;0
11011611;-6638390;0;0
8262173;-6638390;0;0
2763297;-6638390;0;0
5519687;-6638390;0;0
8273095;-5841687;2;0
6174;-6638390;0;0
2798007;-6638390;0;0
44599;-6638390;0;0
5512735;-6638390;0;0
5584390;-6638390;0;0
5547445;-6638390;0;0
11057721;-6638390;0;0
48569;-6638390;0;0
2801722;-6638390;0;0
5555130;-6638390;0;0
8308283;-6638390;0;0
11061691;-6638390;0;0
52284;-6638390;0;0
2805692;-6638390;0;0
5558845;-6638390;0;0
8257725;-6638390;0;0
11010878;-6638390;0;0
1726;-6638390;0;0
2754879;-6638390;0;0
5508287;-6638390;0;0
8261440;-6638390;0;0
11014848;-6638390;0;0
5441;-6638390;0;0
2758849;-6638390;0;0
5512002;-6638390;0;0
11110291;-592143;0;1
100884;-592143;0;1
2854292;-592143;0;1
5607445;-592143;0;1
8360853;-592143;0;1
11114006;-592143;0;1
104854;-592143;0;1
2858007;-592143;0;1
5611415;-592143;0;1
8364568;-592143;0;1
11117976;-592143;0;1
108569;-592143;0;1
2861977;-592143;0;1
5615130;-6638390;0;0
8368538;-6638390;0;0
11121691;-6638390;0;0
112539;-6638390;0;0
2865692;-6638390;0;0
5619100;-6638390;0;0
8372253;-6638390;0;0
11125661;-6638390;0;0
116254;-6638390;0;0
2869662;-6638390;0;0
5622815;-6638390;0;0
8376223;-6638390;0;0
11129376;-6638390;0;0
65696;-6638390;0;0
2818849;-6638390;0;0
5572257;-6638390;0;0
8325410;-592143;0;1
11078818;-6638390;0;0
69411;-6638390;0;0
2822819;-6638390;0;0
5575972;-6638390;0;0
8329380;-6638390;0;0
11082533;-6638390;0;0
73381;-6638390;0;0
2826534;-6638390;0;0
5579942;-6638390;0;0
8333095;-6638390;0;0
11086503;-6638390;0;0
77096;-6638390;0;1
2830504;-6638390;0;0
5583657;-6638390;0;0
8337065;-6638390;0;0
11090218;-6638390;0;0
81066;-6638390;0;0
2834219;-6638390;0;0
5587627;-6638390;0;0
8340780;-6638390;0;1
11094188;-592143;0;1
84781;-6638390;0;0
2838189;-6638390;0;0
5591342;-6638390;0;0
8344750;-6638390;0;0
11097903;-6638390;0;0
88751;-6638390;0;0
2841904;-6638390;0;0
5595312;-6638390;0;0
8348465;-6638390;0;0
11101873;-6638390;0;0
92466;-6638390;0;0
2845874;-6638390;0;0
5599027;-6638390;0;0
8352435;-6638390;0;0
11105588;-6638390;0;0
96436;-6638390;0;0
2849589;-6638390;0;0
5602997;-592143;0;1
8355638;-592143;0;1
8265410;-6638390;0;0
11018563;-6638390;0;0
9411;-6638390;0;0
5606712;-592143;0;0
8360120;-11940641;1;0
11113273;-592143;0;0
104121;-592143;0;0
2857274;-592143;0;0
5610682;-592143;0;0
8363835;-592143;0;0
11117243;-592143;0;0
107836;-592143;0;0
2861244;-592143;0;0
5614397;-592143;0;0
8367805;-592143;0;0
11120958;-592143;0;0
111806;-592143;0;0
2864959;-592143;0;0
5618367;-592143;0;0
8371520;-11940641;1;0
11124928;-11940641;1;0
115521;-592143;0;0
2868929;-11940641;1;0
5622082;-592143;0;0
8375490;-592143;0;0
11128643;-592143;0;0
119491;-592143;0;0
2818116;-592143;0;0
5571524;-5841687;2;0
8324677;-5841687;2;0
11078085;-11940641;1;0
68678;-592143;0;0
2822086;-11940641;1;0
5575239;-592143;0;0
8328647;-592143;0;0
11081800;-592143;0;0
72648;-592143;0;0
2825801;-592143;0;0
5579209;-592143;0;0
8332362;-592143;0;0
11085770;-592143;0;0
76363;-592143;0;0
2829771;-11940641;1;0
5582924;-11940641;1;0
8336332;-11940641;1;0
11089485;-11940641;1;0
80333;-11940641;1;0
2833486;-11940641;1;0
5586894;-592143;0;0
8340047;-592143;0;0
11093455;-592143;0;0
84048;-11940641;1;0
2837456;-592143;0;0
5590609;-11940641;1;0
8344017;-11940641;1;0
11097170;-11940641;1;0
88018;-11940641;1;0
2841171;-11940641;1;0
5594579;-11940641;1;0
8347732;-11940641;1;0
11101140;-11940641;1;0
91733;-592143;0;0
2845141;-11940641;1;0
5598294;-592143;0;0
8351702;-11940641;1;0
11104855;-592143;0;0
95703;-5841687;2;0
2848856;-592143;0;0
5602264;-592143;0;0
8355417;-592143;0;0
11108825;-592143;0;0
99418;-5841687;2;0
2852826;-592143;0;0
5605979;-592143;0;0
8359387;-592143;0;0
11112540;-592143;0;0
103388;-592143;0;0
2856541;-592143;0;0
5609949;-592143;0;0
8363102;-592143;0;0
11116510;-592143;0;0
107103;-592143;0;0
2860511;-5841687;2;0
5613664;-592143;0;0
8367072;-592143;0;0
11120225;-592143;0;0
111073;-592143;0;0
2864226;-592143;0;0
5617634;-592143;0;0
8370787;-592143;0;0
11124195;-592143;0;0
114688;-592143;0;0
2868096;-592143;0;0
5621249;-592143;0;0
8374657;-592143;0;0
11127810;-592143;0;0
118658;-592143;0;0
2871811;-592143;0;0
5570691;-592143;0;0
8323844;-592143;0;0
11077252;-592143;0;0
67845;-592143;0;0
2821253;-592143;0;0
5574406;-592143;0;0
8327814;-592143;0;0
11080967;-592143;0;0
71815;-11940641;1;0
2824968;-592143;0;0
5578376;-592143;0;0
8331529;-592143;0;0
11084937;-592143;0;0
75530;-592143;0;0
2828938;-592143;0;0
5582091;-592143;0;0
8335499;-592143;0;0
11088652;-11940641;1;0
79500;-11940641;1;0
2832653;-11940641;1;0
5586061;-592143;0;0
8339214;-11940641;1;0
11092622;-11940641;1;0
83215;-11940641;1;0
2836623;-11940641;1;0
5589776;-11940641;1;0
8343184;-11940641;1;0
11096337;-11940641;1;0
87185;-11940641;1;0
2840338;-11940641;1;0
5593746;-11940641;1;0
8346899;-11940641;1;0
11100307;-11940641;1;0
90900;-11940641;1;0
2844308;-11940641;1;0
5597461;-11940641;1;0
8350869;-11940641;1;0
11104022;-592143;0;0
94870;-592143;0;0
2848023;-592143;0;0
5601431;-11940641;1;0
8354584;-11940641;1;0
11107992;-11940641;1;0
98585;-11940641;1;0
2851993;-11940641;1;0
5605146;-592143;0;0
8358554;-592143;0;0
11111707;-592143;0;0
102555;-592143;0;0
2855708;-592143;0;0
5609116;-592143;0;0
8362269;-592143;0;0
11115677;-592143;0;0
106270;-592143;0;0
2859678;-592143;0;0
5612831;-592143;0;0
8366239;-592143;0;0
11119392;-592143;0;0
110240;-592143;0;0
2863393;-592143;0;0
5616801;-592143;0;0
8369954;-592143;0;0
11123362;-592143;0;0
113955;-11940641;1;0
2867363;-11940641;1;0
5620516;-11940641;1;0
8373924;-592143;0;0
11127077;-11940641;1;0
117925;-11940641;1;0
2871078;-11940641;1;0
5624486;-11940641;1;0
8323111;-11940641;1;0
11076519;-11940641;1;0
67112;-592143;0;1
2820520;-11940641;1;0
5573673;-11940641;1;0
8327081;-11940641;1;0
11080234;-11940641;1;0
71082;-592143;0;0
2824235;-592143;0;0
5577643;-592143;0;0
8330796;-592143;0;0
11084204;-592143;0;0
74797;-592143;0;0
2828205;-592143;0;0
5581358;-592143;0;0
8334766;-6638390;0;0
11087919;-592143;0;0
78767;-592143;0;0
2831920;-592143;0;0
5585328;-5841687;2;0
8338481;-592143;0;0
11091889;-592143;0;0
82482;-592143;0;0
2835890;-11940641;1;0
5589043;-592143;0;0
8342451;-5841687;2;0
11095604;-592143;0;0
86452;-6638390;0;0
2839605;-592143;0;0
5593013;-6638390;0;0
8346166;-6638390;0;0
11099574;-6638390;0;0
90167;-592143;0;0
2843575;-6638390;0;0
5596728;-6638390;0;0
8350136;-6638390;0;0
11103289;-6638390;0;0
94137;-6638390;0;0
2847290;-6638390;0;0
5600698;-6638390;0;0
8353851;-11940641;1;0
11107259;-11940641;1;0
97852;-592143;0;1
2851260;-592143;0;0
5604413;-592143;0;1
8357821;-11940641;1;0
11110974;-11940641;1;0
101822;-11940641;1;0
2854975;-592143;0;1
5608383;-11940641;1;0
8361536;-11940641;1;0
11114944;-592143;0;0
105537;-592143;0;1
2858945;-5841687;2;0
5612098;-592143;0;1
8365506;-5841687;2;0
11118659;-592143;0;1
109507;-592143;0;1
2862660;-5841687;2;0
5616068;-592143;0;0
8369221;-592143;0;0
11122629;-5841687;2;0
113222;-592143;0;0
2866630;-5841687;2;0
5619783;-5841687;2;0
8373191;-592143;0;1
11126344;-592143;0;1
117192;-592143;0;0
2870345;-592143;0;0
5623753;-592143;0;1
8376906;-6638390;0;0
11075786;-592143;0;0
66379;-592143;0;0
2819787;-592143;0;0
5572940;-592143;0;0
8326348;-592143;0;0
11079501;-592143;0;0
70349;-592143;0;0
2823502;-11940641;1;0
5576910;-11940641;1;0
8330063;-11940641;1;0
11083471;-11940641;1;0
74064;-592143;0;0
2827472;-592143;0;0
5580625;-592143;0;0
8334033;-592143;0;0
11087186;-592143;0;0
78034;-11940641;1;0
2831187;-592143;0;0
5584595;-11940641;1;0
8337748;-11940641;1;0
11091156;-592143;0;0
81749;-5841687;2;0
2835157;-5841687;2;0
5588310;-5841687;2;0
8341718;-592143;0;1
11094871;-5841687;2;0
85719;-592143;0;0
2838872;-592143;0;0
5592280;-11940641;1;0
8345433;-592143;0;0
11098841;-592143;0;1
89434;-592143;0;1
2842842;-11940641;1;0
5595995;-6638390;0;0
8349403;-6638390;0;0
11102556;-6638390;0;0
93404;-6638390;0;0
2846557;-6638390;0;0
5599965;-6638390;0;0
8353118;-6638390;0;0
11106526;-6638390;0;0
97119;-6638390;0;0
2850527;-6638390;0;0
5603680;-6638390;0;0
8357088;-6638390;0;0
11110241;-6638390;0;0
101089;-6638390;0;0
2854242;-6638390;0;0
5607650;-6638390;0;0
8360803;-6638390;0;0
11114211;-6638390;0;0
104704;-6638390;0;0
2858112;-6638390;0;0
5611265;-6638390;0;0
8364673;-6638390;0;0
11117826;-6638390;0;0
108674;-6638390;0;0
2861827;-6638390;0;0
5615235;-6638390;0;0
11109408;-592143;0;1
11121796;-6638390;0;0
112389;-6638390;0;0
2865797;-6638390;0;0
5618950;-6638390;0;0
8372358;-592143;0;0
11125511;-11940641;1;0
116359;-592143;0;0
2869512;-592143;0;0
5622920;-592143;0;1
8376073;-592143;0;0
11129481;-11940641;1;0
65546;-11940641;1;0
2818954;-11940641;1;0
5572107;-11940641;1;0
8325515;-592143;0;0
11078668;-592143;0;0
69516;-592143;0;0
2822669;-592143;0;0
5576077;-592143;0;0
8329230;-592143;0;1
11082638;-592143;0;1
73231;-592143;0;0
2826639;-592143;0;0
5579792;-592143;0;0
8333200;-592143;0;0
11086353;-592143;0;0
77201;-592143;0;0
2830354;-592143;0;1
5583762;-592143;0;1
8336915;-592143;0;0
11090323;-592143;0;0
80916;-592143;0;0
5670842;-592143;0;0
8423995;-592143;0;0
11177403;-592143;0;0
167996;-592143;0;0
2921404;-592143;0;0
5674557;-592143;0;0
8427965;-592143;0;0
11181118;-592143;0;0
171966;-592143;0;0
2925119;-592143;0;0
5678527;-592143;0;0
8431680;-592143;0;0
11185088;-592143;0;0
175681;-592143;0;0
2929089;-592143;0;0
5682242;-592143;0;0
11192773;-592143;0;0
183366;-592143;0;0
2936774;-592143;0;0
96286;-592143;0;0
2849694;-592143;0;0
5602847;-592143;0;0
8356255;-592143;0;0
8368388;-592143;0;1
100256;-6638390;0;0
2853409;-592143;0;1
5606817;-6638390;0;0
8359970;-592143;0;0
11005453;-592143;0;0
4521947;-592143;0;0
2857379;-592143;0;1
5610532;-6638390;0;0
8363940;-6638390;0;0
11117093;-6638390;0;0
107941;-6638390;0;0
2861094;-6638390;0;0
5614502;-6638390;0;0
8367655;-6638390;0;0
11121063;-6638390;0;0
111656;-6638390;0;0
2865064;-6638390;0;0
5618217;-6638390;0;0
8371625;-6638390;0;0
11124778;-6638390;0;0
115626;-592143;0;1
2868779;-6638390;0;0
5622187;-6638390;0;0
8375340;-6638390;0;0
11128748;-592143;0;1
119341;-6638390;0;0
2818221;-6638390;0;0
5571374;-6638390;0;0
8324782;-6638390;0;0
11077935;-6638390;0;0
68783;-592143;0;1
2821936;-6638390;0;0
5575344;-6638390;0;0
8328497;-6638390;0;0
11081905;-592143;0;0
72498;-592143;0;0
16777215;-592143;0;1
5579059;-592143;0;0
8332467;-592143;0;0
11085620;-592143;0;0
76468;-592143;0;0
2829621;-592143;0;0
5583029;-592143;0;0
8336182;-592143;0;0
11089590;-592143;0;0
80183;-592143;0;0
2833591;-592143;0;0
5586744;-592143;0;0
8340152;-592143;0;0
11093305;-592143;0;0
84153;-592143;0;0
2837306;-592143;0;0
5590714;-592143;0;0
8343867;-592143;0;0
11097275;-592143;0;0
87868;-592143;0;0
2841276;-592143;0;0
5594429;-592143;0;0
8347837;-592143;0;0
11100990;-592143;0;0
91838;-592143;0;0
2844991;-592143;0;0
5598399;-592143;0;0
8351552;-592143;0;0
11104960;-592143;0;0
95553;-592143;0;0
2848961;-592143;0;0
5602114;-592143;0;0
8355522;-592143;0;0
11108675;-592143;0;0
99523;-592143;0;0
2852676;-592143;0;0
5606084;-592143;0;0
8359237;-592143;0;0
11112645;-592143;0;0
103238;-592143;0;0
2856646;-592143;0;0
5609799;-592143;0;0
8363207;-592143;0;0
11116360;-592143;0;0
107208;-592143;0;0
2860361;-592143;0;0
5613769;-592143;0;0
8366922;-592143;0;0
11120330;-592143;0;0
110923;-592143;0;1
2864331;-592143;0;0
5617484;-592143;0;0
8370892;-592143;0;0
11124045;-592143;0;0
114893;-592143;0;0
2868046;-592143;0;0
5621454;-592143;0;0
8374607;-592143;0;0
11128015;-592143;0;0
118608;-592143;0;0
2872016;-592143;0;0
5570641;-592143;0;0
8324049;-592143;0;0
11077202;-592143;0;0
68050;-592143;0;0
2821203;-592143;0;0
5574611;-592143;0;0
8327764;-592143;0;0
11081172;-592143;0;0
71765;-592143;0;0
2825173;-592143;0;0
5578326;-592143;0;0
8331734;-592143;0;0
11084887;-592143;0;0
75735;-592143;0;0
2828888;-592143;0;0
5582296;-592143;0;0
8335449;-592143;0;0
11088857;-592143;0;0
79450;-592143;0;0
2832858;-592143;0;0
5586011;-592143;0;0
8339419;-592143;0;0
11092572;-592143;0;0
83420;-592143;0;0
2836573;-592143;0;0
5589981;-592143;0;0
8343134;-592143;0;0
11096542;-592143;0;0
87135;-592143;0;0
2840543;-592143;0;0
5593696;-592143;0;0
8347104;-592143;0;0
11100257;-592143;0;0
91105;-592143;0;0
2844258;-592143;0;0
5597666;-592143;0;0
8350819;-592143;0;0
11104227;-592143;0;0
94720;-592143;0;0
2848128;-592143;0;0
5601281;-592143;0;0
8354689;-592143;0;0
11107842;-592143;0;0
98690;-592143;0;0
2851843;-592143;0;0
5605251;-592143;0;0
8358404;-592143;0;0
11111812;-592143;0;0
102405;-592143;0;0
2855813;-592143;0;0
5608966;-592143;0;0
8362374;-592143;0;0
11115527;-592143;0;1
106375;-592143;0;0
2859528;-592143;0;0
5612936;-592143;0;0
8366089;-592143;0;0
11119497;-592143;0;0
110090;-592143;0;0
2863498;-592143;0;0
5616651;-592143;0;0
8370059;-592143;0;0
11123212;-592143;0;0
114060;-592143;0;0
2867213;-592143;0;0
5620621;-592143;0;0
8373774;-592143;0;0
11127182;-592143;0;0
117775;-592143;0;0
2871183;-592143;0;0
5624336;-592143;0;0
8323216;-592143;0;0
11076369;-592143;0;0
67217;-592143;0;0
2820370;-592143;0;0
5573778;-592143;0;0
8326931;-592143;0;0
11080339;-592143;0;0
70932;-592143;0;0
2824340;-592143;0;0
5577493;-592143;0;0
8330901;-592143;0;0
11084054;-592143;0;0
74902;-592143;0;0
2828055;-592143;0;0
5581463;-592143;0;0
8334616;-592143;0;0
11088024;-592143;0;0
78617;-592143;0;0
2832025;-592143;0;0
5585178;-592143;0;0
8338586;-592143;0;0
11091739;-592143;0;0
82587;-592143;0;0
2835740;-592143;0;0
5589148;-592143;0;0
8342301;-592143;0;0
11095709;-592143;0;0
86302;-592143;0;0
2839710;-592143;0;0
5592863;-592143;0;0
8346271;-592143;0;0
11099424;-592143;0;0
90272;-592143;0;0
2843425;-592143;0;0
5596833;-592143;0;0
8349986;-592143;0;0
11103394;-592143;0;0
93987;-592143;0;0
2847395;-592143;0;0
5600548;-592143;0;0
8353956;-592143;0;0
11107109;-592143;0;0
97957;-592143;0;0
2851110;-592143;0;0
5604518;-592143;0;0
8357671;-592143;0;0
11111079;-592143;0;0
101672;-592143;0;0
2855080;-592143;0;0
5608233;-592143;0;0
8361641;-592143;0;0
11114794;-592143;0;0
105642;-592143;0;0
2858795;-592143;0;0
5612203;-592143;0;0
8365356;-592143;0;0
11118764;-592143;0;0
109357;-592143;0;0
2862765;-592143;0;0
5615918;-592143;0;0
8369326;-592143;0;0
11122479;-592143;0;0
113327;-592143;0;0
2866480;-592143;0;0
5619888;-592143;0;0
8373041;-592143;0;0
11126449;-592143;0;0
117042;-592143;0;0
2870450;-592143;0;0
5623603;-592143;0;0
8377011;-592143;0;0
11075636;-592143;0;0
66484;-592143;0;0
2819637;-592143;0;0
5573045;-592143;0;0
8326198;-592143;0;0
11079606;-592143;0;0
70199;-592143;0;0
2823607;-592143;0;0
5576760;-592143;0;0
8330168;-592143;0;0
11083321;-592143;0;0
74169;-592143;0;0
2827322;-592143;0;0
5580730;-592143;0;0
8333883;-592143;0;0
11087291;-592143;0;0
77884;-592143;0;0
2831292;-592143;0;0
5584445;-592143;0;0
8337853;-592143;0;0
11091006;-592143;0;0
81854;-592143;0;0
2835007;-592143;0;0
5588415;-592143;0;0
8341568;-592143;0;0
11094976;-592143;0;0
85569;-592143;0;0
2838977;-592143;0;0
5592130;-592143;0;0
8345538;-592143;0;0
11098691;-592143;0;0
89539;-592143;0;0
2842692;-592143;0;0
5596100;-592143;0;0
8349253;-592143;0;0
11102661;-592143;0;0
93254;-592143;0;0
2846662;-592143;0;0
5599815;-592143;0;0
8353223;-592143;0;0
11106376;-592143;0;0
97224;-592143;0;0
2850377;-592143;0;0
5603785;-592143;0;0
8356938;-592143;0;0
11110346;-592143;0;0
100939;-592143;0;0
2854347;-592143;0;0
5607500;-592143;0;0
8360908;-592143;0;0
11114061;-592143;0;0
104909;-592143;0;0
2858062;-592143;0;0
5611470;-592143;0;0
8364623;-592143;0;0
11118031;-592143;0;0
108624;-592143;0;0
2862032;-592143;0;0
5615185;-592143;0;0
8368593;-592143;0;0
11121746;-592143;0;0
112594;-592143;0;0
2865747;-592143;0;0
5619155;-592143;0;0
8372308;-592143;0;0
11125716;-592143;0;0
116309;-592143;0;0
2869717;-592143;0;0
5622870;-592143;0;0
8376278;-592143;0;0
11129431;-592143;0;0
65751;-592143;0;0
2818904;-592143;0;0
5572312;-592143;0;0
8325465;-592143;0;0
11078873;-592143;0;0
69466;-592143;0;0
2822874;-592143;0;0
5576027;-592143;0;0
8329435;-592143;0;0
11082588;-592143;0;0
73436;-592143;0;0
2826589;-592143;0;0
5579997;-592143;0;0
8333150;-592143;0;0
11086558;-592143;0;0
77151;-592143;0;0
2830559;-592143;0;0
5583712;-592143;0;0
8337120;-592143;0;0
11090273;-592143;0;0
81121;-592143;0;0
2834274;-592143;0;0
5587682;-592143;0;0
8340835;-592143;0;0
11094243;-592143;0;0
84736;-592143;0;0
2838144;-592143;0;0
5591297;-592143;0;0
8344705;-592143;0;0
11097858;-592143;0;0
88706;-592143;0;0
2841859;-592143;0;0
5595267;-592143;0;0
8348420;-592143;0;0
11101828;-592143;0;0
92421;-592143;0;0
2845829;-592143;0;0
5598982;-592143;0;0
8352390;-592143;0;0
11105543;-592143;0;0
96391;-592143;0;0
2849544;-592143;0;0
5602952;-592143;0;0
8356105;-592143;0;0
11109513;-592143;0;0
100106;-592143;0;0
2853514;-592143;0;0
5606667;-592143;0;0
8360075;-592143;0;0
11113228;-592143;0;0
104076;-592143;0;0
2857229;-592143;0;0
5610637;-592143;0;0
8363790;-592143;0;0
11117198;-592143;0;0
107791;-592143;0;0
2861199;-592143;0;0
5614352;-592143;0;0
8367760;-592143;0;0
11120913;-592143;0;0
111761;-592143;0;0
2864914;-592143;0;0
5618322;-592143;0;0
8371475;-592143;0;0
11124883;-592143;0;0
115476;-592143;0;0
2868884;-592143;0;0
5622037;-8470910;18;0
8375445;-8470910;18;0
11128598;-8470910;18;0
119446;-592143;0;0
2818071;-592143;0;0
5571479;-592143;0;0
8324632;-592143;0;0
11078040;-592143;0;0
68633;-592143;0;0
2822041;-592143;0;0
5575194;-592143;0;0
8328602;-592143;0;0
11081755;-592143;0;0
72603;-592143;0;0
2825756;-592143;0;0
5579164;-592143;0;0
8332317;-592143;0;0
11085725;-592143;0;0
76318;-592143;0;0
2829726;-592143;0;0
5582879;-592143;0;0
8336287;-592143;0;0
11089440;-592143;0;0
80288;-592143;0;0
2833441;-592143;0;0
5586849;-592143;0;0
8340002;-592143;0;0
11093410;-592143;0;0
84003;-592143;0;0
2837411;-592143;0;0
5590564;-592143;0;0
8343972;-592143;0;0
11097125;-592143;0;0
87973;-592143;0;0
2841126;-592143;0;0
5594534;-592143;0;0
8347687;-592143;0;0
11101095;-592143;0;0
91688;-592143;0;0
2845096;-592143;0;0
5598249;-592143;0;0
8351657;-592143;0;0
11104810;-592143;0;0
95658;-592143;0;0
2848811;-592143;0;0
5602219;-592143;0;0
8355372;-592143;0;0
11108780;-592143;0;0
99373;-592143;0;0
2852781;-592143;0;0
5605934;-592143;0;0
8359342;-592143;0;0
11112495;-592143;0;0
103343;-592143;0;0
2856496;-592143;0;0
5609904;-592143;0;0
8363057;-592143;0;0
11116465;-592143;0;0
107058;-592143;0;0
2860466;-592143;0;0
5613619;-592143;0;0
8367027;-592143;0;0
11120180;-592143;0;0
111028;-592143;0;0
2864181;-592143;0;0
5617589;-592143;0;0
8370742;-592143;0;0
11124150;-592143;0;0
114743;-592143;0;0
2868151;-592143;0;0
5621304;-592143;0;0
8374712;-592143;0;0
11127865;-592143;0;0
118713;-592143;0;0
2871866;-592143;0;0
5570746;-592143;0;0
8323899;-592143;0;0
11077307;-592143;0;0
67900;-592143;0;0
2821308;-592143;0;0
5574461;-592143;0;0
8327869;-592143;0;0
11081022;-592143;0;0
71870;-592143;0;0
2825023;-592143;0;0
5578431;-592143;0;0
8331584;-592143;0;0
11084992;-592143;0;0
75585;-592143;0;0
2828993;-592143;0;0
5582146;-592143;0;0
8335554;-592143;0;0
11088707;-592143;0;0
79555;-592143;0;0
2832708;-592143;0;0
5586116;-592143;0;0
8339269;-592143;0;0
11092677;-592143;0;0
83270;-592143;0;0
2836678;-592143;0;0
5589831;-592143;0;0
8343239;-592143;0;0
11096392;-592143;0;0
87240;-592143;0;0
2840393;-592143;0;0
5593801;-592143;0;0
8346954;-592143;0;0
11100362;-592143;0;0
90955;-592143;0;0
2844363;-592143;0;0
5597516;-592143;0;0
8350924;-592143;0;0
11104077;-592143;0;0
94925;-592143;0;0
2848078;-592143;0;0
5601486;-592143;0;0
8354639;-592143;0;0
11108047;-592143;0;0
98640;-592143;0;0
2852048;-592143;0;0
5605201;-592143;0;0
8358609;-592143;0;0
11111762;-592143;0;0
102610;-592143;0;0
2855763;-592143;0;0
5609171;-592143;0;0
8362324;-592143;0;0
11115732;-592143;0;0
106325;-592143;0;0
2859733;-592143;0;0
5612886;-592143;0;0
8366294;-592143;0;0
11119447;-592143;0;0
110295;-592143;0;0
2863448;-592143;0;0
5616856;-592143;0;0
8370009;-592143;0;0
11123417;-592143;0;0
114010;-592143;0;0
2867418;-592143;0;0
5620571;-592143;0;0
8373979;-592143;0;0
11127132;-592143;0;0
117980;-592143;0;0
2871133;-592143;0;0
5624541;-592143;0;0
8323166;-592143;0;0
11076574;-592143;0;0
67167;-592143;0;0
2820575;-592143;0;0
5573728;-592143;0;0
8327136;-592143;0;0
11080289;-592143;0;0
71137;-592143;0;0
2824290;-592143;0;0
5577698;-592143;0;0
8330851;-592143;0;0
11084259;-592143;0;0
140288;-8470910;18;0
2893696;-592143;0;0
5646849;-592143;0;0
8400257;-592143;0;0
11153410;-592143;0;0
144258;-592143;0;0
2897411;-592143;0;0
5650819;-592143;0;0
8403972;-592143;0;0
11157380;-592143;0;0
147973;-592143;0;0
2901381;-592143;0;0
5654534;-592143;0;0
8407942;-592143;0;0
11161095;-592143;0;0
151943;-592143;0;0
2905096;-592143;0;0
5658504;-592143;0;0
8411657;-592143;0;0
11165065;-592143;0;0
155658;-592143;0;0
2909066;-592143;0;0
5662219;-592143;0;0
8415627;-592143;0;0
11168780;-592143;0;0
159628;-592143;0;0
2912781;-592143;0;0
5666189;-592143;0;0
8419342;-592143;0;0
11172750;-592143;0;0
163343;-592143;0;0
2916751;-592143;0;0
5669904;-592143;0;0
8423312;-592143;0;0
11176465;-592143;0;0
167313;-592143;0;0
2920466;-592143;0;0
5673874;-592143;0;0
8427027;-592143;0;0
11180435;-592143;0;0
171028;-592143;0;0
2924436;-592143;0;0
5677589;-592143;0;0
8430997;-592143;0;0
11184150;-592143;0;0
174998;-592143;0;0
2928151;-592143;0;0
5681559;-592143;0;0
8434712;-592143;0;0
11188120;-592143;0;0
178713;-592143;0;0
2932121;-592143;0;0
5685274;-592143;0;0
8438682;-592143;0;0
11191835;-592143;0;0
182683;-592143;0;0
2935836;-592143;0;0
5689244;-592143;0;0
8442397;-592143;0;0
11141277;-592143;0;0
131870;-592143;0;0
2885278;-592143;0;0
5638431;-592143;0;0
8391839;-592143;0;0
11144992;-592143;0;0
135840;-592143;0;0
2888993;-592143;0;0
5642401;-592143;0;0
8395554;-592143;0;0
11148962;-592143;0;0
139555;-592143;0;0
2892963;-592143;0;0
5646116;-592143;0;0
8399524;-592143;0;0
11152677;-592143;0;0
143525;-592143;0;0
2896678;-592143;0;0
5650086;-592143;0;0
8403239;-592143;0;0
11156647;-592143;0;0
147240;-592143;0;0
2900648;-592143;0;0
5653801;-592143;0;0
8407209;-592143;0;0
11160362;-592143;0;0
151210;-592143;0;0
2904363;-592143;0;0
5657771;-592143;0;0
8410924;-592143;0;0
11164332;-592143;0;0
154925;-592143;0;0
2908333;-592143;0;0
5661486;-592143;0;0
8414894;-592143;0;0
11168047;-592143;0;0
158895;-592143;0;0
2912048;-592143;0;0
5665456;-592143;0;0
8418609;-592143;0;0
11172017;-592143;0;0
162610;-592143;0;0
2916018;-592143;0;0
5669171;-592143;0;0
8422579;-592143;0;0
11175732;-592143;0;0
166580;-592143;0;0
2919733;-592143;0;0
5673141;-592143;0;0
8426294;-592143;0;0
11179702;-592143;0;0
170295;-592143;0;0
2923703;-592143;0;0
5676856;-592143;0;0
8430264;-592143;0;0
11183417;-592143;0;0
174265;-592143;0;0
2927418;-592143;0;0
5680826;-592143;0;0
8433979;-592143;0;0
11187387;-592143;0;0
177980;-592143;0;0
2931388;-592143;0;0
5684541;-592143;0;0
8437949;-592143;0;0
11191102;-592143;0;0
181950;-592143;0;0
2935103;-592143;0;0
5688511;-592143;0;0
8441664;-592143;0;0
11195072;-592143;0;0
131137;-592143;0;0
2884545;-592143;0;0
5637698;-592143;0;0
8391106;-592143;0;0
11144259;-592143;0;0
135107;-592143;0;0
2888260;-592143;0;0
5641668;-592143;0;0
8394821;-592143;0;0
11148229;-592143;0;0
138822;-592143;0;0
2892230;-592143;0;0
5645383;-592143;0;0
8398791;-592143;0;0
11151944;-592143;0;0
142792;-592143;0;0
2895945;-592143;0;0
5649353;-592143;0;0
8402506;-592143;0;0
11155914;-592143;0;0
146507;-592143;0;0
2899915;-592143;0;0
5653068;-592143;0;0
8406476;-592143;0;0
11159629;-592143;0;0
150477;-592143;0;0
2903630;-592143;0;0
5657038;-592143;0;0
8410191;-592143;0;0
11163599;-592143;0;0
154192;-592143;0;0
2907600;-592143;0;0
5660753;-592143;0;0
8414161;-592143;0;0
11167314;-592143;0;0
158162;-592143;0;0
2911315;-592143;0;0
5664723;-592143;0;0
8417876;-592143;0;0
11171284;-592143;0;0
161877;-592143;0;0
2915285;-592143;0;0
5668438;-592143;0;0
8421846;-592143;0;0
11174999;-592143;0;0
165847;-592143;0;0
2919000;-592143;0;0
5672408;-592143;0;0
8425561;-592143;0;0
11178969;-592143;0;0
169562;-592143;0;0
2922970;-592143;0;0
5676123;-592143;0;0
8429531;-592143;0;0
11182684;-592143;0;0
173532;-592143;0;0
2926685;-592143;0;0
5680093;-592143;0;0
8433246;-592143;0;0
11186654;-592143;0;0
177247;-592143;0;0
2930655;-592143;0;0
5683808;-592143;0;0
8437216;-592143;0;0
11190369;-592143;0;0
181217;-592143;0;0
2934370;-592143;0;0
5687778;-592143;0;0
8440931;-592143;0;0
11194339;-592143;0;0
184832;-592143;0;0
2883712;-592143;0;0
5636865;-592143;0;0
8390273;-592143;0;0
11143426;-592143;0;0
134274;-592143;0;0
2887427;-592143;0;0
5640835;-592143;0;0
8393988;-592143;0;0
11147396;-592143;0;0
137989;-592143;0;0
2891397;-592143;0;0
5644550;-592143;0;0
8397958;-592143;0;0
11151111;-592143;0;0
141959;-592143;0;0
2895112;-592143;0;0
5648520;-592143;0;0
8401673;-592143;0;0
11155081;-592143;0;0
145674;-592143;0;0
2899082;-592143;0;0
5652235;-592143;0;0
8405643;-592143;0;0
11158796;-592143;0;0
149644;-592143;0;0
2902797;-592143;0;0
5656205;-592143;0;0
8409358;-592143;0;0
11162766;-592143;0;0
153359;-592143;0;0
2906767;-592143;0;0
5659920;-592143;0;0
8413328;-592143;0;0
11166481;-592143;0;0
157329;-592143;0;0
2910482;-592143;0;0
5663890;-592143;0;0
8417043;-592143;0;0
11170451;-592143;0;0
161044;-592143;0;0
2914452;-592143;0;0
5667605;-592143;0;0
8421013;-592143;0;0
11174166;-592143;0;0
165014;-592143;0;0
2918167;-592143;0;0
5671575;-592143;0;0
8424728;-592143;0;0
11178136;-592143;0;0
168729;-592143;0;0
2922137;-592143;0;0
5675290;-592143;0;0
8428698;-592143;0;0
11181851;-592143;0;0
172699;-592143;0;0
2925852;-592143;0;0
5679260;-592143;0;0
8432413;-592143;0;0
11185821;-592143;0;0
176414;-592143;0;0
2929822;-592143;0;0
5682975;-592143;0;0
8436383;-592143;0;0
11189536;-592143;0;0
180384;-592143;0;0
2933537;-592143;0;0
5686945;-592143;0;0
8440098;-592143;0;0
11193506;-592143;0;0
184099;-592143;0;0
2937507;-592143;0;0
5636132;-592143;0;0
8389540;-592143;0;0
11142693;-592143;0;0
133541;-592143;0;0
2886694;-592143;0;0
5640102;-592143;0;0
8393255;-592143;0;0
11146663;-592143;0;0
137256;-592143;0;0
2890664;-592143;0;0
5643817;-592143;0;0
8397225;-592143;0;0
11150378;-592143;0;0
141226;-592143;0;0
2894379;-592143;0;0
5647787;-592143;0;0
8400940;-592143;0;0
11154348;-592143;0;0
144941;-592143;0;0
2898349;-592143;0;0
5651502;-592143;0;0
8404910;-592143;0;0
11158063;-592143;0;0
148911;-592143;0;0
2902064;-592143;0;0
5655472;-592143;0;0
8408625;-592143;0;0
11162033;-592143;0;0
152626;-592143;0;0
2906034;-592143;0;0
5659187;-592143;0;0
8412595;-592143;0;0
11165748;-592143;0;0
156596;-592143;0;0
2909749;-592143;0;0
5663157;-592143;0;0
8416310;-592143;0;0
11169718;-592143;0;0
160311;-592143;0;0
2913719;-592143;0;0
5666872;-592143;0;0
8420280;-592143;0;0
11173433;-592143;0;0
164281;-592143;0;0
2917434;-592143;0;0
2834324;-592143;0;0
5587477;-592143;0;0
8340885;-592143;0;0
11094038;-592143;0;0
84886;-592143;0;0
2838039;-592143;0;0
5591447;-592143;0;0
8344600;-592143;0;0
11098008;-592143;0;0
88601;-592143;0;0
2842009;-592143;0;0
5595162;-592143;0;0
8348570;-592143;0;0
11101723;-592143;0;0
92571;-592143;0;0
2845724;-592143;0;0
8435650;-592143;0;0
11188803;-592143;0;0
179651;-592143;0;0
2932804;-592143;0;0
5686212;-592143;0;0
8439365;-592143;0;0
5599132;-592143;0;0
8352285;-592143;0;0
11105693;-592143;0;0
5689927;-592143;0;0
8388807;-592143;0;0
11141960;-592143;0;0
132808;-592143;0;0
2885961;-592143;0;0
5639369;-592143;0;0
8392522;-592143;0;0
11145930;-592143;0;0
136523;-592143;0;0
2889931;-592143;0;0
5643084;-592143;0;0
8396492;-592143;0;0
11149645;-592143;0;0
140493;-592143;0;0
2893646;-592143;0;0
5647054;-592143;0;0
8400207;-592143;0;0
11153615;-592143;0;0
144208;-592143;0;0
2897616;-592143;0;0
5650769;-592143;0;0
8404177;-592143;0;0
11157330;-592143;0;0
148178;-592143;0;0
2901331;-592143;0;0
5654739;-592143;0;0
8407892;-592143;0;0
11161300;-592143;0;0
151893;-592143;0;0
2905301;-592143;0;0
5658454;-592143;0;0
8411862;-592143;0;0
11165015;-592143;0;0
155863;-592143;0;0
2909016;-592143;0;0
5662424;-592143;0;0
8415577;-592143;0;0
11168985;-592143;0;0
159578;-592143;0;0
2912986;-592143;0;0
5666139;-592143;0;0
8419547;-592143;0;0
11172700;-592143;0;0
163548;-592143;0;0
2916701;-592143;0;0
5670109;-592143;0;0
8423262;-592143;0;0
11176670;-592143;0;0
167263;-592143;0;0
2920671;-592143;0;0
5673824;-592143;0;0
8427232;-592143;0;0
11180385;-592143;0;0
171233;-592143;0;0
2924386;-592143;0;0
5677794;-592143;0;0
8430947;-592143;0;0
11184355;-592143;0;0
174848;-592143;0;0
2928256;-592143;0;0
5681409;-592143;0;0
8434817;-592143;0;0
11187970;-592143;0;0
178818;-592143;0;0
2931971;-592143;0;0
5685379;-592143;0;0
8438532;-592143;0;0
11191940;-592143;0;0
182533;-592143;0;0
2935941;-592143;0;0
5689094;-592143;0;0
8442502;-592143;0;0
11141127;-592143;0;0
131975;-592143;0;0
2885128;-592143;0;0
5638536;-592143;0;0
8391689;-592143;0;0
11145097;-592143;0;0
135690;-592143;0;0
2889098;-592143;0;0
5642251;-592143;0;0
8395659;-592143;0;0
11148812;-592143;0;0
139660;-592143;0;0
2892813;-592143;0;0
5646221;-592143;0;0
8399374;-592143;0;0
11152782;-592143;0;0
143375;-592143;0;0
2896783;-592143;0;0
5649936;-592143;0;0
8403344;-592143;0;0
11156497;-592143;0;0
147345;-592143;0;0
2900498;-592143;0;0
5653906;-592143;0;0
8407059;-592143;0;0
11160467;-592143;0;0
151060;-592143;0;0
2904468;-592143;0;0
5657621;-592143;0;0
8411029;-592143;0;0
11164182;-592143;0;0
155030;-592143;0;0
2908183;-592143;0;0
5661591;-592143;0;0
8414744;-592143;0;0
11168152;-592143;0;0
158745;-592143;0;0
2912153;-592143;0;0
5665306;-592143;0;0
8418714;-592143;0;0
11171867;-592143;0;0
162715;-592143;0;0
2915868;-592143;0;0
5669276;-592143;0;0
8422429;-592143;0;0
11175837;-592143;0;0
166430;-592143;0;0
2919838;-592143;0;0
5672991;-592143;0;0
8426399;-592143;0;0
11179552;-592143;0;0
170400;-592143;0;0
2923553;-592143;0;0
5676961;-592143;0;0
8430114;-592143;0;0
11183522;-592143;0;0
174115;-592143;0;0
2927523;-592143;0;0
5680676;-592143;0;0
8434084;-592143;0;0
11187237;-592143;0;0
178085;-592143;0;0
2931238;-592143;0;0
5684646;-592143;0;0
8437799;-592143;0;0
11191207;-592143;0;0
181800;-592143;0;0
2935208;-592143;0;0
5688361;-592143;0;0
8441769;-592143;0;0
11194922;-592143;0;1
131242;-592143;0;0
2884395;-592143;0;1
5637803;-592143;0;0
8390956;-592143;0;0
11144364;-592143;0;0
134957;-592143;0;0
2888365;-592143;0;0
5641518;-592143;0;0
8394926;-592143;0;0
11148079;-592143;0;0
138927;-592143;0;0
2892080;-592143;0;0
5645488;-592143;0;0
8398641;-592143;0;0
11152049;-592143;0;0
142642;-592143;0;0
2896050;-592143;0;0
5649203;-592143;0;0
8402611;-592143;0;0
11155764;-592143;0;0
146612;-592143;0;0
2899765;-592143;0;0
5653173;-592143;0;0
8406326;-592143;0;0
11159734;-592143;0;0
150327;-592143;0;0
2903735;-592143;0;0
5656888;-592143;0;0
8410296;-592143;0;0
11163449;-592143;0;0
154297;-592143;0;0
2907450;-592143;0;0
5660858;-592143;0;0
8414011;-592143;0;0
11167419;-592143;0;0
158012;-592143;0;0
2911420;-592143;0;0
5664573;-592143;0;0
8417981;-592143;0;0
11171134;-592143;0;0
161982;-592143;0;0
2915135;-592143;0;0
5668543;-592143;0;0
8421696;-592143;0;0
11175104;-592143;0;0
165697;-592143;0;0
2919105;-592143;0;0
5672258;-592143;0;0
8425666;-592143;0;0
11178819;-592143;0;0
169667;-592143;0;0
2922820;-6522693;23;0
5676228;-6522693;23;0
8429381;-6522693;23;0
11182789;-592143;0;1
173382;-592143;0;0
2926790;-592143;0;0
5679943;-592143;0;0
8433351;-6522693;23;0
11186504;-6522693;23;0
177352;-6522693;23;0
2930505;-592143;0;0
5683913;-592143;0;0
8437066;-592143;0;0
11190474;-592143;0;0
181067;-592143;0;0
2934475;-592143;0;0
5687628;-592143;0;0
8441036;-592143;0;0
11194189;-6522693;23;0
185037;-592143;0;0
2883662;-592143;0;0
5637070;-6522693;23;0
8390223;-6522693;23;0
11143631;-6522693;23;0
134224;-6522693;23;0
2887632;-6522693;23;0
5640785;-6522693;23;0
8394193;-6522693;23;0
11147346;-6522693;23;0
138194;-6522693;23;0
2891347;-6522693;23;0
5644755;-6522693;23;0
8397908;-6522693;23;0
11151316;-6522693;23;0
141909;-6522693;23;0
2895317;-6522693;23;0
5648470;-6522693;23;0
8401878;-6522693;23;0
11155031;-5026748;32;0
145879;-5026748;32;0
2899032;-5026748;32;0
5652440;-5026748;32;0
8405593;-5026748;32;0
11159001;-5026748;32;0
149594;-592143;0;1
2903002;-592143;0;0
5656155;-592143;0;0
8409563;-592143;0;0
11162716;-592143;0;0
153564;-592143;0;0
2906717;-592143;0;0
5660125;-592143;0;0
8413278;-592143;0;0
11166686;-592143;0;0
157279;-592143;0;0
2910687;-592143;0;0
5663840;-592143;0;0
8417248;-592143;0;0
11170401;-592143;0;0
161249;-592143;0;0
2914402;-592143;0;0
5667810;-592143;0;0
8420963;-592143;0;0
11174371;-592143;0;0
164864;-592143;0;0
2918272;-592143;0;1
5671425;-592143;0;0
8424833;-592143;0;0
11177986;-592143;0;0
168834;-592143;0;0
2921987;-592143;0;0
5675395;-592143;0;0
8428548;-592143;0;0
11181956;-592143;0;0
172549;-592143;0;0
2925957;-592143;0;0
5679110;-592143;0;0
8432518;-592143;0;0
11185671;-592143;0;0
176519;-592143;0;0
2929672;-592143;0;0
5683080;-592143;0;0
8436233;-592143;0;0
11189641;-592143;0;0
180234;-592143;0;0
2933642;-592143;0;0
5686795;-592143;0;0
8440203;-592143;0;0
11193356;-592143;0;0
184204;-592143;0;0
2937357;-592143;0;0
5636237;-592143;0;0
8389390;-592143;0;0
11142798;-592143;0;0
133391;-592143;0;0
2886799;-592143;0;0
5639952;-592143;0;0
8393360;-8673587;36;0
11146513;-8673587;36;0
137361;-8470910;18;0
2890514;-8470910;18;0
5643922;-8673587;36;0
8397075;-8673587;36;0
11150483;-8673587;36;0
141076;-8673587;36;0
2894484;-8673587;36;0
5647637;-8673587;36;0
8401045;-8673587;36;0
11154198;-8470910;18;0
145046;-8470910;18;0
2898199;-8470910;18;0
5651607;-592143;0;0
8404760;-592143;0;0
11158168;-592143;0;0
148761;-592143;0;0
2902169;-592143;0;0
5655322;-592143;0;0
8408730;-8470910;18;0
11161883;-8470910;18;0
152731;-592143;0;0
2905884;-592143;0;0
5659292;-8470910;18;0
8412445;-8470910;18;0
11165853;-8470910;18;0
156446;-8470910;18;0
2909854;-8470910;18;0
5663007;-592143;0;0
8416415;-592143;0;0
11169568;-592143;0;0
160416;-592143;0;0
2913569;-592143;0;0
5666977;-592143;0;1
8420130;-592143;0;1
11173538;-592143;0;0
164131;-592143;0;0
2917539;-592143;0;0
5670692;-592143;0;0
8424100;-592143;0;0
11177253;-592143;0;0
168101;-592143;0;0
2921254;-592143;0;0
5674662;-592143;0;0
8427815;-592143;0;0
11181223;-592143;0;0
171816;-592143;0;0
2925224;-592143;0;0
5678377;-592143;0;0
8431785;-592143;0;0
11184938;-592143;0;0
175786;-592143;0;0
2928939;-592143;0;0
5682347;-592143;0;0
8435500;-592143;0;0
11188908;-592143;0;0
179501;-592143;0;0
2932909;-592143;0;0
5686062;-592143;0;0
8439470;-592143;0;0
11192623;-592143;0;0
183471;-592143;0;0
2936624;-592143;0;0
5690032;-592143;0;0
8388657;-592143;0;0
11142065;-592143;0;0
132658;-592143;0;0
2886066;-592143;0;0
5639219;-592143;0;1
8392627;-592143;0;0
11145780;-592143;0;0
136628;-592143;0;0
2889781;-592143;0;0
5643189;-592143;0;0
8396342;-592143;0;0
11149750;-592143;0;0
140343;-592143;0;0
2893751;-592143;0;0
5646904;-592143;0;0
8400312;-592143;0;0
11153465;-592143;0;0
144313;-592143;0;0
2897466;-592143;0;1
5650874;-592143;0;0
8404027;-592143;0;1
11157435;-592143;0;0
148028;-592143;0;0
2901436;-592143;0;0
5654589;-592143;0;0
8407997;-592143;0;0
11161150;-592143;0;0
151998;-592143;0;0
2905151;-592143;0;0
5658559;-592143;0;0
8411712;-592143;0;0
11165120;-592143;0;0
155713;-592143;0;0
2909121;-592143;0;0
5662274;-592143;0;0
8415682;-592143;0;0
11168835;-592143;0;1
159683;-592143;0;0
2912836;-592143;0;0
5666244;-592143;0;0
8419397;-592143;0;0
11172805;-592143;0;0
163398;-592143;0;1
2916806;-592143;0;0
5669959;-592143;0;0
8423367;-592143;0;0
11176520;-592143;0;0
167368;-592143;0;0
2920521;-592143;0;0
5673929;-592143;0;0
8427082;-592143;0;0
11180490;-592143;0;0
171083;-592143;0;0
2924491;-592143;0;0
5677644;-592143;0;0
8431052;-592143;0;0
11184205;-592143;0;1
175053;-592143;0;0
2928206;-592143;0;0
5681614;-592143;0;0
8434767;-592143;0;0
11188175;-592143;0;0
178768;-592143;0;0
2932176;-592143;0;0
5685329;-592143;0;0
8438737;-592143;0;0
11191890;-592143;0;0
182738;-592143;0;0
2935891;-592143;0;0
5689299;-592143;0;0
8442452;-592143;0;0
11141332;-592143;0;0
131925;-592143;0;0
2885333;-592143;0;0
5638486;-592143;0;0
8391894;-592143;0;0
11145047;-592143;0;0
135895;-592143;0;0
2889048;-592143;0;0
5642456;-592143;0;0
8395609;-592143;0;0
11149017;-592143;0;0
139610;-592143;0;0
2893018;-592143;0;0
5646171;-592143;0;0
8399579;-592143;0;0
11152732;-592143;0;0
143580;-592143;0;0
2896733;-592143;0;0
5650141;-592143;0;0
8403294;-592143;0;0
11156702;-592143;0;0
147295;-592143;0;0
2900703;-592143;0;0
5653856;-592143;0;0
8407264;-592143;0;0
11160417;-592143;0;0
151265;-592143;0;0
2904418;-592143;0;0
5657826;-592143;0;0
8410979;-592143;0;0
11164387;-592143;0;0
154880;-592143;0;0
2908288;-592143;0;0
5661441;-592143;0;0
8414849;-592143;0;0
11168002;-592143;0;0
158850;-592143;0;0
2912003;-592143;0;0
5665411;-592143;0;0
8418564;-592143;0;0
11171972;-592143;0;0
162565;-592143;0;0
2915973;-592143;0;0
5669126;-592143;0;0
8422534;-592143;0;0
11175687;-592143;0;0
166535;-592143;0;0
2919688;-592143;0;0
5673096;-592143;0;0
8426249;-592143;0;0
11179657;-592143;0;0
170250;-592143;0;0
2923658;-592143;0;0
5676811;-592143;0;0
8430219;-592143;0;0
11183372;-592143;0;0
174220;-592143;0;0
2927373;-592143;0;0
5680781;-592143;0;0
8433934;-592143;0;0
11187342;-592143;0;0
177935;-592143;0;0
2931343;-592143;0;0
5684496;-592143;0;0
8437904;-592143;0;0
11191057;-592143;0;0
181905;-592143;0;0
2935058;-592143;0;0
5688466;-592143;0;0
8441619;-592143;0;0
11195027;-592143;0;0
131092;-592143;0;0
2884500;-592143;0;0
5637653;-592143;0;0
8391061;-592143;0;0
11144214;-592143;0;0
135062;-592143;0;0
2888215;-592143;0;0
5641623;-592143;0;0
8394776;-592143;0;0
11148184;-592143;0;0
138777;-592143;0;0
2892185;-592143;0;0
5645338;-592143;0;0
8398746;-592143;0;0
11151899;-592143;0;0
142747;-592143;0;0
2895900;-592143;0;0
5649308;-592143;0;0
8402461;-592143;0;0
11155869;-592143;0;0
146462;-592143;0;0
2899870;-592143;0;0
5653023;-592143;0;0
8406431;-592143;0;0
11159584;-592143;0;0
150432;-592143;0;0
2903585;-592143;0;0
5656993;-592143;0;0
8410146;-592143;0;0
11163554;-592143;0;0
154147;-592143;0;0
2907555;-592143;0;0
5660708;-592143;0;0
8414116;-592143;0;0
11167269;-592143;0;0
158117;-592143;0;0
2911270;-592143;0;0
5664678;-592143;0;0
8417831;-592143;0;0
11171239;-592143;0;0
161832;-592143;0;0
2915240;-592143;0;1
5668393;-592143;0;0
8421801;-592143;0;0
11174954;-592143;0;1
165802;-592143;0;0
2918955;-592143;0;0
5672363;-592143;0;0
8425516;-592143;0;0
11178924;-592143;0;0
169517;-592143;0;0
2922925;-592143;0;0
5676078;-592143;0;0
8429486;-592143;0;0
11182639;-592143;0;0
173487;-592143;0;0
2926640;-592143;0;0
5680048;-592143;0;0
8433201;-592143;0;0
11186609;-592143;0;0
177202;-592143;0;0
2930610;-592143;0;0
5683763;-592143;0;0
8437171;-592143;0;0
11190324;-592143;0;0
181172;-592143;0;0
2934325;-592143;0;0
5687733;-592143;0;0
8440886;-592143;0;1
11194294;-592143;0;0
184887;-592143;0;0
2883767;-592143;0;0
5636920;-592143;0;0
8390328;-592143;0;0
11143481;-592143;0;0
134329;-592143;0;0
2887482;-592143;0;0
5640890;-592143;0;0
8394043;-592143;0;0
11147451;-592143;0;0
138044;-592143;0;0
2891452;-592143;0;0
5644605;-592143;0;0
8398013;-592143;0;0
11151166;-592143;0;0
142014;-592143;0;0
2895167;-592143;0;0
5648575;-592143;0;0
8401728;-592143;0;0
11155136;-592143;0;1
145729;-592143;0;1
2899137;-592143;0;0
5652290;-592143;0;0
8405698;-592143;0;0
11158851;-592143;0;0
149699;-592143;0;0
2902852;-592143;0;0
5656260;-592143;0;0
8409413;-592143;0;0
11162821;-592143;0;0
153414;-592143;0;0
2906822;-592143;0;0
5659975;-592143;0;0
8413383;-592143;0;0
11166536;-592143;0;1
157384;-592143;0;0
2910537;-592143;0;0
5663945;-592143;0;0
8417098;-592143;0;0
11170506;-592143;0;0
161099;-592143;0;0
2914507;-592143;0;0
5667660;-592143;0;0
8421068;-592143;0;0
11174221;-592143;0;0
165069;-592143;0;0
2918222;-592143;0;0
5671630;-592143;0;0
8424783;-592143;0;0
11178191;-592143;0;0
168784;-592143;0;0
2922192;-592143;0;0
5675345;-592143;0;0
8428753;-592143;0;0
11181906;-592143;0;0
172754;-592143;0;0
2925907;-592143;0;0
5679315;-592143;0;0
8432468;-592143;0;0
11185876;-592143;0;0
176469;-592143;0;0
2929877;-592143;0;0
5683030;-592143;0;0
8436438;-592143;0;0
11189591;-592143;0;1
180439;-592143;0;0
2933592;-592143;0;0
5687000;-592143;0;0
8440153;-592143;0;0
11193561;-592143;0;0
184154;-592143;0;0
2937562;-592143;0;0
5636187;-592143;0;0
8389595;-592143;0;0
11142748;-592143;0;0
133596;-592143;0;0
2886749;-592143;0;0
5640157;-592143;0;0
8393310;-592143;0;0
11146718;-592143;0;0
137311;-592143;0;0
2890719;-592143;0;0
5643872;-592143;0;0
8397280;-592143;0;0
11150433;-592143;0;0
141281;-592143;0;0
2894434;-592143;0;1
5647842;-592143;0;0
8400995;-592143;0;0
11154403;-592143;0;0
210432;-592143;0;0
2963840;-592143;0;0
5716993;-592143;0;1
8470401;-592143;0;0
11223554;-592143;0;0
214402;-592143;0;0
2967555;-592143;0;0
5720963;-592143;0;0
8474116;-592143;0;0
11227524;-592143;0;0
218117;-592143;0;0
2971525;-592143;0;1
5724678;-592143;0;0
8478086;-592143;0;0
11231239;-592143;0;0
222087;-592143;0;0
2975240;-592143;0;0
5728648;-592143;0;0
8481801;-592143;0;0
11235209;-592143;0;0
225802;-592143;0;0
2979210;-592143;0;0
5732363;-592143;0;1
8485771;-592143;0;0
11238924;-592143;0;0
229772;-592143;0;0
2982925;-592143;0;1
5736333;-592143;0;0
8489486;-592143;0;0
11242894;-592143;0;1
233487;-592143;0;0
2986895;-592143;0;1
5740048;-592143;0;0
8493456;-592143;0;0
11246609;-592143;0;0
237457;-592143;0;0
2990610;-592143;0;1
5744018;-592143;0;1
8497171;-592143;0;0
11250579;-592143;0;0
241172;-592143;0;0
2994580;-592143;0;0
5747733;-592143;0;0
8501141;-592143;0;0
11254294;-592143;0;0
245142;-592143;0;0
2998295;-592143;0;0
5751703;-592143;0;0
8504856;-592143;0;0
11258264;-592143;0;0
248857;-592143;0;0
3002265;-592143;0;0
5755418;-592143;0;0
8454298;-592143;0;0
11207451;-592143;0;0
198299;-592143;0;0
2951452;-592143;0;0
5704860;-592143;0;0
8458013;-592143;0;0
11211421;-592143;0;0
202014;-592143;0;0
2955422;-592143;0;0
5708575;-592143;0;0
8461983;-592143;0;0
11215136;-592143;0;0
205984;-592143;0;0
2959137;-592143;0;0
5712545;-592143;0;0
8465698;-592143;0;0
11219106;-592143;0;0
209699;-592143;0;0
2963107;-592143;0;1
5716260;-592143;0;0
8469668;-592143;0;0
11222821;-592143;0;0
213669;-592143;0;0
2966822;-592143;0;0
5720230;-592143;0;0
8473383;-592143;0;0
11226791;-592143;0;0
217384;-592143;0;0
2970792;-592143;0;0
5723945;-592143;0;0
8477353;-592143;0;0
11230506;-592143;0;0
221354;-592143;0;0
2974507;-592143;0;0
5727915;-592143;0;0
8481068;-592143;0;0
11234476;-592143;0;0
225069;-592143;0;0
2978477;-592143;0;0
5731630;-592143;0;0
8485038;-592143;0;0
11238191;-592143;0;0
229039;-592143;0;0
2982192;-592143;0;0
5735600;-592143;0;0
8488753;-592143;0;0
11242161;-592143;0;0
232754;-592143;0;0
2986162;-592143;0;0
5739315;-592143;0;0
8492723;-592143;0;0
11245876;-592143;0;1
236724;-592143;0;0
2989877;-592143;0;0
5743285;-592143;0;0
8496438;-592143;0;0
11249846;-592143;0;0
240439;-592143;0;0
2993847;-592143;0;0
5747000;-592143;0;0
8500408;-592143;0;0
11253561;-592143;0;0
244409;-592143;0;0
2997562;-592143;0;0
5750970;-592143;0;0
8504123;-592143;0;0
11257531;-592143;0;0
248124;-592143;0;0
3001532;-592143;0;0
5754685;-592143;0;0
8508093;-592143;0;1
11206718;-592143;0;0
197566;-592143;0;0
2950719;-592143;0;0
5704127;-592143;0;0
8457280;-592143;0;0
11210688;-592143;0;0
201281;-592143;0;0
2954689;-592143;0;0
5707842;-592143;0;0
8461250;-592143;0;0
11214403;-592143;0;0
205251;-592143;0;0
2958404;-592143;0;0
5711812;-592143;0;0
8464965;-592143;0;0
11218373;-592143;0;0
208966;-592143;0;0
2962374;-592143;0;0
5715527;-592143;0;0
8468935;-592143;0;0
11222088;-592143;0;0
212936;-592143;0;0
2966089;-592143;0;0
5719497;-592143;0;0
8472650;-592143;0;0
11226058;-592143;0;0
216651;-592143;0;1
2970059;-592143;0;0
5723212;-592143;0;0
8476620;-592143;0;0
11229773;-592143;0;0
220621;-592143;0;0
2973774;-592143;0;0
5727182;-592143;0;0
8480335;-592143;0;0
11233743;-592143;0;0
224336;-592143;0;0
2977744;-592143;0;0
5730897;-592143;0;0
8484305;-592143;0;0
11237458;-592143;0;0
228306;-592143;0;0
2981459;-592143;0;0
5734867;-592143;0;0
8488020;-592143;0;0
11241428;-592143;0;0
232021;-592143;0;0
2985429;-592143;0;0
5738582;-592143;0;0
8491990;-592143;0;0
11245143;-592143;0;0
235991;-592143;0;0
2989144;-592143;0;0
5742552;-592143;0;0
8495705;-592143;0;0
11249113;-592143;0;1
239706;-592143;0;0
2993114;-592143;0;0
5746267;-592143;0;0
8499675;-592143;0;0
11252828;-592143;0;0
243676;-592143;0;0
2996829;-592143;0;0
5750237;-592143;0;0
8503390;-592143;0;0
11256798;-592143;0;0
247391;-592143;0;0
3000799;-592143;0;0
5753952;-592143;0;0
8507360;-592143;0;0
11260513;-592143;0;0
196833;-592143;0;0
2949986;-592143;0;0
5703394;-592143;0;0
8456547;-592143;0;0
11209955;-592143;0;0
200448;-592143;0;0
2953856;-592143;0;0
5707009;-592143;0;0
8460417;-592143;0;0
11213570;-592143;0;0
204418;-592143;0;0
2957571;-592143;0;0
5710979;-592143;0;0
8464132;-592143;0;0
11217540;-592143;0;0
208133;-592143;0;0
2961541;-592143;0;0
5714694;-592143;0;0
8468102;-592143;0;0
11221255;-592143;0;0
212103;-592143;0;0
2965256;-592143;0;0
5718664;-592143;0;0
8471817;-592143;0;0
11225225;-592143;0;0
215818;-592143;0;0
2969226;-592143;0;0
13242522;-592143;0;0
4986775;-6638390;0;0
6137131;-6638390;0;0
65280;-6638390;0;0
11260512;-6638390;0;0
12242338;-6638390;0;0
12173368;-6638390;0;0
11232910;-6638390;0;0
223503;-6638390;0;0
2976911;-6638390;0;0
5730064;-6638390;0;0
8483472;-6638390;0;0
11236625;-6638390;0;0
227473;-6638390;0;0
2980626;-6638390;0;0
5734034;-6638390;0;0
8487187;-6638390;0;0
11240595;-6638390;0;0
231188;-6638390;0;0
2984596;-6638390;0;0
5737749;-6638390;0;0
8491157;-6638390;0;0
11244310;-6638390;0;0
235158;-6638390;0;0
2988311;-6638390;0;0
5741719;-6638390;0;0
8494872;-6638390;0;0
11248280;-6638390;0;0
238873;-6638390;0;0
2992281;-6638390;0;0
5745434;-6638390;0;0
8498842;-6638390;0;0
11251995;-6638390;0;0
8356150;-592143;0;1
2995996;-592143;0;1
5749404;-592143;0;1
8502557;-592143;0;0
11255965;-592143;0;1
246558;-592143;0;1
2999966;-592143;0;1
5753119;-592143;0;1
8506527;-592143;0;1
11259680;-592143;0;1
250528;-6638390;0;0
2949153;-5008947;27;0
5702561;-5008947;27;0
8455714;-5008947;27;0
11209122;-5008947;27;0
199715;-5008947;27;0
2953123;-5008947;27;0
5706276;-5008947;27;0
8459684;-5008947;27;0
11212837;-5008947;27;0
203685;-5008947;27;0
2956838;-5008947;27;0
5710246;-5008947;27;0
8463399;-5008947;27;0
11216807;-5008947;27;0
207400;-5008947;27;0
2960808;-5008947;27;0
5713961;-5008947;27;0
8467369;-5008947;27;0
11220522;-5008947;27;0
211370;-5008947;27;0
2964523;-5008947;27;0
5717931;-5008947;27;0
8471084;-5008947;27;0
11224492;-592143;0;1
215085;-592143;0;1
2968493;-592143;0;1
5721646;-592143;0;1
8475054;-592143;0;1
11228207;-592143;0;1
219055;-592143;0;1
2972208;-592143;0;1
5725616;-592143;0;1
8478769;-592143;0;1
11232177;-592143;0;1
222770;-592143;0;1
2976178;-592143;0;1
5729331;-592143;0;1
8482739;-592143;0;1
11235892;-592143;0;1
226740;-592143;0;1
2979893;-592143;0;1
5733301;-592143;0;1
8486454;-592143;0;1
11239862;-592143;0;1
230455;-592143;0;1
2983863;-592143;0;1
5737016;-592143;0;1
8490424;-592143;0;1
11243577;-592143;0;1
234425;-592143;0;0
2987578;-592143;0;0
5740986;-592143;0;0
8494139;-592143;0;0
11247547;-592143;0;0
238140;-592143;0;0
2991548;-592143;0;0
5744701;-592143;0;0
8498109;-592143;0;0
11251262;-592143;0;0
242110;-592143;0;0
2995263;-592143;0;0
5748671;-592143;0;0
8501824;-592143;0;0
11255232;-592143;0;0
245825;-592143;0;0
2999233;-592143;0;0
5752386;-592143;0;0
8505794;-592143;0;0
11258947;-592143;0;0
249795;-592143;0;0
3002948;-592143;0;0
5701828;-592143;0;0
8454981;-592143;0;0
11208389;-592143;0;0
198982;-592143;0;0
2952390;-592143;0;0
5705543;-592143;0;0
8458951;-592143;0;0
11212104;-592143;0;0
202952;-592143;0;0
2956105;-592143;0;0
5709513;-592143;0;0
8462666;-592143;0;0
11216074;-592143;0;0
206667;-592143;0;0
2960075;-592143;0;0
5713228;-592143;0;0
8466636;-592143;0;0
11219789;-592143;0;0
210637;-592143;0;0
2963790;-592143;0;0
5717198;-592143;0;0
8470351;-592143;0;0
11223759;-592143;0;0
214352;-592143;0;0
2967760;-592143;0;0
5720913;-592143;0;0
8474321;-592143;0;0
11227474;-592143;0;0
218322;-592143;0;0
2971475;-592143;0;0
5724883;-592143;0;0
8478036;-592143;0;0
11231444;-592143;0;0
222037;-592143;0;0
2975445;-592143;0;0
5728598;-592143;0;0
8482006;-592143;0;0
11235159;-592143;0;0
226007;-592143;0;0
2979160;-592143;0;0
5732568;-592143;0;0
8485721;-592143;0;0
11239129;-592143;0;0
229722;-592143;0;0
2983130;-592143;0;0
5736283;-592143;0;0
8489691;-592143;0;0
11242844;-592143;0;0
233692;-592143;0;0
2986845;-592143;0;0
5740253;-592143;0;0
8493406;-592143;0;0
11246814;-592143;0;0
237407;-592143;0;1
2990815;-5841687;2;0
5743968;-5841687;2;0
8497376;-5841687;2;0
11250529;-5841687;2;0
241377;-5841687;2;0
2994530;-5841687;2;0
5747938;-5841687;2;0
8501091;-5841687;2;0
11254499;-5841687;2;0
244992;-5841687;2;0
2998400;-5841687;2;0
5751553;-5841687;2;0
8504961;-5841687;2;0
11258114;-5841687;2;0
248962;-5841687;2;0
3002115;-5841687;2;0
5755523;-5841687;2;0
8454148;-592143;0;0
11207556;-592143;0;0
198149;-592143;0;0
2951557;-592143;0;0
5704710;-592143;0;0
8458118;-592143;0;0
11211271;-592143;0;0
202119;-592143;0;0
2955272;-592143;0;0
5708680;-592143;0;0
8461833;-592143;0;0
11215241;-592143;0;0
205834;-592143;0;0
2959242;-592143;0;0
5712395;-592143;0;0
8465803;-592143;0;0
11218956;-592143;0;0
209804;-592143;0;0
2962957;-592143;0;0
5716365;-592143;0;0
8469518;-592143;0;0
11222926;-592143;0;0
213519;-592143;0;0
2966927;-592143;0;0
5720080;-592143;0;0
8473488;-592143;0;0
11226641;-592143;0;0
217489;-592143;0;0
2970642;-592143;0;0
5724050;-5841687;2;0
8477203;-5841687;2;0
11230611;-5841687;2;0
221204;-5841687;2;0
2974612;-5841687;2;0
5727765;-5841687;2;0
8481173;-5841687;2;0
11234326;-5841687;2;0
225174;-592143;0;0
2978327;-592143;0;0
5731735;-11940641;1;0
8484888;-11940641;1;0
11238296;-11940641;1;0
228889;-11940641;1;0
2982297;-11940641;1;0
5735450;-11940641;1;0
8488858;-11940641;1;0
11242011;-11940641;1;0
232859;-592143;0;0
2986012;-592143;0;0
5739420;-592143;0;0
8492573;-592143;0;0
11245981;-592143;0;0
236574;-11940641;1;0
2989982;-11940641;1;0
5743135;-11940641;1;0
8496543;-11940641;1;0
11249696;-11940641;1;0
240544;-11940641;1;0
2993697;-11940641;1;0
5747105;-11940641;1;0
8500258;-11940641;1;0
11253666;-11940641;1;0
244259;-11940641;1;0
2997667;-11940641;1;0
5750820;-11940641;1;0
8504228;-11940641;1;0
11257381;-11940641;1;0
248229;-11940641;1;0
3001382;-592143;0;0
5754790;-592143;0;0
8507943;-592143;0;0
11206823;-592143;0;0
197416;-592143;0;0
2950824;-592143;0;0
5703977;-592143;0;0
8457385;-592143;0;0
11210538;-592143;0;0
201386;-592143;0;0
2954539;-592143;0;0
5707947;-592143;0;0
8461100;-592143;0;0
11214508;-592143;0;0
205101;-592143;0;0
2958509;-592143;0;0
5711662;-592143;0;0
8465070;-592143;0;0
11218223;-592143;0;0
209071;-592143;0;0
2962224;-592143;0;0
5715632;-592143;0;0
8468785;-592143;0;0
11222193;-592143;0;0
12231425;-592143;0;0
5217073;-592143;0;0
10059044;-592143;0;0
10372685;-592143;0;0
13880892;-592143;0;0
5786926;-592143;0;0
12789795;-592143;0;0
9913110;-592143;0;0
12564091;-592143;0;0
10533874;-592143;0;0
3293536;-592143;0;0
12970326;-592143;0;0
12017170;-592143;0;0
957809;-592143;0;0
7624902;-592143;0;0
5014627;-592143;0;0
1586569;-592143;0;0
5815494;-592143;0;0
6955023;-592143;0;0
6201008;-592143;0;0
14424107;-5523323;25;0
2660645;-592143;0;0
4156327;-592143;0;0
8402750;-592143;0;0
2742887;-592143;0;0
13183450;-592143;0;0
13391728;-592143;0;0
6590671;-592143;0;0
4320548;-592143;0;0
1125958;-592143;0;0
2322865;-592143;0;0
8832981;-592143;0;0
8014608;-592143;0;0
15788604;-592143;0;0
4348444;-592143;0;0
11035675;-592143;0;0
4170024;-592143;0;0
7979977;-592143;0;0
561538;-592143;0;0
8188180;-592143;0;0
11046176;-592143;0;0
14969880;-592143;0;0
13951608;-592143;0;0
6307598;-592143;0;0
14915881;-592143;0;0
6467789;-592143;0;0
2993984;-592143;0;0
8886627;-592143;0;0
5872241;-592143;0;0
7403140;-592143;0;0
10256928;-592143;0;0
8196278;-592143;0;0
9547209;-592143;0;0
3755809;-592143;0;0
11002036;-5196181;13;0
7491096;-592143;0;0
12490100;-592143;0;0
7320448;-592143;0;0
9472341;-592143;0;0
13136406;-592143;0;0
925057;-592143;0;0
1853463;-592143;0;0
10609797;-592143;0;0
1686060;-592143;0;0
11016910;-592143;0;0
14565642;-592143;0;0
5809955;-592143;0;0
3522761;-592143;0;0
7693260;-592143;0;0
6751386;-592143;0;0
4674382;-592143;0;0
5441915;-5523323;25;0
13436442;-5523323;25;0
6179336;-5523323;25;0
8756964;-5523323;25;0
1135378;-5523323;25;0
11160826;-5523323;25;0
2876399;-5523323;25;0
15025511;-5523323;25;0
15705343;-5523323;25;0
15486194;-5523323;25;0
6122527;-592143;0;0
9151009;-592143;0;0
3422743;-592143;0;0
13891373;-592143;0;0
11521063;-592143;0;0
13707083;-592143;0;0
7049984;-592143;0;0
8352768;-592143;0;0
12171438;-592143;0;0
5234016;-592143;0;0
4680644;-592143;0;0
13543433;-592143;0;0
7950372;-592143;0;0
2333515;-592143;0;0
4223533;-592143;0;0
10185784;-592143;0;0
11503658;-592143;0;0
9282269;-592143;0;0
4860608;-592143;0;0
4031198;-592143;0;0
1851749;-592143;0;0
28576;-592143;0;0
2133179;-592143;0;0
3746398;-592143;0;0
12124294;-592143;0;0
2344625;-592143;0;0
11320065;-592143;0;0
4691038;-592143;0;0
10777397;-592143;0;0
4999441;-592143;0;0
15096270;-592143;0;0
7371754;-592143;0;1
13817481;-592143;0;0
16021927;-4018053;5;0
14465319;-4018053;5;0
15987042;-4018053;5;0
11075042;-4018053;5;0
15148462;-4611998;38;0
7781658;-4611998;38;0
5313876;-4611998;38;0
11938668;-4611998;38;0
10172695;-4611998;38;0
65356;-4018053;5;0
3497024;-4018053;5;0
10822807;-4018053;5;0
3832587;-4611998;38;0
13848611;-4611998;38;0
5644892;-4611998;38;0
8261762;-4611998;38;0
16155642;-4611998;38;0
15471860;-4018053;5;0
113722;-4611998;38;0
12065215;-4611998;38;0
1271596;-4611998;38;0
1131286;-4018053;5;0
1142030;-4018053;5;0
2266690;-4018053;5;0
16441768;-592143;0;0
11078675;-592143;0;0
3224545;-592143;0;0
10860032;-592143;0;0
14808064;-3623797;29;0
14394125;-3623797;29;0
12674851;-3623797;29;0
16525677;-3623797;29;0
3109947;-3623797;29;0
4206751;-3623797;29;0
3392377;-592143;0;0
5612476;-592143;0;0
997880;-592143;0;0
11481388;-592143;0;0
14839664;-592143;0;0
15782291;-592143;0;0
14433082;-592143;0;0
5233078;-592143;0;0
7246079;-592143;0;0
16364487;-592143;0;0
13973957;-592143;0;0
16735415;-592143;0;0
14181632;-592143;0;0
3284428;-592143;0;0
12696809;-592143;0;0
4579792;-592143;0;0
7439085;-592143;0;0
1519038;-592143;0;0
4174564;-592143;0;0
15681273;-592143;0;0
6827157;-592143;0;0
11753958;-592143;0;0
8461772;-592143;0;0
6577;-592143;0;0
15171118;-592143;0;0
1255035;-592143;0;0
16363987;-592143;0;0
11381510;-592143;0;0
15724162;-592143;0;0
15263266;-592143;0;0
8943400;-592143;0;0
8615156;-592143;0;0
1246594;-592143;0;0
5400257;-592143;0;0
12065342;-592143;0;0
1622035;-592143;0;0
5969011;-592143;0;0
14818084;-592143;0;0
9445997;-592143;0;0
13503427;-592143;0;0
7803006;-592143;0;0
15944551;-592143;0;0
10881315;-592143;0;0
14837653;-592143;0;0
7724658;-592143;0;0
15366646;-592143;0;0
4751768;-592143;0;0
1790569;-592143;0;0
14545569;-592143;0;0
7184105;-592143;0;0
1731702;-592143;0;0
9567231;-6833259;22;0
1991112;-6833259;22;0
2772873;-6833259;22;0
7868169;-6833259;22;0
14139166;-6833259;22;0
9393605;-6833259;22;0
2373978;-6833259;22;0
14592542;-6833259;22;0
12681252;-6833259;22;0
14428190;-6833259;22;0
10301731;-6833259;22;0
4153122;-592143;0;0
15263232;-5523323;25;0
12696320;-5523323;25;0
15836839;-5523323;25;0
11030128;-5523323;25;0
14877264;-5523323;25;0
11337792;-5523323;25;0
39242;-5523323;25;0
16547970;-5523323;25;0
13959281;-5523323;25;0
14949920;-5523323;25;0
9185321;-5523323;25;0
6088326;-5523323;25;0
15005204;-5523323;25;0
9764864;-5523323;25;0
8421504;-10708272;16;0
817525;-10708272;16;0
7679909;-7633737;37;0
11696308;-7633737;37;0
6236239;-7633737;37;0
1083332;-10708272;16;0
3631900;-10708272;16;0
1431002;-592143;0;0
9682674;-7225710;10;0
2386883;-7225710;10;0
9879326;-4429741;35;0
12775737;-4429741;35;0
1407506;-592143;0;0
5211213;-592143;0;0
8307094;-592143;0;0
1982149;-592143;0;0
12431665;-592143;0;0
5510283;-592143;0;0
6675426;-592143;0;0
14570138;-592143;0;0
1322379;-592143;0;0
1343115;-592143;0;0
13562791;-5841687;2;0
2913590;-5841687;2;0
2957692;-5841687;2;0
1986914;-5841687;2;0
12309210;-5841687;2;0
9768125;-592143;0;0
10241717;-592143;0;0
14765067;-592143;0;0
1073502;-592143;0;0
8622994;-592143;0;0
13266194;-592143;0;0
9870334;-4611998;38;0
530353;-4611998;38;0
8422602;-4611998;38;0
7164626;-4611998;38;0
3677527;-4611998;38;0
2919009;-592143;0;0
3445893;-592143;0;0
872261;-592143;0;0
1872186;-592143;0;0
15099701;-5196181;13;0
16105646;-5196181;13;0
10632470;-5196181;13;0
613643;-592143;0;0
15283245;-592143;0;0
1765498;-592143;0;0
613713;-592143;0;0
9728301;-592143;0;0
10923833;-6704553;19;0
4670446;-6704553;19;0
2861641;-6704553;19;0
16762352;-4406668;28;0
9702664;-4406668;28;0
16310924;-4406668;28;0
4213666;-4406668;28;0
11747670;-4406668;28;0
10293052;-4406668;28;0
10084210;-4406668;28;0
15507642;-4406668;28;0
1647949;-592143;0;0
13609526;-592143;0;0
22917;-592143;0;0
5893858;-592143;0;0
695216;-592143;0;0
1127974;-592143;0;0
7839938;-592143;0;0
1348700;-592143;0;0
8639397;-592143;0;0
9762438;-592143;0;0
6795730;-592143;0;0
14113763;-592143;0;0
1147011;-592143;0;0
5827006;-592143;0;0
3518920;-7225710;10;0
5561167;-592143;0;0
16164675;-592143;0;0
1991987;-592143;0;0
11238146;-592143;0;0
228994;-592143;0;0
2982147;-592143;0;0
5735555;-592143;0;0
8488708;-592143;0;0
11242116;-592143;0;0
232709;-592143;0;0
2986117;-592143;0;0
5739270;-592143;0;0
8492678;-592143;0;0
11245831;-592143;0;0
236679;-592143;0;0
2989832;-592143;0;0
5743240;-592143;0;0
8496393;-592143;0;0
11249801;-592143;0;0
240394;-592143;0;0
2993802;-592143;0;0
5746955;-592143;0;0
8500363;-592143;0;0
11253516;-592143;0;0
244364;-592143;0;0
2997517;-592143;0;0
5750925;-592143;0;0
8504078;-592143;0;0
11257486;-592143;0;0
248079;-592143;0;0
3001487;-592143;0;0
5754640;-592143;0;0
8508048;-592143;0;0
11206673;-592143;0;0
197521;-592143;0;0
2950674;-592143;0;0
5704082;-592143;0;0
8457235;-592143;0;0
11210643;-592143;0;0
201236;-592143;0;0
2954644;-592143;0;0
5707797;-592143;0;0
8461205;-592143;0;0
11214358;-592143;0;0
205206;-592143;0;0
2958359;-592143;0;0
5711767;-592143;0;0
8464920;-592143;0;0
11218328;-592143;0;0
208921;-592143;0;0
2962329;-592143;0;0
5715482;-592143;0;0
728110;-592143;0;0
31112;-592143;0;0
212891;-592143;0;0
2966044;-592143;0;0
5719452;-592143;0;0
8472605;-592143;0;0
11226013;-592143;0;0
216606;-592143;0;0
2970014;-592143;0;0
5723167;-592143;0;0
8476575;-592143;0;0
11229728;-592143;0;0
220576;-592143;0;0
2973729;-592143;0;0
5727137;-592143;0;0
8480290;-592143;0;0
11233698;-592143;0;0
224291;-592143;0;0
2977699;-592143;0;0
5730852;-592143;0;0
8484260;-592143;0;0
11237413;-592143;0;0
228261;-592143;0;0
2981414;-592143;0;0
5734822;-592143;0;0
8487975;-592143;0;0
11241383;-592143;0;0
231976;-592143;0;0
2985384;-592143;0;0
5738537;-592143;0;0
8491945;-592143;0;0
11245098;-592143;0;0
235946;-592143;0;0
2989099;-592143;0;0
5742507;-592143;0;0
8495660;-592143;0;0
11249068;-592143;0;0
239661;-592143;0;0
2993069;-592143;0;0
5746222;-592143;0;0
8499630;-592143;0;0
11252783;-592143;0;0
243631;-592143;0;0
2996784;-592143;0;0
3835605;-592143;0;0
8503345;-592143;0;0
11256753;-592143;0;0
247346;-592143;0;0
3000754;-592143;0;0
5753907;-592143;0;0
8507315;-592143;0;0
11260468;-592143;0;0
196788;-592143;0;0
2949941;-592143;0;0
5703349;-592143;0;0
8456502;-592143;0;0
11209910;-592143;0;0
200503;-592143;0;0
2953911;-592143;0;0
5707064;-592143;0;0
8460472;-592143;0;0
11213625;-592143;0;0
204473;-592143;0;0
2957626;-592143;0;0
5711034;-592143;0;0
8464187;-592143;0;0
11217595;-592143;0;0
208188;-592143;0;0
2961596;-592143;0;0
5714749;-592143;0;0
8468157;-592143;0;0
11221310;-592143;0;0
212158;-592143;0;0
2965311;-592143;0;0
5718719;-592143;0;0
8471872;-592143;0;0
11225280;-592143;0;0
215873;-592143;0;0
2969281;-592143;0;0
5722434;-592143;0;0
8475842;-592143;0;0
11228995;-592143;0;0
219843;-592143;0;0
2972996;-592143;0;0
5726404;-592143;0;0
8479557;-592143;0;0
11232965;-592143;0;0
223558;-592143;0;0
2976966;-592143;0;0
5730119;-592143;0;0
8483527;-592143;0;0
11236680;-592143;0;0
227528;-592143;0;0
2980681;-592143;0;0
5734089;-592143;0;0
1522778;-592143;0;0
8487242;-592143;0;1
11240650;-592143;0;1
231243;-592143;0;1
2984651;-592143;0;1
8491212;-11940641;1;0
11244365;-11940641;1;0
235213;-11940641;1;0
2988366;-11940641;1;0
5741774;-11940641;1;0
8494927;-11940641;1;0
11248335;-11940641;1;0
238928;-11940641;1;0
2992336;-11940641;1;0
5745489;-11940641;1;0
8498897;-11940641;1;0
11252050;-11940641;1;0
242898;-11940641;1;0
2996051;-11940641;1;0
5749459;-11940641;1;0
8502612;-592143;0;0
11256020;-592143;0;0
246613;-592143;0;1
3000021;-5841687;2;0
5753174;-11940641;1;0
8506582;-592143;0;0
11259735;-592143;0;0
250583;-592143;0;0
2949208;-592143;0;0
5702616;-592143;0;0
8455769;-592143;0;0
11209177;-592143;0;0
199770;-11940641;1;0
2953178;-11940641;1;0
5706331;-11940641;1;0
8459739;-11940641;1;0
11212892;-11940641;1;0
203740;-11940641;1;0
2956893;-11940641;1;0
5710301;-11940641;1;0
8463454;-11940641;1;0
11216862;-11940641;1;0
207455;-11940641;1;0
2960863;-11940641;1;0
5714016;-11940641;1;0
8467424;-11940641;1;0
11220577;-11940641;1;0
211425;-11940641;1;0
2964578;-11940641;1;0
5717986;-11940641;1;0
8471139;-11940641;1;0
11224547;-592143;0;0
280576;-5841687;2;0
3033984;-5841687;2;0
5787137;-5841687;2;0
8540545;-5841687;2;0
11293698;-5841687;2;0
284546;-5841687;2;0
3037699;-5841687;2;0
5791107;-5841687;2;0
8544260;-5841687;2;0
11297668;-5841687;2;0
288261;-5841687;2;0
3041669;-5841687;2;0
5794822;-5841687;2;0
8548230;-5841687;2;0
11301383;-5841687;2;0
292231;-5841687;2;0
3045384;-5841687;2;0
5798792;-5841687;2;0
8551945;-5841687;2;0
11305353;-5841687;2;0
295946;-5841687;2;0
3049354;-5841687;2;0
5802507;-5841687;2;0
8555915;-5841687;2;0
11309068;-5841687;2;0
299916;-5841687;2;0
3053069;-5841687;2;0
5806477;-5841687;2;0
8559630;-5841687;2;0
11313038;-5841687;2;0
303631;-5841687;2;0
3057039;-5841687;2;0
5810192;-5841687;2;0
8563600;-5841687;2;0
11316753;-5841687;2;0
307601;-5841687;2;0
3060754;-5841687;2;0
5814162;-5841687;2;0
8567315;-5841687;2;0
11320723;-5841687;2;0
311316;-5841687;2;0
3064724;-5841687;2;0
5817877;-5841687;2;0
8571285;-5841687;2;0
11324438;-5841687;2;0
315286;-5841687;2;0
3068439;-5841687;2;0
5767319;-5841687;2;0
8520472;-5841687;2;0
11273880;-5841687;2;0
264473;-5841687;2;0
3017881;-5841687;2;0
5771034;-5841687;2;0
8524442;-5841687;2;0
11277595;-5841687;2;0
268443;-5841687;2;0
3021596;-5841687;2;0
5775004;-5841687;2;0
8528157;-5841687;2;0
11281565;-592143;0;1
272158;-5841687;2;0
3025566;-5841687;2;0
5778719;-5841687;2;0
8532127;-5841687;2;0
11285280;-5841687;2;0
276128;-5841687;2;0
3029281;-5841687;2;0
5782689;-5841687;2;0
8535842;-5841687;2;0
11289250;-5841687;2;0
279843;-5841687;2;0
3033251;-5841687;2;0
5786404;-5841687;2;0
8539812;-5841687;2;0
11292965;-5841687;2;0
283813;-5841687;2;0
3036966;-5841687;2;0
5790374;-5841687;2;0
8543527;-5841687;2;0
11296935;-5841687;2;0
287528;-5841687;2;0
3040936;-5841687;2;0
5794089;-5841687;2;0
8547497;-5841687;2;0
11300650;-5841687;2;0
291498;-5841687;2;0
3044651;-5841687;2;0
5798059;-5841687;2;0
8551212;-5841687;2;0
11304620;-5841687;2;0
295213;-5841687;2;0
3048621;-5841687;2;0
5801774;-5841687;2;0
8555182;-5841687;2;0
11308335;-5841687;2;0
299183;-5841687;2;0
3052336;-5841687;2;0
5805744;-5841687;2;0
8558897;-5841687;2;0
11312305;-5841687;2;0
302898;-5841687;2;0
3056306;-5841687;2;0
5809459;-5841687;2;0
8562867;-5841687;2;0
11316020;-5841687;2;0
306868;-5841687;2;0
3060021;-5841687;2;0
5813429;-5841687;2;0
8566582;-5841687;2;0
11319990;-5841687;2;0
310583;-5841687;2;0
3063991;-5841687;2;0
5817144;-5841687;2;0
8570552;-5841687;2;0
11323705;-5841687;2;0
314553;-5841687;2;0
3067706;-5841687;2;0
5821114;-5841687;2;0
8519739;-5841687;2;0
11273147;-5841687;2;0
263740;-5841687;2;0
3017148;-5841687;2;0
5770301;-5841687;2;0
8523709;-5841687;2;0
11276862;-5841687;2;0
267710;-592143;0;0
3020863;-592143;0;0
5774271;-592143;0;0
8527424;-592143;0;0
11280832;-592143;0;0
271425;-592143;0;0
3024833;-592143;0;0
5777986;-592143;0;0
8531394;-592143;0;0
11284547;-592143;0;0
275395;-592143;0;0
3028548;-592143;0;0
5781956;-592143;0;0
8535109;-592143;0;0
11288517;-592143;0;0
279110;-592143;0;0
3032518;-592143;0;0
5785671;-592143;0;0
8539079;-592143;0;0
11292232;-592143;0;0
283080;-592143;0;0
3036233;-592143;0;0
5789641;-592143;0;0
8542794;-592143;0;0
11296202;-592143;0;0
286795;-592143;0;0
3040203;-592143;0;0
5793356;-592143;0;0
8546764;-592143;0;0
11299917;-592143;0;0
290765;-592143;0;0
3043918;-592143;0;0
5797326;-592143;0;0
8550479;-592143;0;0
11303887;-592143;0;0
294480;-592143;0;0
3047888;-592143;0;0
5801041;-592143;0;0
8554449;-592143;0;0
11307602;-592143;0;0
298450;-592143;0;0
3051603;-592143;0;0
5805011;-592143;0;0
8558164;-592143;0;0
11311572;-592143;0;0
302165;-592143;0;0
3055573;-5841687;2;0
5808726;-5841687;2;0
8562134;-5841687;2;0
11315287;-5841687;2;0
306135;-5841687;2;0
3059288;-5841687;2;0
5812696;-5841687;2;0
8565849;-5841687;2;0
11319257;-5841687;2;0
309850;-5841687;2;0
3063258;-592143;0;0
5816411;-592143;0;0
8569819;-592143;0;0
11322972;-592143;0;0
313820;-5841687;2;0
3066973;-5841687;2;0
5820381;-5841687;2;0
8573534;-5841687;2;0
11272414;-5841687;2;0
263007;-5841687;2;0
3016415;-5841687;2;0
5769568;-5841687;2;0
8522976;-5841687;2;0
11276129;-5841687;2;0
266977;-5841687;2;0
3020130;-5841687;2;0
5773538;-5841687;2;0
8526691;-5841687;2;0
11280099;-5841687;2;0
270592;-5841687;2;0
3024000;-5841687;2;0
5777153;-5841687;2;0
8530561;-5841687;2;0
11283714;-5841687;2;0
274562;-5841687;2;0
3027715;-5841687;2;0
5781123;-5841687;2;0
8534276;-5841687;2;0
11287684;-5841687;2;0
278277;-5841687;2;0
3031685;-5841687;2;0
5784838;-5841687;2;0
8538246;-5841687;2;0
11291399;-5841687;2;0
282247;-5841687;2;0
3035400;-5841687;2;0
5788808;-5841687;2;0
8541961;-5841687;2;0
11295369;-5841687;2;0
285962;-5841687;2;0
3039370;-5841687;2;0
5792523;-5841687;2;0
8545931;-5841687;2;0
11299084;-5841687;2;0
289932;-5841687;2;0
3043085;-5841687;2;0
5796493;-5841687;2;0
8549646;-5841687;2;0
11303054;-5841687;2;0
293647;-5841687;2;0
3047055;-5841687;2;0
5800208;-5841687;2;0
8553616;-5841687;2;0
11306769;-5841687;2;0
297617;-5841687;2;0
3050770;-5841687;2;0
5804178;-5841687;2;0
8557331;-5841687;2;0
11310739;-5841687;2;0
301332;-5841687;2;0
3054740;-5841687;2;0
5807893;-5841687;2;0
8561301;-5841687;2;0
11314454;-5841687;2;0
305302;-5841687;2;0
3058455;-5841687;2;0
5811863;-5841687;2;0
8565016;-5841687;2;0
11318424;-5841687;2;0
309017;-5841687;2;0
3062425;-5841687;2;0
5815578;-5841687;2;0
8568986;-5841687;2;0
11322139;-5841687;2;0
312987;-592143;0;1
3066140;-5841687;2;0
5819548;-5841687;2;0
8572701;-5841687;2;0
11326109;-5841687;2;0
262174;-5841687;2;0
3015582;-5841687;2;0
5768735;-5841687;2;0
8522143;-5841687;2;0
11275296;-5841687;2;0
266144;-5841687;2;0
3019297;-5841687;2;0
5772705;-5841687;2;0
8525858;-5841687;2;0
11279266;-5841687;2;0
269859;-5841687;2;0
3023267;-5841687;2;0
5776420;-5841687;2;0
8529828;-5841687;2;0
11282981;-5841687;2;0
273829;-5841687;2;0
3026982;-5841687;2;0
5780390;-5841687;2;0
8533543;-5841687;2;0
11286951;-5841687;2;0
277544;-5841687;2;0
3030952;-592143;0;1
5784105;-592143;0;1
8537513;-5841687;2;0
11290666;-5841687;2;0
281514;-5841687;2;0
3034667;-5841687;2;0
5788075;-5841687;2;0
8541228;-5841687;2;0
11294636;-5841687;2;0
285229;-5841687;2;0
3038637;-5841687;2;0
5791790;-5841687;2;0
8545198;-5841687;2;0
11298351;-5841687;2;0
289199;-5841687;2;0
3042352;-5841687;2;0
5795760;-5841687;2;0
8548913;-5841687;2;0
11302321;-5841687;2;0
292914;-5841687;2;0
3046322;-5841687;2;0
5799475;-5841687;2;0
8552883;-5841687;2;0
11306036;-5841687;2;0
296884;-5841687;2;0
3050037;-5841687;2;0
5803445;-5841687;2;0
8556598;-5841687;2;0
11310006;-5841687;2;0
300599;-5841687;2;0
3054007;-5841687;2;0
5807160;-5841687;2;0
8560568;-5841687;2;0
11313721;-5841687;2;0
304569;-5841687;2;0
3057722;-5841687;2;0
5811130;-5841687;2;0
8564283;-5841687;2;0
11317691;-5841687;2;0
308284;-5841687;2;0
3061692;-5841687;2;0
5814845;-5841687;2;0
8568253;-5841687;2;0
11321406;-5841687;2;0
312254;-5841687;2;0
3065407;-5841687;2;0
5818815;-5841687;2;0
8571968;-5841687;2;0
11325376;-5841687;2;0
315969;-5841687;2;0
3014849;-5841687;2;0
5768002;-5841687;2;0
8521410;-5841687;2;0
11274563;-5841687;2;0
265411;-5841687;2;0
3018564;-5841687;2;0
5771972;-5841687;2;0
8525125;-5841687;2;0
11278533;-5841687;2;0
269126;-5841687;2;0
3022534;-5841687;2;0
5775687;-5841687;2;0
8529095;-5841687;2;0
11282248;-5841687;2;0
273096;-5841687;2;0
3026249;-5841687;2;0
5779657;-5841687;2;0
8532810;-5841687;2;0
11286218;-5841687;2;0
276811;-5841687;2;0
3030219;-5841687;2;0
5783372;-5841687;2;0
8536780;-5841687;2;0
11289933;-5841687;2;0
280781;-5841687;2;0
3033934;-5841687;2;0
5787342;-5841687;2;0
8540495;-5841687;2;0
11293903;-5841687;2;0
284496;-5841687;2;0
3037904;-5841687;2;0
5791057;-5841687;2;0
8544465;-5841687;2;0
11297618;-5841687;2;0
288466;-5841687;2;0
3041619;-5841687;2;0
5795027;-5841687;2;0
8548180;-5841687;2;0
11301588;-5841687;2;0
292181;-5841687;2;0
3045589;-5841687;2;0
5798742;-5841687;2;0
8552150;-5841687;2;0
11305303;-5841687;2;0
296151;-5841687;2;0
3049304;-5841687;2;0
5802712;-5841687;2;0
8555865;-5841687;2;0
11309273;-5841687;2;0
299866;-5841687;2;0
3053274;-5841687;2;0
5806427;-5841687;2;0
8559835;-5841687;2;0
11312988;-5841687;2;0
303836;-5841687;2;0
3056989;-5841687;2;0
5810397;-5841687;2;0
8563550;-5841687;2;0
11316958;-5841687;2;0
307551;-5841687;2;0
3060959;-5841687;2;0
5814112;-5841687;2;0
8567520;-5841687;2;0
11320673;-5841687;2;0
311521;-5841687;2;0
3064674;-5841687;2;0
5818082;-5841687;2;0
8571235;-5841687;2;0
11324643;-5841687;2;0
315136;-5841687;2;0
3068544;-5841687;2;0
5767169;-5841687;2;0
8520577;-5841687;2;0
11273730;-5841687;2;0
264578;-5841687;2;0
3017731;-5841687;2;0
5771139;-5841687;2;0
8524292;-5841687;2;0
11277700;-5841687;2;0
268293;-5841687;2;0
3021701;-5841687;2;0
5774854;-5841687;2;0
8528262;-5841687;2;0
11281415;-5841687;2;0
272263;-592143;0;0
3025416;-5841687;2;0
5778824;-5841687;2;0
8531977;-592143;0;0
11285385;-592143;0;0
275978;-592143;0;0
3029386;-592143;0;0
5782539;-592143;0;0
8535947;-592143;0;0
11289100;-592143;0;0
279948;-592143;0;0
3033101;-592143;0;0
5786509;-592143;0;0
8539662;-592143;0;0
11293070;-592143;0;0
283663;-592143;0;0
3037071;-592143;0;0
5790224;-592143;0;0
8543632;-592143;0;0
11296785;-592143;0;0
287633;-592143;0;0
3040786;-592143;0;0
5794194;-592143;0;0
8547347;-592143;0;0
11300755;-592143;0;0
291348;-592143;0;0
3044756;-592143;0;0
5797909;-592143;0;0
8551317;-592143;0;0
11304470;-592143;0;0
295318;-592143;0;0
3048471;-592143;0;0
5801879;-592143;0;0
8555032;-592143;0;0
11308440;-592143;0;0
299033;-592143;0;0
3052441;-592143;0;0
5805594;-592143;0;0
8559002;-592143;0;0
11312155;-592143;0;0
303003;-592143;0;0
3056156;-592143;0;0
5809564;-592143;0;0
8562717;-592143;0;0
11316125;-592143;0;0
306718;-592143;0;0
3060126;-592143;0;0
5813279;-592143;0;0
8566687;-5841687;2;0
11319840;-5841687;2;0
310688;-5841687;2;0
3063841;-5841687;2;0
5817249;-5841687;2;0
8570402;-5841687;2;0
11323810;-5841687;2;0
314403;-5841687;2;0
3067811;-5841687;2;0
5820964;-5841687;2;0
8519844;-5841687;2;0
11272997;-5841687;2;0
263845;-5841687;2;0
3016998;-5841687;2;0
5770406;-5841687;2;0
8523559;-5841687;2;0
11276967;-5841687;2;0
267560;-5841687;2;0
3020968;-5841687;2;0
5774121;-5841687;2;0
8527529;-5841687;2;0
11280682;-5841687;2;0
271530;-5841687;2;0
3024683;-5841687;2;0
5778091;-5841687;2;0
8531244;-5841687;2;0
11284652;-5841687;2;0
275245;-5841687;2;0
3028653;-5841687;2;0
5781806;-5841687;2;0
8535214;-5841687;2;0
11288367;-5841687;2;0
279215;-5841687;2;0
3032368;-5841687;2;0
5785776;-5841687;2;0
8538929;-5841687;2;0
11292337;-5841687;2;0
282930;-5841687;2;0
3036338;-5841687;2;0
5789491;-5841687;2;0
8542899;-5841687;2;0
11296052;-5841687;2;0
286900;-5841687;2;0
3040053;-5841687;2;0
5793461;-5841687;2;0
8546614;-5841687;2;0
11300022;-5841687;2;0
290615;-5841687;2;0
3044023;-5841687;2;0
5797176;-5841687;2;0
8550584;-5841687;2;0
11303737;-5841687;2;0
294585;-5841687;2;0
3047738;-5841687;2;0
5801146;-592143;0;0
8554299;-592143;0;0
11307707;-592143;0;0
298300;-592143;0;0
3051708;-5841687;2;0
5804861;-5841687;2;0
8558269;-5841687;2;0
11311422;-592143;0;0
302270;-592143;0;0
3055423;-592143;0;0
5808831;-592143;0;0
8561984;-592143;0;0
11315392;-592143;0;0
305985;-592143;0;0
3059393;-592143;0;0
5812546;-592143;0;0
8565954;-592143;0;0
11319107;-5841687;2;0
309955;-5841687;2;0
3063108;-5841687;2;0
5816516;-5841687;2;0
8569669;-5841687;2;0
11323077;-5841687;2;0
313670;-5841687;2;0
3067078;-5841687;2;0
5820231;-5841687;2;0
8573639;-5841687;2;0
11272264;-5841687;2;0
263112;-5841687;2;0
3016265;-5841687;2;0
5769673;-5841687;2;0
8522826;-5841687;2;0
11276234;-5841687;2;0
266827;-8470910;18;0
3020235;-8470910;18;0
5773388;-8470910;18;0
8526796;-592143;0;0
11279949;-8470910;18;0
270797;-8470910;18;0
3023950;-8470910;18;0
5777358;-8470910;18;0
8530511;-8470910;18;0
11283919;-8470910;18;0
274512;-8470910;18;0
3027920;-8470910;18;0
5781073;-8470910;18;0
8534481;-592143;0;0
11287634;-592143;0;0
278482;-8470910;18;0
3031635;-8470910;18;0
5785043;-8470910;18;0
8538196;-8470910;18;0
11291604;-8470910;18;0
282197;-592143;0;0
3035605;-592143;0;0
5788758;-592143;0;0
8542166;-8470910;18;0
11295319;-8470910;18;0
286167;-8470910;18;0
3039320;-8470910;18;0
5792728;-8470910;18;0
8545881;-8470910;18;0
11299289;-8470910;18;0
289882;-8470910;18;0
3043290;-8470910;18;0
5796443;-8470910;18;0
8549851;-8470910;18;0
11303004;-8470910;18;0
293852;-8470910;18;0
3047005;-8470910;18;0
5800413;-8470910;18;0
8553566;-8470910;18;0
11306974;-8470910;18;0
297567;-8470910;18;0
3050975;-8470910;18;0
5804128;-8470910;18;0
8557536;-8470910;18;0
11310689;-8470910;18;0
301537;-8470910;18;0
3054690;-8470910;18;0
5808098;-8470910;18;0
8561251;-8470910;18;0
11314659;-8470910;18;0
305152;-592143;0;0
3058560;-592143;0;0
5811713;-592143;0;0
8565121;-592143;0;0
11318274;-592143;0;0
309122;-592143;0;0
3062275;-592143;0;0
5815683;-8470910;18;0
8568836;-592143;0;0
11322244;-592143;0;0
312837;-592143;0;0
3066245;-592143;0;0
5819398;-592143;0;0
8572806;-592143;0;0
11325959;-592143;0;0
262279;-592143;0;0
3015432;-592143;0;0
5768840;-592143;0;0
8521993;-592143;0;0
11275401;-592143;0;0
265994;-592143;0;0
3019402;-592143;0;0
5772555;-592143;0;0
8525963;-8470910;18;0
11279116;-8470910;18;0
269964;-8470910;18;0
3023117;-8470910;18;0
5776525;-592143;0;0
8529678;-592143;0;0
11283086;-592143;0;0
273679;-8470910;18;0
3027087;-592143;0;0
5780240;-592143;0;0
8533648;-592143;0;0
11286801;-592143;0;0
277649;-592143;0;0
3030802;-592143;0;0
5784210;-592143;0;0
8537363;-592143;0;0
11290771;-592143;0;0
281364;-592143;0;0
3034772;-592143;0;0
5787925;-592143;0;0
8541333;-592143;0;0
11294486;-592143;0;0
285334;-592143;0;0
3038487;-592143;0;0
5791895;-592143;0;0
8545048;-592143;0;0
11298456;-592143;0;0
289049;-592143;0;0
3042457;-592143;0;0
5795610;-592143;0;0
8549018;-592143;0;0
11302171;-592143;0;0
293019;-592143;0;0
3046172;-592143;0;0
5799580;-592143;0;0
8552733;-592143;0;0
11306141;-592143;0;0
296734;-592143;0;0
3050142;-592143;0;0
5803295;-592143;0;0
8556703;-592143;0;0
11309856;-592143;0;0
300704;-592143;0;0
3053857;-592143;0;0
5807265;-592143;0;0
8560418;-592143;0;0
11313826;-592143;0;0
304419;-592143;0;0
3057827;-592143;0;0
5810980;-592143;0;0
8564388;-592143;0;0
11317541;-592143;0;0
308389;-592143;0;0
3061542;-592143;0;0
5814950;-592143;0;0
8568103;-592143;0;0
11321511;-592143;0;0
312104;-592143;0;0
3065512;-592143;0;0
5818665;-592143;0;0
8572073;-592143;0;0
11325226;-592143;0;0
316074;-592143;0;0
3014699;-592143;0;0
5768107;-592143;0;0
8521260;-592143;0;0
11274668;-592143;0;0
265261;-592143;0;0
3018669;-592143;0;0
5771822;-592143;0;0
8525230;-592143;0;0
11278383;-592143;0;0
269231;-592143;0;0
3022384;-592143;0;0
5775792;-592143;0;0
8528945;-592143;0;0
11282353;-592143;0;0
272946;-592143;0;0
3026354;-592143;0;0
5779507;-592143;0;0
8532915;-592143;0;0
11286068;-592143;0;0
276916;-592143;0;0
3030069;-592143;0;0
5783477;-592143;0;0
8536630;-592143;0;0
11290038;-592143;0;0
280631;-592143;0;0
3034039;-592143;0;0
5787192;-592143;0;0
8540600;-592143;0;0
11293753;-592143;0;0
284601;-592143;0;0
3037754;-592143;0;0
5791162;-592143;0;0
8544315;-592143;0;0
11297723;-592143;0;0
288316;-592143;0;0
3041724;-592143;0;0
5794877;-592143;0;0
8548285;-592143;0;0
11301438;-592143;0;0
292286;-592143;0;0
3045439;-592143;0;0
5798847;-592143;0;0
8552000;-592143;0;0
11305408;-592143;0;0
296001;-592143;0;0
3049409;-592143;0;0
5802562;-592143;0;0
8555970;-592143;0;0
11309123;-592143;0;0
299971;-592143;0;0
3053124;-592143;0;0
5806532;-592143;0;0
8559685;-592143;0;0
11313093;-592143;0;0
303686;-592143;0;0
3057094;-592143;0;0
5810247;-592143;0;0
8563655;-592143;0;0
11316808;-592143;0;0
307656;-592143;0;0
3060809;-592143;0;0
5814217;-592143;0;0
8567370;-592143;0;0
11320778;-592143;0;0
311371;-592143;0;0
3064779;-592143;0;0
5817932;-8470910;18;0
8571340;-8470910;18;0
11324493;-592143;0;0
315341;-592143;0;0
3068494;-592143;0;0
5767374;-592143;0;0
8520527;-592143;0;0
11273935;-592143;0;0
264528;-592143;0;0
3017936;-592143;0;0
5771089;-592143;0;0
8524497;-5841687;2;0
11277650;-5841687;2;0
268498;-5841687;2;0
3021651;-5841687;2;0
5775059;-5841687;2;0
8528212;-5841687;2;0
11281620;-5841687;2;0
272213;-5841687;2;0
3025621;-5841687;2;0
5778774;-5841687;2;0
8532182;-5841687;2;0
11285335;-5841687;2;0
276183;-5841687;2;0
3029336;-5841687;2;0
5782744;-5841687;2;0
8535897;-5841687;2;0
11289305;-5841687;2;0
279898;-5841687;2;0
3033306;-5841687;2;0
5786459;-5841687;2;0
8539867;-5841687;2;0
11293020;-5841687;2;0
283868;-5841687;2;0
3037021;-5841687;2;0
5790429;-5841687;2;0
8543582;-5841687;2;0
11296990;-5841687;2;0
287583;-5841687;2;0
3040991;-5841687;2;0
5794144;-5841687;2;0
8547552;-5841687;2;0
11300705;-5841687;2;0
291553;-5841687;2;0
3044706;-5841687;2;0
5798114;-5841687;2;0
8551267;-5841687;2;0
11304675;-5841687;2;0
295168;-5841687;2;0
3048576;-5841687;2;0
5801729;-5841687;2;0
8555137;-5841687;2;0
11308290;-5841687;2;0
299138;-5841687;2;0
3052291;-5841687;2;0
5805699;-5841687;2;0
8558852;-5841687;2;0
11312260;-5841687;2;0
302853;-5841687;2;0
3056261;-5841687;2;0
5809414;-5841687;2;0
8562822;-5841687;2;0
11315975;-5841687;2;0
306823;-5841687;2;0
3059976;-5841687;2;0
5813384;-5841687;2;0
8566537;-5841687;2;0
11319945;-5841687;2;0
310538;-5841687;2;0
3063946;-5841687;2;0
5817099;-5841687;2;0
8570507;-5841687;2;0
11323660;-5841687;2;0
314508;-5841687;2;0
3067661;-5841687;2;0
5821069;-5841687;2;0
8519694;-5841687;2;0
11273102;-5841687;2;0
263695;-5841687;2;0
3017103;-5841687;2;0
5770256;-5841687;2;0
8523664;-5841687;2;0
11276817;-5841687;2;0
267665;-5841687;2;0
3020818;-5841687;2;0
5774226;-5841687;2;0
8527379;-5841687;2;0
11280787;-5841687;2;0
271380;-5841687;2;0
3024788;-5841687;2;0
5777941;-5841687;2;0
8531349;-5841687;2;0
11284502;-5841687;2;0
275350;-5841687;2;0
3028503;-5841687;2;0
5781911;-5841687;2;0
8535064;-5841687;2;0
11288472;-5841687;2;0
279065;-5841687;2;0
3032473;-5841687;2;0
5785626;-5841687;2;0
8539034;-5841687;2;0
11292187;-5841687;2;0
283035;-5841687;2;0
3036188;-5841687;2;0
5789596;-5841687;2;0
8542749;-5841687;2;0
11296157;-5841687;2;0
286750;-5841687;2;0
3040158;-5841687;2;0
5793311;-5841687;2;0
8546719;-5841687;2;0
11299872;-5841687;2;0
290720;-5841687;2;0
3043873;-5841687;2;0
5797281;-5841687;2;0
8550434;-5841687;2;0
11303842;-5841687;2;0
294435;-5841687;2;0
3047843;-5841687;2;0
5800996;-5841687;2;0
8554404;-5841687;2;0
11307557;-5841687;2;0
298405;-5841687;2;0
3051558;-5841687;2;0
5804966;-5841687;2;0
8558119;-5841687;2;0
11311527;-5841687;2;0
302120;-5841687;2;0
3055528;-5841687;2;0
5808681;-5841687;2;0
8562089;-5841687;2;0
11315242;-5841687;2;0
306090;-5841687;2;0
3059243;-5841687;2;0
5812651;-5841687;2;0
8565804;-5841687;2;0
11319212;-5841687;2;0
309805;-5841687;2;0
3063213;-5841687;2;0
5816366;-5841687;2;0
8569774;-5841687;2;0
11322927;-5841687;2;0
313775;-5841687;2;0
3066928;-5841687;2;0
5820336;-5841687;2;0
8573489;-592143;0;1
11272369;-5841687;2;0
262962;-592143;0;0
3016370;-592143;0;0
5769523;-592143;0;0
8522931;-592143;0;0
11276084;-592143;0;0
266932;-592143;0;0
3020085;-592143;0;0
5773493;-592143;0;0
8526646;-592143;0;0
11280054;-592143;0;0
270647;-592143;0;0
3024055;-592143;0;0
5777208;-592143;0;0
8530616;-592143;0;0
11283769;-592143;0;0
274617;-592143;0;0
3027770;-592143;0;0
5781178;-592143;0;0
8534331;-592143;0;0
11287739;-592143;0;0
278332;-592143;0;0
3031740;-592143;0;0
5784893;-592143;0;0
8538301;-592143;0;0
11291454;-592143;0;0
282302;-592143;0;0
3035455;-592143;0;0
5788863;-592143;0;0
8542016;-592143;0;0
11295424;-592143;0;0
286017;-592143;0;0
3039425;-592143;0;0
5792578;-592143;0;0
8545986;-592143;0;0
11299139;-592143;0;0
289987;-592143;0;0
3043140;-592143;0;0
5796548;-592143;0;0
8549701;-592143;0;0
11303109;-592143;0;0
293702;-592143;0;0
3047110;-592143;0;0
5800263;-592143;0;0
8553671;-592143;0;0
11306824;-592143;0;0
297672;-592143;0;0
3050825;-592143;0;0
5804233;-592143;0;0
8557386;-592143;0;0
11310794;-592143;0;0
301387;-592143;0;0
3054795;-592143;0;0
5807948;-592143;0;0
8561356;-592143;0;0
11314509;-592143;0;0
305357;-592143;0;0
3058510;-592143;0;0
5811918;-592143;0;0
8565071;-592143;0;0
11318479;-592143;0;0
309072;-592143;0;0
3062480;-592143;0;0
5815633;-592143;0;0
8569041;-592143;0;0
11322194;-592143;0;0
313042;-592143;0;0
3066195;-592143;0;0
5819603;-592143;0;0
8572756;-592143;0;0
11326164;-592143;0;0
262229;-592143;0;0
3015637;-592143;0;0
5768790;-592143;0;0
8522198;-592143;0;0
11275351;-592143;0;0
266199;-592143;0;0
3019352;-592143;0;0
5772760;-592143;0;0
8525913;-592143;0;0
11279321;-592143;0;0
269914;-592143;0;0
3023322;-592143;0;0
5776475;-592143;0;0
8529883;-592143;0;0
11283036;-592143;0;0
273884;-592143;0;0
3027037;-592143;0;0
5780445;-592143;0;0
8533598;-592143;0;0
11287006;-592143;0;0
277599;-592143;0;0
3031007;-592143;0;0
5784160;-592143;0;0
8537568;-592143;0;0
11290721;-592143;0;0
281569;-592143;0;0
3034722;-592143;0;0
5788130;-592143;0;0
8541283;-592143;0;0
11294691;-592143;0;0
350720;-592143;0;0
3104128;-592143;0;0
5857281;-592143;0;0
8610689;-592143;0;0
11363842;-592143;0;0
354690;-592143;0;0
3107843;-592143;0;0
5861251;-592143;0;0
8614404;-592143;0;0
11367812;-592143;0;0
358405;-592143;0;0
3111813;-592143;0;0
5864966;-592143;0;0
8618374;-592143;0;0
11371527;-592143;0;0
362375;-592143;0;0
3115528;-592143;0;0
5868936;-592143;0;0
8622089;-592143;0;0
11375497;-592143;0;0
366090;-592143;0;0
3119498;-592143;0;0
5872651;-592143;0;0
8626059;-592143;0;0
11379212;-592143;0;0
370060;-592143;0;0
3123213;-592143;0;0
5876621;-592143;0;0
8629774;-592143;0;0
11383182;-592143;0;0
373775;-592143;0;0
3127183;-592143;0;0
5880336;-592143;0;0
8633744;-592143;0;0
11386897;-592143;0;0
377745;-592143;0;0
3130898;-592143;0;0
5884306;-592143;0;0
8637459;-592143;0;0
11390867;-592143;0;0
381460;-592143;0;0
3080340;-592143;0;0
5833493;-592143;0;0
8586901;-592143;0;0
11340054;-592143;0;0
330902;-592143;0;0
3084055;-592143;0;0
5837463;-592143;0;0
8590616;-592143;0;0
11344024;-592143;0;0
334617;-592143;0;0
3088025;-592143;0;0
5841178;-592143;0;0
8594586;-592143;0;0
11347739;-592143;0;0
338587;-592143;0;0
3091740;-592143;0;0
5845148;-592143;0;0
8598301;-592143;0;0
11351709;-592143;0;0
342302;-592143;0;0
3095710;-592143;0;0
5848863;-592143;0;0
8602271;-592143;0;0
11355424;-592143;0;0
346272;-592143;0;0
3099425;-592143;0;0
5852833;-592143;0;0
8605986;-592143;0;0
11359394;-592143;0;0
349987;-592143;0;0
3103395;-592143;0;0
5856548;-592143;0;0
8609956;-592143;0;0
11363109;-592143;0;0
353957;-592143;0;0
3107110;-592143;0;0
5860518;-592143;0;0
8613671;-592143;0;0
11367079;-592143;0;0
357672;-592143;0;0
3111080;-592143;0;0
5864233;-592143;0;0
8617641;-592143;0;0
11370794;-592143;0;0
361642;-592143;0;0
3114795;-592143;0;0
5868203;-592143;0;0
8621356;-592143;0;0
11374764;-592143;0;0
365357;-592143;0;0
3118765;-592143;0;0
5871918;-592143;0;0
8625326;-592143;0;0
11378479;-592143;0;0
369327;-592143;0;0
3122480;-592143;0;0
5875888;-592143;0;0
8629041;-592143;0;0
11382449;-592143;0;0
373042;-592143;0;0
3126450;-592143;0;0
5879603;-592143;0;0
8633011;-592143;0;0
11386164;-592143;0;0
377012;-592143;0;0
3130165;-592143;0;0
5883573;-592143;0;0
8636726;-592143;0;0
11390134;-592143;0;0
380727;-592143;0;0
3134135;-592143;0;0
5832760;-592143;0;0
8586168;-592143;0;0
11339321;-592143;0;0
330169;-592143;0;0
3083322;-592143;0;0
5836730;-592143;0;0
8589883;-592143;0;0
11343291;-592143;0;0
333884;-592143;0;0
3087292;-592143;0;0
5840445;-592143;0;0
8593853;-592143;0;0
11347006;-592143;0;0
337854;-592143;0;0
3091007;-592143;0;0
5844415;-592143;0;0
8597568;-592143;0;0
11350976;-592143;0;0
341569;-592143;0;0
3094977;-592143;0;0
5848130;-592143;0;0
8601538;-592143;0;0
11354691;-592143;0;0
345539;-592143;0;0
3098692;-592143;0;0
5852100;-592143;0;0
8605253;-592143;0;0
11358661;-592143;0;0
349254;-592143;0;0
3102662;-592143;0;0
5855815;-592143;0;0
8609223;-592143;0;0
11362376;-592143;0;0
353224;-592143;0;0
3106377;-592143;0;0
5859785;-592143;0;0
8612938;-592143;0;0
11366346;-592143;0;0
356939;-592143;0;0
3110347;-592143;0;0
5863500;-592143;0;0
8616908;-592143;0;0
11370061;-592143;0;0
360909;-592143;0;0
3114062;-592143;0;0
5867470;-592143;0;0
8620623;-592143;0;0
11374031;-592143;0;0
364624;-592143;0;0
3118032;-592143;0;0
5871185;-592143;0;0
8624593;-592143;0;0
11377746;-592143;0;0
368594;-592143;0;0
3121747;-592143;0;0
5875155;-592143;0;0
8628308;-592143;0;0
11381716;-592143;0;0
372309;-592143;0;0
3125717;-592143;0;0
5878870;-592143;0;0
8632278;-592143;0;0
11385431;-592143;0;0
376279;-592143;0;0
3129432;-592143;0;0
5882840;-592143;0;0
8635993;-592143;0;0
11389401;-592143;0;0
379994;-592143;0;0
3133402;-592143;0;0
5886555;-592143;0;0
8585435;-592143;0;0
11338588;-592143;0;0
329436;-592143;0;0
3082589;-592143;0;0
5835997;-592143;0;0
8589150;-592143;0;0
11342558;-592143;0;0
333151;-592143;0;0
3086559;-592143;0;0
5839712;-592143;0;0
8593120;-592143;0;0
11346273;-592143;0;0
337121;-592143;0;0
3090274;-592143;0;0
5843682;-592143;0;0
8596835;-592143;0;0
11350243;-592143;0;0
340736;-592143;0;0
3094144;-592143;0;0
5847297;-592143;0;0
8600705;-592143;0;0
11353858;-592143;0;0
344706;-592143;0;0
3097859;-592143;0;0
5851267;-592143;0;0
8604420;-592143;0;0
11357828;-592143;0;0
348421;-592143;0;0
3101829;-592143;0;0
5854982;-592143;0;0
8608390;-592143;0;0
11361543;-592143;0;0
352391;-592143;0;0
3105544;-592143;0;0
5858952;-592143;0;0
8612105;-592143;0;0
11365513;-592143;0;0
356106;-592143;0;0
3109514;-592143;0;0
5862667;-592143;0;0
8616075;-592143;0;0
11369228;-592143;0;0
360076;-592143;0;0
3113229;-592143;0;0
5866637;-592143;0;0
8619790;-592143;0;0
11373198;-592143;0;0
363791;-592143;0;0
3117199;-592143;0;0
5870352;-592143;0;0
8623760;-592143;0;0
11376913;-592143;0;0
367761;-592143;0;0
3120914;-592143;0;0
5874322;-592143;0;0
8627475;-592143;0;0
11380883;-592143;0;0
371476;-592143;0;0
3124884;-592143;0;0
5878037;-592143;0;0
8631445;-592143;0;0
11384598;-592143;0;0
375446;-592143;0;0
3128599;-592143;0;0
5882007;-592143;0;0
8635160;-592143;0;0
11388568;-592143;0;0
379161;-592143;0;0
3132569;-592143;0;0
5885722;-592143;0;0
8639130;-592143;0;0
11337755;-592143;0;0
328603;-592143;0;0
3081756;-592143;0;0
5835164;-592143;0;0
8588317;-592143;0;0
11341725;-592143;0;0
332318;-592143;0;0
3085726;-592143;0;0
5838879;-592143;0;0
8592287;-592143;0;0
11345440;-592143;0;0
336288;-592143;0;0
3089441;-592143;0;0
5842849;-592143;0;0
8596002;-592143;0;0
11349410;-592143;0;0
340003;-592143;0;0
3093411;-592143;0;0
5846564;-592143;0;0
8599972;-592143;0;0
11353125;-592143;0;0
343973;-592143;0;0
3097126;-592143;0;0
5850534;-592143;0;0
8603687;-592143;0;0
11357095;-592143;0;0
347688;-592143;0;0
3101096;-592143;0;0
5854249;-592143;0;0
8607657;-592143;0;0
11360810;-592143;0;0
351658;-592143;0;0
3104811;-592143;0;0
5858219;-592143;0;0
8611372;-592143;0;0
11364780;-1717419;17;0
355373;-592143;0;0
3108781;-592143;0;0
5861934;-592143;0;0
8615342;-592143;0;0
11368495;-592143;0;0
359343;-592143;0;0
3112496;-592143;0;0
5865904;-592143;0;0
8619057;-592143;0;0
11372465;-592143;0;0
363058;-592143;0;0
3116466;-592143;0;0
5869619;-592143;0;0
8623027;-592143;0;0
11376180;-592143;0;0
367028;-592143;0;0
3120181;-592143;0;0
5873589;-592143;0;0
8626742;-592143;0;0
11380150;-592143;0;0
370743;-592143;0;0
3124151;-592143;0;0
5877304;-592143;0;0
8630712;-592143;0;0
11383865;-592143;0;0
374713;-592143;0;0
3127866;-592143;0;0
5881274;-592143;0;0
8634427;-592143;0;0
11387835;-592143;0;0
378428;-592143;0;0
3131836;-592143;0;0
5884989;-592143;0;0
8638397;-592143;0;0
11391550;-592143;0;0
327870;-592143;0;0
3081023;-592143;0;0
5834431;-592143;0;0
8587584;-592143;0;0
11340992;-592143;0;0
331585;-592143;0;0
3084993;-592143;0;0
5838146;-592143;0;0
8591554;-592143;0;0
11344707;-592143;0;0
335555;-1717419;17;0
3088708;-1717419;17;0
5842116;-592143;0;0
8595269;-592143;0;0
11348677;-592143;0;0
339270;-592143;0;0
3092678;-592143;0;0
5845831;-592143;0;0
8599239;-592143;0;0
11352392;-592143;0;0
343240;-592143;0;0
3096393;-592143;0;0
5849801;-592143;0;0
8602954;-592143;0;0
11356362;-592143;0;0
346955;-592143;0;0
3100363;-592143;0;0
5853516;-592143;0;0
8606924;-592143;0;0
11360077;-592143;0;0
350925;-592143;0;0
3104078;-592143;0;0
5857486;-592143;0;0
8610639;-592143;0;0
11364047;-592143;0;0
354640;-592143;0;0
3108048;-592143;0;0
5861201;-592143;0;0
8614609;-592143;0;0
11367762;-592143;0;0
358610;-592143;0;0
3111763;-592143;0;0
5865171;-592143;0;0
8618324;-592143;0;0
11371732;-592143;0;0
362325;-592143;0;0
3115733;-592143;0;0
5868886;-592143;0;0
8622294;-592143;0;0
11375447;-592143;0;0
366295;-592143;0;0
3119448;-592143;0;0
5872856;-592143;0;0
8626009;-592143;0;0
11379417;-592143;0;0
370010;-592143;0;0
3123418;-592143;0;0
5876571;-592143;0;0
8629979;-592143;0;0
11383132;-592143;0;0
373980;-592143;0;0
3127133;-592143;0;0
5880541;-592143;0;0
8633694;-592143;0;0
11387102;-592143;0;0
377695;-592143;0;0
3131103;-592143;0;0
5884256;-592143;0;0
8637664;-592143;0;0
11390817;-592143;0;0
381665;-592143;0;0
3080290;-592143;0;0
5833698;-592143;0;0
8586851;-592143;0;0
11340259;-592143;0;0
330752;-592143;0;0
3084160;-592143;0;0
5837313;-592143;0;0
8590721;-592143;0;0
11343874;-592143;0;0
334722;-592143;0;0
3087875;-592143;0;0
5841283;-592143;0;0
8594436;-592143;0;0
11347844;-592143;0;0
338437;-592143;0;0
3091845;-592143;0;0
5844998;-592143;0;0
8598406;-592143;0;0
11351559;-592143;0;0
342407;-592143;0;0
3095560;-592143;0;0
5848968;-592143;0;0
8602121;-592143;0;0
11355529;-592143;0;0
346122;-592143;0;0
3099530;-592143;0;0
5852683;-592143;0;0
8606091;-592143;0;0
11359244;-592143;0;0
350092;-592143;0;0
3103245;-592143;0;0
5856653;-592143;0;0
8609806;-592143;0;0
11363214;-592143;0;0
353807;-592143;0;0
3107215;-592143;0;0
5860368;-592143;0;0
8613776;-592143;0;0
11366929;-592143;0;0
357777;-592143;0;0
3110930;-592143;0;0
5864338;-592143;0;0
8617491;-592143;0;0
11370899;-592143;0;0
361492;-592143;0;0
3114900;-592143;0;0
5868053;-592143;0;0
8621461;-592143;0;0
11374614;-592143;0;0
365462;-592143;0;0
3118615;-592143;0;0
5872023;-592143;0;0
8625176;-592143;0;0
11378584;-592143;0;0
369177;-592143;0;0
3122585;-592143;0;0
5875738;-592143;0;0
8629146;-592143;0;0
11382299;-592143;0;0
373147;-592143;0;0
3126300;-592143;0;0
5879708;-592143;0;0
8632861;-592143;0;0
11386269;-592143;0;0
376862;-592143;0;0
3130270;-592143;0;0
5883423;-592143;0;0
8636831;-592143;0;0
11389984;-592143;0;0
380832;-592143;0;0
3133985;-592143;0;0
5832865;-592143;0;0
8586018;-592143;0;0
11339426;-592143;0;0
330019;-592143;0;0
3083427;-592143;0;0
5836580;-592143;0;0
8589988;-592143;0;0
11343141;-592143;0;0
333989;-592143;0;0
3087142;-592143;0;0
5840550;-592143;0;0
8593703;-592143;0;0
11347111;-592143;0;0
337704;-592143;0;0
3091112;-592143;0;0
5844265;-592143;0;0
8597673;-592143;0;0
11350826;-592143;0;0
341674;-592143;0;0
3094827;-592143;0;0
5848235;-592143;0;0
8601388;-592143;0;0
11354796;-592143;0;0
345389;-592143;0;0
3098797;-592143;0;0
5851950;-592143;0;0
8605358;-592143;0;0
11358511;-592143;0;0
349359;-592143;0;0
3102512;-592143;0;0
5855920;-592143;0;0
8609073;-592143;0;0
11362481;-592143;0;0
353074;-592143;0;0
3106482;-592143;0;0
5859635;-592143;0;0
8613043;-592143;0;0
11366196;-592143;0;0
357044;-592143;0;0
3110197;-592143;0;0
5863605;-592143;0;0
8616758;-592143;0;0
11370166;-592143;0;0
360759;-6638390;0;0
3114167;-6638390;0;0
5867320;-592143;0;1
8620728;-592143;0;1
11373881;-592143;0;1
364729;-592143;0;1
3117882;-592143;0;1
5871290;-592143;0;1
8624443;-592143;0;1
11377851;-592143;0;0
368444;-592143;0;0
3121852;-592143;0;0
5875005;-592143;0;0
8628413;-592143;0;0
11381566;-592143;0;0
372414;-592143;0;0
3125567;-592143;0;0
5878975;-592143;0;0
8632128;-592143;0;0
11385536;-5841687;2;0
376129;-5841687;2;0
3129537;-5841687;2;0
5882690;-5841687;2;0
8636098;-5841687;2;0
11389251;-5841687;2;0
380099;-5841687;2;0
3133252;-5841687;2;0
5886660;-5841687;2;0
8585285;-5841687;2;0
11338693;-5841687;2;0
329286;-5841687;2;0
3082694;-5841687;2;0
5835847;-5841687;2;0
8589255;-5841687;2;0
11342408;-5841687;2;0
333256;-5841687;2;0
3086409;-5841687;2;0
5839817;-5841687;2;0
8592970;-5841687;2;0
11346378;-5841687;2;0
336971;-5841687;2;0
3090379;-5841687;2;0
5843532;-5841687;2;0
8596940;-5841687;2;0
11350093;-5841687;2;0
340941;-5841687;2;0
3094094;-5841687;2;0
5847502;-5841687;2;0
8600655;-5841687;2;0
11354063;-5841687;2;0
344656;-5841687;2;0
3098064;-5841687;2;0
5851217;-5841687;2;0
8604625;-5841687;2;0
11357778;-5841687;2;0
348626;-5841687;2;0
3101779;-5841687;2;0
5855187;-5841687;2;0
8608340;-5841687;2;0
11361748;-5841687;2;0
352341;-5841687;2;0
3105749;-5841687;2;0
5858902;-5841687;2;0
8612310;-5841687;2;0
11365463;-5841687;2;0
356311;-5841687;2;0
3109464;-5841687;2;0
5862872;-5841687;2;0
8616025;-5841687;2;0
11369433;-5841687;2;0
360026;-5841687;2;0
3113434;-5841687;2;0
5866587;-5841687;2;0
8619995;-5841687;2;0
11373148;-5841687;2;0
363996;-5841687;2;0
3117149;-5841687;2;0
5870557;-5841687;2;0
8623710;-5841687;2;0
11377118;-5841687;2;0
367711;-5841687;2;0
3121119;-5841687;2;0
5874272;-5841687;2;0
8627680;-5841687;2;0
11380833;-5841687;2;0
371681;-5841687;2;0
3124834;-5841687;2;0
5878242;-5841687;2;0
8631395;-5841687;2;0
11384803;-5841687;2;0
375296;-5841687;2;0
3128704;-5841687;2;0
5881857;-5841687;2;0
8635265;-5841687;2;0
11388418;-5841687;2;0
379266;-5841687;2;0
3132419;-5841687;2;0
5885827;-5841687;2;0
8638980;-5841687;2;0
11337860;-5841687;2;0
328453;-5841687;2;0
3081861;-5841687;2;0
5835014;-5841687;2;0
8588422;-5841687;2;0
11341575;-5841687;2;0
332423;-5841687;2;0
3085576;-5841687;2;0
5838984;-5841687;2;0
8592137;-5841687;2;0
11345545;-5841687;2;0
336138;-5841687;2;0
3089546;-5841687;2;0
5842699;-5841687;2;0
8596107;-5841687;2;0
11349260;-5841687;2;0
340108;-5841687;2;0
3093261;-5841687;2;0
5846669;-5841687;2;0
8599822;-5841687;2;0
11353230;-5841687;2;0
343823;-5841687;2;0
3097231;-5841687;2;0
5850384;-5841687;2;0
8603792;-5841687;2;0
11356945;-5841687;2;0
347793;-5841687;2;0
3100946;-5841687;2;0
5854354;-5841687;2;0
8607507;-5841687;2;0
11360915;-5841687;2;0
351508;-5841687;2;0
3104916;-5841687;2;0
5858069;-5841687;2;0
8611477;-5841687;2;0
11364630;-5841687;2;0
355478;-5841687;2;0
3108631;-5841687;2;0
5862039;-5841687;2;0
8615192;-5841687;2;0
11368600;-5841687;2;0
359193;-5841687;2;0
3112601;-5841687;2;0
5865754;-5841687;2;0
8619162;-5841687;2;0
11372315;-5841687;2;0
363163;-5841687;2;0
3116316;-5841687;2;0
5869724;-5841687;2;0
8622877;-5841687;2;0
11376285;-5841687;2;0
366878;-5841687;2;0
3120286;-5841687;2;0
5873439;-5841687;2;0
8626847;-5841687;2;0
11380000;-5841687;2;0
370848;-5841687;2;0
3124001;-5841687;2;0
5877409;-5841687;2;0
8630562;-5841687;2;0
11383970;-5841687;2;0
374563;-5841687;2;0
3127971;-5841687;2;0
5881124;-5841687;2;0
8634532;-5841687;2;0
11387685;-5841687;2;0
378533;-5841687;2;0
3131686;-5841687;2;0
5885094;-5841687;2;0
8638247;-5841687;2;0
11391655;-5841687;2;0
327720;-5841687;2;0
3081128;-5841687;2;0
5834281;-5841687;2;0
8587689;-5841687;2;0
11340842;-5841687;2;0
331690;-592143;0;1
3084843;-592143;0;1
5838251;-592143;0;1
8591404;-592143;0;1
11344812;-5841687;2;0
335405;-5841687;2;0
3088813;-5841687;2;0
5841966;-5841687;2;0
8595374;-5841687;2;0
11348527;-5841687;2;0
339375;-5841687;2;0
3092528;-592143;0;0
5845936;-592143;0;0
8599089;-5841687;2;0
11352497;-5841687;2;0
343090;-5841687;2;0
3096498;-5841687;2;0
5849651;-5841687;2;0
8603059;-5841687;2;0
11356212;-5841687;2;0
347060;-5841687;2;0
3100213;-5841687;2;0
5853621;-5841687;2;0
8606774;-5841687;2;0
11360182;-5841687;2;0
350775;-5841687;2;0
3104183;-5841687;2;0
5857336;-5841687;2;0
8610744;-5841687;2;0
11363897;-5841687;2;0
354745;-5841687;2;0
3107898;-5841687;2;0
5861306;-5841687;2;0
8614459;-5841687;2;0
11367867;-5841687;2;0
358460;-5841687;2;0
3111868;-5841687;2;0
5865021;-5841687;2;0
8618429;-5841687;2;0
11371582;-5841687;2;0
362430;-5841687;2;0
3115583;-5841687;2;0
5868991;-5841687;2;0
8622144;-5841687;2;0
11375552;-5841687;2;0
366145;-5841687;2;0
3119553;-5841687;2;0
5872706;-5841687;2;0
8626114;-5841687;2;0
11379267;-5841687;2;0
370115;-5841687;2;0
3123268;-592143;0;0
5876676;-592143;0;0
8629829;-592143;0;0
11383237;-592143;0;0
373830;-592143;0;0
3127238;-592143;0;0
5880391;-592143;0;0
8633799;-592143;0;0
11386952;-592143;0;0
377800;-592143;0;0
3130953;-592143;0;0
5884361;-592143;0;0
8637514;-592143;0;0
11390922;-592143;0;0
381515;-592143;0;0
3080395;-592143;0;0
5833548;-592143;0;0
8586956;-592143;0;0
11340109;-592143;0;0
330957;-592143;0;1
3084110;-592143;0;0
5837518;-592143;0;0
8590671;-5841687;2;0
11344079;-5841687;2;0
334672;-5841687;2;0
3088080;-5841687;2;0
5841233;-5841687;2;0
8594641;-5841687;2;0
11347794;-5841687;2;0
338642;-5841687;2;0
3091795;-5841687;2;0
5845203;-5841687;2;0
8598356;-5841687;2;0
11351764;-5841687;2;0
342357;-5841687;2;0
3095765;-5841687;2;0
5848918;-5841687;2;0
8602326;-5841687;2;0
11355479;-5841687;2;0
346327;-5841687;2;0
3099480;-5841687;2;0
5852888;-5841687;2;0
8606041;-5841687;2;0
11359449;-5841687;2;0
350042;-5841687;2;0
3103450;-5841687;2;0
5856603;-5841687;2;0
8610011;-5841687;2;0
11363164;-5841687;2;0
354012;-5841687;2;0
3107165;-5841687;2;0
5860573;-5841687;2;0
8613726;-5841687;2;0
11367134;-5841687;2;0
357727;-5841687;2;0
3111135;-5841687;2;0
5864288;-5841687;2;0
8617696;-5841687;2;0
11370849;-5841687;2;0
361697;-592143;0;1
3114850;-592143;0;1
5868258;-592143;0;1
8621411;-592143;0;0
11374819;-592143;0;0
365312;-592143;0;0
3118720;-592143;0;0
5871873;-592143;0;0
8625281;-592143;0;0
11378434;-592143;0;0
369282;-592143;0;0
3122435;-592143;0;0
5875843;-592143;0;0
8628996;-592143;0;0
11382404;-592143;0;0
372997;-592143;0;0
3126405;-592143;0;0
5879558;-592143;0;0
8632966;-592143;0;0
11386119;-592143;0;0
376967;-592143;0;0
3130120;-592143;0;0
5883528;-592143;0;0
8636681;-592143;0;0
11390089;-592143;0;0
380682;-592143;0;0
3134090;-592143;0;0
5832715;-592143;0;0
8586123;-592143;0;0
11339276;-592143;0;0
330124;-592143;0;0
3083277;-592143;0;0
5836685;-592143;0;0
8589838;-592143;0;0
11343246;-592143;0;0
333839;-592143;0;0
3087247;-592143;0;0
5840400;-592143;0;0
8593808;-592143;0;0
11346961;-592143;0;0
337809;-592143;0;0
3090962;-592143;0;0
5844370;-592143;0;0
8597523;-592143;0;0
11350931;-592143;0;0
341524;-592143;0;0
3094932;-592143;0;0
5848085;-592143;0;0
8601493;-592143;0;0
11354646;-592143;0;0
345494;-592143;0;0
3098647;-592143;0;0
5852055;-592143;0;0
8605208;-592143;0;0
11358616;-592143;0;0
349209;-592143;0;0
3102617;-592143;0;0
5855770;-592143;0;1
8609178;-592143;0;1
11362331;-6638390;0;0
353179;-6638390;0;0
3106332;-6638390;0;0
5859740;-6638390;0;0
8612893;-6638390;0;0
11366301;-592143;0;1
356894;-592143;0;1
3110302;-592143;0;1
5863455;-592143;0;1
8616863;-592143;0;1
11370016;-592143;0;1
360864;-592143;0;0
3114017;-592143;0;0
5867425;-592143;0;0
8620578;-592143;0;0
11373986;-592143;0;0
364579;-592143;0;0
3117987;-592143;0;0
5871140;-592143;0;0
8624548;-592143;0;0
11377701;-592143;0;0
368549;-592143;0;0
3121702;-592143;0;0
5875110;-592143;0;0
8628263;-592143;0;0
11381671;-592143;0;0
372264;-592143;0;0
3125672;-592143;0;0
5878825;-592143;0;0
8632233;-592143;0;0
11385386;-592143;0;0
376234;-592143;0;0
3129387;-592143;0;0
5882795;-592143;0;0
8635948;-592143;0;0
11389356;-592143;0;0
379949;-592143;0;0
3133357;-592143;0;0
5886510;-592143;0;0
8585390;-592143;0;0
11338543;-592143;0;0
329391;-592143;0;0
3082544;-592143;0;0
5835952;-592143;0;0
8589105;-592143;0;0
11342513;-592143;0;0
333106;-5841687;2;0
3086514;-5841687;2;0
5839667;-5841687;2;0
8593075;-5841687;2;0
11346228;-5841687;2;0
337076;-5841687;2;0
3090229;-5841687;2;0
5843637;-5841687;2;0
8596790;-5841687;2;0
11350198;-5841687;2;0
340791;-5841687;2;0
3094199;-5841687;2;0
5847352;-5841687;2;0
8600760;-592143;0;1
11353913;-5841687;2;0
344761;-5841687;2;0
3097914;-5841687;2;0
5851322;-5841687;2;0
8604475;-5841687;2;0
11357883;-5841687;2;0
348476;-5841687;2;0
3101884;-5841687;2;0
5855037;-5841687;2;0
8608445;-5841687;2;0
11361598;-5841687;2;0
352446;-5841687;2;0
3105599;-5841687;2;0
5859007;-5841687;2;0
8612160;-5841687;2;0
11365568;-5841687;2;0
356161;-5841687;2;0
3109569;-5841687;2;0
5862722;-5841687;2;0
8616130;-5841687;2;0
11369283;-5841687;2;0
360131;-5841687;2;0
3113284;-5841687;2;0
5866692;-5841687;2;0
8619845;-5841687;2;0
11373253;-5841687;2;0
363846;-5841687;2;0
3117254;-5841687;2;0
5870407;-5841687;2;0
8623815;-5841687;2;0
11376968;-5841687;2;0
367816;-5841687;2;0
3120969;-5841687;2;0
5874377;-5841687;2;0
8627530;-5841687;2;0
11380938;-5841687;2;0
371531;-5841687;2;0
3124939;-5841687;2;0
5878092;-5841687;2;0
8631500;-5841687;2;0
11384653;-5841687;2;0
375501;-5841687;2;0
3128654;-5841687;2;0
5882062;-5841687;2;0
8635215;-5841687;2;0
11388623;-5841687;2;0
379216;-5841687;2;0
3132624;-5841687;2;0
5885777;-5841687;2;0
8639185;-5841687;2;0
11337810;-5841687;2;0
328658;-5841687;2;0
3081811;-5841687;2;0
5835219;-5841687;2;0
8588372;-5841687;2;0
11341780;-5841687;2;0
332373;-10036368;21;0
3085781;-5841687;2;0
5838934;-5841687;2;0
8592342;-5841687;2;0
11345495;-592143;0;0
336343;-592143;0;0
3089496;-592143;0;0
5842904;-592143;0;0
8596057;-5841687;2;0
11349465;-5841687;2;0
340058;-5841687;2;0
3093466;-5841687;2;0
5846619;-5841687;2;0
8600027;-5841687;2;0
11353180;-5841687;2;0
344028;-5841687;2;0
3097181;-5841687;2;0
5850589;-5841687;2;0
8603742;-5841687;2;0
11357150;-592143;0;0
347743;-5841687;2;0
3101151;-5841687;2;0
5854304;-5841687;2;0
8607712;-5841687;2;0
11360865;-5841687;2;0
351713;-5841687;2;0
3104866;-5841687;2;0
5858274;-592143;0;1
8611427;-5841687;2;0
11364835;-5841687;2;0
420864;-5841687;2;0
3174272;-5841687;2;0
5927425;-5841687;2;0
8680833;-5841687;2;0
11433986;-5841687;2;0
424834;-5841687;2;0
3177987;-5841687;2;0
5931395;-5841687;2;0
8684548;-5841687;2;0
11437956;-5841687;2;0
428549;-5841687;2;0
3181957;-5841687;2;0
5935110;-5841687;2;0
8688518;-5841687;2;0
11441671;-5841687;2;0
432519;-5841687;2;0
3185672;-5841687;2;0
5939080;-5841687;2;0
8692233;-5841687;2;0
11445641;-5841687;2;0
436234;-5841687;2;0
3189642;-5841687;2;0
5942795;-5841687;2;0
8696203;-5841687;2;0
11449356;-5841687;2;0
440204;-5841687;2;0
3193357;-6638390;0;0
5946765;-6638390;0;0
8699918;-6638390;0;0
11453326;-6638390;0;0
443919;-10036368;21;0
3197327;-10036368;21;0
5950480;-10036368;21;0
8703888;-10036368;21;0
11457041;-10036368;21;0
393361;-10036368;21;0
3146514;-10036368;21;0
5899922;-10036368;21;0
8653075;-10036368;21;0
11406483;-10036368;21;0
397076;-10036368;21;0
3150484;-10036368;21;0
5903637;-10036368;21;0
8657045;-10036368;21;0
11410198;-10036368;21;0
401046;-10036368;21;0
3154199;-10036368;21;0
5907607;-10036368;21;0
8660760;-10036368;21;0
11414168;-10036368;21;0
404761;-10036368;21;0
3158169;-10036368;21;0
5911322;-10036368;21;0
8664730;-10036368;21;0
11417883;-10036368;21;0
408731;-10036368;21;0
3161884;-10036368;21;0
5915292;-10036368;21;0
8668445;-10036368;21;0
11421853;-10036368;21;0
412446;-10036368;21;0
3165854;-10036368;21;0
5919007;-10036368;21;0
8672415;-10036368;21;0
11425568;-10036368;21;0
416416;-10036368;21;0
3169569;-10036368;21;0
5922977;-10036368;21;0
8676130;-10036368;21;0
11429538;-10036368;21;0
420131;-10036368;21;0
3173539;-10036368;21;0
5926692;-10036368;21;0
8680100;-10036368;21;0
11433253;-10036368;21;0
424101;-10036368;21;0
3177254;-10036368;21;0
5930662;-10036368;21;0
8683815;-10036368;21;0
11437223;-10036368;21;0
427816;-10036368;21;0
3181224;-10036368;21;0
5934377;-10036368;21;0
8687785;-10036368;21;0
11440938;-10036368;21;0
431786;-10036368;21;0
3184939;-10036368;21;0
5938347;-10036368;21;0
8691500;-10036368;21;0
11444908;-10036368;21;0
435501;-10036368;21;0
3188909;-10036368;21;0
5942062;-10036368;21;0
8695470;-10036368;21;0
11448623;-10036368;21;0
439471;-10036368;21;0
3192624;-10036368;21;0
5946032;-10036368;21;0
8699185;-4991874;7;0
11452593;-4991874;7;0
443186;-4991874;7;0
3196594;-4991874;7;0
5949747;-4991874;7;0
8703155;-4991874;7;0
11456308;-4991874;7;0
447156;-4991874;7;0
3145781;-4991874;7;0
5899189;-4991874;7;0
8652342;-4991874;7;0
11405750;-10036368;21;0
396343;-592143;0;0
3149751;-592143;0;0
5902904;-592143;0;0
8656312;-592143;0;0
11409465;-592143;0;1
400313;-592143;0;1
3153466;-10036368;21;0
5906874;-10036368;21;0
8660027;-10036368;21;0
11413435;-10036368;21;0
404028;-10036368;21;0
3157436;-10036368;21;0
5910589;-10036368;21;0
8663997;-592143;0;1
11417150;-592143;0;1
407998;-6638390;0;0
3161151;-6638390;0;0
5914559;-6638390;0;0
8667712;-6638390;0;0
11421120;-592143;0;0
411713;-592143;0;0
3165121;-592143;0;0
5918274;-592143;0;0
8671682;-592143;0;0
11424835;-592143;0;0
415683;-592143;0;0
3168836;-592143;0;0
5922244;-592143;0;0
8675397;-592143;0;0
11428805;-592143;0;0
419398;-592143;0;0
3172806;-592143;0;0
5925959;-592143;0;1
8679367;-592143;0;0
11432520;-592143;0;0
423368;-592143;0;0
3176521;-592143;0;0
5929929;-592143;0;0
8683082;-592143;0;0
11436490;-592143;0;0
427083;-592143;0;0
3180491;-592143;0;0
5933644;-592143;0;0
8687052;-592143;0;0
11440205;-592143;0;0
431053;-592143;0;0
3184206;-592143;0;0
5937614;-592143;0;0
8690767;-592143;0;0
11444175;-592143;0;0
434768;-592143;0;0
3188176;-592143;0;0
5941329;-592143;0;0
8694737;-592143;0;0
11447890;-592143;0;0
438738;-592143;0;0
3191891;-592143;0;0
5945299;-592143;0;1
8698452;-592143;0;0
11451860;-592143;0;0
442453;-592143;0;0
3195861;-592143;0;0
5949014;-592143;0;0
8702422;-592143;0;1
11455575;-592143;0;0
446423;-592143;0;0
3199576;-592143;0;0
5898456;-592143;0;0
8651609;-592143;0;0
11405017;-5841687;2;0
395610;-592143;0;0
3149018;-592143;0;0
5902171;-592143;0;0
8655579;-592143;0;0
11408732;-592143;0;0
399580;-592143;0;0
3152733;-592143;0;0
5906141;-592143;0;0
8659294;-592143;0;0
11412702;-592143;0;0
403295;-592143;0;0
3156703;-592143;0;0
5909856;-592143;0;0
8663264;-592143;0;0
11416417;-592143;0;0
407265;-592143;0;0
3160418;-592143;0;0
5913826;-592143;0;0
8666979;-592143;0;0
11420387;-592143;0;0
410880;-592143;0;0
3164288;-592143;0;0
5917441;-592143;0;1
8670849;-592143;0;0
11424002;-592143;0;0
414850;-592143;0;0
3168003;-592143;0;0
5921411;-592143;0;0
8674564;-592143;0;0
11427972;-592143;0;0
418565;-592143;0;0
3171973;-592143;0;0
5925126;-592143;0;0
8678534;-592143;0;0
11431687;-592143;0;0
422535;-592143;0;0
3175688;-592143;0;0
5929096;-592143;0;0
8682249;-592143;0;0
11435657;-592143;0;0
426250;-592143;0;0
3179658;-592143;0;0
5932811;-592143;0;0
8686219;-592143;0;0
11439372;-592143;0;0
430220;-592143;0;0
3183373;-592143;0;0
5936781;-592143;0;0
8689934;-592143;0;0
11443342;-592143;0;0
433935;-592143;0;0
3187343;-592143;0;0
5940496;-592143;0;0
8693904;-592143;0;0
11447057;-592143;0;0
437905;-592143;0;0
3191058;-592143;0;0
5944466;-592143;0;0
8697619;-592143;0;0
11451027;-592143;0;0
441620;-2447762;33;0
3195028;-2447762;33;0
5948181;-2447762;33;0
8701589;-2447762;33;0
11454742;-592143;0;0
445590;-592143;0;0
3198743;-592143;0;0
5952151;-592143;0;0
8650776;-592143;0;0
11404184;-592143;0;0
394777;-592143;0;0
3148185;-592143;0;0
5901338;-592143;0;0
8654746;-592143;0;0
11407899;-592143;0;0
398747;-592143;0;0
3151900;-592143;0;1
5905308;-592143;0;0
8658461;-592143;0;0
11411869;-592143;0;0
402462;-592143;0;0
3155870;-592143;0;0
5909023;-592143;0;0
8662431;-592143;0;0
11415584;-592143;0;0
406432;-592143;0;0
3159585;-592143;0;0
5912993;-592143;0;0
8666146;-592143;0;0
11419554;-592143;0;0
410147;-2447762;33;0
3163555;-2447762;33;0
5916708;-2447762;33;0
8670116;-2447762;33;0
11423269;-2447762;33;0
414117;-2447762;33;0
3167270;-2447762;33;0
5920678;-592143;0;1
8673831;-2447762;33;0
11427239;-2447762;33;0
417832;-2447762;33;0
3171240;-2447762;33;0
5924393;-3892871;11;0
8677801;-3892871;11;0
11430954;-3892871;11;0
421802;-3892871;11;0
3174955;-3892871;11;0
5928363;-3892871;11;0
8681516;-3892871;11;0
11434924;-3892871;11;0
425517;-3892871;11;0
3178925;-3892871;11;0
5932078;-3892871;11;0
8685486;-592143;0;0
11438639;-3892871;11;0
429487;-3892871;11;0
3182640;-4211089;9;0
5936048;-4211089;9;0
8689201;-4211089;9;0
11442609;-4211089;9;0
433202;-4211089;9;0
3186610;-4211089;9;0
5939763;-5398665;6;0
8693171;-5398665;6;0
11446324;-5398665;6;0
437172;-5398665;6;0
3190325;-5398665;6;0
5943733;-5398665;6;0
8696886;-5398665;6;0
11450294;-5398665;6;0
440887;-5398665;6;0
3194295;-592143;0;0
5947448;-592143;0;0
8700856;-592143;0;0
11454009;-592143;0;0
444857;-592143;0;0
3198010;-592143;0;0
5951418;-592143;0;0
8704571;-592143;0;1
11403451;-592143;0;1
394044;-592143;0;1
3147452;-592143;0;0
5900605;-592143;0;0
8654013;-592143;0;1
11407166;-592143;0;1
398014;-592143;0;1
3151167;-592143;0;1
5904575;-592143;0;1
8657728;-592143;0;1
11411136;-4403118;26;0
401729;-4403118;26;0
3155137;-4403118;26;0
5908290;-4403118;26;0
8661698;-4403118;26;0
11414851;-4403118;26;0
405699;-4403118;26;0
3158852;-4403118;26;0
5912260;-4403118;26;0
8665413;-4403118;26;0
11418821;-4403118;26;0
409414;-4403118;26;0
3162822;-4403118;26;0
5915975;-4403118;26;0
8669383;-4403118;26;0
11422536;-4403118;26;0
413384;-4403118;26;0
3166537;-4403118;26;0
5919945;-4403118;26;0
8673098;-4403118;26;0
11426506;-4403118;26;0
417099;-4403118;26;0
3170507;-4403118;26;0
5923660;-4403118;26;0
8677068;-4403118;26;0
11430221;-4403118;26;0
421069;-4403118;26;0
3174222;-4403118;26;0
5927630;-4403118;26;0
8680783;-4403118;26;0
11434191;-4403118;26;0
424784;-4403118;26;0
3178192;-4403118;26;0
5931345;-4403118;26;0
8684753;-4403118;26;0
11437906;-4403118;26;0
428754;-4403118;26;0
3181907;-4403118;26;0
5935315;-4403118;26;0
8688468;-4403118;26;0
11441876;-4403118;26;0
432469;-4403118;26;0
3185877;-592143;0;0
5939030;-592143;0;0
8692438;-592143;0;0
11445591;-592143;0;0
436439;-592143;0;0
3189592;-592143;0;0
5943000;-592143;0;0
8696153;-592143;0;0
11449561;-592143;0;0
440154;-592143;0;0
3193562;-592143;0;0
5946715;-592143;0;0
8700123;-592143;0;0
11453276;-592143;0;0
444124;-592143;0;0
3197277;-592143;0;0
5950685;-592143;0;0
8703838;-592143;0;0
11457246;-4403118;26;0
393311;-4403118;26;0
3146719;-4403118;26;0
5899872;-4403118;26;0
8653280;-4403118;26;0
11406433;-4403118;26;0
397281;-4403118;26;0
3150434;-4403118;26;0
5903842;-4403118;26;0
8656995;-4403118;26;0
11410403;-4403118;26;0
400896;-4403118;26;0
3154304;-4403118;26;0
5907457;-4403118;26;0
8660865;-4403118;26;0
11414018;-4403118;26;0
404866;-4403118;26;0
3158019;-4403118;26;0
5911427;-4403118;26;0
8664580;-4403118;26;0
11417988;-4403118;26;0
408581;-4403118;26;0
3161989;-592143;0;0
5915142;-592143;0;0
8668550;-592143;0;0
11421703;-592143;0;0
412551;-4403118;26;0
3165704;-592143;0;1
5919112;-592143;0;1
8672265;-592143;0;1
11425673;-592143;0;1
416266;-592143;0;1
3169674;-592143;0;1
5922827;-592143;0;1
8676235;-592143;0;1
11429388;-592143;0;1
420236;-592143;0;1
3173389;-592143;0;1
5926797;-4403118;26;0
8679950;-4403118;26;0
11433358;-4403118;26;0
423951;-4403118;26;0
3177359;-4403118;26;0
5930512;-4403118;26;0
8683920;-4403118;26;0
11437073;-4403118;26;0
427921;-4403118;26;0
3181074;-592143;0;0
5934482;-592143;0;0
8687635;-592143;0;0
11441043;-592143;0;0
431636;-592143;0;0
3185044;-592143;0;0
5938197;-592143;0;0
8691605;-592143;0;0
11444758;-592143;0;0
435606;-592143;0;0
3188759;-592143;0;0
5942167;-592143;0;0
8695320;-592143;0;0
11448728;-592143;0;0
439321;-592143;0;0
3192729;-592143;0;0
5945882;-592143;0;0
8699290;-592143;0;0
11452443;-592143;0;0
443291;-592143;0;0
3196444;-592143;0;0
5949852;-592143;0;0
8703005;-592143;0;0
11456413;-592143;0;0
447006;-592143;0;0
3145886;-592143;0;0
5899039;-592143;0;0
8652447;-592143;0;0
11405600;-592143;0;0
396448;-592143;0;0
3149601;-592143;0;0
5903009;-592143;0;0
8656162;-592143;0;0
11409570;-592143;0;0
400163;-592143;0;0
3153571;-592143;0;0
5906724;-592143;0;0
8660132;-592143;0;0
11413285;-592143;0;0
404133;-592143;0;0
3157286;-592143;0;0
5910694;-592143;0;0
8663847;-592143;0;0
11417255;-592143;0;0
407848;-592143;0;0
3161256;-592143;0;0
5914409;-592143;0;0
8667817;-592143;0;0
11420970;-592143;0;0
411818;-592143;0;0
3164971;-592143;0;0
5918379;-592143;0;0
8671532;-592143;0;0
11424940;-592143;0;0
415533;-592143;0;0
3168941;-592143;0;0
5922094;-592143;0;0
8675502;-592143;0;0
11428655;-592143;0;0
419503;-592143;0;0
3172656;-592143;0;0
5926064;-592143;0;0
8679217;-592143;0;0
11432625;-592143;0;0
423218;-592143;0;0
3176626;-592143;0;0
5929779;-592143;0;0
8683187;-592143;0;0
11436340;-592143;0;0
427188;-592143;0;0
3180341;-592143;0;0
5933749;-592143;0;0
8686902;-592143;0;0
11440310;-592143;0;0
430903;-592143;0;0
3184311;-592143;0;0
5937464;-592143;0;0
8690872;-592143;0;0
11444025;-592143;0;0
434873;-592143;0;0
3188026;-592143;0;0
5941434;-592143;0;0
8694587;-592143;0;0
11447995;-592143;0;0
438588;-592143;0;0
3191996;-592143;0;0
5945149;-592143;0;0
8698557;-592143;0;0
11451710;-592143;0;0
442558;-592143;0;0
3195711;-592143;0;0
5949119;-592143;0;0
8702272;-592143;0;0
11455680;-592143;0;0
446273;-592143;0;0
3199681;-592143;0;0
5898306;-592143;0;0
8651714;-592143;0;0
11404867;-592143;0;0
395715;-592143;0;0
3148868;-592143;0;0
5902276;-592143;0;0
8655429;-592143;0;0
11408837;-592143;0;0
399430;-592143;0;0
3152838;-592143;0;0
5905991;-592143;0;0
8659399;-592143;0;0
11412552;-592143;0;0
403400;-592143;0;0
3156553;-592143;0;0
5909961;-592143;0;0
8663114;-592143;0;0
11416522;-592143;0;0
407115;-592143;0;0
3160523;-592143;0;0
5913676;-592143;0;0
8667084;-592143;0;0
11420237;-592143;0;0
411085;-592143;0;0
3164238;-592143;0;0
5917646;-592143;0;0
8670799;-592143;0;0
11424207;-592143;0;0
414800;-592143;0;0
3168208;-592143;0;0
5921361;-592143;0;0
8674769;-592143;0;0
11427922;-592143;0;0
418770;-592143;0;0
3171923;-592143;0;0
5925331;-592143;0;0
8678484;-592143;0;0
11431892;-592143;0;0
422485;-592143;0;0
3175893;-592143;0;0
5929046;-592143;0;0
8682454;-592143;0;0
11435607;-592143;0;0
426455;-592143;0;0
3179608;-592143;0;0
5933016;-592143;0;0
8686169;-592143;0;0
11439577;-592143;0;0
430170;-592143;0;0
3183578;-592143;0;0
5936731;-592143;0;0
8690139;-592143;0;1
11443292;-592143;0;1
434140;-592143;0;1
3187293;-592143;0;1
5940701;-592143;0;1
8693854;-592143;0;1
11447262;-592143;0;1
437855;-592143;0;0
3191263;-592143;0;0
5944416;-592143;0;1
8697824;-592143;0;1
11450977;-592143;0;1
441825;-592143;0;1
3194978;-592143;0;1
5948386;-592143;0;1
8701539;-592143;0;1
11454947;-592143;0;1
445440;-592143;0;1
3198848;-592143;0;0
5952001;-592143;0;0
8650881;-592143;0;1
11404034;-592143;0;1
394882;-592143;0;1
3148035;-592143;0;1
5901443;-592143;0;1
8654596;-592143;0;0
11408004;-592143;0;0
398597;-592143;0;0
3152005;-592143;0;0
5905158;-592143;0;0
8658566;-592143;0;0
11411719;-592143;0;0
402567;-592143;0;0
3155720;-592143;0;0
5909128;-592143;0;0
8662281;-592143;0;0
11415689;-592143;0;0
406282;-592143;0;0
3159690;-592143;0;0
5912843;-592143;0;0
8666251;-592143;0;0
11419404;-592143;0;0
410252;-592143;0;0
3163405;-592143;0;0
5916813;-592143;0;0
8669966;-592143;0;0
11423374;-592143;0;0
413967;-592143;0;0
3167375;-592143;0;0
5920528;-592143;0;0
8673936;-592143;0;0
11427089;-592143;0;0
417937;-592143;0;0
3171090;-592143;0;0
5924498;-592143;0;0
8677651;-592143;0;0
11431059;-592143;0;0
421652;-592143;0;0
3175060;-592143;0;0
5928213;-592143;0;0
8681621;-592143;0;0
11434774;-592143;0;0
425622;-592143;0;0
3178775;-592143;0;0
5932183;-592143;0;0
8685336;-592143;0;0
11438744;-592143;0;0
429337;-592143;0;0
3182745;-592143;0;0
5935898;-592143;0;0
8689306;-592143;0;0
11442459;-592143;0;0
433307;-592143;0;0
3186460;-592143;0;0
5939868;-592143;0;0
8693021;-592143;0;0
11446429;-592143;0;0
437022;-592143;0;0
3190430;-592143;0;0
5943583;-592143;0;0
8696991;-592143;0;0
11450144;-592143;0;0
440992;-592143;0;0
3194145;-592143;0;0
5947553;-592143;0;0
8700706;-592143;0;0
11454114;-592143;0;0
444707;-592143;0;0
3198115;-592143;0;0
5951268;-592143;0;0
8704676;-592143;0;0
11403301;-592143;0;0
394149;-592143;0;0
3147302;-592143;0;0
5900710;-592143;0;0
8653863;-592143;0;0
11407271;-592143;0;0
397864;-592143;0;0
3151272;-592143;0;0
5904425;-592143;0;0
8657833;-592143;0;0
11410986;-592143;0;0
401834;-592143;0;0
3154987;-592143;0;0
5908395;-592143;0;0
8661548;-592143;0;0
11414956;-592143;0;0
405549;-592143;0;0
3158957;-592143;0;0
5912110;-592143;0;0
8665518;-592143;0;0
11418671;-592143;0;0
409519;-592143;0;0
3162672;-592143;0;0
5916080;-592143;0;0
8669233;-592143;0;0
11422641;-592143;0;0
413234;-592143;0;0
3166642;-592143;0;0
5919795;-592143;0;0
8673203;-592143;0;0
11426356;-592143;0;0
417204;-592143;0;0
3170357;-592143;0;0
5923765;-592143;0;0
8676918;-592143;0;0
11430326;-592143;0;0
420919;-592143;0;0
3174327;-592143;0;0
5927480;-592143;0;0
8680888;-592143;0;0
11434041;-592143;0;0
424889;-592143;0;0
3178042;-592143;0;0
5931450;-592143;0;0
8684603;-592143;0;0
11438011;-592143;0;0
428604;-592143;0;0
3182012;-592143;0;0
5935165;-592143;0;0
8688573;-592143;0;0
11441726;-592143;0;0
432574;-592143;0;0
3185727;-592143;0;0
5939135;-592143;0;0
8692288;-592143;0;0
11445696;-592143;0;0
436289;-592143;0;0
3189697;-592143;0;0
5942850;-592143;0;0
8696258;-592143;0;0
11449411;-592143;0;0
440259;-592143;0;0
3193412;-592143;0;0
5946820;-592143;0;0
8699973;-592143;0;0
11453381;-592143;0;0
443974;-592143;0;0
3197382;-592143;0;0
5950535;-592143;0;0
8703943;-592143;0;0
11457096;-592143;0;0
393416;-592143;0;0
3146569;-592143;0;0
5899977;-592143;0;0
8653130;-592143;0;0
11406538;-592143;0;0
397131;-592143;0;0
3150539;-592143;0;0
5903692;-592143;0;0
8657100;-592143;0;0
11410253;-592143;0;0
401101;-592143;0;0
3154254;-592143;0;0
5907662;-592143;0;0
8660815;-592143;0;0
11414223;-592143;0;0
404816;-592143;0;0
3158224;-592143;0;0
5911377;-592143;0;0
8664785;-592143;0;0
11417938;-592143;0;0
408786;-592143;0;0
3161939;-592143;0;0
5915347;-592143;0;0
8668500;-592143;0;0
11421908;-592143;0;0
412501;-592143;0;0
3165909;-592143;0;0
5919062;-592143;0;0
8672470;-592143;0;0
11425623;-592143;0;0
416471;-592143;0;0
3169624;-592143;0;0
5923032;-592143;0;0
8676185;-592143;0;0
11429593;-592143;0;0
420186;-592143;0;0
3173594;-592143;0;0
5926747;-592143;0;0
8680155;-592143;0;0
11433308;-592143;0;0
424156;-592143;0;0
3177309;-592143;0;0
5930717;-592143;0;0
8683870;-592143;0;1
11437278;-592143;0;1
427871;-592143;0;1
3181279;-6638390;0;0
5934432;-6638390;0;0
8687840;-6638390;0;0
11440993;-6638390;0;0
431841;-6638390;0;0
3184994;-6638390;0;0
5938402;-592143;0;0
8691555;-592143;0;0
11444963;-592143;0;0
435456;-592143;0;0
3188864;-592143;0;0
5942017;-592143;0;0
8695425;-592143;0;0
11448578;-592143;0;0
439426;-592143;0;0
3192579;-592143;0;0
5945987;-592143;0;0
8699140;-592143;0;0
11452548;-592143;0;0
443141;-592143;0;0
3196549;-592143;0;0
5949702;-592143;0;0
8703110;-592143;0;0
11456263;-592143;0;0
447111;-592143;0;0
3145736;-592143;0;0
5899144;-592143;0;0
8652297;-592143;0;0
11405705;-592143;0;0
396298;-592143;0;0
3149706;-592143;0;0
5902859;-592143;0;0
8656267;-592143;0;0
11409420;-592143;0;0
400268;-592143;0;0
3153421;-592143;0;0
5906829;-592143;0;0
8659982;-592143;0;0
11413390;-592143;0;0
403983;-592143;0;0
3157391;-592143;0;0
5910544;-592143;0;0
8663952;-592143;0;0
11417105;-592143;0;0
407953;-592143;0;0
3161106;-592143;0;0
5914514;-592143;0;0
8667667;-592143;0;0
11421075;-592143;0;0
411668;-592143;0;0
3165076;-592143;0;0
5918229;-592143;0;0
8671637;-592143;0;0
11424790;-592143;0;0
415638;-592143;0;0
3168791;-592143;0;0
5922199;-592143;0;0
8675352;-592143;0;0
11428760;-592143;0;0
419353;-592143;0;0
3172761;-592143;0;0
5925914;-592143;0;0
8679322;-592143;0;0
11432475;-592143;0;0
423323;-592143;0;0
3176476;-592143;0;0
5929884;-592143;0;0
8683037;-592143;0;0
11436445;-592143;0;0
427038;-592143;0;0
3180446;-592143;0;0
5933599;-592143;0;0
8687007;-592143;0;0
11440160;-592143;0;0
431008;-592143;0;0
3184161;-592143;0;0
5937569;-592143;0;0
8690722;-592143;0;0
11444130;-592143;0;0
434723;-592143;0;0
3188131;-592143;0;0
5941284;-592143;0;0
8694692;-592143;0;0
11447845;-592143;0;0
438693;-592143;0;0
3191846;-592143;0;0
5945254;-592143;0;0
8698407;-592143;0;0
11451815;-592143;0;0
442408;-592143;0;0
3195816;-592143;0;0
5948969;-592143;0;0
8702377;-592143;0;0
11455530;-592143;0;0
446378;-592143;0;0
3199531;-592143;0;0
5898411;-592143;0;0
8651564;-592143;0;0
11404972;-592143;0;0
395565;-592143;0;0
3148973;-592143;0;0
5902126;-592143;0;0
8655534;-592143;0;0
11408687;-592143;0;0
399535;-592143;0;0
3152688;-4403118;26;0
5906096;-592143;0;0
8659249;-592143;0;0
11412657;-592143;0;0
403250;-592143;0;0
3156658;-592143;0;0
5909811;-592143;0;1
8663219;-592143;0;1
11416372;-592143;0;1
407220;-592143;0;0
3160373;-592143;0;0
5913781;-592143;0;0
8666934;-592143;0;0
11420342;-592143;0;0
410935;-592143;0;0
3164343;-592143;0;0
5917496;-592143;0;0
8670904;-592143;0;0
11424057;-592143;0;0
414905;-592143;0;0
3168058;-592143;0;0
5921466;-592143;0;0
8674619;-592143;0;0
11428027;-592143;0;0
418620;-592143;0;0
3172028;-592143;0;0
5925181;-592143;0;0
8678589;-592143;0;0
11431742;-592143;0;0
422590;-592143;0;0
3175743;-592143;0;0
5929151;-592143;0;0
8682304;-592143;0;0
11435712;-592143;0;0
426305;-592143;0;0
3179713;-592143;0;0
5932866;-592143;0;0
8686274;-592143;0;0
11439427;-592143;0;0
430275;-592143;0;0
3183428;-592143;0;0
5936836;-592143;0;0
8689989;-592143;0;0
11443397;-592143;0;0
433990;-592143;0;0
3187398;-592143;0;0
5940551;-592143;0;0
8693959;-592143;0;0
11447112;-592143;0;0
437960;-592143;0;0
3191113;-592143;0;0
5944521;-592143;0;0
8697674;-592143;0;0
11451082;-592143;0;0
441675;-592143;0;0
3195083;-592143;0;0
5948236;-592143;0;0
8701644;-592143;0;0
11454797;-592143;0;0
445645;-592143;0;0
3198798;-592143;0;0
5952206;-592143;0;0
8650831;-592143;0;0
11404239;-592143;0;0
394832;-592143;0;0
3148240;-592143;0;0
5901393;-592143;0;0
8654801;-592143;0;0
11407954;-592143;0;0
398802;-592143;0;0
3151955;-592143;0;0
5905363;-592143;0;0
8658516;-592143;0;0
11411924;-592143;0;0
402517;-592143;0;0
3155925;-592143;0;0
5909078;-592143;0;0
8662486;-592143;0;0
11415639;-592143;0;0
406487;-592143;0;0
3159640;-592143;0;0
5913048;-592143;0;0
8666201;-592143;0;0
11419609;-592143;0;0
410202;-592143;0;0
3163610;-592143;0;0
5916763;-592143;0;0
8670171;-592143;0;0
11423324;-592143;0;0
414172;-592143;0;0
3167325;-592143;0;0
5920733;-592143;0;0
8673886;-592143;0;0
11427294;-592143;0;0
417887;-592143;0;0
3171295;-592143;0;0
5924448;-592143;0;0
8677856;-592143;0;0
11431009;-592143;0;0
421857;-592143;0;0
3175010;-592143;0;0
5928418;-592143;0;0
8681571;-592143;0;1
11434979;-592143;0;1
491008;-592143;0;0
3244416;-592143;0;0
5997569;-592143;0;0
8750977;-592143;0;0
11504130;-592143;0;0
494978;-592143;0;0
3248131;-592143;0;0
6001539;-592143;0;0
8754692;-592143;0;0
11508100;-592143;0;0
498693;-592143;0;0
3252101;-592143;0;0
6005254;-592143;0;0
8758662;-592143;0;0
11511815;-592143;0;0
502663;-592143;0;0
3255816;-592143;0;0
6009224;-592143;0;0
8762377;-592143;0;0
11515785;-592143;0;0
506378;-592143;0;0
3259786;-592143;0;0
6012939;-592143;0;0
8766347;-592143;0;0
11519500;-592143;0;0
510348;-592143;0;0
3263501;-592143;0;0
6016909;-592143;0;0
8770062;-592143;0;0
11468942;-592143;0;0
459535;-592143;0;0
3212943;-592143;0;0
5966096;-592143;0;0
8719504;-592143;0;0
11472657;-592143;0;0
463505;-592143;0;0
3216658;-592143;0;0
5970066;-592143;0;0
8723219;-592143;0;0
11476627;-592143;0;0
467220;-592143;0;0
3220628;-592143;0;0
5973781;-592143;0;0
8727189;-592143;0;0
11480342;-592143;0;0
471190;-592143;0;0
3224343;-592143;0;0
5977751;-592143;0;0
8730904;-592143;0;0
11484312;-592143;0;0
474905;-592143;0;0
3228313;-592143;0;0
5981466;-592143;0;0
8734874;-592143;0;0
11488027;-592143;0;0
478875;-592143;0;1
3232028;-592143;0;1
5985436;-592143;0;0
8738589;-592143;0;0
11491997;-592143;0;0
482590;-592143;0;0
3235998;-592143;0;0
5989151;-592143;0;0
8742559;-592143;0;0
11495712;-592143;0;0
486560;-592143;0;0
3239713;-592143;0;0
5993121;-592143;0;0
8746274;-592143;0;0
11499682;-592143;0;0
490275;-592143;0;0
3243683;-592143;0;0
5996836;-592143;0;0
8750244;-592143;0;0
11503397;-592143;0;0
494245;-592143;0;0
3247398;-592143;0;0
6000806;-592143;0;0
8753959;-592143;0;0
11507367;-592143;0;0
497960;-592143;0;0
3251368;-592143;0;0
6004521;-592143;0;0
8757929;-592143;0;0
11511082;-592143;0;0
501930;-592143;0;0
3255083;-592143;0;0
6008491;-592143;0;0
8761644;-592143;0;0
11515052;-592143;0;0
505645;-592143;0;0
3259053;-592143;0;0
6012206;-592143;0;0
8765614;-592143;0;0
11518767;-592143;0;0
509615;-592143;0;0
3262768;-592143;0;0
6016176;-592143;0;0
8769329;-592143;0;0
11522737;-592143;0;0
458802;-592143;0;0
3212210;-592143;0;0
5965363;-592143;0;0
8718771;-592143;0;0
11471924;-592143;0;0
462772;-592143;0;0
3215925;-592143;0;0
5969333;-592143;0;0
8722486;-592143;0;0
11475894;-592143;0;0
466487;-592143;0;0
3219895;-592143;0;0
5973048;-592143;0;0
8726456;-592143;0;0
11479609;-592143;0;0
470457;-592143;0;0
3223610;-592143;0;0
5977018;-592143;0;0
8730171;-592143;0;0
11483579;-592143;0;0
474172;-592143;0;0
3227580;-592143;0;0
5980733;-592143;0;0
8734141;-592143;0;0
11487294;-592143;0;0
478142;-592143;0;0
3231295;-592143;0;0
5984703;-592143;0;0
8737856;-592143;0;0
11491264;-592143;0;0
481857;-592143;0;0
3235265;-592143;0;0
5988418;-592143;0;0
8741826;-592143;0;0
11494979;-592143;0;0
485827;-592143;0;0
3238980;-592143;0;0
5992388;-592143;0;0
8745541;-592143;0;0
11498949;-592143;0;0
489542;-592143;0;0
3242950;-592143;0;0
5996103;-592143;0;0
8749511;-592143;0;0
11502664;-592143;0;0
493512;-592143;0;0
3246665;-592143;0;0
6000073;-592143;0;0
8753226;-592143;0;0
11506634;-592143;0;0
497227;-592143;0;0
3250635;-592143;0;0
6003788;-592143;0;0
8757196;-592143;0;0
11510349;-592143;0;0
501197;-592143;0;0
3254350;-592143;0;0
6007758;-592143;0;0
8760911;-592143;0;0
11514319;-592143;0;0
504912;-592143;0;0
3258320;-592143;0;0
6011473;-592143;0;0
8764881;-592143;0;0
11518034;-592143;0;0
508882;-592143;0;0
3262035;-592143;0;0
6015443;-592143;0;0
8768596;-592143;0;0
11522004;-592143;0;0
512597;-592143;0;0
3211477;-592143;0;0
5964630;-592143;0;0
8718038;-592143;0;0
11471191;-592143;0;0
462039;-592143;0;0
3215192;-592143;0;0
5968600;-592143;0;0
8721753;-592143;0;0
11475161;-592143;0;0
465754;-592143;0;0
3219162;-592143;0;0
5972315;-592143;0;0
8725723;-592143;0;0
11478876;-592143;0;0
469724;-592143;0;0
3222877;-592143;0;0
5976285;-592143;0;0
8729438;-592143;0;0
11482846;-592143;0;0
473439;-592143;0;0
3226847;-592143;0;0
5980000;-592143;0;0
8733408;-592143;0;0
11486561;-592143;0;0
477409;-592143;0;0
3230562;-592143;0;0
5983970;-592143;0;0
8737123;-592143;0;0
11490531;-592143;0;0
481024;-592143;0;0
3234432;-592143;0;0
5987585;-592143;0;0
8740993;-592143;0;0
11494146;-592143;0;0
484994;-592143;0;0
3238147;-592143;0;0
5991555;-592143;0;0
8744708;-6638390;0;0
11498116;-592143;0;1
488709;-592143;0;1
3242117;-592143;0;1
5995270;-592143;0;1
8748678;-592143;0;1
11501831;-592143;0;1
492679;-592143;0;1
3245832;-592143;0;0
5999240;-592143;0;0
8752393;-592143;0;0
11505801;-592143;0;0
496394;-592143;0;0
3249802;-592143;0;0
6002955;-592143;0;0
8756363;-592143;0;0
11509516;-592143;0;0
500364;-592143;0;0
3253517;-592143;0;0
6006925;-592143;0;0
8760078;-592143;0;0
11513486;-592143;0;0
504079;-592143;0;0
3257487;-592143;0;0
6010640;-592143;0;0
8764048;-592143;0;0
11517201;-592143;0;0
508049;-592143;0;0
3261202;-592143;0;0
6014610;-592143;0;0
8767763;-592143;0;0
11521171;-592143;0;0
511764;-592143;0;0
3265172;-592143;0;0
5963797;-592143;0;0
8717205;-592143;0;0
11470358;-592143;0;0
461206;-592143;0;0
3214359;-592143;0;0
5967767;-592143;0;0
8720920;-592143;0;0
11474328;-592143;0;0
464921;-592143;0;0
3218329;-592143;0;0
5971482;-592143;0;0
8724890;-592143;0;0
11478043;-592143;0;0
468891;-592143;0;0
3222044;-592143;0;0
5975452;-592143;0;0
8728605;-592143;0;0
11482013;-592143;0;0
472606;-592143;0;0
3226014;-592143;0;0
5979167;-592143;0;0
8732575;-592143;0;0
11485728;-592143;0;0
476576;-592143;0;0
3229729;-592143;0;0
5983137;-592143;0;0
8736290;-592143;0;0
11489698;-592143;0;0
480291;-592143;0;0
3233699;-592143;0;0
5986852;-592143;0;0
8740260;-592143;0;0
11493413;-592143;0;0
484261;-592143;0;0
3237414;-592143;0;0
5990822;-592143;0;0
8743975;-592143;0;0
11497383;-592143;0;0
487976;-592143;0;0
3241384;-592143;0;0
5994537;-592143;0;0
8747945;-592143;0;0
11501098;-592143;0;0
491946;-592143;0;0
3245099;-592143;0;0
5998507;-592143;0;0
8751660;-592143;0;0
11505068;-592143;0;0
495661;-592143;0;0
3249069;-592143;0;0
6002222;-592143;0;0
8755630;-592143;0;0
11508783;-592143;0;0
499631;-592143;0;0
3252784;-592143;0;0
6006192;-592143;0;0
8759345;-592143;0;0
11512753;-592143;0;0
503346;-592143;0;0
3256754;-592143;0;0
6009907;-592143;0;0
8763315;-592143;0;0
11516468;-592143;0;0
507316;-592143;0;0
3260469;-592143;0;0
6013877;-592143;0;0
8767030;-592143;0;0
11520438;-592143;0;0
511031;-592143;0;0
3264439;-592143;0;0
6017592;-592143;0;0
8716472;-592143;0;0
11469625;-592143;0;0
460473;-592143;0;0
3213626;-592143;0;0
5967034;-592143;0;0
8720187;-592143;0;0
11473595;-592143;0;0
464188;-592143;0;0
3217596;-592143;0;0
5970749;-592143;0;0
8724157;-592143;0;0
11477310;-592143;0;0
468158;-592143;0;0
3221311;-592143;0;0
5974719;-592143;0;0
8727872;-592143;0;0
11481280;-592143;0;0
471873;-592143;0;0
3225281;-592143;0;0
5978434;-592143;0;0
8731842;-592143;0;0
11484995;-592143;0;0
475843;-592143;0;0
3228996;-592143;0;0
5982404;-592143;0;0
8735557;-592143;0;0
11488965;-592143;0;0
479558;-592143;0;0
3232966;-592143;0;0
5986119;-592143;0;0
8739527;-592143;0;0
11492680;-592143;0;0
483528;-592143;0;0
3236681;-592143;0;0
5990089;-592143;0;0
8743242;-592143;0;0
11496650;-592143;0;0
487243;-592143;0;0
3240651;-592143;0;0
5993804;-592143;0;1
8747212;-592143;0;1
11500365;-592143;0;1
491213;-592143;0;0
3244366;-592143;0;0
5997774;-592143;0;0
8750927;-592143;0;0
11504335;-592143;0;0
494928;-592143;0;0
3248336;-592143;0;0
6001489;-592143;0;0
8754897;-592143;0;0
11508050;-592143;0;0
498898;-592143;0;0
3252051;-592143;0;0
6005459;-592143;0;0
8758612;-592143;0;0
11512020;-592143;0;0
502613;-592143;0;0
3256021;-592143;0;0
6009174;-592143;0;0
8762582;-592143;0;0
11515735;-592143;0;0
506583;-592143;0;0
3259736;-592143;0;0
6013144;-592143;0;0
8766297;-592143;0;0
11519705;-592143;0;0
510298;-592143;0;0
3263706;-592143;0;0
6016859;-592143;0;0
8770267;-592143;0;0
11468892;-592143;0;0
459740;-592143;0;0
3212893;-592143;0;0
5966301;-592143;0;0
8719454;-592143;0;0
11472862;-592143;0;0
463455;-592143;0;0
3216863;-592143;0;0
5970016;-592143;0;0
8723424;-592143;0;0
11476577;-592143;0;0
467425;-592143;0;0
3220578;-592143;0;0
5973986;-592143;0;0
8727139;-592143;0;0
11480547;-592143;0;0
471040;-592143;0;0
3224448;-592143;0;0
5977601;-592143;0;0
8731009;-592143;0;0
11484162;-592143;0;0
475010;-592143;0;0
3228163;-592143;0;0
5981571;-592143;0;0
8734724;-592143;0;0
11488132;-592143;0;0
478725;-592143;0;0
3232133;-592143;0;0
5985286;-592143;0;0
8738694;-592143;0;0
11491847;-592143;0;0
482695;-592143;0;0
3235848;-592143;0;0
5989256;-592143;0;0
8742409;-592143;0;0
11495817;-592143;0;0
486410;-592143;0;0
3239818;-592143;0;0
5992971;-592143;0;0
8746379;-592143;0;0
11499532;-592143;0;0
490380;-592143;0;0
3243533;-592143;0;0
5996941;-592143;0;0
8750094;-592143;0;0
11503502;-592143;0;0
494095;-592143;0;0
3247503;-592143;0;0
6000656;-592143;0;0
8754064;-592143;0;0
11507217;-592143;0;0
498065;-592143;0;0
3251218;-592143;0;0
6004626;-592143;0;0
8757779;-592143;0;0
11511187;-592143;0;0
501780;-592143;0;0
3255188;-592143;0;0
6008341;-592143;0;0
8761749;-592143;0;0
11514902;-592143;0;0
505750;-592143;0;0
3258903;-592143;0;0
6012311;-592143;0;0
8765464;-592143;0;0
11518872;-592143;0;0
509465;-592143;0;0
3262873;-592143;0;0
6016026;-592143;0;1
8769434;-592143;0;1
11522587;-592143;0;1
458907;-592143;0;0
3212060;-592143;0;0
5965468;-592143;0;0
8718621;-592143;0;0
11472029;-592143;0;0
462622;-592143;0;0
3216030;-592143;0;0
5969183;-592143;0;0
8722591;-592143;0;0
11475744;-592143;0;0
466592;-592143;0;0
3219745;-592143;0;0
5973153;-592143;0;0
8726306;-592143;0;0
11479714;-592143;0;0
470307;-592143;0;0
3223715;-592143;0;0
5976868;-592143;0;0
8730276;-592143;0;0
11483429;-592143;0;0
474277;-592143;0;0
3227430;-592143;0;0
5980838;-592143;0;0
8733991;-592143;0;0
11487399;-592143;0;0
477992;-592143;0;0
3231400;-592143;0;0
5984553;-592143;0;0
8737961;-592143;0;0
11491114;-592143;0;0
481962;-592143;0;0
3235115;-592143;0;0
5988523;-592143;0;0
8741676;-592143;0;0
11495084;-592143;0;0
485677;-592143;0;0
3239085;-592143;0;0
5992238;-592143;0;0
8745646;-592143;0;0
11498799;-592143;0;0
489647;-592143;0;0
3242800;-592143;0;0
5996208;-592143;0;0
8749361;-592143;0;0
11502769;-592143;0;0
493362;-592143;0;0
3246770;-592143;0;0
5999923;-592143;0;0
8753331;-592143;0;0
11506484;-592143;0;0
497332;-592143;0;0
3250485;-592143;0;0
6003893;-592143;0;0
8757046;-592143;0;0
11510454;-592143;0;0
501047;-592143;0;0
3254455;-592143;0;0
6007608;-592143;0;1
8761016;-6638390;0;0
11514169;-592143;0;0
505017;-592143;0;0
3258170;-592143;0;0
6011578;-592143;0;0
8764731;-592143;0;0
11518139;-592143;0;0
508732;-592143;0;0
3262140;-592143;0;0
6015293;-592143;0;0
8768701;-592143;0;0
11521854;-592143;0;0
512702;-592143;0;0
3211327;-592143;0;0
5964735;-592143;0;0
8717888;-592143;0;0
11471296;-592143;0;0
461889;-592143;0;0
3215297;-592143;0;0
5968450;-592143;0;0
8721858;-592143;0;0
11475011;-592143;0;0
465859;-592143;0;0
3219012;-592143;0;0
5972420;-592143;0;0
8725573;-592143;0;0
11478981;-592143;0;0
469574;-592143;0;0
3222982;-592143;0;0
5976135;-592143;0;0
8729543;-592143;0;0
11482696;-592143;0;0
473544;-592143;0;0
3226697;-592143;0;0
5980105;-592143;0;0
8733258;-592143;0;0
11486666;-592143;0;0
477259;-592143;0;0
3230667;-592143;0;0
5983820;-592143;0;0
8737228;-592143;0;0
11490381;-592143;0;0
481229;-592143;0;0
3234382;-592143;0;0
5987790;-592143;0;0
8740943;-592143;0;0
11494351;-592143;0;0
484944;-592143;0;0
3238352;-592143;0;0
5991505;-592143;0;0
8744913;-592143;0;0
11498066;-592143;0;0
488914;-592143;0;0
3242067;-592143;0;0
5995475;-592143;0;0
8748628;-592143;0;0
11502036;-592143;0;0
492629;-592143;0;0
3246037;-592143;0;0
5999190;-592143;0;0
8752598;-592143;0;0
11505751;-592143;0;0
496599;-592143;0;0
3249752;-592143;0;0
6003160;-592143;0;0
8756313;-592143;0;0
11509721;-592143;0;0
500314;-592143;0;0
3253722;-592143;0;0
6006875;-592143;0;0
8760283;-592143;0;0
11513436;-592143;0;0
504284;-592143;0;0
3257437;-592143;0;0
6010845;-592143;0;0
8763998;-592143;0;0
11517406;-592143;0;0
507999;-592143;0;0
3261407;-592143;0;0
6014560;-592143;0;0
8767968;-592143;0;0
11521121;-592143;0;0
511969;-592143;0;0
3265122;-592143;0;0
5964002;-592143;0;0
8717155;-592143;0;0
11470563;-592143;0;0
461056;-592143;0;0
3214464;-592143;0;0
5967617;-592143;0;0
8721025;-592143;0;0
11474178;-592143;0;0
465026;-592143;0;0
3218179;-592143;0;0
5971587;-592143;0;0
8724740;-592143;0;0
11478148;-592143;0;0
468741;-592143;0;0
3222149;-592143;0;0
5975302;-592143;0;0
8728710;-592143;0;0
11481863;-592143;0;0
472711;-592143;0;0
3225864;-592143;0;0
5979272;-592143;0;0
8732425;-592143;0;0
11485833;-592143;0;0
476426;-592143;0;0
3229834;-592143;0;0
5982987;-592143;0;0
8736395;-592143;0;0
11489548;-592143;0;0
480396;-592143;0;0
3233549;-592143;0;0
5986957;-592143;0;0
8740110;-592143;0;0
11493518;-592143;0;0
484111;-592143;0;0
3237519;-592143;0;0
5990672;-592143;0;0
8744080;-592143;0;0
11497233;-592143;0;0
488081;-592143;0;0
3241234;-592143;0;0
5994642;-592143;0;0
8747795;-592143;0;0
11501203;-592143;0;0
491796;-592143;0;0
3245204;-592143;0;0
5998357;-592143;0;0
8751765;-592143;0;0
11504918;-592143;0;0
495766;-592143;0;0
3248919;-592143;0;0
6002327;-592143;0;0
8755480;-592143;0;0
11508888;-592143;0;0
499481;-592143;0;0
3252889;-592143;0;0
6006042;-592143;0;0
8759450;-592143;0;0
11512603;-592143;0;0
503451;-592143;0;0
3256604;-592143;0;0
6010012;-592143;0;0
8763165;-592143;0;0
11516573;-592143;0;0
507166;-592143;0;0
3260574;-592143;0;0
6013727;-592143;0;0
8767135;-592143;0;0
11520288;-592143;0;0
511136;-592143;0;0
3264289;-592143;0;0
6017697;-592143;0;0
8716322;-592143;0;0
11469730;-592143;0;0
460323;-592143;0;0
3213731;-592143;0;0
5966884;-592143;0;0
8720292;-592143;0;0
11473445;-592143;0;0
464293;-592143;0;0
3217446;-592143;0;0
5970854;-592143;0;0
8724007;-592143;0;0
11477415;-592143;0;0
468008;-592143;0;0
3221416;-592143;0;0
5974569;-592143;0;0
8727977;-592143;0;0
11481130;-592143;0;0
471978;-592143;0;0
3225131;-592143;0;0
5978539;-592143;0;0
8731692;-592143;0;0
11485100;-592143;0;0
475693;-592143;0;0
3229101;-592143;0;0
5982254;-592143;0;0
8735662;-592143;0;0
11488815;-592143;0;0
479663;-592143;0;0
3232816;-592143;0;0
5986224;-592143;0;0
8739377;-592143;0;0
11492785;-592143;0;0
483378;-592143;0;0
3236786;-592143;0;0
5989939;-592143;0;0
8743347;-592143;0;0
11496500;-592143;0;0
487348;-592143;0;0
3240501;-592143;0;0
5993909;-592143;0;0
8747062;-592143;0;0
11500470;-592143;0;0
491063;-592143;0;0
3244471;-592143;0;0
5997624;-592143;0;0
8751032;-592143;0;0
11504185;-592143;0;0
495033;-592143;0;0
3248186;-592143;0;0
6001594;-592143;0;0
8754747;-592143;0;0
11508155;-592143;0;0
498748;-592143;0;0
3252156;-592143;0;0
6005309;-592143;0;0
8758717;-592143;0;0
11511870;-592143;0;0
502718;-592143;0;0
3255871;-592143;0;0
6009279;-592143;0;0
8762432;-592143;0;0
11515840;-592143;0;0
506433;-592143;0;0
3259841;-592143;0;0
6012994;-592143;0;0
8766402;-592143;0;0
11519555;-592143;0;0
510403;-592143;0;0
3263556;-592143;0;0
6016964;-592143;0;0
8770117;-592143;0;0
11468997;-592143;0;0
459590;-592143;0;0
3212998;-592143;0;0
5966151;-592143;0;0
8719559;-592143;0;0
11472712;-592143;0;0
463560;-592143;0;0
3216713;-592143;0;0
5970121;-592143;0;0
8723274;-592143;0;0
11476682;-592143;0;0
467275;-592143;0;0
3220683;-592143;0;0
5973836;-592143;0;0
8727244;-592143;0;0
11480397;-592143;0;0
471245;-592143;0;0
3224398;-592143;0;0
5977806;-592143;0;0
8730959;-592143;0;0
11484367;-592143;0;0
474960;-592143;0;0
3228368;-592143;0;0
5981521;-592143;0;0
8734929;-592143;0;0
11488082;-592143;0;0
478930;-592143;0;0
3232083;-592143;0;0
5985491;-592143;0;0
8738644;-592143;0;0
11492052;-592143;0;0
482645;-592143;0;0
3236053;-592143;0;0
5989206;-592143;0;0
8742614;-592143;0;0
11495767;-592143;0;0
486615;-592143;0;0
3239768;-592143;0;0
5993176;-592143;0;0
8746329;-592143;0;0
11499737;-592143;0;0
490330;-592143;0;0
3243738;-592143;0;1
5996891;-592143;0;1
8750299;-592143;0;1
11503452;-592143;0;1
494300;-592143;0;1
3247453;-592143;0;1
6000861;-592143;0;1
8754014;-592143;0;0
11507422;-592143;0;0
498015;-592143;0;0
3251423;-592143;0;0
6004576;-592143;0;0
8757984;-592143;0;0
11511137;-592143;0;0
501985;-592143;0;0
3255138;-592143;0;1
6008546;-592143;0;0
8761699;-592143;0;0
11515107;-592143;0;0
505600;-592143;0;0
3259008;-592143;0;0
6012161;-592143;0;0
8765569;-592143;0;0
11518722;-592143;0;0
509570;-592143;0;0
3262723;-592143;0;0
6016131;-592143;0;0
8769284;-592143;0;0
11522692;-592143;0;0
458757;-592143;0;0
3212165;-592143;0;0
5965318;-592143;0;0
8718726;-592143;0;0
11471879;-592143;0;0
462727;-592143;0;0
3215880;-592143;0;0
5969288;-592143;0;0
8722441;-592143;0;0
11475849;-592143;0;0
466442;-592143;0;0
3219850;-592143;0;0
5973003;-592143;0;0
8726411;-592143;0;0
11479564;-592143;0;0
470412;-592143;0;0
3223565;-592143;0;0
5976973;-592143;0;0
8730126;-592143;0;0
11483534;-592143;0;0
474127;-592143;0;0
3227535;-592143;0;0
5980688;-592143;0;0
8734096;-592143;0;0
11487249;-592143;0;0
478097;-592143;0;0
3231250;-592143;0;0
5984658;-592143;0;0
8737811;-592143;0;0
11491219;-592143;0;0
481812;-592143;0;0
3235220;-592143;0;0
5988373;-592143;0;0
8741781;-592143;0;0
11494934;-592143;0;0
485782;-592143;0;0
3238935;-592143;0;0
5992343;-592143;0;0
8745496;-592143;0;0
11498904;-592143;0;0
489497;-592143;0;0
3242905;-592143;0;0
5996058;-592143;0;0
8749466;-592143;0;0
11502619;-592143;0;0
493467;-592143;0;0
3246620;-592143;0;0
6000028;-592143;0;0
8753181;-592143;0;0
11506589;-592143;0;0
497182;-592143;0;0
3250590;-592143;0;0
6003743;-592143;0;0
8757151;-592143;0;0
11510304;-592143;0;0
501152;-592143;0;0
3254305;-592143;0;0
6007713;-592143;0;0
8760866;-592143;0;0
11514274;-592143;0;0
504867;-592143;0;0
3258275;-592143;0;0
6011428;-592143;0;0
8764836;-592143;0;0
11517989;-592143;0;0
508837;-592143;0;0
3261990;-592143;0;0
6015398;-592143;0;0
8768551;-592143;0;0
11521959;-592143;0;0
512552;-592143;0;0
3211432;-592143;0;0
5964585;-592143;0;0
8717993;-592143;0;0
11471146;-592143;0;0
461994;-592143;0;0
3215147;-592143;0;0
5968555;-592143;0;0
8721708;-592143;0;0
11475116;-592143;0;0
465709;-592143;0;0
3219117;-592143;0;0
5972270;-592143;0;0
8725678;-592143;0;0
11478831;-592143;0;0
469679;-592143;0;0
3222832;-592143;0;0
5976240;-592143;0;0
8729393;-592143;0;0
11482801;-592143;0;0
473394;-592143;0;0
3226802;-592143;0;0
5979955;-592143;0;0
8733363;-592143;0;0
11486516;-592143;0;0
477364;-592143;0;0
3230517;-592143;0;0
5983925;-592143;0;0
8737078;-592143;0;0
11490486;-592143;0;0
481079;-592143;0;0
3234487;-592143;0;0
5987640;-592143;0;0
8741048;-592143;0;0
11494201;-592143;0;0
485049;-592143;0;0
3238202;-592143;0;0
5991610;-592143;0;0
8744763;-592143;0;0
11498171;-592143;0;0
488764;-592143;0;0
3242172;-592143;0;0
5995325;-592143;0;0
8748733;-592143;0;0
11501886;-592143;0;0
492734;-592143;0;0
3245887;-592143;0;0
5999295;-592143;0;0
8752448;-592143;0;0
11505856;-592143;0;0
496449;-592143;0;0
3249857;-592143;0;0
6003010;-11940641;1;0
8756418;-11940641;1;0
11509571;-11940641;1;0
500419;-592143;0;0
3253572;-592143;0;1
6006980;-592143;0;1
8760133;-592143;0;1
11513541;-592143;0;1
504134;-592143;0;1
3257542;-592143;0;1
6010695;-592143;0;1
8764103;-592143;0;1
11517256;-11940641;1;0
508104;-592143;0;0
3261257;-592143;0;0
6014665;-592143;0;0
8767818;-592143;0;0
11521226;-592143;0;0
511819;-592143;0;0
3265227;-592143;0;0
5963852;-592143;0;0
8717260;-592143;0;0
11470413;-592143;0;0
461261;-592143;0;0
3214414;-592143;0;0
5967822;-592143;0;0
8720975;-592143;0;0
11474383;-592143;0;0
464976;-592143;0;0
3218384;-592143;0;0
5971537;-592143;0;0
8724945;-592143;0;0
11478098;-5841687;2;0
468946;-5841687;2;0
3222099;-592143;0;0
5975507;-592143;0;0
8728660;-592143;0;0
11482068;-592143;0;0
472661;-592143;0;0
3226069;-592143;0;0
5979222;-592143;0;0
8732630;-592143;0;0
11485783;-592143;0;0
476631;-592143;0;0
3229784;-592143;0;0
5983192;-592143;0;0
8736345;-592143;0;0
11489753;-592143;0;0
480346;-592143;0;0
3233754;-592143;0;0
5986907;-592143;0;0
8740315;-592143;0;0
11493468;-592143;0;0
484316;-592143;0;0
3237469;-592143;0;0
5990877;-592143;0;0
8744030;-592143;0;0
11497438;-592143;0;0
488031;-592143;0;0
3241439;-592143;0;0
5994592;-592143;0;0
8748000;-592143;0;0
11501153;-592143;0;0
492001;-592143;0;0
3245154;-592143;0;0
5998562;-592143;0;0
8751715;-592143;0;0
11505123;-592143;0;0
561152;-592143;0;0
3314560;-592143;0;0
6067713;-592143;0;0
8821121;-592143;0;0
11574274;-592143;0;0
565122;-592143;0;0
3318275;-592143;0;0
6071683;-592143;0;0
8824836;-592143;0;0
11578244;-592143;0;0
568837;-592143;0;0
3322245;-592143;0;0
6075398;-592143;0;0
8828806;-592143;0;0
11581959;-592143;0;0
572807;-592143;0;0
3325960;-592143;0;0
6079368;-592143;0;0
8832521;-592143;0;0
11585929;-592143;0;0
576522;-592143;0;0
3329930;-592143;0;0
6083083;-592143;0;0
8781963;-592143;0;0
11535116;-592143;0;0
525964;-592143;0;0
3279117;-592143;0;0
6032525;-592143;0;0
8785678;-592143;0;0
11539086;-592143;0;0
529679;-592143;0;0
3283087;-592143;0;0
6036240;-592143;0;0
8789648;-592143;0;0
11542801;-592143;0;0
533649;-592143;0;0
3286802;-592143;0;0
6040210;-592143;0;0
8793363;-592143;0;0
11546771;-592143;0;0
537364;-592143;0;0
3290772;-592143;0;0
6043925;-592143;0;0
8797333;-592143;0;0
11550486;-592143;0;0
541334;-592143;0;0
3294487;-592143;0;0
6047895;-592143;0;0
8801048;-592143;0;0
11554456;-592143;0;0
545049;-592143;0;0
3298457;-592143;0;0
6051610;-592143;0;0
8805018;-592143;0;0
11558171;-592143;0;0
549019;-592143;0;0
3302172;-592143;0;0
6055580;-592143;0;0
8808733;-592143;0;0
11562141;-592143;0;0
552734;-592143;0;0
3306142;-592143;0;0
6059295;-592143;0;0
8812703;-592143;0;0
11565856;-592143;0;0
556704;-592143;0;0
3309857;-592143;0;0
6063265;-592143;0;0
8816418;-592143;0;0
11569826;-592143;0;0
560419;-592143;0;0
3313827;-592143;0;0
6066980;-592143;0;0
8820388;-592143;0;0
11573541;-592143;0;0
564389;-592143;0;0
3317542;-592143;0;0
6070950;-592143;0;0
8824103;-592143;0;0
11577511;-592143;0;0
568104;-592143;0;0
3321512;-592143;0;0
6074665;-592143;0;0
8828073;-592143;0;0
11581226;-592143;0;0
572074;-592143;0;0
3325227;-592143;0;0
6078635;-592143;0;0
8831788;-592143;0;0
11585196;-592143;0;1
575789;-592143;0;1
3329197;-592143;0;1
6082350;-6638390;0;0
8835758;-6638390;0;0
11534383;-6638390;0;0
525231;-6638390;0;0
3278384;-6638390;0;0
6031792;-592143;0;1
8784945;-592143;0;1
11538353;-592143;0;1
528946;-592143;0;0
3282354;-592143;0;0
6035507;-592143;0;0
8788915;-592143;0;0
11542068;-592143;0;0
532916;-592143;0;0
3286069;-592143;0;0
6039477;-592143;0;0
8792630;-592143;0;0
11546038;-592143;0;0
536631;-592143;0;0
3290039;-592143;0;0
6043192;-592143;0;0
8796600;-592143;0;0
11549753;-592143;0;0
540601;-592143;0;0
3293754;-592143;0;0
6047162;-592143;0;0
8800315;-592143;0;0
11553723;-592143;0;0
544316;-592143;0;0
3297724;-592143;0;0
6050877;-592143;0;0
8804285;-592143;0;0
11557438;-592143;0;0
548286;-592143;0;0
3301439;-592143;0;0
6054847;-592143;0;0
8808000;-592143;0;0
11561408;-592143;0;0
552001;-592143;0;0
3305409;-592143;0;0
6058562;-592143;0;0
8811970;-592143;0;0
11565123;-592143;0;0
555971;-592143;0;0
3309124;-592143;0;0
6062532;-592143;0;0
8815685;-592143;0;0
11569093;-592143;0;0
559686;-592143;0;0
3313094;-592143;0;0
6066247;-592143;0;0
8819655;-592143;0;0
11572808;-592143;0;0
563656;-592143;0;0
3316809;-592143;0;0
6070217;-592143;0;0
8823370;-592143;0;0
11576778;-592143;0;0
567371;-592143;0;0
3320779;-592143;0;0
6073932;-592143;0;0
8827340;-592143;0;0
11580493;-592143;0;0
571341;-592143;0;0
3324494;-592143;0;0
6077902;-592143;0;0
8831055;-592143;0;0
11584463;-592143;0;0
575056;-592143;0;0
3328464;-592143;0;0
6081617;-592143;0;0
8835025;-592143;0;0
11588178;-592143;0;0
524498;-592143;0;0
3277651;-592143;0;0
6031059;-592143;0;0
8784212;-592143;0;0
11537620;-592143;0;0
528213;-592143;0;0
3281621;-592143;0;0
6034774;-592143;0;0
8788182;-592143;0;0
11541335;-592143;0;0
532183;-592143;0;0
3285336;-592143;0;0
6038744;-592143;0;0
8791897;-592143;0;0
11545305;-592143;0;0
535898;-592143;0;0
3289306;-592143;0;0
6042459;-592143;0;0
8795867;-592143;0;0
11549020;-592143;0;0
539868;-592143;0;0
3293021;-592143;0;0
6046429;-592143;0;0
8799582;-592143;0;0
11552990;-592143;0;0
543583;-592143;0;0
3296991;-592143;0;0
6050144;-592143;0;0
8803552;-592143;0;0
11556705;-592143;0;0
547553;-592143;0;0
3300706;-592143;0;0
6054114;-592143;0;0
8807267;-592143;0;0
11560675;-592143;0;0
551168;-592143;0;0
3304576;-592143;0;0
6057729;-592143;0;0
8811137;-592143;0;0
11564290;-592143;0;0
555138;-592143;0;0
3308291;-592143;0;0
6061699;-592143;0;0
8814852;-592143;0;0
11568260;-592143;0;0
558853;-592143;0;0
3312261;-592143;0;0
6065414;-592143;0;0
8818822;-592143;0;0
11571975;-592143;0;0
562823;-592143;0;0
3315976;-592143;0;0
6069384;-592143;0;0
8822537;-592143;0;0
11575945;-592143;0;0
566538;-592143;0;0
3319946;-592143;0;0
6073099;-592143;0;0
8826507;-592143;0;0
11579660;-592143;0;0
570508;-592143;0;0
3323661;-592143;0;0
6077069;-592143;0;0
8830222;-592143;0;0
11583630;-592143;0;0
574223;-592143;0;0
3327631;-592143;0;0
6080784;-592143;0;0
8834192;-592143;0;0
11587345;-592143;0;0
578193;-592143;0;0
3276818;-592143;0;0
6030226;-592143;0;0
8783379;-592143;0;0
11536787;-592143;0;0
527380;-592143;0;0
3280788;-592143;0;0
6033941;-592143;0;0
8787349;-592143;0;0
11540502;-592143;0;0
531350;-592143;0;0
3284503;-592143;0;0
6037911;-592143;0;0
8791064;-592143;0;0
11544472;-592143;0;0
535065;-592143;0;0
3288473;-592143;0;0
6041626;-592143;0;0
8795034;-592143;0;0
11548187;-592143;0;0
539035;-592143;0;0
3292188;-592143;0;0
6045596;-592143;0;0
8798749;-592143;0;0
11552157;-592143;0;0
542750;-592143;0;0
3296158;-592143;0;0
6049311;-592143;0;0
8802719;-592143;0;0
11555872;-592143;0;0
546720;-592143;0;0
3299873;-592143;0;0
6053281;-592143;0;0
8806434;-592143;0;0
11559842;-592143;0;0
550435;-592143;0;0
3303843;-592143;0;0
6056996;-592143;0;0
8810404;-592143;0;0
11563557;-592143;0;0
554405;-592143;0;0
3307558;-592143;0;0
6060966;-592143;0;0
8814119;-592143;0;0
11567527;-592143;0;0
558120;-592143;0;0
3311528;-592143;0;0
6064681;-592143;0;0
8818089;-592143;0;0
11571242;-592143;0;0
562090;-592143;0;0
3315243;-592143;0;0
6068651;-592143;0;0
8821804;-592143;0;0
11575212;-592143;0;0
565805;-592143;0;0
3319213;-592143;0;0
6072366;-592143;0;0
8825774;-592143;0;0
11578927;-592143;0;0
569775;-592143;0;0
3322928;-592143;0;0
6076336;-592143;0;0
8829489;-592143;0;0
11582897;-592143;0;0
573490;-592143;0;0
3326898;-592143;0;0
6080051;-592143;0;0
8833459;-592143;0;0
11586612;-592143;0;0
577460;-592143;0;0
3330613;-592143;0;0
6029493;-592143;0;0
8782646;-592143;0;0
11536054;-592143;0;0
526647;-592143;0;0
3280055;-592143;0;0
6033208;-592143;0;0
8786616;-592143;0;0
11539769;-592143;0;0
530617;-592143;0;0
3283770;-592143;0;0
6037178;-592143;0;0
8790331;-592143;0;0
11543739;-592143;0;0
534332;-592143;0;0
3287740;-592143;0;0
6040893;-592143;0;0
8794301;-592143;0;0
11547454;-592143;0;0
538302;-592143;0;0
3291455;-592143;0;0
6044863;-592143;0;0
8798016;-592143;0;0
11551424;-592143;0;0
542017;-592143;0;0
3295425;-592143;0;0
6048578;-592143;0;0
8801986;-592143;0;0
11555139;-592143;0;0
545987;-592143;0;0
3299140;-592143;0;0
6052548;-592143;0;0
8805701;-592143;0;0
11559109;-592143;0;0
549702;-592143;0;0
3303110;-592143;0;0
6056263;-592143;0;0
8809671;-592143;0;0
11562824;-592143;0;0
553672;-592143;0;0
3306825;-592143;0;0
6060233;-592143;0;0
8813386;-592143;0;0
11566794;-592143;0;0
557387;-592143;0;0
3310795;-592143;0;0
6063948;-592143;0;0
8817356;-592143;0;0
11570509;-592143;0;0
561357;-592143;0;0
3314510;-592143;0;0
6067918;-592143;0;0
8821071;-592143;0;0
11574479;-592143;0;0
565072;-592143;0;0
3318480;-592143;0;0
6071633;-592143;0;0
8825041;-592143;0;0
11578194;-592143;0;0
569042;-592143;0;0
3322195;-592143;0;0
6075603;-592143;0;0
8828756;-592143;0;0
11582164;-592143;0;0
572757;-592143;0;0
3326165;-592143;0;0
6079318;-592143;0;0
8832726;-592143;0;0
11585879;-592143;0;0
576727;-592143;0;0
3329880;-592143;0;0
6083288;-592143;0;0
8781913;-592143;0;0
11535321;-592143;0;0
525914;-592143;0;0
3279322;-592143;0;0
6032475;-592143;0;0
8785883;-592143;0;0
11539036;-592143;0;0
529884;-592143;0;0
3283037;-592143;0;0
6036445;-592143;0;0
8789598;-592143;0;0
11543006;-592143;0;0
533599;-592143;0;0
3287007;-592143;0;0
6040160;-592143;0;0
8793568;-592143;0;0
11546721;-592143;0;0
537569;-592143;0;0
3290722;-592143;0;0
6044130;-592143;0;0
8797283;-592143;0;0
11550691;-592143;0;0
541184;-592143;0;0
3294592;-592143;0;0
6047745;-592143;0;0
8801153;-592143;0;0
11554306;-592143;0;0
545154;-592143;0;0
3298307;-592143;0;0
6051715;-592143;0;0
8804868;-592143;0;0
11558276;-592143;0;0
548869;-592143;0;0
3302277;-592143;0;0
6055430;-592143;0;0
8808838;-592143;0;0
11561991;-592143;0;0
552839;-592143;0;0
3305992;-592143;0;0
6059400;-592143;0;0
8812553;-592143;0;0
11565961;-592143;0;0
556554;-592143;0;0
3309962;-592143;0;0
6063115;-592143;0;0
8816523;-592143;0;0
11569676;-592143;0;0
560524;-592143;0;0
3313677;-592143;0;0
6067085;-592143;0;0
8820238;-592143;0;0
11573646;-592143;0;0
564239;-592143;0;0
3317647;-592143;0;0
6070800;-592143;0;0
8824208;-592143;0;0
11577361;-592143;0;0
568209;-592143;0;0
3321362;-592143;0;0
6074770;-592143;0;0
8827923;-592143;0;0
11581331;-592143;0;1
571924;-592143;0;1
3325332;-592143;0;1
6078485;-592143;0;1
8831893;-592143;0;1
11585046;-592143;0;1
575894;-592143;0;1
3329047;-592143;0;1
6082455;-592143;0;1
8835608;-592143;0;1
11534488;-592143;0;1
525081;-592143;0;0
3278489;-592143;0;0
6031642;-592143;0;0
8785050;-592143;0;0
11538203;-592143;0;0
529051;-592143;0;0
3282204;-592143;0;0
6035612;-592143;0;0
8788765;-592143;0;0
11542173;-592143;0;0
532766;-592143;0;0
3286174;-592143;0;0
6039327;-592143;0;0
8792735;-592143;0;0
11545888;-592143;0;0
536736;-592143;0;0
3289889;-592143;0;0
6043297;-592143;0;0
8796450;-592143;0;0
11549858;-592143;0;0
540451;-592143;0;0
3293859;-592143;0;0
6047012;-592143;0;0
8800420;-592143;0;0
11553573;-592143;0;0
544421;-592143;0;0
3297574;-592143;0;0
6050982;-592143;0;0
8804135;-592143;0;0
11557543;-592143;0;0
548136;-592143;0;0
3301544;-592143;0;0
6054697;-592143;0;0
8808105;-592143;0;0
11561258;-592143;0;0
552106;-592143;0;0
3305259;-592143;0;0
6058667;-592143;0;0
8811820;-592143;0;0
11565228;-592143;0;0
555821;-592143;0;0
3309229;-592143;0;0
6062382;-592143;0;0
8815790;-592143;0;0
11568943;-592143;0;0
559791;-592143;0;0
3312944;-592143;0;0
6066352;-592143;0;0
8819505;-592143;0;0
11572913;-592143;0;0
563506;-592143;0;0
3316914;-592143;0;0
6070067;-592143;0;0
8823475;-592143;0;0
11576628;-592143;0;0
567476;-592143;0;0
3320629;-592143;0;0
6074037;-592143;0;0
8827190;-592143;0;0
11580598;-592143;0;0
571191;-592143;0;0
3324599;-592143;0;0
6077752;-592143;0;0
8831160;-592143;0;0
11584313;-4403118;26;0
575161;-4403118;26;0
3328314;-4403118;26;0
6081722;-592143;0;0
8834875;-592143;0;0
11588283;-6638390;0;0
524348;-6638390;0;0
3277756;-6638390;0;0
6030909;-6638390;0;0
8784317;-6638390;0;0
11537470;-6638390;0;0
528318;-6638390;0;0
3281471;-592143;0;1
6034879;-592143;0;1
8788032;-592143;0;1
11541440;-592143;0;1
532033;-592143;0;1
3285441;-592143;0;1
6038594;-592143;0;1
8792002;-592143;0;1
11545155;-592143;0;1
536003;-592143;0;1
3289156;-592143;0;1
6042564;-592143;0;1
8795717;-592143;0;1
11549125;-592143;0;1
539718;-592143;0;1
3293126;-592143;0;1
6046279;-592143;0;1
8799687;-592143;0;1
11552840;-592143;0;1
543688;-592143;0;1
3296841;-592143;0;1
6050249;-592143;0;1
8803402;-592143;0;1
11556810;-592143;0;1
547403;-592143;0;1
3300811;-592143;0;1
6053964;-592143;0;1
8807372;-592143;0;1
11560525;-592143;0;1
551373;-592143;0;1
3304526;-592143;0;1
6057934;-592143;0;1
8811087;-6638390;0;0
11564495;-6638390;0;0
555088;-6638390;0;0
3308496;-6638390;0;0
6061649;-6638390;0;0
8815057;-6638390;0;0
11568210;-6638390;0;0
559058;-6638390;0;0
3312211;-6638390;0;0
6065619;-6638390;0;0
8818772;-6638390;0;0
11572180;-6638390;0;0
562773;-6638390;0;0
3316181;-6638390;0;0
6069334;-6638390;0;0
8822742;-6638390;0;0
11575895;-6638390;0;0
566743;-6638390;0;0
3319896;-6638390;0;0
6073304;-6638390;0;0
8826457;-6638390;0;0
11579865;-6638390;0;0
570458;-6638390;0;0
3323866;-6638390;0;0
6077019;-6638390;0;0
8830427;-6638390;0;0
11583580;-6638390;0;0
574428;-6638390;0;0
3327581;-6638390;0;0
6080989;-6638390;0;0
8834142;-6638390;0;0
11587550;-6638390;0;0
578143;-6638390;0;0
3277023;-6638390;0;0
6030176;-6638390;0;0
8783584;-6638390;0;0
11536737;-6638390;0;0
527585;-6638390;0;0
3280738;-6638390;0;0
6034146;-6638390;0;0
8787299;-6638390;0;0
11540707;-6638390;0;0
531200;-6638390;0;0
3284608;-6638390;0;0
6037761;-6638390;0;0
8791169;-6638390;0;0
11544322;-6638390;0;0
535170;-6638390;0;0
3288323;-6638390;0;0
6041731;-6638390;0;0
8794884;-6638390;0;0
11548292;-6638390;0;0
538885;-6638390;0;0
3292293;-6638390;0;0
6045446;-6638390;0;0
8798854;-6638390;0;0
11552007;-6638390;0;0
542855;-6638390;0;0
3296008;-6638390;0;0
6049416;-6638390;0;0
8802569;-6638390;0;0
11555977;-6638390;0;0
546570;-6638390;0;0
3299978;-6638390;0;0
6053131;-6638390;0;0
8806539;-6638390;0;0
11559692;-6638390;0;0
550540;-6638390;0;0
3303693;-6638390;0;0
6057101;-6638390;0;0
8810254;-6638390;0;0
11563662;-6638390;0;0
554255;-6638390;0;0
3307663;-6638390;0;0
6060816;-6638390;0;0
8814224;-6638390;0;0
11567377;-6638390;0;0
558225;-6638390;0;0
3311378;-6638390;0;0
6064786;-6638390;0;0
8817939;-6638390;0;0
11571347;-6638390;0;0
561940;-6638390;0;0
3315348;-6638390;0;0
6068501;-6638390;0;0
8821909;-6638390;0;0
11575062;-6638390;0;0
565910;-6638390;0;0
3319063;-6638390;0;0
6072471;-6638390;0;0
8825624;-6638390;0;0
11579032;-6638390;0;0
569625;-6638390;0;0
3323033;-6638390;0;0
6076186;-6638390;0;0
8829594;-6638390;0;0
11582747;-6638390;0;0
573595;-6638390;0;0
3326748;-6638390;0;0
6080156;-6638390;0;0
8833309;-6638390;0;0
11586717;-6638390;0;0
577310;-6638390;0;0
3330718;-6638390;0;0
6029343;-6638390;0;0
8782751;-6638390;0;0
11535904;-6638390;0;0
526752;-6638390;0;0
3279905;-6638390;0;0
6033313;-6638390;0;0
8786466;-6638390;0;0
11539874;-6638390;0;0
530467;-6638390;0;0
3283875;-6638390;0;0
6037028;-6638390;0;0
8790436;-6638390;0;0
11543589;-6638390;0;0
534437;-6638390;0;0
3287590;-6638390;0;0
6040998;-6638390;0;0
8794151;-6638390;0;0
11547559;-6638390;0;0
538152;-6638390;0;0
3291560;-6638390;0;0
6044713;-6638390;0;0
8798121;-6638390;0;0
11551274;-6638390;0;0
542122;-6638390;0;0
3295275;-6638390;0;0
6048683;-6638390;0;0
8801836;-6638390;0;0
11555244;-6638390;0;0
545837;-6638390;0;0
3299245;-6638390;0;0
6052398;-6638390;0;0
8805806;-6638390;0;0
11558959;-6638390;0;0
549807;-6638390;0;0
3302960;-6638390;0;0
6056368;-6638390;0;0
8809521;-6638390;0;0
11562929;-6638390;0;0
553522;-6638390;0;0
3306930;-6638390;0;0
6060083;-6638390;0;0
8813491;-592143;0;1
11566644;-592143;0;1
557492;-592143;0;1
3310645;-592143;0;1
6064053;-592143;0;1
8817206;-592143;0;1
11570614;-592143;0;1
561207;-592143;0;1
3314615;-592143;0;1
6067768;-592143;0;0
8821176;-592143;0;0
11574329;-592143;0;0
565177;-592143;0;0
3318330;-592143;0;0
6071738;-592143;0;0
8824891;-592143;0;0
11578299;-592143;0;0
568892;-592143;0;0
3322300;-592143;0;0
6075453;-11940641;1;0
8828861;-592143;0;0
11582014;-592143;0;0
572862;-592143;0;0
3326015;-592143;0;0
6079423;-592143;0;0
8832576;-592143;0;0
11585984;-592143;0;0
576577;-592143;0;0
3329985;-592143;0;0
6083138;-592143;0;0
8782018;-592143;0;0
11535171;-592143;0;0
526019;-592143;0;0
3279172;-6638390;0;0
6032580;-6638390;0;0
8785733;-6638390;0;0
11539141;-592143;0;0
529734;-6638390;0;0
3283142;-592143;0;0
6036295;-592143;0;0
8789703;-592143;0;0
11542856;-592143;0;0
533704;-592143;0;0
3286857;-592143;0;0
6040265;-592143;0;0
8793418;-592143;0;0
11546826;-592143;0;0
537419;-592143;0;0
3290827;-592143;0;0
6043980;-592143;0;0
8797388;-592143;0;0
11550541;-592143;0;0
541389;-592143;0;0
3294542;-592143;0;0
6047950;-592143;0;0
8801103;-592143;0;0
11554511;-592143;0;0
545104;-6522693;23;0
3298512;-592143;0;0
6051665;-592143;0;0
8805073;-592143;0;0
11558226;-592143;0;0
549074;-592143;0;0
3302227;-592143;0;0
6055635;-592143;0;0
8808788;-592143;0;0
11562196;-592143;0;0
552789;-592143;0;0
3306197;-592143;0;0
6059350;-592143;0;0
8812758;-592143;0;0
11565911;-592143;0;0
556759;-592143;0;0
3309912;-592143;0;0
6063320;-592143;0;0
8816473;-592143;0;0
11569881;-592143;0;0
560474;-592143;0;0
3313882;-592143;0;0
6067035;-592143;0;0
8820443;-592143;0;0
11573596;-592143;0;0
564444;-592143;0;0
3317597;-592143;0;0
6071005;-592143;0;0
8824158;-592143;0;0
11577566;-592143;0;0
568159;-592143;0;0
3321567;-592143;0;0
6074720;-592143;0;0
8828128;-592143;0;0
11581281;-592143;0;0
572129;-592143;0;0
3325282;-592143;0;0
6078690;-592143;0;0
8831843;-592143;0;0
11585251;-592143;0;0
575744;-592143;0;0
3329152;-592143;0;0
35631;-592143;0;0
16492880;-592143;0;0
15060642;-592143;0;0
10366863;-592143;0;0
7876221;-592143;0;0
3766201;-592143;0;0
3324959;-592143;0;0
12470947;-5385809;41;0
16261191;-592143;0;0
7209830;-592143;0;0
15129295;-592143;0;0
11164719;-592143;0;0
16393874;-592143;0;0
11095044;-592143;0;0
11725697;-592143;0;0
7571498;-592143;0;0
15001120;-592143;0;0
9936907;-592143;0;0
13740697;-592143;0;0
9842172;-592143;0;0
12176227;-592143;0;0
586366;-592143;0;0
2529264;-592143;0;0
7350440;-5385809;41;0
10428868;-5385809;41;0
2518342;-5385809;41;0
7016064;-5385809;41;0
4037861;-5385809;41;0
12921478;-5385809;41;0
9353647;-5385809;41;0
16369651;-5385809;41;0
8709419;-5385809;41;0
232292;-5385809;41;0
1623874;-5385809;41;0
10862915;-5385809;41;0
5528593;-5385809;41;0
10955253;-5385809;41;0
16292822;-5385809;41;0
7910587;-592143;0;1
11818566;-5385809;41;0
14115795;-592143;0;0
7941853;-592143;0;0
1644571;-592143;0;0
5824573;-5385809;41;0
12081123;-5385809;41;0
8488385;-5385809;41;0
545643;-5385809;41;0
1131777;-8009536;30;0
223128;-8009536;30;0
16437640;-8009536;30;0
2515287;-8009536;30;0
7410451;-8009536;30;0
4005194;-8009536;30;0
12876245;-8009536;30;0
4418582;-8009536;30;0
10234465;-8009536;30;0
4757120;-8009536;30;0
14885167;-8009536;30;0
523060;-8009536;30;0
15750467;-8009536;30;0
5867779;-8009536;30;0
2086868;-8009536;30;0
3607745;-8009536;30;0
11601028;-8009536;30;0
10860627;-8009536;30;0
8711763;-8009536;30;0
9655113;-8009536;30;0
11643149;-1468018;20;0
643063;-8009536;30;0
8170459;-2781766;34;0
15386056;-8009536;30;0
15556054;-8009536;30;0
5975745;-8009536;30;0
6510613;-8009536;30;0
8114099;-8009536;30;0
1276269;-8009536;30;0
13369638;-4872609;8;0
13344334;-4872609;8;0
7048189;-4872609;8;0
2102506;-4872609;8;0
14732251;-8009536;30;0
5814341;-8009536;30;0
12506151;-8009536;30;0
3914409;-2049854;14;0
7426217;-2049854;14;0
4361623;-2781766;34;0
13300380;-2781766;34;0
12859808;-2781766;34;0
15176347;-2781766;34;0
3921077;-3875131;40;0
13776206;-592143;0;0
6879030;-592143;0;0
3819895;-592143;0;0
3302204;-592143;0;0
7066253;-592143;0;0
13236165;-592143;0;0
11990836;-592143;0;0
6471252;-592143;0;0
946117;-592143;0;0
10888877;-592143;0;0
669025;-592143;0;0
11204720;-592143;0;0
2144263;-592143;0;0
11415838;-592143;0;0
14908479;-592143;0;0
7941;-592143;0;0
2775127;-592143;0;0
16199963;-592143;0;0
9471354;-592143;0;0
14289417;-592143;0;0
2962102;-592143;0;0
14704107;-592143;0;0
8838550;-592143;0;0
10704593;-592143;0;0
3177241;-592143;0;0
5740008;-592143;0;0
15646088;-592143;0;0
12033856;-592143;0;0
16073900;-592143;0;0
16750436;-592143;0;0
13960923;-592143;0;0
16064457;-592143;0;0
1509816;-592143;0;0
12831244;-592143;0;0
11979075;-592143;0;0
15292960;-592143;0;0
4643426;-592143;0;0
14684315;-592143;0;0
11265958;-592143;0;0
14209207;-1468018;20;0
8621063;-1468018;20;0
8119706;-1468018;20;0
2647208;-1468018;20;0
11855117;-1468018;20;0
13678886;-1468018;20;0
6320601;-1468018;20;0
12040675;-1468018;20;0
15442877;-1468018;20;0
12154451;-1468018;20;0
7308810;-1468018;20;0
418804;-1468018;20;0
8389539;-1468018;20;0
15178260;-1468018;20;0
3207362;-1468018;20;0
7515538;-1468018;20;0
16545942;-1468018;20;0
14098302;-1468018;20;0
2230804;-1468018;20;0
12919506;-1468018;20;0
3011659;-1468018;20;0
4620401;-1468018;20;0
868930;-1468018;20;0
8361101;-1468018;20;0
1410837;-1468018;20;0
7885919;-1468018;20;0
844471;-1468018;20;0
1689579;-1468018;20;0
7661766;-1468018;20;0
4639060;-1468018;20;0
7538462;-1468018;20;0
14117755;-1468018;20;0
1272307;-1468018;20;0
4915106;-1468018;20;0
15483765;-1468018;20;0
5992382;-1468018;20;0
12682679;-1468018;20;0
4559785;-1468018;20;0
10204173;-1468018;20;0
16160384;-1468018;20;0
15998683;-592143;0;1
570936;-1468018;20;0
13724289;-1468018;20;0
7477996;-1468018;20;0
5517343;-1468018;20;0
7501455;-1468018;20;0
15241378;-1468018;20;0
12164737;-1468018;20;0
15150521;-1468018;20;0
12745762;-1468018;20;0
1782886;-1468018;20;0
5197384;-1468018;20;0
10997138;-1468018;20;0
7261902;-1468018;20;0
2069225;-1468018;20;0
1603853;-1468018;20;0
16076542;-1468018;20;0
12298342;-1468018;20;0
9246404;-1468018;20;0
9968437;-1468018;20;0
10950539;-1468018;20;0
12728710;-1468018;20;0
8818144;-592143;0;0
11571297;-592143;0;0
562145;-592143;0;0
3315298;-592143;0;0
6068706;-592143;0;0
8821859;-592143;0;0
11575267;-592143;0;0
631296;-6638390;0;0
3384704;-6638390;0;0
6137857;-592143;0;0
8891265;-592143;0;0
11644418;-592143;0;0
635266;-592143;0;0
3388419;-592143;0;0
6141827;-592143;0;0
8894980;-592143;0;0
11648388;-592143;0;0
638981;-592143;0;0
3392389;-592143;0;0
6145542;-592143;0;0
8898950;-592143;0;0
11652103;-592143;0;0
642951;-592143;0;0
3396104;-592143;0;0
6094984;-592143;0;0
8848137;-592143;0;0
11601545;-592143;0;0
592138;-592143;0;0
3345546;-592143;0;0
6098699;-592143;0;0
8852107;-592143;0;0
11605260;-592143;0;0
596108;-592143;0;0
3349261;-592143;0;0
6102669;-592143;0;0
8855822;-592143;0;0
11609230;-592143;0;0
599823;-592143;0;0
3353231;-592143;0;0
6106384;-592143;0;0
8859792;-592143;0;0
11612945;-592143;0;0
603793;-592143;0;0
3356946;-592143;0;0
6110354;-592143;0;0
8863507;-592143;0;0
11616915;-592143;0;0
607508;-592143;0;0
3360916;-592143;0;0
6114069;-592143;0;0
8867477;-592143;0;0
11620630;-592143;0;0
611478;-592143;0;0
3364631;-592143;0;0
6118039;-592143;0;0
8871192;-592143;0;0
11624600;-592143;0;0
615193;-592143;0;0
3368601;-592143;0;0
6121754;-592143;0;0
8875162;-592143;0;0
11628315;-592143;0;0
619163;-592143;0;0
3372316;-592143;0;0
6125724;-592143;0;0
8878877;-592143;0;0
11632285;-592143;0;0
622878;-592143;0;0
3376286;-592143;0;0
6129439;-592143;0;0
8882847;-592143;0;0
11636000;-592143;0;0
626848;-592143;0;0
3380001;-592143;0;0
6133409;-592143;0;0
8886562;-592143;0;0
11639970;-592143;0;0
630563;-592143;0;0
3383971;-592143;0;0
6137124;-592143;0;0
8890532;-592143;0;0
11643685;-592143;0;0
634533;-592143;0;0
3387686;-592143;0;0
6141094;-592143;0;0
8894247;-592143;0;0
11647655;-592143;0;0
638248;-592143;0;0
3391656;-592143;0;0
6144809;-592143;0;0
8898217;-592143;0;0
11651370;-592143;0;0
642218;-592143;0;0
3395371;-592143;0;0
6148779;-592143;0;0
8847404;-592143;0;0
11600812;-592143;0;0
591405;-592143;0;0
3344813;-592143;0;0
6097966;-592143;0;0
8851374;-592143;0;0
11604527;-592143;0;0
595375;-592143;0;0
3348528;-592143;0;0
6101936;-592143;0;0
8855089;-592143;0;0
11608497;-592143;0;0
599090;-592143;0;0
3352498;-592143;0;0
6105651;-592143;0;0
8859059;-592143;0;0
11612212;-592143;0;0
603060;-592143;0;0
3356213;-592143;0;0
6109621;-592143;0;0
8862774;-592143;0;0
11616182;-592143;0;0
606775;-592143;0;0
3360183;-592143;0;0
6113336;-592143;0;0
8866744;-592143;0;0
11619897;-592143;0;0
610745;-592143;0;0
3363898;-592143;0;0
6117306;-592143;0;0
8870459;-592143;0;0
11623867;-592143;0;0
614460;-592143;0;0
3367868;-592143;0;0
6121021;-592143;0;0
8874429;-592143;0;0
11627582;-592143;0;0
618430;-592143;0;0
3371583;-592143;0;0
6124991;-592143;0;0
8878144;-592143;0;0
11631552;-592143;0;0
622145;-592143;0;0
3375553;-592143;0;0
6128706;-592143;0;0
8882114;-592143;0;0
11635267;-592143;0;0
626115;-592143;0;0
3379268;-592143;0;0
6132676;-592143;0;0
8885829;-592143;0;0
11639237;-592143;0;0
629830;-592143;0;0
3383238;-592143;0;0
6136391;-592143;0;0
8889799;-592143;0;0
11642952;-592143;0;0
633800;-592143;0;0
3386953;-592143;0;0
6140361;-592143;0;0
8893514;-592143;0;0
11646922;-592143;0;0
637515;-592143;0;0
3390923;-592143;0;0
6144076;-592143;0;0
8897484;-592143;0;0
11650637;-592143;0;0
641485;-592143;0;0
3394638;-592143;0;0
6148046;-592143;0;0
8901199;-592143;0;0
11600079;-592143;0;0
590672;-592143;0;0
3344080;-592143;0;0
6097233;-592143;0;0
8850641;-592143;0;0
11603794;-592143;0;0
594642;-592143;0;0
3347795;-592143;0;0
6101203;-592143;0;0
8854356;-592143;0;0
11607764;-592143;0;0
598357;-592143;0;0
3351765;-592143;0;0
6104918;-592143;0;0
8858326;-592143;0;0
11611479;-592143;0;0
602327;-592143;0;0
3355480;-592143;0;0
6108888;-592143;0;0
8862041;-592143;0;0
11615449;-592143;0;0
606042;-592143;0;0
3359450;-592143;0;0
6112603;-592143;0;0
8866011;-592143;0;0
11619164;-592143;0;0
610012;-592143;0;0
3363165;-592143;0;0
6116573;-592143;0;0
8869726;-592143;0;0
11623134;-592143;0;0
613727;-592143;0;0
3367135;-592143;0;0
6120288;-592143;0;0
8873696;-592143;0;0
11626849;-592143;0;0
617697;-592143;0;0
3370850;-592143;0;0
6124258;-592143;0;0
8877411;-592143;0;0
11630819;-592143;0;0
621312;-592143;0;0
3374720;-592143;0;0
6127873;-592143;0;0
8881281;-592143;0;0
11634434;-592143;0;0
625282;-592143;0;0
3378435;-592143;0;0
6131843;-592143;0;0
8884996;-592143;0;0
11638404;-592143;0;0
628997;-592143;0;0
3382405;-592143;0;0
6135558;-592143;0;0
8888966;-592143;0;0
11642119;-592143;0;0
632967;-592143;0;0
3386120;-592143;0;0
6139528;-592143;0;0
8892681;-592143;0;0
11646089;-592143;0;0
636682;-592143;0;0
3390090;-592143;0;0
6143243;-592143;0;0
8896651;-592143;0;0
11649804;-592143;0;0
640652;-592143;0;0
3393805;-592143;0;0
6147213;-592143;0;0
8900366;-592143;0;0
11653774;-592143;0;0
589839;-592143;0;0
3343247;-592143;0;0
6096400;-592143;0;0
8849808;-592143;0;0
11602961;-592143;0;0
593809;-592143;0;0
3346962;-592143;0;0
6100370;-592143;0;0
8853523;-592143;0;0
11606931;-592143;0;0
597524;-592143;0;0
3350932;-592143;0;0
6104085;-592143;0;0
8857493;-592143;0;0
11610646;-592143;0;0
601494;-592143;0;0
3354647;-592143;0;0
6108055;-592143;0;0
8861208;-592143;0;0
11614616;-592143;0;0
605209;-592143;0;0
3358617;-592143;0;0
6111770;-592143;0;0
8865178;-592143;0;0
11618331;-592143;0;0
609179;-592143;0;0
3362332;-592143;0;0
6115740;-592143;0;0
8868893;-592143;0;0
11622301;-592143;0;0
612894;-592143;0;0
3366302;-592143;0;0
6119455;-592143;0;0
8872863;-592143;0;0
11626016;-592143;0;0
616864;-592143;0;0
3370017;-592143;0;0
6123425;-592143;0;0
8876578;-592143;0;0
11629986;-592143;0;0
620579;-592143;0;0
3373987;-592143;0;0
6127140;-592143;0;0
8880548;-592143;0;0
11633701;-592143;0;0
624549;-592143;0;0
3377702;-592143;0;0
6131110;-592143;0;0
8884263;-592143;0;0
11637671;-592143;0;0
628264;-592143;0;0
3381672;-592143;0;0
6134825;-592143;0;0
8888233;-592143;0;0
11641386;-592143;0;0
632234;-592143;0;0
3385387;-592143;0;0
6138795;-592143;0;0
8891948;-592143;0;0
11645356;-592143;0;0
635949;-592143;0;0
3389357;-592143;0;0
6142510;-592143;0;0
8895918;-592143;0;0
11649071;-592143;0;0
639919;-592143;0;0
3393072;-592143;0;0
6146480;-592143;0;0
8899633;-592143;0;0
11653041;-592143;0;0
643634;-592143;0;0
3342514;-592143;0;0
6095667;-592143;0;0
8849075;-592143;0;0
11602228;-592143;0;0
593076;-592143;0;0
3346229;-592143;0;0
6099637;-592143;0;0
8852790;-592143;0;0
11606198;-592143;0;0
596791;-592143;0;0
3350199;-592143;0;0
6103352;-592143;0;0
8856760;-592143;0;0
11609913;-592143;0;0
600761;-592143;0;0
3353914;-592143;0;0
6107322;-592143;0;0
8860475;-592143;0;0
11613883;-592143;0;0
604476;-592143;0;0
3357884;-592143;0;0
6111037;-592143;0;0
8864445;-592143;0;0
11617598;-592143;0;0
608446;-592143;0;0
3361599;-592143;0;0
6115007;-592143;0;0
8868160;-592143;0;0
15057422;-1468018;20;0
612161;-592143;0;0
3365569;-592143;0;0
6118722;-592143;0;0
8872130;-592143;0;0
11625283;-592143;0;0
616131;-592143;0;0
3369284;-592143;0;0
6122692;-592143;0;0
8875845;-592143;0;0
11629253;-592143;0;0
619846;-592143;0;0
3373254;-592143;0;0
6126407;-592143;0;0
8879815;-592143;0;0
11632968;-592143;0;0
623816;-592143;0;0
3376969;-592143;0;0
6130377;-592143;0;0
8883530;-592143;0;0
11636938;-592143;0;0
627531;-592143;0;0
3380939;-592143;0;0
6134092;-592143;0;0
8887500;-592143;0;0
11640653;-592143;0;0
631501;-592143;0;0
3384654;-592143;0;0
6138062;-592143;0;0
8891215;-592143;0;0
11644623;-592143;0;0
635216;-592143;0;0
3388624;-592143;0;0
6141777;-592143;0;0
8895185;-592143;0;0
11648338;-592143;0;0
639186;-592143;0;0
3392339;-592143;0;0
6145747;-592143;0;0
8898900;-592143;0;0
11652308;-592143;0;0
642901;-592143;0;0
3396309;-592143;0;0
6094934;-592143;0;0
8848342;-592143;0;0
11601495;-592143;0;0
592343;-592143;0;0
3345496;-592143;0;0
6098904;-592143;0;0
8852057;-592143;0;0
11605465;-592143;0;0
596058;-592143;0;0
3349466;-592143;0;0
6102619;-592143;0;0
8856027;-592143;0;0
11609180;-592143;0;0
600028;-592143;0;0
3353181;-592143;0;0
6106589;-592143;0;0
8859742;-592143;0;0
11613150;-592143;0;0
603743;-592143;0;0
3357151;-592143;0;0
6110304;-592143;0;0
8863712;-592143;0;0
11616865;-592143;0;0
607713;-592143;0;0
3360866;-592143;0;0
6114274;-592143;0;0
8867427;-592143;0;0
11620835;-592143;0;0
611328;-592143;0;0
3364736;-592143;0;0
6117889;-592143;0;0
8871297;-592143;0;0
11624450;-592143;0;0
615298;-592143;0;0
3368451;-592143;0;0
6121859;-592143;0;0
8875012;-592143;0;0
11628420;-592143;0;0
619013;-592143;0;0
3372421;-592143;0;0
6125574;-592143;0;0
8878982;-592143;0;0
11632135;-592143;0;0
622983;-592143;0;0
3376136;-592143;0;0
6129544;-592143;0;0
8882697;-592143;0;0
11636105;-592143;0;0
626698;-592143;0;0
3380106;-592143;0;0
6133259;-592143;0;0
8886667;-592143;0;0
11639820;-592143;0;0
630668;-592143;0;0
3383821;-592143;0;0
6137229;-592143;0;0
8890382;-592143;0;0
11643790;-592143;0;0
634383;-592143;0;0
3387791;-592143;0;0
6140944;-592143;0;0
8894352;-592143;0;0
11647505;-592143;0;0
638353;-592143;0;0
3391506;-592143;0;0
6144914;-592143;0;0
8898067;-592143;0;0
11651475;-592143;0;0
642068;-592143;0;0
3395476;-592143;0;0
6148629;-592143;0;0
8847509;-592143;0;0
11600662;-592143;0;0
591510;-592143;0;0
3344663;-592143;0;0
6098071;-592143;0;0
8851224;-592143;0;0
11604632;-592143;0;0
595225;-592143;0;0
3348633;-592143;0;0
6101786;-592143;0;0
8855194;-592143;0;0
11608347;-592143;0;0
599195;-592143;0;0
3352348;-592143;0;0
6105756;-592143;0;0
14675805;-1468018;20;0
976667;-1468018;20;0
7378986;-1468018;20;0
3356318;-592143;0;0
6109471;-592143;0;0
8862879;-592143;0;0
11616032;-592143;0;0
606880;-592143;0;0
3360033;-592143;0;0
6113441;-592143;0;0
8866594;-592143;0;0
11620002;-592143;0;0
610595;-592143;0;0
3364003;-592143;0;0
6117156;-592143;0;0
8870564;-592143;0;0
11623717;-592143;0;0
614565;-592143;0;0
3367718;-592143;0;0
6121126;-592143;0;0
8874279;-592143;0;0
11627687;-592143;0;0
618280;-592143;0;0
3371688;-592143;0;0
6124841;-592143;0;0
8878249;-592143;0;0
11631402;-592143;0;0
622250;-592143;0;0
3375403;-592143;0;0
6128811;-592143;0;0
8881964;-592143;0;0
11635372;-592143;0;0
625965;-592143;0;0
3379373;-592143;0;0
6132526;-592143;0;0
8885934;-592143;0;0
11639087;-592143;0;0
629935;-592143;0;0
3383088;-592143;0;0
6136496;-592143;0;0
8889649;-592143;0;0
11643057;-592143;0;0
633650;-592143;0;0
3387058;-592143;0;0
6140211;-592143;0;0
8893619;-592143;0;0
11646772;-592143;0;0
637620;-592143;0;0
3390773;-592143;0;0
6144181;-592143;0;0
8897334;-592143;0;0
11650742;-592143;0;0
641335;-592143;0;0
3394743;-592143;0;0
6147896;-592143;0;0
8901304;-592143;0;0
11599929;-592143;0;0
590777;-592143;0;0
3343930;-592143;0;0
6097338;-592143;0;0
8850491;-592143;0;0
11603899;-592143;0;0
594492;-592143;0;0
3347900;-592143;0;0
6101053;-592143;0;0
8854461;-592143;0;0
11607614;-592143;0;0
598462;-592143;0;0
3351615;-592143;0;0
6105023;-592143;0;0
8858176;-592143;0;0
11611584;-592143;0;0
602177;-592143;0;0
3355585;-592143;0;0
6108738;-592143;0;1
8862146;-592143;0;0
11615299;-592143;0;0
606147;-592143;0;0
9395345;-1468018;20;0
6112708;-592143;0;0
8865861;-592143;0;0
11619269;-592143;0;0
609862;-592143;0;0
3363270;-592143;0;0
6116423;-592143;0;1
5055928;-1468018;20;0
10402409;-1468018;20;0
3143985;-1468018;20;0
4954358;-1468018;20;0
12617724;-592143;0;0
8873546;-592143;0;0
11626954;-592143;0;0
617547;-592143;0;0
3370955;-592143;0;0
6124108;-592143;0;0
8877516;-592143;0;0
11630669;-592143;0;0
621517;-592143;0;0
3374670;-592143;0;0
6128078;-592143;0;0
8881231;-592143;0;0
11634639;-592143;0;0
625232;-592143;0;0
3378640;-592143;0;0
6131793;-592143;0;0
8885201;-592143;0;0
11638354;-592143;0;0
629202;-592143;0;0
3382355;-592143;0;1
6135763;-592143;0;1
8888916;-592143;0;0
11642324;-592143;0;0
632917;-592143;0;0
3386325;-592143;0;0
6139478;-592143;0;0
8892886;-592143;0;0
11646039;-592143;0;0
636887;-592143;0;0
3390040;-592143;0;0
6143448;-592143;0;0
8896601;-592143;0;0
11650009;-592143;0;0
640602;-592143;0;0
3394010;-592143;0;0
6147163;-592143;0;0
8900571;-592143;0;0
11653724;-592143;0;0
590044;-592143;0;0
3343197;-592143;0;0
6096605;-592143;0;0
8849758;-592143;0;0
11603166;-592143;0;0
593759;-592143;0;0
3347167;-592143;0;0
6100320;-592143;0;0
8853728;-592143;0;0
11606881;-592143;0;0
597729;-592143;0;0
3350882;-592143;0;0
6104290;-592143;0;0
8857443;-592143;0;0
11610851;-592143;0;0
601344;-592143;0;0
3354752;-592143;0;0
6107905;-592143;0;0
8861313;-592143;0;0
11614466;-592143;0;0
605314;-592143;0;0
3358467;-592143;0;0
6111875;-592143;0;0
8865028;-592143;0;0
11618436;-592143;0;0
609029;-592143;0;0
3362437;-592143;0;0
6115590;-592143;0;0
8868998;-592143;0;0
11622151;-592143;0;0
612999;-592143;0;0
3366152;-592143;0;0
6119560;-592143;0;0
8872713;-592143;0;0
11626121;-592143;0;0
616714;-592143;0;0
3370122;-592143;0;1
6123275;-592143;0;0
8876683;-592143;0;0
11629836;-592143;0;0
620684;-592143;0;0
3373837;-592143;0;0
6127245;-592143;0;0
8880398;-592143;0;0
11633806;-592143;0;0
624399;-592143;0;0
3377807;-592143;0;0
6130960;-592143;0;0
8884368;-592143;0;0
11637521;-592143;0;0
628369;-592143;0;0
3381522;-592143;0;0
6134930;-592143;0;0
8888083;-592143;0;0
11641491;-592143;0;0
632084;-592143;0;0
3385492;-592143;0;0
6138645;-592143;0;0
8892053;-592143;0;0
11645206;-592143;0;0
636054;-592143;0;0
3389207;-592143;0;0
6142615;-592143;0;0
8895768;-11940641;1;0
11649176;-11940641;1;0
639769;-11940641;1;0
3393177;-11940641;1;0
6146330;-11940641;1;0
8899738;-11940641;1;0
11652891;-11940641;1;0
643739;-11940641;1;0
3342364;-11940641;1;0
6095772;-11940641;1;0
8848925;-592143;0;0
11602333;-592143;0;0
592926;-592143;0;1
3346334;-592143;0;1
6099487;-592143;0;1
8852895;-6638390;0;0
11606048;-592143;0;1
596896;-592143;0;1
3350049;-592143;0;1
6103457;-592143;0;1
8856610;-592143;0;1
3766060;-1468018;20;0
600611;-592143;0;1
3354019;-592143;0;1
6107172;-592143;0;1
14194691;-1468018;20;0
10662901;-1468018;20;0
12279251;-1468018;20;0
3357734;-592143;0;0
6111142;-592143;0;1
8864295;-592143;0;1
15823150;-1468018;20;0
608296;-592143;0;1
3361704;-592143;0;0
11246533;-1468018;20;0
6608902;-1468018;20;0
12892947;-1468018;20;0
3566012;-1468018;20;0
14678857;-2781766;34;0
3363451;-2781766;34;0
13862696;-2781766;34;0
1221625;-1468018;20;0
9627377;-1468018;20;0
16197383;-2781766;34;0
154758;-2781766;34;0
16107062;-2781766;34;0
5820189;-592143;0;0
9005972;-3875131;40;0
13859913;-3875131;40;0
13750639;-3875131;40;0
10981697;-3875131;40;0
6263052;-3875131;40;0
16006646;-3875131;40;0
6531537;-3875131;40;0
13151380;-3875131;40;0
14590454;-3875131;40;0
5344650;-3875131;40;0
7731701;-3875131;40;0
11915922;-3875131;40;0
9609897;-1468018;20;0
15999008;-3875131;40;0
11770384;-3875131;40;0
11635094;-3875131;40;0
1055921;-3875131;40;0
5368637;-3875131;40;0
14689133;-2705011;12;0
13090993;-2705011;12;0
6693972;-2705011;12;0
15831415;-2705011;12;0
1668243;-2705011;12;0
8433146;-2705011;12;0
10805379;-2705011;12;0
8557062;-2705011;12;0
9229586;-2705011;12;0
9184104;-2705011;12;0
7926415;-592143;0;1
5009602;-2705011;12;0
1236946;-2705011;12;0
3601800;-2705011;12;0
9718220;-2705011;12;0
14319364;-4021888;3;0
16154045;-4021888;3;0
7750389;-4021888;3;0
15903264;-4021888;3;0
16140593;-4021888;3;0
10869553;-4021888;3;0
4231721;-4021888;3;0
9589345;-4021888;3;0
3278506;-4021888;3;0
14218712;-592143;0;0
8239025;-4021888;3;0
1650031;-592143;0;0
13409084;-592143;0;0
8003509;-592143;0;0
252308;-592143;0;0
10037802;-592143;0;0
7009595;-4021888;3;0
13706850;-4021888;3;0
9401420;-4021888;3;0
12392866;-4021888;3;0
9710742;-4021888;3;0
11932920;-4021888;3;0
1524635;-4021888;3;0
5231652;-2705011;12;0
14317267;-2705011;12;0
4766381;-2705011;12;0
13856387;-4021888;3;0
3504774;-4021888;3;0
11245672;-4021888;3;0
6141882;-592143;0;0
10256143;-4021888;3;0
2876214;-4021888;3;0
2006872;-4021888;3;0
5577768;-4021888;3;0
6110409;-592143;0;0
10208468;-4021888;3;0
6529896;-4021888;3;0
8946417;-2705011;12;0
10861853;-2705011;12;0
5347840;-2705011;12;0
6074949;-2705011;12;0
10088712;-2705011;12;0
9232458;-4021888;3;0
10903730;-2705011;12;0
2077200;-2705011;12;0
5696193;-592143;0;0
5813751;-592143;0;0
13763811;-3486330;31;0
9591793;-2705011;12;0
1762916;-2705011;12;0
15388297;-2705011;12;0
7694274;-2705011;12;0
5839688;-2174821;43;0
6121809;-592143;0;0
2097564;-2174821;43;0
618385;-592143;0;0
3371538;-592143;0;0
3357001;-592143;0;0
16271559;-2174821;43;0
15560953;-2174821;43;0
4975066;-2174821;43;0
6005243;-1851783;24;0
2240158;-2174821;43;0
5578151;-2174821;43;0
9004098;-2174821;43;0
11288639;-1468018;20;0
2483143;-1851783;24;0
12424346;-1851783;24;0
5816189;-1851783;24;0
3675515;-1468018;20;0
13220950;-1468018;20;0
156958;-592143;0;1
15487151;-1468018;20;0
10061339;-2781766;34;0
615981;-592143;0;0
3377074;-592143;0;0
8160722;-2781766;34;0
12168325;-2781766;34;0
8378196;-1468018;20;0
1299346;-2781766;34;0
7238211;-2781766;34;0
195477;-4153638;39;0
9836311;-2781766;34;0
13460365;-2781766;34;0
15092074;-2781766;34;0
6429816;-1468018;20;0
10306937;-1468018;20;0
8895035;-592143;0;0
8899005;-592143;0;0
11652158;-592143;0;0
10750055;-1468018;20;0
13616387;-4153638;39;0
2189768;-1851783;24;0
4429888;-1851783;24;0
12918273;-4153638;39;0
7876352;-4153638;39;0
4826849;-4153638;39;0
14589383;-4153638;39;0
8034574;-592143;0;0
15845092;-592143;0;0
4838780;-592143;0;0
5620247;-592143;0;1
250616;-592143;0;0
2310095;-592143;0;0
5970687;-592143;0;0
12030166;-592143;0;0
8786405;-592143;0;0
13753256;-592143;0;0
14331549;-592143;0;0
3356168;-592143;0;0
6109576;-592143;0;0
8862729;-592143;0;0
796912;-592143;0;0
6632571;-592143;0;0
16230590;-592143;0;0
3360138;-592143;0;0
6113291;-592143;0;0
8866699;-592143;0;0
592193;-592143;0;0
3345601;-592143;0;0
6098754;-592143;0;0
8852162;-592143;0;0
11605315;-592143;0;0
596163;-592143;0;0
11472202;-592143;0;0
15357561;-592143;0;1
11642907;-592143;0;1
633755;-592143;0;1
3386908;-592143;0;0
10550335;-592143;0;0
8893469;-592143;0;0
11650592;-592143;0;0
11646877;-592143;0;0
637470;-592143;0;0
3390878;-592143;0;0
6144031;-592143;0;0
8897439;-592143;0;0
641440;-592143;0;0
3394593;-592143;0;0
6148001;-592143;0;0
6188183;-592143;0;0
3434775;-592143;0;0
8901154;-592143;0;0
11607719;-592143;0;0
11600034;-592143;0;0
590627;-592143;0;0
3344035;-592143;0;0
6097188;-592143;0;0
3347750;-592143;0;0
6101158;-592143;0;0
6104873;-592143;0;0
598312;-592143;0;0
8850596;-592143;0;0
8854311;-592143;0;0
11603749;-592143;0;0
8858281;-592143;0;0
11611434;-592143;0;0
602282;-592143;0;0
3355435;-592143;0;0
605997;-592143;0;0
3359405;-592143;0;0
6112558;-592143;0;0
11619119;-592143;0;0
609967;-592143;0;0
3363120;-592143;0;0
6116528;-592143;0;0
8869681;-592143;0;0
11623089;-592143;0;0
8861996;-592143;0;0
6120243;-592143;0;0
8873651;-592143;0;0
617652;-592143;0;0
3367090;-592143;0;0
3370805;-592143;0;0
6124213;-592143;0;0
8877366;-592143;0;0
613682;-592143;0;0
11630774;-592143;0;0
3374775;-592143;0;0
6127928;-592143;0;0
11634489;-592143;0;0
625337;-592143;0;0
3382460;-592143;0;0
3378490;-592143;0;0
6131898;-592143;0;0
8885051;-592143;0;0
11638459;-592143;0;0
629052;-592143;0;0
8889021;-592143;0;0
11642174;-592143;0;0
633022;-592143;0;0
3386175;-592143;0;0
11646144;-592143;0;0
3390145;-592143;0;0
6143298;-592143;0;0
8896706;-592143;0;0
11649859;-592143;0;0
3393860;-592143;0;0
8900421;-592143;0;0
11603016;-592143;0;0
593864;-592143;0;0
3347017;-592143;0;0
11653829;-592143;0;0
589894;-592143;0;0
8849863;-592143;0;0
6100425;-592143;0;0
8853578;-592143;0;0
11606986;-592143;0;0
597579;-592143;0;0
6104140;-592143;0;0
8857548;-592143;0;0
11610701;-592143;0;0
3354702;-592143;0;0
6108110;-592143;0;0
605264;-592143;0;0
3358672;-592143;0;0
6111825;-592143;0;0
6147268;-592143;0;0
3362387;-592143;0;0
6115795;-592143;0;0
8868948;-592143;0;0
616919;-592143;0;0
11626071;-592143;0;0
3370072;-592143;0;0
6123480;-592143;0;0
8876633;-592143;0;0
3374042;-592143;0;0
6127195;-592143;0;0
6119510;-592143;0;0
11633756;-592143;0;0
624604;-592143;0;0
3377757;-592143;0;0
628319;-592143;0;0
6134880;-592143;0;0
8888288;-592143;0;0
632289;-592143;0;0
6138850;-592143;0;0
8892003;-592143;0;0
11645411;-592143;0;0
8961409;-592143;0;0
11714562;-592143;0;1
705410;-592143;0;0
3458563;-592143;0;0
6211971;-592143;0;0
8965124;-592143;0;0
11718532;-592143;0;0
709125;-592143;0;0
3408005;-592143;0;0
8914566;-592143;0;0
3411720;-592143;0;0
11671689;-592143;0;0
662282;-592143;0;0
3415690;-592143;0;0
8922251;-592143;0;0
11675404;-592143;0;0
3419405;-592143;0;0
669967;-592143;0;0
6176528;-592143;0;0
8929936;-592143;0;0
11683089;-592143;0;0
673937;-592143;0;0
3427090;-592143;0;0
6180498;-592143;0;0
8933651;-592143;0;0
11687059;-592143;0;0
3431060;-592143;0;0
8937621;-592143;0;0
11690774;-592143;0;0
13563215;-592143;0;0
5275597;-592143;0;0
10053103;-592143;0;0
4343478;-592143;0;0
9852708;-592143;0;0
14862098;-592143;0;0
10000111;-592143;0;0
9099613;-592143;0;0
14407501;-592143;0;0
119207;-592143;0;0
16663254;-4021888;3;0
13243409;-4021888;3;0
2853608;-4021888;3;0
14063722;-592143;0;0
9678390;-592143;0;0
8427867;-592143;0;0
7146785;-592143;0;0
9652185;-592143;0;0
721799;-1468018;20;0
16200710;-1468018;20;0
8022691;-1468018;20;0
6251526;-1468018;20;0
9667461;-1468018;20;0
4516694;-1468018;20;0
4953913;-1468018;20;0
4678062;-1468018;20;0
627034;-1468018;20;0
16485213;-1468018;20;0
4131949;-1468018;20;0
9985709;-1468018;20;0
11074207;-592143;0;1
1877163;-1468018;20;0
855215;-1468018;20;0
14468059;-1468018;20;0
15742251;-1468018;20;0
3370839;-1468018;20;0
7576192;-1468018;20;0
10229406;-1468018;20;0
12843127;-1468018;20;0
14683888;-1468018;20;0
3258778;-1468018;20;0
14482693;-1468018;20;0
11329582;-1468018;20;0
9257731;-1468018;20;0
3509118;-1468018;20;0
14733858;-1468018;20;0
964141;-1468018;20;0
1751414;-1468018;20;0
6626281;-1468018;20;0
15694082;-1468018;20;0
12158065;-1468018;20;0
5019810;-1468018;20;0
6137835;-1468018;20;0
12609788;-3486330;31;0
13579802;-3486330;31;0
16591315;-3486330;31;0
10384180;-3486330;31;0
2274907;-3486330;31;0
15329722;-3486330;31;0
7858763;-592143;0;0
5933075;-592143;0;0
16716302;-592143;0;0
14296546;-592143;0;0
6782257;-5581922;42;0
924427;-592143;0;1
10416425;-5581922;42;0
2028487;-5581922;42;0
3511792;-5581922;42;0
9749969;-5581922;42;0
6833879;-5581922;42;0
3883772;-5581922;42;0
13546897;-5581922;42;0
14899016;-5581922;42;0
8113310;-5581922;42;0
1059956;-5581922;42;0
2614929;-5581922;42;0
3734453;-5581922;42;0
11291481;-5581922;42;0
8997662;-5581922;42;0
9531962;-5581922;42;0
10166787;-5581922;42;0
6407132;-5581922;42;0
8182575;-5581922;42;0
4086020;-5581922;42;0
14008381;-5581922;42;0
3804496;-5581922;42;0
540801;-3875131;40;0
14492835;-3875131;40;0
10835903;-3754883;15;0
1672981;-3754883;15;0
52863;-3754883;15;0
3271808;-3754883;15;0
5094302;-592143;0;0
16030564;-592143;0;0
6917908;-592143;0;0
15357514;-592143;0;0
5563148;-592143;0;0
4884984;-592143;0;0
2125061;-592143;0;0
12104751;-592143;0;0
10011468;-592143;0;0
12020475;-592143;0;0
8188819;-592143;0;0
16336028;-592143;0;0
8515864;-592143;0;0
16557710;-592143;0;0
1854098;-592143;0;0
9836682;-592143;0;0
11806392;-592143;0;0
7051191;-592143;0;0
7791340;-592143;0;0
4350824;-592143;0;0
13191403;-592143;0;0
13854125;-592143;0;0
13933566;-592143;0;0
155201;-3486330;31;0
10445073;-3486330;31;0
970545;-3486330;31;0
6330550;-3486330;31;0
2737804;-3486330;31;0
215798;-3486330;31;0
4229434;-3486330;31;0
8535925;-3486330;31;0
3529819;-3486330;31;0
10996430;-3486330;31;0
12208211;-3486330;31;0
1443460;-3486330;31;0
14342972;-3486330;31;0
11891015;-3486330;31;0
6474520;-3486330;31;0
14829479;-3486330;31;0
12585416;-3486330;31;0
14904561;-3486330;31;0
13963271;-3486330;31;0
10587425;-3486330;31;0
14143331;-3486330;31;0
1055687;-3486330;31;0
15707718;-3486330;31;0
5043410;-3486330;31;0
424868;-592143;0;0
10615667;-592143;0;0
12185910;-592143;0;0
6557881;-592143;0;0
11045394;-3486330;31;0
915735;-592143;0;0
3941532;-592143;0;0
3262251;-592143;0;0
5349233;-592143;0;0
6055354;-592143;0;0
11089019;-3486330;31;0
6945832;-3486330;31;0
7888370;-3486330;31;0
12573585;-3486330;31;0
16056858;-3486330;31;0
9572381;-3486330;31;0
8870912;-3486330;31;0
8267855;-592143;0;0
15212115;-3486330;31;0
9158982;-592143;0;0
15163409;-592143;0;0
1741414;-1851783;24;0
11817699;-1851783;24;0
3852377;-1851783;24;0
10593070;-1851783;24;0
13958330;-1851783;24;0
14228538;-1851783;24;0
5226028;-1851783;24;0
4732101;-5581922;42;0
16485533;-5581922;42;0
5267360;-5581922;42;0
2569048;-5581922;42;0
4534644;-1851783;24;0
12244605;-1851783;24;0
16364699;-5581922;42;0
5783093;-5581922;42;0
6509804;-4153638;39;0
8450188;-4153638;39;0
2942548;-4153638;39;0
11132673;-4153638;39;0
13704970;-5581922;42;0
6853661;-4153638;39;0
13440626;-4153638;39;0
10610296;-5581922;42;0
10189810;-5581922;42;0
9116362;-5581922;42;0
16452852;-5581922;42;0
10278077;-5581922;42;0
2444542;-5581922;42;0
10005622;-5581922;42;0
2158398;-5581922;42;0
3218412;-592143;0;1
13942354;-3754883;15;0
12323628;-592143;0;0
5080533;-592143;0;0
12796004;-592143;0;0
13417682;-592143;0;0
5628780;-592143;0;0
1320506;-592143;0;0
1834016;-592143;0;0
5567217;-592143;0;0
5242819;-592143;0;0
1746756;-592143;0;0
8541811;-2705011;12;0
8792028;-2705011;12;0
13757808;-592143;0;0
2522429;-592143;0;0
13798259;-592143;0;0
9228411;-592143;0;0
356113;-592143;0;0
11224860;-592143;0;0
11380344;-592143;0;0
12147017;-4021888;3;0
13552583;-592143;0;1
5418956;-4021888;3;0
13237280;-2705011;12;0
7451271;-2705011;12;0
5012754;-2705011;12;0
1291546;-2705011;12;0
10641914;-2705011;12;0
566473;-2705011;12;0
2714108;-2705011;12;0
10975903;-2705011;12;0
14552774;-2705011;12;0
16617954;-2705011;12;0
2990473;-2705011;12;0
6184758;-2705011;12;0
16524536;-2705011;12;0
2420006;-2705011;12;0
3908825;-2705011;12;0
16728133;-2705011;12;0
7313712;-4021888;3;0
11739275;-4021888;3;0
9508940;-592143;0;1
9265771;-592143;0;0
1396868;-592143;0;0
4140046;-592143;0;0
777855;-592143;0;0
10964360;-592143;0;0
15107202;-592143;0;0
6441973;-592143;0;0
3213944;-592143;0;0
14126868;-592143;0;0
13676785;-592143;0;0
5818947;-592143;0;0
2372477;-592143;0;0
3197406;-592143;0;0
6103866;-592143;0;0
13505795;-592143;0;0
5074610;-592143;0;0
11195307;-592143;0;0
92432;-592143;0;0
695488;-592143;0;0
4497233;-592143;0;0
6079744;-1468018;20;0
2105278;-1468018;20;0
7291523;-1468018;20;0
12767164;-1468018;20;0
74747;-1468018;20;0
9169025;-1468018;20;0
11524198;-1468018;20;0
6705628;-1468018;20;0
8758452;-1851783;24;0
4316173;-1851783;24;0
11601331;-1851783;24;0
2184975;-592143;0;0
602594;-592143;0;0
6125544;-5385809;41;0
4176323;-592143;0;0
15920744;-3486330;31;0
8598634;-3486330;31;0
15144622;-3486330;31;0
16540615;-592143;0;0
4753905;-592143;0;0
14759407;-592143;0;0
6549892;-5385809;41;0
10011263;-1468018;20;0
16536308;-592143;0;0
8919683;-592143;0;0
2431469;-592143;0;0
10123005;-592143;0;0
8044956;-592143;0;0
12871989;-592143;0;0
9689215;-592143;0;0
16728715;-592143;0;0
15562034;-592143;0;0
13147673;-592143;0;0
9392185;-592143;0;0
7699953;-592143;0;0
14516985;-592143;0;0
13619810;-592143;0;0
3542835;-592143;0;0
9314179;-592143;0;0
983464;-592143;0;0
8994369;-592143;0;0
11427251;-592143;0;0
8486296;-5385809;41;0
6672346;-5385809;41;0
5448441;-592143;0;0
7508832;-592143;0;0
3642225;-592143;0;0
10902769;-592143;0;0
5773507;-592143;0;0
10040720;-3875131;40;0
446511;-3875131;40;0
14975007;-8009536;30;0
12833988;-8009536;30;0
14911898;-8009536;30;0
12994233;-4153638;39;0
8215958;-4153638;39;0
15488627;-4153638;39;0
3654278;-4153638;39;0
6317070;-4153638;39;0
3841026;-4153638;39;0
16510575;-4153638;39;0
16367915;-5581922;42;0
6217080;-5581922;42;0
13014988;-5581922;42;0
4606077;-5581922;42;0
16033891;-5581922;42;0
2495749;-5581922;42;0
6484333;-5385809;41;0
14238874;-2705011;12;0
4582728;-2705011;12;0
10553333;-2705011;12;0
4591846;-2705011;12;0
4380398;-2705011;12;0
13453777;-2705011;12;0
10523361;-1468018;20;0
12572056;-5385809;41;0
15806635;-5385809;41;0
9951330;-5385809;41;0
5803047;-5385809;41;0
12546563;-5385809;41;0
16185490;-5385809;41;0
14700348;-5385809;41;0
9569735;-5385809;41;0
13690710;-5385809;41;0
15852081;-5385809;41;0
6214948;-5385809;41;0
16738810;-592143;0;0
8936563;-592143;0;0
4837373;-5385809;41;0
8412249;-5385809;41;0
1577958;-5385809;41;0
9155367;-5385809;41;0
12716756;-5385809;41;0
1282874;-5385809;41;0
3671713;-5385809;41;0
5302344;-5385809;41;0
16555330;-5385809;41;0
1553810;-5385809;41;0
4927350;-5385809;41;0
14847244;-5385809;41;0
1244386;-5385809;41;0
8151051;-5385809;41;0
680951;-5385809;41;0
1648070;-4153638;39;0
7531284;-4153638;39;0
10379886;-4153638;39;0
9476954;-1851783;24;0
5446137;-1851783;24;0
14420928;-4153638;39;0
1741727;-4153638;39;0
701784;-5581922;42;0
7678305;-5581922;42;0
7970455;-5581922;42;0
16268290;-5581922;42;0
7187311;-5581922;42;0
6327592;-4153638;39;0
11732533;-8009536;30;0
4625546;-5385809;41;0
4590185;-5385809;41;0
3323831;-5385809;41;0
8759205;-5385809;41;0
3594848;-5385809;41;0
500441;-5385809;41;0
15710837;-5385809;41;0
6325041;-5385809;41;0
16296425;-5385809;41;0
14036963;-5385809;41;0
225961;-1468018;20;0
1289349;-1468018;20;0
3870961;-1468018;20;0
2695291;-8009536;30;0
2340732;-2781766;34;0
1701303;-592143;0;0
14024711;-592143;0;0
302534;-5385809;41;0
7474163;-5385809;41;0
10614981;-8009536;30;0
9755716;-592143;0;0
6022424;-592143;0;0
16031943;-592143;0;0
368269;-592143;0;0
6859897;-592143;0;0
14093703;-592143;0;0
3292159;-592143;0;0
10934386;-592143;0;0
16307154;-1468018;20;0
6948382;-1468018;20;0
2684239;-1468018;20;0
12985037;-1468018;20;0
16655494;-1468018;20;0
7393256;-1468018;20;0
4357656;-1468018;20;0
747510;-1468018;20;0
14137216;-4153638;39;0
13638599;-4153638;39;0
9199294;-4153638;39;0
3575033;-1851783;24;0
3691816;-592143;0;0
10275096;-592143;0;0
3523683;-592143;0;0
9968408;-592143;0;0
6119656;-592143;0;0
502027;-592143;0;0
7090588;-592143;0;0
2104600;-4021888;3;0
16553607;-592143;0;0
15264005;-592143;0;0
16056507;-592143;0;0
776098;-8009536;30;0
3886728;-3486330;31;0
804241;-3486330;31;0
12632256;-592143;0;1
11967986;-5385809;41;0
14176532;-8009536;30;0
2310924;-8009536;30;0
5926052;-592143;0;0
119040;-592143;0;0
3841797;-592143;0;0
12180269;-592143;0;0
153348;-3875131;40;0
14137041;-5581922;42;0
13353138;-3486330;31;0
14519224;-592143;0;0
14929501;-592143;0;0
10728338;-1468018;20;0
13129482;-1468018;20;0
12324307;-592143;0;0
1311809;-1468018;20;0
1632847;-592143;0;0
13238297;-2705011;12;0
385794;-2705011;12;0
1096740;-592143;0;0
8979354;-1851783;24;0
12509856;-592143;0;1
4436721;-5385809;41;0
12080432;-592143;0;0
5077008;-592143;0;0
10835361;-4021888;3;0
6646852;-4021888;3;0
2333461;-592143;0;0
3244666;-592143;0;0
11063581;-592143;0;0
11434836;-6638390;0;0
2589888;-6638390;0;0
1594430;-1468018;20;0
428205;-592143;0;1
5410576;-592143;0;0
761376;-6638390;0;0
5997462;-6638390;0;0
8553813;-6638390;0;0
15216252;-6638390;0;0
8973081;-6638390;0;0
16556272;-6638390;0;0
6197535;-6638390;0;0
15443644;-592143;0;0
5699780;-6638390;0;0
7152027;-592143;0;0
4775732;-592143;0;0
14615881;-592143;0;0
15235758;-592143;0;1
4622834;-592143;0;1
7953586;-592143;0;1
4092925;-592143;0;1
5394833;-592143;0;1
7318044;-592143;0;0
7878461;-592143;0;1
1563261;-592143;0;1
9394772;-592143;0;1
1847450;-592143;0;1
8057408;-592143;0;1
13877383;-592143;0;1
1819224;-592143;0;1
13964477;-592143;0;1
2845281;-592143;0;1
13253181;-592143;0;1
13486216;-592143;0;1
10576735;-592143;0;1
1051543;-592143;0;1
15773308;-592143;0;1
8952108;-592143;0;0
10982288;-592143;0;0
2992440;-592143;0;0
4562838;-592143;0;0
7646777;-592143;0;0
9151639;-592143;0;0
11775025;-592143;0;0
3258259;-592143;0;0
5355579;-592143;0;0
6390421;-592143;0;0
10207017;-592143;0;1
12238759;-592143;0;0
1644487;-592143;0;0
10059284;-592143;0;0
14463017;-592143;0;0
15834392;-592143;0;0
16046730;-592143;0;0
13602085;-592143;0;0
9097400;-592143;0;0
3070367;-592143;0;0
2382151;-592143;0;0
1406036;-592143;0;0
1023084;-592143;0;0
694749;-592143;0;0
1601432;-592143;0;0
6469084;-592143;0;0
538703;-592143;0;0
12926327;-592143;0;0
9573706;-592143;0;0
6292266;-592143;0;0
3490316;-592143;0;0
4753952;-592143;0;1
9492325;-592143;0;0
1653509;-592143;0;1
7507986;-592143;0;0
8579651;-592143;0;0
6063428;-592143;0;0
12389645;-592143;0;0
14716301;-592143;0;0
6038821;-592143;0;0
9331732;-592143;0;0
15049248;-592143;0;0
15191194;-592143;0;0
5585932;-592143;0;0
14879175;-592143;0;0
8723575;-592143;0;0
4537357;-592143;0;0
15984552;-592143;0;1
15320849;-592143;0;0
12692538;-592143;0;1
14668426;-592143;0;0
9338406;-592143;0;0
9118993;-592143;0;0
13653052;-592143;0;0
6822669;-592143;0;0
14257792;-592143;0;0
15777718;-592143;0;0
7371808;-592143;0;0
13691927;-592143;0;0
12438120;-592143;0;0
5987849;-592143;0;1
12768082;-592143;0;1
1463383;-592143;0;0
1330507;-592143;0;0
10799564;-592143;0;0
1673348;-592143;0;1
3450539;-592143;0;0
1126963;-592143;0;0
4811886;-592143;0;0
2128651;-592143;0;0
2394638;-592143;0;0
6931795;-592143;0;0
9805650;-592143;0;0
4833326;-592143;0;0
2754825;-592143;0;1
9487085;-592143;0;0
3161673;-592143;0;1
868459;-592143;0;1
6996012;-592143;0;0
4025116;-592143;0;0
2311435;-592143;0;0
5864512;-592143;0;0
11961655;-592143;0;0
14855514;-592143;0;0
7161611;-592143;0;0
15455407;-592143;0;0
14920;-592143;0;0
1993084;-592143;0;0
8771049;-592143;0;0
1286854;-592143;0;0
5398533;-592143;0;0
14346881;-592143;0;0
12967734;-592143;0;0
9413156;-592143;0;0
8095929;-592143;0;1
6126307;-592143;0;0
400233;-592143;0;0
1587375;-592143;0;0
7880838;-592143;0;1
11606231;-592143;0;0
2493452;-592143;0;1
2754099;-592143;0;0
8874790;-592143;0;0
14076330;-592143;0;0
13999641;-592143;0;0
6212131;-592143;0;0
9420151;-592143;0;0
4164119;-592143;0;0
2446859;-592143;0;0
5990483;-592143;0;0
13643310;-592143;0;0
6754834;-592143;0;0
15836838;-592143;0;0
8602482;-592143;0;0
13568922;-592143;0;0
412875;-592143;0;0
7051238;-592143;0;0
14019105;-592143;0;1
8622098;-592143;0;0
727108;-592143;0;1
338595;-592143;0;0
9787151;-592143;0;0
15190955;-592143;0;0
15307568;-592143;0;0
13727760;-592143;0;1
6241816;-592143;0;0
1277100;-592143;0;0
1129552;-592143;0;0
12179171;-592143;0;0
6078702;-592143;0;0
2323353;-592143;0;0
8264291;-592143;0;0
12783250;-592143;0;0
15098306;-592143;0;0
9517689;-592143;0;0
4769904;-592143;0;0
7836031;-592143;0;0
1213237;-592143;0;0
479006;-592143;0;0
6560801;-592143;0;0
15279411;-592143;0;0
15314868;-592143;0;0
4902048;-592143;0;0
1273423;-592143;0;0
11070934;-592143;0;0
14913000;-592143;0;0
6162275;-592143;0;0
9705372;-592143;0;0
11297549;-592143;0;0
15898671;-592143;0;0
10987793;-592143;0;0
12895754;-592143;0;0
6184711;-592143;0;0
3401174;-592143;0;0
1738365;-592143;0;1
4316569;-592143;0;0
1554546;-592143;0;1
1214549;-592143;0;0
878143;-592143;0;0
5600102;-592143;0;0
2231565;-592143;0;1
13410509;-592143;0;0
3428808;-592143;0;0
3587738;-592143;0;0
6009081;-592143;0;0
513185;-592143;0;0
15967583;-592143;0;0
11253284;-592143;0;0
1191101;-592143;0;0
6000310;-592143;0;1
7804923;-592143;0;1
3936989;-592143;0;1
988255;-592143;0;0
3499016;-592143;0;1
5428756;-592143;0;0
9372664;-592143;0;0
9006026;-592143;0;0
16545314;-592143;0;0
5125425;-592143;0;0
11225145;-592143;0;0
15848444;-592143;0;0
16352933;-592143;0;0
10325551;-592143;0;0
15733868;-592143;0;0
13117059;-592143;0;0
14532186;-592143;0;0
2482206;-592143;0;0
11999475;-592143;0;0
5512035;-592143;0;0
2367876;-592143;0;0
14601856;-592143;0;0
6421598;-592143;0;0
5725559;-592143;0;0
14044230;-592143;0;1
11327911;-592143;0;0
4648365;-592143;0;0
15228287;-592143;0;0
12090576;-592143;0;0
5409368;-592143;0;0
6144681;-592143;0;0
8945332;-592143;0;0
10987527;-592143;0;1
9531369;-592143;0;0
8305869;-592143;0;0
12350057;-592143;0;0
2440157;-592143;0;0
6188800;-592143;0;0
15480440;-592143;0;1
7730933;-592143;0;0
9452303;-592143;0;0
1474034;-592143;0;0
9461296;-592143;0;0
15801747;-592143;0;0
4146608;-592143;0;0
4375217;-592143;0;0
977339;-592143;0;0
16741464;-592143;0;0
9950807;-592143;0;0
245791;-592143;0;0
7127073;-592143;0;0
6170942;-592143;0;0
6607608;-592143;0;0
2717255;-592143;0;0
6741940;-592143;0;0
8635447;-592143;0;0
9362038;-592143;0;1
12110489;-592143;0;0
144848;-592143;0;1
8900219;-592143;0;0
13482772;-592143;0;0
11510872;-592143;0;0
10492908;-592143;0;0
9431666;-592143;0;0
6376499;-592143;0;0
11844218;-592143;0;0
2895609;-592143;0;1
1263480;-592143;0;0
13077146;-592143;0;0
7505432;-592143;0;0
16524618;-592143;0;0
14177401;-592143;0;1
6720781;-592143;0;0
9568240;-592143;0;0
6490875;-592143;0;0
13960395;-592143;0;0
4163630;-592143;0;0
15868367;-592143;0;0
12112157;-592143;0;0
1731950;-592143;0;0
1146891;-592143;0;0
10386089;-592143;0;0
14701785;-592143;0;0
521913;-592143;0;0
10511687;-592143;0;0
16594246;-592143;0;0
13052691;-592143;0;0
10467660;-592143;0;0
14691561;-592143;0;1
2888443;-592143;0;0
531736;-592143;0;0
8745187;-592143;0;0
12886397;-592143;0;0
12628545;-592143;0;0
9485899;-592143;0;0
11962240;-592143;0;0
11129562;-592143;0;0
1752183;-592143;0;0
14873670;-592143;0;0
5984209;-592143;0;0
4803088;-592143;0;0
14089292;-592143;0;0
245287;-592143;0;1
9265659;-592143;0;0
6166528;-592143;0;0
212784;-592143;0;0
12544770;-592143;0;0
1152505;-592143;0;0
12285452;-592143;0;0
6017376;-592143;0;0
14944982;-592143;0;0
14478737;-592143;0;0
692550;-592143;0;0
721656;-592143;0;0
4129522;-592143;0;0
2818802;-592143;0;0
852722;-592143;0;0
11293681;-592143;0;0
3721339;-592143;0;0
5841598;-592143;0;0
15942525;-592143;0;0
2994780;-592143;0;1
6038172;-592143;0;0
12047438;-592143;0;0
4245489;-592143;0;0
9850491;-592143;0;0
5764371;-592143;0;0
13393955;-592143;0;0
7289336;-592143;0;0
5876939;-592143;0;0
10192473;-592143;0;0
3125995;-592143;0;0
4453755;-592143;0;0
8829745;-592143;0;0
1957516;-592143;0;0
6462707;-592143;0;0
13115991;-592143;0;0
11557310;-592143;0;0
9565450;-592143;0;0
2117326;-592143;0;0
8111926;-592143;0;0
10956221;-592143;0;0
5039961;-592143;0;0
15751046;-592143;0;0
12483573;-592143;0;0
16764152;-592143;0;0
15138781;-592143;0;0
7668984;-592143;0;0
15394454;-592143;0;0
9548522;-592143;0;0
7858863;-592143;0;0
15372409;-592143;0;0
15369149;-592143;0;0
10807953;-592143;0;0
12309224;-592143;0;0
7179752;-592143;0;0
1049844;-592143;0;0
6681227;-592143;0;0
15043517;-592143;0;0
8293861;-592143;0;0
15051420;-592143;0;0
10989029;-592143;0;0
15061177;-592143;0;0
16740559;-592143;0;0
16771468;-592143;0;0
16744353;-592143;0;0
13690328;-592143;0;0
15058397;-592143;0;0
15051284;-592143;0;0
7660894;-592143;0;0
7985381;-592143;0;0
10055909;-592143;0;0
14853725;-592143;0;0
7791241;-592143;0;0
14842518;-592143;0;0
14737979;-592143;0;0
9371635;-592143;0;0
16756594;-592143;0;0
14923775;-592143;0;0
8954749;-592143;0;0
9408675;-592143;0;0
10703248;-592143;0;0
7039651;-592143;0;0
1705192;-592143;0;0
13100416;-592143;0;0
12182984;-592143;0;0
10074341;-592143;0;0
14649317;-592143;0;0
8906207;-592143;0;0
12826111;-592143;0;0
13434873;-592143;0;0
10551230;-592143;0;0
16777102;-592143;0;0
16751517;-592143;0;0
13565889;-592143;0;0
8186367;-592143;0;0
14544639;-592143;0;0
16747750;-592143;0;0
8322935;-592143;0;0
16730595;-592143;0;0
5242729;-592143;0;0
16735820;-592143;0;0
10213631;-592143;0;0
11496959;-592143;0;0
16754087;-592143;0;0
10202367;-592143;0;0
15663006;-592143;0;0
15393535;-592143;0;0
13238229;-592143;0;0
16758230;-592143;0;0
11730936;-592143;0;0
16767346;-592143;0;0
4325168;-592143;0;0
16737962;-592143;0;0
15376127;-592143;0;0
12482047;-592143;0;0
13303641;-592143;0;0
11362559;-592143;0;0
10408959;-592143;0;0
11534269;-592143;0;0
16760019;-592143;0;0
8060798;-592143;0;1
16745198;-592143;0;1
7175423;-592143;0;0
4058111;-592143;0;0
13263103;-592143;0;0
9043892;-592143;0;0
16751067;-592143;0;0
16740971;-592143;0;0
16760665;-592143;0;0
11009871;-592143;0;0
9543423;-592143;0;0
4916472;-592143;0;0
11521271;-592143;0;0
14449143;-592143;0;0
16231816;-592143;0;0
7819140;-592143;0;0
7434116;-592143;0;0
7570526;-592143;0;0
4945284;-592143;0;0
8547197;-592143;0;0
13219688;-592143;0;0
13515065;-592143;0;0
4934604;-592143;0;0
12373063;-592143;0;0
11968255;-592143;0;0
16747729;-592143;0;0
16773326;-592143;0;0
10092488;-592143;0;0
16755355;-592143;0;0
11272083;-592143;0;0
10412745;-592143;0;0
14858111;-592143;0;0
8184448;-592143;0;0
10420147;-592143;0;0
16744316;-592143;0;0
14942082;-592143;0;0
16746443;-592143;0;0
16775021;-592143;0;0
11193599;-592143;0;0
12890879;-592143;0;0
14811063;-592143;0;0
9362332;-592143;0;0
14192570;-592143;0;0
10528984;-592143;0;0
14174552;-592143;0;0
6653144;-592143;0;0
14211247;-592143;0;0
10798808;-592143;0;0
3848664;-592143;0;0
14221274;-592143;0;0
1018879;-592143;0;0
16757434;-592143;0;0
7717375;-592143;0;0
14798591;-592143;0;0
12703487;-592143;0;0
16740495;-592143;0;0
16772271;-592143;0;0
10081535;-592143;0;0
8561151;-592143;0;0
6329855;-592143;0;0
3847518;-592143;0;0
10203756;-592143;0;0
11676263;-592143;0;0
11700067;-592143;0;0
9876073;-592143;0;0
7516839;-592143;0;0
11695226;-592143;0;0
16745154;-592143;0;0
12742143;-592143;0;0
16758220;-592143;0;0
16753532;-592143;0;0
15728452;-592143;0;0
12704767;-592143;0;0
11009927;-592143;0;0
5997726;-592143;0;0
4365946;-592143;0;0
10390321;-592143;0;0
10375736;-592143;0;0
5676629;-592143;0;0
10391880;-592143;0;0
6463100;-592143;0;0
8022942;-592143;0;0
16753621;-592143;0;0
13413887;-592143;0;0
9830291;-592143;0;0
11396095;-592143;0;0
16754888;-592143;0;0
6871551;-592143;0;0
16103423;-592143;0;0
16775049;-592143;0;0
16754864;-592143;0;0
16735851;-592143;0;0
3048559;-592143;0;0
5392004;-592143;0;0
8094804;-592143;0;0
6251468;-592143;0;0
16741044;-592143;0;0
13417399;-592143;0;0
12484812;-592143;0;0
11914440;-592143;0;0
13406892;-592143;0;0
13419841;-592143;0;0
14830172;-592143;0;0
8774350;-592143;0;0
6349391;-592143;0;0
14854092;-592143;0;0
10835682;-592143;0;0
7523478;-592143;0;0
12551884;-592143;0;0
13419605;-592143;0;0
10717900;-592143;0;0
13414522;-592143;0;0
13405891;-592143;0;0
11192288;-592143;0;0
12678368;-592143;0;0
6453216;-592143;0;0
14698367;-592143;0;0
14735575;-592143;0;0
14733139;-592143;0;0
9298097;-592143;0;0
11927506;-592143;0;0
6521935;-592143;0;0
8678990;-592143;0;0
6504496;-592143;0;0
11182877;-592143;0;0
5521254;-592143;0;0
12762062;-592143;0;0
7107175;-592143;0;0
2177055;-592143;0;0
519488;-592143;0;0
1837748;-592143;0;0
131437;-592143;0;0
4877698;-592143;0;0
2500621;-592143;0;0
4720352;-592143;0;0
9413534;-592143;0;0
9175587;-592143;0;0
441038;-592143;0;0
11010202;-592143;0;0
5843270;-592143;0;0
10993956;-592143;0;0
6090040;-592143;0;0
9422076;-592143;0;0
4380278;-592143;0;0
3682863;-592143;0;0
11170986;-592143;0;0
8366137;-592143;0;0
2494097;-592143;0;0
11502770;-592143;0;0
11695923;-592143;0;0
5777773;-592143;0;0
8864140;-592143;0;0
13408396;-592143;0;0
6382950;-592143;0;0
5131460;-592143;0;0
9087656;-592143;0;0
8022868;-592143;0;0
10509938;-592143;0;0
3680527;-592143;0;0
4672517;-592143;0;0
6827047;-592143;0;0
14025295;-592143;0;0
7048101;-592143;0;0
5375884;-592143;0;0
3157798;-592143;0;0
8649952;-592143;0;0
6315843;-592143;0;0
9663950;-592143;0;0
12351576;-592143;0;0
659294;-592143;0;0
2525910;-592143;0;0
185114;-592143;0;0
5337144;-592143;0;0
7108455;-592143;0;0
3435841;-592143;0;0
15548627;-592143;0;0
2173016;-592143;0;0
5507129;-592143;0;0
14189255;-592143;0;0
11520452;-592143;0;0
10061746;-592143;0;0
7039243;-592143;0;0
395839;-592143;0;0
8346987;-592143;0;0
11180484;-592143;0;0
15888267;-592143;0;0
6690596;-592143;0;0
6384971;-592143;0;0
4328202;-592143;0;0
5206099;-592143;0;0
7054741;-592143;0;0
16318412;-592143;0;0
4091960;-592143;0;0
5527106;-592143;0;0
1299353;-592143;0;0
2694456;-592143;0;0
6976843;-592143;0;0
4184965;-592143;0;0
5657461;-592143;0;0
6043823;-592143;0;0
6340384;-592143;0;0
3556363;-592143;0;0
4602720;-592143;0;0
579193;-592143;0;0
14858516;-592143;0;0
14193577;-592143;0;0
2828572;-592143;0;0
2504552;-592143;0;0
5130582;-592143;0;0
870732;-592143;0;0
8497302;-592143;0;0
13293734;-592143;0;0
7812363;-592143;0;0
485441;-592143;0;0
5126555;-592143;0;0
5205421;-592143;0;0
5981507;-592143;0;0
4212579;-592143;0;0
4766757;-592143;0;0
670983;-592143;0;0
5860632;-592143;0;1
4799550;-592143;0;1
5729120;-592143;0;1
2844274;-592143;0;0
11176618;-592143;0;0
1259536;-592143;0;0
1123874;-592143;0;0
5328159;-592143;0;0
8174676;-592143;0;0
9217514;-592143;0;0
12004708;-592143;0;0
15463667;-592143;0;0
13733605;-592143;0;0
6713441;-592143;0;0
2497298;-592143;0;0
5149505;-592143;0;0
8619123;-592143;0;0
6321274;-592143;0;0
3602804;-592143;0;0
2626598;-592143;0;0
10196360;-592143;0;0
5461047;-592143;0;0
3222067;-592143;0;0
11175545;-592143;0;0
3615546;-592143;0;0
4357147;-592143;0;0
5534316;-592143;0;0
16042377;-592143;0;0
14711390;-592143;0;0
7698039;-592143;0;0
5937553;-592143;0;0
2437151;-592143;0;0
7767939;-592143;0;0
10176893;-592143;0;0
10676265;-592143;0;0
2646108;-592143;0;0
14528921;-592143;0;0
7490648;-592143;0;0
2954022;-592143;0;0
5469577;-592143;0;0
8303958;-592143;0;0
3476812;-592143;0;0
14077896;-592143;0;0
7764577;-592143;0;0
6681297;-592143;0;0
12027033;-592143;0;0
1451414;-592143;0;0
7287722;-592143;0;0
9845887;-592143;0;0
1976667;-592143;0;0
4269920;-592143;0;0
8167085;-592143;0;0
2763550;-592143;0;0
3493815;-592143;0;0
2717444;-592143;0;0
370747;-592143;0;0
5320002;-592143;0;0
5339698;-592143;0;0
1914149;-592143;0;0
2768024;-592143;0;0
14217024;-592143;0;0
2246223;-592143;0;0
5738880;-592143;0;0
6309452;-592143;0;0
8828843;-592143;0;0
4750438;-592143;0;0
3108722;-592143;0;0
2434857;-592143;0;1
2829615;-592143;0;1
987411;-592143;0;1
2171685;-592143;0;1
1316376;-592143;0;1
3689064;-592143;0;0
980894;-592143;0;0
6976772;-592143;0;0
3810623;-592143;0;0
13226332;-592143;0;0
2694243;-592143;0;0
7898774;-592143;0;0
3374879;-592143;0;0
5525053;-592143;0;0
10990252;-592143;0;0
7032118;-592143;0;0
6275293;-592143;0;0
1643919;-592143;0;0
5817929;-592143;0;0
8324881;-592143;0;0
1226574;-592143;0;0
977451;-592143;0;0
9005039;-592143;0;0
14527174;-592143;0;0
7038474;-592143;0;0
7580868;-592143;0;0
3570734;-592143;0;0
3976129;-592143;0;0
3686200;-592143;0;0
8150852;-592143;0;0
1926421;-592143;0;0
6488068;-592143;0;0
14193546;-592143;0;0
10222728;-592143;0;0
10050452;-592143;0;0
1648726;-592143;0;0
13563690;-592143;0;0
9182993;-592143;0;0
427092;-592143;0;0
10851083;-592143;0;0
7812423;-592143;0;0
11922095;-592143;0;0
6497599;-592143;0;0
8092784;-592143;0;0
3303825;-592143;0;0
2287074;-592143;0;0
7335327;-592143;0;0
8703677;-592143;0;0
8680474;-592143;0;0
4993037;-592143;0;0
658704;-592143;0;1
7765811;-592143;0;0
4002861;-592143;0;0
2237501;-592143;0;0
5123665;-592143;0;0
10146708;-592143;0;0
1188902;-592143;0;0
8044474;-592143;0;0
13373288;-592143;0;0
7701106;-592143;0;0
6316684;-592143;0;0
5180188;-592143;0;0
12346808;-592143;0;0
7690208;-592143;0;0
5841394;-592143;0;0
6512204;-592143;0;0
9529204;-592143;0;0
681996;-592143;0;1
2493172;-6638390;0;0
2558712;-6638390;0;0
2624232;-6638390;0;0
2689772;-592143;0;1
2755312;-592143;0;1
2820852;-592143;0;1
2886392;-592143;0;1
2951912;-592143;0;1
3017452;-592143;0;1
3082992;-592143;0;1
3148532;-592143;0;1
3214072;-592143;0;1
3279592;-592143;0;1
3345132;-592143;0;1
3410672;-592143;0;1
3476212;-592143;0;0
3541752;-6638390;0;0
3607272;-6638390;0;0
3672812;-592143;0;0
3738352;-592143;0;0
13623978;-592143;0;0
415266;-592143;0;0
15396328;-592143;0;0
3408498;-592143;0;0
8151781;-592143;0;0
12988713;-592143;0;0
11383484;-592143;0;0
3887393;-592143;0;0
2031517;-592143;0;0
8784035;-592143;0;0
3346267;-592143;0;0
11448974;-592143;0;0
15233044;-592143;0;0
5185338;-592143;0;0
15056955;-592143;0;0
10246598;-592143;0;0
6314536;-592143;0;0
8422527;-592143;0;0
4087648;-592143;0;0
9850187;-592143;0;0
7036257;-592143;0;0
1726867;-592143;0;0
11329630;-592143;0;0
12432380;-592143;0;0
5330503;-592143;0;0
13550789;-592143;0;0
9532959;-592143;0;0
67007;-592143;0;0
4418400;-592143;0;0
5401202;-592143;0;0
3473685;-592143;0;0
13550847;-592143;0;0
5212011;-592143;0;0
7382348;-592143;0;0
14102509;-592143;0;0
2700580;-592143;0;0
8571308;-592143;0;0
3550013;-592143;0;0
7036234;-592143;0;0
11537384;-592143;0;0
1912093;-592143;0;0
2117426;-592143;0;0
12017590;-592143;0;0
3098432;-592143;0;0
3422233;-592143;0;0
7849121;-592143;0;0
14367192;-592143;0;0
7570551;-592143;0;0
12221674;-592143;0;0
4146965;-592143;0;0
7723184;-592143;0;0
5401916;-592143;0;0
7212264;-592143;0;0
4883030;-592143;0;0
10391194;-592143;0;0
4957019;-592143;0;0
9145955;-592143;0;0
355150;-592143;0;0
2153370;-592143;0;0
14470135;-592143;0;0
13628455;-592143;0;0
9200252;-592143;0;0
5272897;-592143;0;0
10030428;-592143;0;0
678686;-592143;0;0
4743248;-592143;0;0
3835740;-592143;0;0
475732;-592143;0;0
9866639;-592143;0;0
2957575;-592143;0;0
11070819;-592143;0;0
134392;-592143;0;0
8020863;-592143;0;0
2245671;-592143;0;0
8096181;-592143;0;0
3277104;-592143;0;0
14978372;-592143;0;0
2971153;-592143;0;0
1643847;-592143;0;0
12009137;-592143;0;0
2366847;-592143;0;0
8151563;-592143;0;0
10928049;-592143;0;0
8486297;-592143;0;0
272014;-592143;0;0
1171480;-592143;0;0
6686222;-592143;0;0
4211215;-592143;0;0
1615185;-592143;0;0
15042970;-592143;0;0
10387059;-592143;0;0
12448880;-592143;0;0
4332550;-592143;0;0
4546400;-592143;0;0
2823940;-592143;0;0
11489357;-592143;0;0
7801517;-592143;0;0
936973;-592143;0;0
6127395;-592143;0;0
861703;-592143;0;0
2297865;-592143;0;0
4667448;-592143;0;0
7906145;-592143;0;0
6291250;-592143;0;0
1738395;-592143;0;0
7358039;-592143;0;0
14633962;-592143;0;0
12490978;-592143;0;0
7693178;-592143;0;0
5705830;-592143;0;0
2690292;-592143;0;0
12234247;-592143;0;0
5975053;-592143;0;0
3028236;-592143;0;0
10861774;-592143;0;0
9181777;-592143;0;0
1163483;-592143;0;0
7045732;-592143;0;0
10735258;-592143;0;0
4659231;-592143;0;0
15269040;-592143;0;0
4149010;-592143;0;0
16013449;-592143;0;0
3542252;-592143;0;0
14069043;-592143;0;0
4355439;-592143;0;0
15917993;-592143;0;0
3816276;-592143;0;0
6757227;-592143;0;0
4554517;-592143;0;0
16371297;-592143;0;0
1734440;-592143;0;0
13868743;-592143;0;0
10192747;-592143;0;0
8548163;-592143;0;0
1328915;-592143;0;0
15377610;-592143;0;0
16727428;-592143;0;1
16727547;-592143;0;1
16727429;-592143;0;1
4656372;-592143;0;1
4721912;-592143;0;1
4787432;-592143;0;1
4852972;-592143;0;1
8512165;-592143;0;0
6197408;-592143;0;0
8681338;-592143;0;0
14480087;-592143;0;0
4015449;-592143;0;0
6689615;-592143;0;0
5583218;-592143;0;0
5522766;-592143;0;0
5912506;-592143;0;0
7066553;-592143;0;0
3119898;-592143;0;0
14193566;-592143;0;0
4663897;-592143;0;0
13152721;-592143;0;0
6845593;-592143;0;0
10482394;-592143;0;0
5996423;-592143;0;0
724564;-592143;0;0
4470072;-592143;0;0
3482419;-592143;0;0
9184708;-592143;0;0
7068614;-592143;0;0
7998999;-592143;0;0
4797316;-592143;0;0
8883117;-592143;0;0
2698149;-592143;0;0
7011441;-592143;0;0
13687734;-592143;0;0
10349105;-592143;0;0
12176461;-592143;0;0
16216502;-592143;0;0
281629;-592143;0;0
4829015;-592143;0;0
4279336;-592143;0;0
9868631;-592143;0;0
14534100;-592143;0;0
4023410;-592143;0;0
8662346;-592143;0;0
1987665;-592143;0;0
10053386;-592143;0;0
7093385;-592143;0;0
4359259;-592143;0;0
8670295;-592143;0;0
5997642;-592143;0;0
14873855;-592143;0;0
16313855;-592143;0;0
12043007;-592143;0;0
16746427;-592143;0;0
8805019;-592143;0;0
16768695;-592143;0;0
13735010;-592143;0;0
13720736;-592143;0;0
7274336;-592143;0;0
8912891;-592143;0;0
9358528;-592143;0;0
14083839;-592143;0;0
14201599;-592143;0;1
15064893;-592143;0;0
7390207;-592143;0;1
9220005;-592143;0;1
42218;-592143;0;1
4712549;-592143;0;1
11916799;-592143;0;0
12884991;-592143;0;0
10732258;-592143;0;0
13225727;-592143;0;0
16766716;-592143;0;0
13228031;-592143;0;0
14417407;-592143;0;0
16764791;-592143;0;0
14409916;-592143;0;0
12582863;-592143;0;0
15855103;-592143;0;1
7569284;-592143;0;0
8674620;-592143;0;0
5195652;-592143;0;0
4621425;-592143;0;0
5453311;-592143;0;0
16752975;-592143;0;0
10396159;-592143;0;0
10155168;-592143;0;0
16022193;-592143;0;0
3572311;-592143;0;0
14502254;-592143;0;0
14396893;-592143;0;0
16739287;-592143;0;0
13031679;-592143;0;0
16756817;-592143;0;0
9217996;-592143;0;0
7515084;-592143;0;0
16747358;-592143;0;0
16494591;-592143;0;0
6419575;-592143;0;0
12582894;-592143;0;0
11730921;-592143;0;0
16746869;-592143;0;0
16722089;-592143;0;0
8903679;-592143;0;0
7995243;-592143;0;0
16747650;-592143;0;0
14188543;-592143;0;0
9807279;-592143;0;0
14538495;-592143;0;0
7248281;-592143;0;0
4471330;-592143;0;1
6051396;-592143;0;1
3420456;-592143;0;1
6577743;-592143;0;1
15979394;-592143;0;1
13813156;-592143;0;1
13868917;-592143;0;1
10189924;-592143;0;1
14204070;-592143;0;1
4001768;-592143;0;1
4067308;-592143;0;1
4132848;-592143;0;1
4198388;-592143;0;1
4263928;-592143;0;1
4329448;-592143;0;1
4394988;-592143;0;1
4460528;-592143;0;1
4526068;-592143;0;1
4591608;-592143;0;1
4657128;-592143;0;1
7099670;-592143;0;1
15327362;-592143;0;1
10591871;-592143;0;1
12225045;-592143;0;1
6604921;-592143;0;1
9629862;-592143;0;1
7469810;-6638390;0;0
10537951;-6638390;0;0
5246968;-592143;0;0
14028788;-592143;0;0
8791874;-592143;0;0
11917491;-592143;0;0
5179189;-592143;0;0
16727441;-592143;0;0
12324998;-592143;0;0
11847267;-592143;0;0
15880162;-592143;0;0
12182147;-592143;0;0
8024191;-592143;0;0
11185427;-592143;0;0
15864613;-592143;0;0
8956051;-592143;0;0
9418185;-592143;0;0
2251027;-592143;0;0
6295528;-592143;0;0
15065054;-592143;0;0
9513808;-592143;0;0
4475750;-592143;0;0
3044672;-592143;0;0
3812116;-592143;0;0
2783008;-592143;0;0
3297059;-592143;0;0
10267291;-592143;0;0
5647683;-592143;0;0
16535065;-592143;0;0
7031098;-592143;0;0
3681329;-592143;0;0
7823439;-592143;0;0
14521185;-592143;0;0
15255656;-592143;0;0
8942230;-592143;0;0
2954265;-592143;0;0
1251622;-592143;0;0
8540290;-592143;0;0
12219781;-592143;0;0
2819624;-592143;0;0
14185154;-592143;0;0
1009239;-592143;0;0
4275015;-592143;0;0
11907716;-592143;0;0
7513413;-592143;0;0
5327667;-592143;0;0
4791072;-592143;0;0
8209545;-592143;0;0
11044442;-592143;0;0
4751973;-592143;0;0
69616;-592143;0;0
9203847;-592143;0;0
9668940;-592143;0;0
15268343;-592143;0;0
14037909;-592143;0;0
10381812;-592143;0;0
1736555;-592143;0;0
14697887;-592143;0;0
7482884;-592143;0;0
6490394;-592143;0;0
5244;-592143;0;0
7068622;-592143;0;0
2308150;-592143;0;0
2188839;-592143;0;0
8031679;-592143;0;0
5995455;-592143;0;0
1990713;-592143;0;0
2374930;-592143;0;0
5657137;-592143;0;0
14199754;-592143;0;0
14814976;-592143;0;0
1445876;-592143;0;0
6054502;-592143;0;0
14534662;-592143;0;0
9843035;-592143;0;0
13021835;-592143;0;0
4213436;-592143;0;0
4868699;-592143;0;0
5654346;-592143;0;0
3290987;-592143;0;0
5177869;-592143;0;0
4032949;-592143;0;0
2818067;-592143;0;0
11724953;-592143;0;0
7490679;-592143;0;0
11382696;-592143;0;0
6714039;-592143;0;0
2494712;-592143;0;0
14041174;-592143;0;0
551126;-592143;0;0
14983423;-592143;0;0
6689379;-592143;0;0
1911927;-592143;0;0
939153;-592143;0;0
6537132;-592143;0;0
4143649;-592143;0;0
11504577;-592143;0;0
3150072;-592143;0;0
8525610;-592143;0;0
6193749;-592143;0;0
4014645;-592143;0;0
2104703;-592143;0;0
11003323;-592143;0;0
5524003;-592143;0;0
4104160;-592143;0;0
3674352;-592143;0;0
1481676;-592143;0;0
3813139;-592143;0;0
5727778;-592143;0;0
3420482;-592143;0;1
1464183;-592143;0;0
11319185;-592143;0;0
1873542;-592143;0;0
14146792;-592143;0;0
8413337;-592143;0;0
7845801;-592143;0;0
11917541;-592143;0;0
11656514;-592143;0;0
9532085;-592143;0;0
8350811;-592143;0;0
6655539;-592143;0;0
4722932;-592143;0;0
9191251;-592143;0;0
3045985;-592143;0;0
4131863;-592143;0;0
341183;-592143;0;0
14670816;-592143;0;0
5188897;-592143;0;0
6072994;-592143;0;0
2168629;-592143;0;0
11026056;-592143;0;0
3673877;-592143;0;0
519546;-592143;0;0
15342668;-592143;0;0
6184206;-592143;0;0
10180500;-592143;0;0
5433996;-592143;0;0
13517006;-592143;0;0
10514555;-592143;0;0
5902572;-592143;0;0
1721377;-592143;0;0
7233909;-592143;0;0
9758943;-592143;0;0
630400;-592143;0;0
13533327;-592143;0;0
5066570;-592143;0;0
6169889;-592143;0;0
2055797;-592143;0;0
5411675;-592143;0;0
1125716;-592143;0;0
10201002;-592143;0;0
8050805;-592143;0;0
12582137;-592143;0;0
16242361;-592143;0;0
6885612;-592143;0;0
4999709;-592143;0;0
10167924;-592143;0;0
4244606;-592143;0;0
16045311;-592143;0;0
1256499;-592143;0;0
6707880;-592143;0;0
822829;-592143;0;0
14689972;-592143;0;0
2293805;-592143;0;0
5294432;-592143;0;0
5987909;-592143;0;0
6182493;-592143;0;0
5036053;-592143;0;0
14363456;-592143;0;0
324599;-592143;0;0
12369376;-592143;0;0
7999732;-592143;0;0
3477002;-592143;0;0
5918609;-592143;0;0
13408376;-592143;0;0
8331550;-592143;0;0
7373221;-592143;0;0
70136;-592143;0;0
2501908;-592143;0;0
11645573;-592143;0;0
10934425;-592143;0;0
1057143;-592143;0;0
10636225;-592143;0;0
4472153;-592143;0;0
5843984;-592143;0;0
3234111;-592143;0;0
1199179;-592143;0;0
9477775;-592143;0;0
791016;-592143;0;0
7565198;-592143;0;0
5386096;-592143;0;0
10528926;-592143;0;0
11673140;-592143;0;0
2570795;-592143;0;0
9159668;-592143;0;0
10389910;-592143;0;0
5605734;-592143;0;0
4213593;-592143;0;0
1515032;-592143;0;0
2109009;-592143;0;0
5468181;-592143;0;0
2170413;-592143;0;0
5291956;-592143;0;0
16322243;-592143;0;0
4462649;-592143;0;0
1195269;-592143;0;0
1970676;-592143;0;0
7057994;-592143;0;0
33336;-592143;0;0
4792939;-592143;0;0
12542924;-592143;0;0
14858774;-592143;0;0
8011084;-592143;0;0
2429416;-592143;0;0
5932933;-592143;0;0
16544943;-592143;0;0
1974353;-592143;0;0
106063;-592143;0;0
3896718;-592143;0;0
16235502;-592143;0;0
729353;-592143;0;0
11157682;-592143;0;0
3019256;-592143;0;0
1189893;-592143;0;0
11328308;-592143;0;0
6312793;-592143;0;0
8855316;-592143;0;0
3346936;-592143;0;0
7168083;-592143;0;0
7481861;-592143;0;0
8154996;-592143;0;0
6634359;-592143;0;0
3707652;-592143;0;0
3740136;-592143;0;0
3485486;-592143;0;0
9813813;-592143;0;0
12238562;-592143;0;0
1530122;-592143;0;0
7258313;-592143;0;0
4133356;-592143;0;0
12893889;-592143;0;0
2575405;-592143;0;0
1654023;-592143;0;0
11492399;-592143;0;0
4675914;-592143;0;0
4526576;-592143;0;0
3554966;-592143;0;0
11507610;-592143;0;0
2763064;-592143;0;0
3345966;-592143;0;0
91711;-592143;0;0
4919796;-592143;0;0
9334658;-592143;0;0
7819871;-592143;0;0
12675750;-592143;0;0
1137419;-592143;0;0
2641763;-592143;0;0
5313016;-592143;0;0
16749175;-592143;0;0
12996099;-592143;0;0
2295572;-592143;0;0
9649296;-592143;0;0
10884566;-592143;0;0
5706216;-592143;0;0
6291986;-592143;0;0
5384788;-592143;0;0
4987430;-592143;0;0
10844792;-592143;0;0
6033896;-592143;0;0
667690;-592143;0;0
2565677;-592143;0;0
10382726;-592143;0;0
268612;-592143;0;0
6361832;-592143;0;0
1257510;-592143;0;0
2969409;-592143;0;0
5462632;-592143;0;0
9623569;-592143;0;0
4938121;-592143;0;0
12107475;-592143;0;0
2163739;-592143;0;0
3494200;-592143;0;0
6951672;-592143;0;0
13730739;-592143;0;0
7163929;-592143;0;0
9460945;-592143;0;0
8678198;-592143;0;0
10083150;-592143;0;0
11060355;-592143;0;0
12685690;-592143;0;0
7892189;-592143;0;0
7541492;-592143;0;0
8685934;-592143;0;0
4663878;-592143;0;0
2108194;-592143;0;0
2501906;-592143;0;0
10398363;-592143;0;0
4075847;-592143;0;0
3230737;-592143;0;0
265371;-592143;0;0
5123470;-592143;0;0
2824506;-592143;0;0
8262392;-592143;0;0
4647653;-592143;0;0
9154463;-592143;0;0
9609344;-592143;0;0
8815507;-592143;0;0
15581405;-592143;0;0
11525576;-592143;0;0
3285616;-592143;0;0
463600;-592143;0;0
6708322;-592143;0;0
8664846;-592143;0;0
5323056;-592143;0;0
6329187;-592143;0;0
2994061;-592143;0;0
16360162;-592143;0;0
416083;-592143;0;0
5185287;-592143;0;0
1053420;-592143;0;0
2518419;-592143;0;0
2520939;-592143;0;0
13207232;-592143;0;0
8602275;-592143;0;0
2597572;-592143;0;0
8854797;-592143;0;0
9334612;-592143;0;0
5661470;-592143;0;0
1643240;-592143;0;0
332577;-592143;0;0
929891;-592143;0;0
15913151;-592143;0;0
7319259;-592143;0;0
14844982;-592143;0;0
2855270;-592143;0;0
2166047;-592143;0;0
8175935;-592143;0;0
11070176;-592143;0;0
4414076;-592143;0;0
2364140;-592143;0;0
4802835;-592143;0;0
1120527;-592143;0;0
3739253;-592143;0;0
7818320;-592143;0;0
8880815;-592143;0;0
9667950;-592143;0;0
11478823;-592143;0;0
393417;-592143;0;0
2045955;-592143;0;0
3019500;-592143;0;0
8445318;-592143;0;0
2494225;-592143;0;0
10366745;-592143;0;0
13231509;-592143;0;0
1456138;-592143;0;0
16237824;-592143;0;0
10792346;-592143;0;0
16046246;-592143;0;0
11055705;-592143;0;0
11380154;-592143;0;0
3740400;-592143;0;0
6526883;-592143;0;0
10385213;-592143;0;0
6102699;-592143;0;0
9668227;-592143;0;0
8396963;-592143;0;0
8159382;-592143;0;0
1836825;-592143;0;0
4985545;-592143;0;0
4330220;-592143;0;0
6381948;-592143;0;0
4692;-592143;0;0
860940;-592143;0;0
4855638;-592143;0;0
11710941;-592143;0;0
14210772;-592143;0;0
4982562;-592143;0;0
15348057;-592143;0;0
10925484;-592143;0;0
4985836;-592143;0;0
630932;-592143;0;0
2699102;-592143;0;0
2193248;-592143;0;0
268600;-592143;0;0
11357292;-592143;0;0
16237470;-592143;0;0
10782373;-592143;0;0
3675184;-592143;0;0
5855835;-6638390;0;0
5641196;-6638390;0;0
5706736;-6638390;0;0
5772276;-6638390;0;0
5837816;-6638390;0;0
5903336;-6638390;0;0
5968876;-6638390;0;0
6034416;-6638390;0;0
6099956;-6638390;0;0
6165496;-6638390;0;0
6231016;-6638390;0;0
6296556;-6638390;0;0
6362096;-6638390;0;0
6427636;-6638390;0;0
7959626;-592143;0;0
793356;-592143;0;1
6624236;-592143;0;1
1398551;-592143;0;1
6755316;-6638390;0;0
1917772;-6638390;0;0
3222317;-6638390;0;0
6163741;-6638390;0;0
1708116;-6638390;0;0
7082996;-6638390;0;0
9640241;-6638390;0;0
2825538;-6638390;0;0
7279596;-6638390;0;0
7353428;-6638390;0;0
7370057;-592143;0;1
7476216;-592143;0;1
3684146;-592143;0;1
6350276;-592143;0;1
7826298;-592143;0;1
7738356;-592143;0;1
10364723;-592143;0;1
9804180;-592143;0;1
7934956;-592143;0;1
1841672;-592143;0;1
11652315;-592143;0;1
3225614;-592143;0;1
2370855;-592143;0;1
8262636;-592143;0;1
16084215;-592143;0;1
3307325;-592143;0;1
3481125;-592143;0;1
201704;-592143;0;1
7238256;-592143;0;1
14180213;-592143;0;1
8870132;-592143;0;1
14201294;-592143;0;1
529384;-592143;0;1
594924;-592143;0;1
4472351;-592143;0;1
14612448;-592143;0;1
4231326;-592143;0;1
3888666;-592143;0;1
922604;-592143;0;1
921355;-592143;0;1
16192389;-592143;0;1
1119224;-592143;0;1
8024602;-592143;0;1
1250284;-592143;0;1
5179703;-592143;0;1
2455228;-592143;0;1
11050827;-592143;0;1
6147539;-592143;0;1
9206859;-592143;0;1
11315145;-592143;0;1
1709044;-592143;0;1
1644182;-592143;0;1
1717554;-592143;0;1
10326942;-592143;0;1
5068397;-592143;0;1
15987449;-592143;0;1
532768;-592143;0;1
8233882;-592143;0;1
9883212;-592143;0;1
2298864;-592143;0;1
1115663;-592143;0;1
2828326;-592143;0;1
4662842;-592143;0;1
7161897;-592143;0;1
5141786;-592143;0;1
2986763;-592143;0;1
2757624;-592143;0;1
11907701;-592143;0;1
1803237;-592143;0;1
2233907;-592143;0;1
3473434;-592143;0;1
535341;-592143;0;1
12541813;-592143;0;1
3216620;-592143;0;1
14842052;-592143;0;1
12636151;-592143;0;1
9177464;-592143;0;1
10406287;-592143;0;1
4345664;-592143;0;1
11783859;-592143;0;1
3675380;-592143;0;1
12551151;-592143;0;1
5726568;-592143;0;1
2829600;-592143;0;1
2307470;-592143;0;1
8881021;-592143;0;1
2631462;-592143;0;1
2844209;-592143;0;1
4199660;-592143;0;1
5321504;-592143;0;1
12011313;-592143;0;1
2686789;-592143;0;1
6782058;-592143;0;1
12517280;-592143;0;1
11094;-592143;0;1
4143108;-592143;0;1
4723960;-592143;0;1
12051905;-592143;0;1
279617;-592143;0;1
6837092;-592143;0;1
7874553;-592143;0;1
8006749;-592143;0;1
10951917;-592143;0;1
10197608;-592143;0;1
5248240;-592143;0;1
5867398;-592143;0;1
15975676;-592143;0;1
1975830;-592143;0;1
1774364;-592143;0;1
8532599;-592143;0;1
2009761;-592143;0;1
7143720;-592143;0;1
5772520;-592143;0;1
10846324;-592143;0;1
13391711;-592143;0;1
15256025;-592143;0;1
7688022;-592143;0;1
2301703;-592143;0;1
8011270;-592143;0;1
2169111;-592143;0;1
3355951;-592143;0;1
9130421;-592143;0;1
7490999;-592143;0;1
6713423;-592143;0;1
6558960;-592143;0;1
10702694;-592143;0;1
14053468;-592143;0;1
14820114;-592143;0;1
8549726;-592143;0;1
12039603;-592143;0;1
6952180;-592143;0;1
6052707;-592143;0;1
4232777;-592143;0;1
6014513;-592143;0;1
3221555;-592143;0;1
14854085;-592143;0;1
7345400;-592143;0;1
5192993;-592143;0;1
2519585;-592143;0;1
6001036;-592143;0;1
11189751;-592143;0;1
13881542;-592143;0;1
15192055;-592143;0;1
7804140;-592143;0;1
1707388;-592143;0;1
2725585;-592143;0;1
13751876;-592143;0;1
10730616;-592143;0;1
3618142;-592143;0;1
2698023;-592143;0;1
8262900;-592143;0;1
8552575;-592143;0;1
1263893;-592143;0;1
2174251;-592143;0;1
14850712;-592143;0;1
4084039;-592143;0;1
2046464;-592143;0;1
5532472;-592143;0;1
464108;-592143;0;1
1152163;-592143;0;1
7340837;-592143;0;1
3697271;-592143;0;1
726248;-592143;0;1
13875387;-592143;0;1
4877157;-592143;0;1
16052144;-592143;0;1
5837364;-592143;0;1
7434106;-592143;0;1
10739898;-592143;0;1
3812621;-592143;0;1
3494198;-592143;0;1
1316344;-592143;0;1
3418682;-592143;0;1
5849430;-592143;0;1
5853240;-592143;0;1
8089476;-592143;0;1
7558066;-592143;0;1
792373;-592143;0;1
5752327;-592143;0;1
4151955;-592143;0;1
1906164;-592143;0;1
8168360;-592143;0;1
3354414;-592143;0;1
2102764;-592143;0;1
3686220;-592143;0;1
14290405;-592143;0;1
8885781;-592143;0;1
4668993;-592143;0;1
13190120;-592143;0;1
6119272;-592143;0;1
6967410;-592143;0;1
2304802;-592143;0;1
8334451;-592143;0;1
16776606;-592143;0;1
2823664;-592143;0;1
13402278;-592143;0;1
5923678;-592143;0;1
4000818;-592143;0;1
12221299;-592143;0;1
3128390;-592143;0;1
12594899;-592143;0;1
3482891;-592143;0;1
5140686;-592143;0;1
1639178;-592143;0;1
10252770;-592143;0;1
12910404;-592143;0;1
3610104;-592143;0;1
14730714;-592143;0;1
5511520;-592143;0;1
2951984;-592143;0;1
16532520;-592143;0;1
2298380;-592143;0;1
4003304;-592143;0;1
11494751;-592143;0;1
14805735;-592143;0;1
2300692;-592143;0;1
1704755;-592143;0;1
8663607;-592143;0;1
7343134;-592143;0;1
1273121;-592143;0;1
4340787;-592143;0;1
14077645;-592143;0;1
4658664;-592143;0;1
1318461;-592143;0;1
3749690;-592143;0;1
14413783;-592143;0;1
2499873;-592143;0;1
11174679;-592143;0;1
2164492;-592143;0;1
10390886;-592143;0;1
2298155;-592143;0;1
13212136;-592143;0;1
3482158;-592143;0;1
5379564;-592143;0;1
8359515;-592143;0;1
7645843;-592143;0;1
11005707;-592143;0;1
6629232;-3875131;40;0
11621951;-592143;0;1
2178319;-3875131;40;0
5838324;-592143;0;1
11857189;-3875131;40;0
12874818;-592143;0;1
8162928;-3875131;40;0
1518369;-3875131;40;0
2266714;-592143;0;1
7352457;-592143;0;1
1482325;-592143;0;1
6362604;-592143;0;1
12025015;-592143;0;1
5803411;-592143;0;1
4801606;-592143;0;1
8678183;-592143;0;1
6690284;-592143;0;1
10850717;-592143;0;1
51482;-592143;0;1
665304;-592143;0;1
7973544;-592143;0;1
7805541;-592143;0;1
1386203;-592143;0;1
1180231;-592143;0;1
5272152;-592143;0;1
9164765;-592143;0;1
7345644;-592143;0;1
9530417;-592143;0;1
2162719;-592143;0;1
9041051;-592143;0;1
4755808;-592143;0;1
5521726;-592143;0;1
12659890;-592143;0;1
5536315;-592143;0;1
15592951;-592143;0;1
1841697;-592143;0;1
8001260;-592143;0;1
13226426;-592143;0;1
9191740;-592143;0;1
3610961;-592143;0;1
8263400;-592143;0;1
11368235;-592143;0;1
14838886;-592143;0;1
4470586;-592143;0;1
6911334;-592143;0;1
1121305;-592143;0;1
11711885;-592143;0;1
5416367;-592143;0;1
10489910;-592143;0;1
2828321;-592143;0;1
2719902;-592143;0;1
15586946;-592143;0;1
14082741;-592143;0;1
10987176;-592143;0;1
14528986;-592143;0;1
923368;-592143;0;1
12542850;-592143;0;1
7035676;-592143;0;1
12980029;-592143;0;1
1273104;-592143;0;1
5346928;-592143;0;1
4348727;-592143;0;1
11259583;-592143;0;1
1447668;-592143;0;1
1251650;-592143;0;1
6172962;-592143;0;1
6210666;-592143;0;1
4546093;-592143;0;1
15135473;-592143;0;1
15724510;-592143;0;1
4422771;-592143;0;1
1971948;-592143;0;1
13418951;-592143;0;1
6169111;-592143;0;1
4182;-592143;0;1
5193530;-592143;0;1
3809557;-592143;0;1
11646388;-4153638;39;0
9315958;-592143;0;1
2496248;-592143;0;1
227112;-592143;0;1
235904;-592143;0;1
1682035;-592143;0;1
15242396;-592143;0;1
10714188;-592143;0;1
1912865;-592143;0;1
3697041;-592143;0;1
6188159;-592143;0;1
3086068;-592143;0;1
14489153;-592143;0;1
10718495;-592143;0;1
10163351;-592143;0;1
5749374;-592143;0;1
2494478;-592143;0;1
11724818;-592143;0;1
7308368;-592143;0;1
8032623;-592143;0;1
8158898;-592143;0;1
3741428;-592143;0;1
6582919;-592143;0;1
4261111;-592143;0;1
10057824;-592143;0;1
10262942;-592143;0;1
333875;-592143;0;1
2501856;-592143;0;1
3112054;-592143;0;1
6921681;-592143;0;1
2347888;-592143;0;1
591930;-592143;0;1
4462328;-592143;0;1
9338265;-592143;0;1
12500704;-592143;0;1
9476944;-592143;0;1
11569596;-592143;0;1
10371989;-592143;0;1
7972958;-592143;0;1
4921068;-592143;0;1
7032865;-592143;0;1
12236902;-592143;0;1
11494531;-592143;0;1
1477055;-592143;0;1
8333367;-592143;0;1
2435106;-592143;0;1
11501739;-592143;0;1
4086624;-592143;0;1
12706487;-592143;0;1
5576428;-592143;0;1
6489602;-592143;0;1
2241844;-592143;0;1
9537890;-592143;0;1
12351518;-592143;0;1
15724396;-592143;0;1
6709357;-592143;0;1
8669005;-592143;0;1
6100984;-592143;0;1
8858739;-592143;0;1
1445946;-592143;0;1
3494182;-592143;0;1
9539472;-592143;0;1
9951299;-592143;0;1
15266989;-592143;0;1
5265666;-592143;0;1
13420241;-592143;0;1
9853232;-592143;0;1
6756344;-592143;0;1
4668940;-592143;0;1
1909532;-592143;0;1
3997762;-592143;0;1
5407255;-592143;0;1
10370114;-592143;0;1
4461824;-592143;0;1
9867641;-592143;0;1
3481388;-592143;0;1
7031144;-592143;0;1
7411704;-592143;0;1
8007961;-592143;0;1
5114247;-592143;0;1
8353134;-592143;0;1
6836060;-592143;0;1
3223362;-592143;0;1
15237208;-592143;0;1
4340507;-592143;0;1
7935984;-592143;0;1
7694957;-592143;0;1
1580049;-592143;0;1
1672233;-592143;0;1
7142530;-592143;0;1
14474978;-592143;0;1
8290090;-592143;0;1
3571512;-592143;0;0
16318622;-592143;0;1
10076575;-592143;0;1
268272;-592143;0;1
9557632;-592143;0;1
10042924;-592143;0;1
11511454;-592143;0;1
10268056;-592143;0;1
15720572;-592143;0;1
1523102;-592143;0;0
827890;-592143;0;0
10792858;-592143;0;1
858092;-592143;0;0
10933892;-592143;0;0
14693211;-592143;0;0
4472614;-3486330;31;0
4340544;-3486330;31;0
7497841;-3486330;31;0
7697176;-3486330;31;0
533256;-3486330;31;0
5010556;-3486330;31;0
1500904;-592143;0;0
1254168;-3486330;31;0
4140932;-3486330;31;0
7066473;-3486330;31;0
13878237;-3486330;31;0
1940285;-592143;0;0
1573693;-592143;0;0
1906672;-592143;0;0
6114257;-592143;0;0
3944004;-592143;0;1
13264588;-592143;0;1
4011844;-592143;0;1
2300743;-592143;0;1
1027503;-592143;0;1
2365432;-592143;0;1
6777665;-592143;0;1
15658482;-592143;0;1
11113192;-592143;0;1
10517907;-592143;0;1
1445427;-592143;0;1
16525408;-592143;0;1
5644078;-592143;0;1
2889712;-592143;0;1
8814332;-592143;0;1
1018127;-592143;0;1
5537658;-592143;0;1
1232109;-592143;0;0
14836504;-5581922;42;0
4227643;-592143;0;1
8810892;-592143;0;1
3413992;-592143;0;1
670460;-592143;0;0
2304806;-592143;0;0
8639399;-592143;0;0
12163580;-5581922;42;0
3223354;-5581922;42;0
6251371;-592143;0;0
410625;-592143;0;1
6308443;-592143;0;0
962466;-592143;0;1
10623208;-592143;0;1
1840301;-5581922;42;0
12251378;-5581922;42;0
15721756;-3875131;40;0
8869413;-5581922;42;0
8619867;-3875131;40;0
3491954;-592143;0;0
2035529;-592143;0;0
9729194;-592143;0;0
3617868;-592143;0;0
3819841;-592143;0;0
1671689;-592143;0;0
3700929;-5581922;42;0
4921588;-5581922;42;0
5043704;-5581922;42;0
6605903;-592143;0;0
1264045;-592143;0;0
1652006;-592143;0;0
5249268;-592143;0;0
8667199;-3875131;40;0
1994056;-592143;0;0
6510426;-592143;0;0
13555173;-592143;0;0
5513817;-592143;0;0
207654;-592143;0;0
1132420;-592143;0;0
2496411;-592143;0;0
8535043;-592143;0;0
993294;-592143;0;0
3678550;-592143;0;0
6035688;-592143;0;0
12072160;-592143;0;1
1394407;-592143;0;0
6050577;-592143;0;0
3860108;-592143;0;0
13737585;-592143;0;0
15749765;-592143;0;0
1478517;-592143;0;0
12892318;-592143;0;0
8349082;-592143;0;0
13041629;-592143;0;1
7474209;-592143;0;1
2725536;-592143;0;1
6356003;-592143;0;1
13201906;-592143;0;1
3434025;-592143;0;1
3151902;-592143;0;1
3609656;-592143;0;1
6595841;-592143;0;1
2427696;-592143;0;1
187101;-592143;0;1
9340784;-592143;0;1
3360552;-592143;0;1
5793360;-592143;0;1
7608568;-592143;0;0
4677480;-592143;0;0
5797748;-592143;0;0
3486254;-592143;0;0
10529437;-592143;0;0
278326;-592143;0;0
729986;-592143;0;0
14734043;-592143;0;0
1155223;-592143;0;0
865570;-592143;0;0
9007457;-592143;0;0
2106137;-592143;0;0
12688375;-592143;0;0
4090866;-592143;0;0
11119271;-592143;0;0
13421729;-592143;0;0
6695255;-592143;0;0
6314832;-592143;0;0
6930231;-592143;0;0
5402647;-592143;0;0
11960283;-592143;0;0
6776424;-592143;0;0
6526419;-592143;0;0
8778327;-592143;0;0
3156559;-592143;0;0
8490626;-592143;0;0
3441153;-592143;0;0
4543131;-592143;0;0
1385230;-592143;0;0
1186036;-592143;0;1
1251576;-592143;0;1
1317096;-592143;0;1
1382636;-592143;0;1
1448176;-6638390;0;0
2956714;-6638390;0;0
1579256;-592143;0;1
5270352;-592143;0;1
4147504;-592143;0;1
5588062;-592143;0;1
462376;-592143;0;1
1906936;-592143;0;1
10478066;-592143;0;1
3095139;-592143;0;1
8857471;-592143;0;1
8887088;-592143;0;1
7167329;-592143;0;1
4818702;-592143;0;1
9681094;-592143;0;0
16760442;-592143;0;0
10865919;-592143;0;0
9860251;-592143;0;0
15516927;-592143;0;0
14052787;-592143;0;0
9531862;-592143;0;0
16736565;-592143;0;0
7577760;-592143;0;0
14728923;-592143;0;0
13219293;-592143;0;0
16757457;-592143;0;0
16734788;-6638390;0;0
16766875;-6638390;0;0
16307199;-6638390;0;0
10856703;-6638390;0;0
16763342;-6638390;0;0
15526143;-6638390;0;0
10944380;-6638390;0;0
16318419;-592143;0;1
16751462;-592143;0;1
16755428;-592143;0;1
10515967;-592143;0;1
12058601;-592143;0;1
12240383;-6638390;0;0
3364681;-592143;0;0
13426943;-6638390;0;0
6750046;-6638390;0;0
9885439;-6638390;0;0
12451726;-6638390;0;0
16757423;-6638390;0;0
12579839;-6638390;0;0
14786815;-6638390;0;0
9538815;-592143;0;1
16775138;-592143;0;1
16737180;-592143;0;1
8388488;-592143;0;1
16775994;-592143;0;1
5037823;-592143;0;1
8507169;-592143;0;0
14109778;-592143;0;0
5770596;-592143;0;0
1738089;-592143;0;0
5000333;-592143;0;0
804381;-592143;0;0
14483296;-6638390;0;0
11534308;-6638390;0;0
14070527;-6638390;0;0
8191968;-6638390;0;0
9547464;-6638390;0;0
7158921;-6638390;0;0
2973205;-592143;0;0
7671544;-592143;0;0
13052;-592143;0;0
1733981;-592143;0;0
10055545;-592143;0;0
16033497;-592143;0;0
7904894;-592143;0;0
3438970;-592143;0;0
16235479;-592143;0;0
7344466;-592143;0;0
6592043;-592143;0;0
6367635;-592143;0;0
1721451;-592143;0;0
4089436;-592143;0;0
7481706;-592143;0;0
8045617;-592143;0;0
8351305;-592143;0;0
1949981;-592143;0;0
5094070;-592143;0;0
11482172;-592143;0;0
9006603;-592143;0;0
11177320;-592143;0;0
5736342;-6638390;0;0
7256741;-6638390;0;0
4965064;-6638390;0;0
6131908;-6638390;0;0
7961817;-6638390;0;0
5662629;-6638390;0;0
5126847;-6638390;0;0
2199508;-6638390;0;0
3588318;-6638390;0;0
6512115;-6638390;0;0
6195681;-6638390;0;0
5919427;-6638390;0;0
4110250;-6638390;0;0
6064308;-6638390;0;0
5271209;-6638390;0;0
5719715;-6638390;0;0
4136660;-6638390;0;0
4879773;-6638390;0;0
6440666;-6638390;0;0
6509274;-6638390;0;0
3123923;-6638390;0;0
203240;-6638390;0;0
9181676;-6638390;0;0
385520;-6638390;0;0
6953460;-6638390;0;0
465200;-6638390;0;0
13638376;-6638390;0;0
6520556;-6638390;0;0
11148016;-6638390;0;0
727796;-6638390;0;0
13951736;-6638390;0;0
858856;-6638390;0;0
980716;-6638390;0;0
989936;-6638390;0;0
7634676;-6638390;0;0
11529464;-6638390;0;0
1186536;-6638390;0;0
12458732;-6638390;0;0
1317616;-6638390;0;0
13769460;-6638390;0;0
13949176;-6638390;0;0
15105768;-6638390;0;0
1579756;-6638390;0;0
6238960;-6638390;0;0
1710836;-6638390;0;0
16194096;-6638390;0;0
5460695;-6638390;0;0
15040236;-6638390;0;0
8571120;-6638390;0;0
2038516;-6638390;0;0
8683252;-6638390;0;0
2169576;-6638390;0;0
8839916;-6638390;0;0
2300656;-6638390;0;0
8968436;-6638390;0;0
2482936;-6638390;0;0
2497256;-6638390;0;0
9141996;-6638390;0;0
15735536;-6638390;0;0
2693876;-6638390;0;0
15866616;-6638390;0;0
15983336;-6638390;0;0
9495276;-6638390;0;0
2956016;-6638390;0;0
9600756;-6638390;0;0
3087096;-6638390;0;0
3178216;-6638390;0;0
9797256;-6638390;0;0
3218156;-6638390;0;0
3349136;-6638390;0;0
3414576;-6638390;0;0
3505896;-6638390;0;0
16653036;-6638390;0;0
10164976;-6638390;0;0
3676916;-6638390;0;0
10321656;-6638390;0;0
3807976;-6638390;0;0
10452716;-6638390;0;0
3938956;-6638390;0;0
4030196;-6638390;0;0
4095736;-6638390;0;0
4135656;-6638390;0;0
4201196;-6638390;0;0
4161256;-6638390;0;0
4423668;-6638390;0;0
4423416;-6638390;0;0
4463336;-6638390;0;0
4554476;-6638390;0;0
4594416;-6638390;0;0
4685556;-6638390;0;0
11304696;-6638390;0;0
4816616;-6638390;0;0
4856556;-6638390;0;0
11501296;-6638390;0;0
4987636;-6638390;0;0
5104376;-6638390;0;0
11723496;-6638390;0;0
5184236;-6638390;0;0
5275376;-6638390;0;0
11894516;-6638390;0;0
5380856;-6638390;0;0
12025576;-6638390;0;0
3544294;-6638390;0;0
5603056;-6638390;0;0
5668496;-6638390;0;0
5708536;-6638390;0;0
5799656;-6638390;0;0
12393196;-6638390;0;0
5905136;-6638390;0;0
3375092;-6638390;0;0
6036216;-6638390;0;0
6101736;-6638390;0;0
6192876;-6638390;0;0
12786416;-6638390;0;0
6298356;-6638390;0;0
6389496;-6638390;0;0
6429416;-6638390;0;0
6546156;-6638390;0;0
2569065;-6638390;0;0
6626036;-6638390;0;0
6717176;-6638390;0;0
10689256;-6638390;0;0
6873836;-6638390;0;0
6888176;-6638390;0;0
7004916;-6638390;0;0
7019256;-6638390;0;0
7110632;-6638390;0;0
7176172;-6638390;0;0
7216112;-6638390;0;0
13835252;-6638390;0;0
7398392;-6638390;0;0
7412512;-6638390;0;0
7529452;-6638390;0;0
7543792;-6638390;0;0
7634932;-6638390;0;0
7674872;-6638390;0;0
7791592;-6638390;0;0
1252332;-6638390;0;0
7871472;-6638390;0;0
7988212;-6638390;0;0
1514388;-6638390;0;0
8068072;-6638390;0;0
8184812;-6638390;0;0
14752752;-6638390;0;0
14869492;-6638390;0;0
10492920;-6638390;0;0
72680;-6638390;0;0
5381100;-6638390;0;0
203760;-6638390;0;0
320500;-6638390;0;0
334840;-6638390;0;0
451560;-6638390;0;0
465900;-6638390;0;0
15604720;-6638390;0;0
596980;-6638390;0;0
7216120;-6638390;0;0
753640;-6638390;0;0
793580;-6638390;0;0
884720;-6638390;0;0
950260;-6638390;0;0
14097400;-6638390;0;0
7634920;-6638390;0;0
1121260;-6638390;0;0
1212400;-6638390;0;0
1252340;-6638390;0;0
1343480;-6638390;0;0
1383400;-6638390;0;0
1474540;-6638390;0;0
1514480;-6638390;0;0
1605620;-6638390;0;0
1645560;-6638390;0;0
1736680;-6638390;0;0
1776620;-6638390;0;0
1867760;-6638390;0;0
1907700;-6638390;0;0
1998840;-6638390;0;0
8592360;-6638390;0;0
2104300;-6638390;0;0
2195440;-6638390;0;0
2235180;-6638390;0;0
2326520;-6638390;0;0
8920040;-6638390;0;0
8985580;-6638390;0;0
2523120;-6638390;0;0
2563060;-6638390;0;0
9207800;-6638390;0;0
9247720;-6638390;0;0
2759660;-6638390;0;0
2850800;-6638390;0;0
8305351;-6638390;0;0
2380706;-6638390;0;0
1978970;-6638390;0;0
2307935;-6638390;0;0
2636900;-6638390;0;0
3218420;-6638390;0;0
9837560;-6638390;0;0
10785632;-6638390;0;0
3415020;-592143;0;0
8984926;-592143;0;0
15186717;-592143;0;0
6839946;-592143;0;0
3677160;-592143;0;0
9050462;-592143;0;0
15252253;-592143;0;0
6839690;-592143;0;0
9050718;-592143;0;0
4004840;-592143;0;0
9050974;-592143;0;0
15252254;-592143;0;0
6971018;-592143;0;0
15252255;-592143;0;0
4332520;-592143;0;0
7036810;-592143;0;0
9050975;-592143;0;0
4529140;-592143;0;0
15252511;-592143;0;0
7103114;-592143;0;0
9051231;-592143;0;0
15252767;-592143;0;0
4856820;-592143;0;0
9051487;-592143;0;0
5053420;-592143;0;0
614741;-592143;0;0
614997;-592143;0;0
680789;-592143;0;0
166625;-6638390;0;0
6106534;-6638390;0;0
232161;-6638390;0;0
15910440;-592143;0;0
9379428;-592143;0;0
9445221;-592143;0;0
1009755;-592143;0;0
15976233;-592143;0;0
9314406;-592143;0;0
2900162;-592143;0;0
943962;-592143;0;0
5916029;-592143;0;0
11617996;-592143;0;0
13285327;-592143;0;0
15131811;-592143;0;0
7499547;-592143;0;0
11052091;-592143;0;0
15569051;-592143;0;0
9245216;-592143;0;0
15809617;-592143;0;0
14669654;-592143;0;0
8091166;-592143;0;0
6191225;-6638390;0;0
11398896;-6638390;0;0
7694618;-592143;0;0
7685793;-592143;0;0
7709550;-592143;0;0
6823156;-592143;0;0
4873135;-6638390;0;0
2295145;-6638390;0;0
9932268;-6638390;0;0
4523365;-592143;0;0
7052771;-6638390;0;0
748492;-6638390;0;0
1020635;-6638390;0;0
2464435;-6638390;0;0
3327661;-592143;0;0
13849208;-592143;0;0
7173909;-592143;0;0
2736243;-592143;0;0
9961389;-592143;0;0
202023;-592143;0;0
14307433;-592143;0;0
11488975;-592143;0;0
7283637;-592143;0;0
12132526;-592143;0;0
3871330;-592143;0;0
7159401;-592143;0;0
4442305;-592143;0;0
4621937;-592143;0;0
1724973;-592143;0;0
7659761;-6638390;0;0
14912239;-592143;0;0
15803782;-592143;0;0
2168847;-592143;0;1
4464259;-592143;0;0
1333270;-592143;0;0
2044997;-592143;0;0
1193828;-592143;0;0
2365969;-592143;0;1
2497555;-592143;0;1
2629141;-592143;0;1
2760727;-592143;0;1
2892313;-592143;0;1
4204504;-592143;0;0
466207;-592143;0;1
598049;-592143;0;1
729379;-592143;0;1
860965;-592143;0;1
992551;-592143;0;1
1124137;-592143;0;1
1255723;-592143;0;1
1387309;-592143;0;1
1518895;-592143;0;1
1650481;-592143;0;1
1782067;-592143;0;1
1913653;-592143;0;1
2045239;-592143;0;1
2176825;-592143;0;1
2308411;-592143;0;1
1138961;-592143;0;0
14376730;-592143;0;0
3614506;-592143;0;0
2101536;-592143;0;1
2033183;-592143;0;1
1246739;-592143;0;1
2298915;-592143;0;1
1641241;-592143;0;1
3736634;-592143;0;1
6687847;-592143;0;1
11082154;-592143;0;1
6557029;-592143;0;1
4202048;-592143;0;1
5899611;-592143;0;1
4064575;-592143;0;1
2032927;-592143;0;1
6627686;-592143;0;1
8457858;-592143;0;1
4000062;-592143;0;1
4725064;-592143;0;1
8742246;-592143;0;1
274227;-592143;0;1
15597455;-592143;0;1
16748371;-592143;0;1
16748507;-592143;0;1
8013838;-592143;0;1
7093510;-592143;0;1
6371851;-592143;0;1
4467728;-592143;0;1
6043403;-592143;0;1
3416073;-592143;0;1
4863003;-592143;0;1
4995363;-592143;0;1
5249629;-592143;0;1
2557231;-592143;0;1
3478077;-592143;0;1
3082762;-592143;0;1
3278342;-592143;0;1
7502353;-592143;0;1
5199112;-592143;0;1
8554797;-592143;0;1
6317588;-592143;0;1
1708037;-592143;0;1
1971467;-592143;0;1
3056027;-592143;0;1
1345409;-592143;0;1
8682905;-592143;0;1
3424313;-592143;0;1
3164219;-592143;0;1
1192738;-592143;0;1
5447160;-592143;0;1
10270929;-592143;0;0
8388494;-592143;0;0
12255224;-592143;0;0
633754;-592143;0;0
13341183;-592143;0;0
8051711;-592143;0;0
13723279;-592143;0;0
13750605;-592143;0;0
7852486;-592143;0;0
8890065;-592143;0;0
13725335;-592143;0;0
10408958;-592143;0;0
11642906;-592143;0;0
16757375;-592143;0;0
14352255;-592143;0;0
15357560;-592143;0;1
0;-592143;0;1
7053727;-1468018;20;0
16766976;-6638390;0;0
9424177;-592143;0;0
11816931;-5385809;41;0
8278287;-5385809;41;0
2632249;-592143;0;0
554697;-5385809;41;0
2039978;-2705011;12;0
20671;-4021888;3;0
5261469;-5385809;41;0
16695884;-592143;0;0
14963482;-2705011;12;0
9105654;-592143;0;0
298925;-592143;0;0
5907103;-592143;0;0
13936616;-592143;0;0
10422441;-8009536;30;0
10207739;-8009536;30;0
9128127;-592143;0;1
13491041;-8009536;30;0
5687522;-8009536;30;0
10627183;-5385809;41;0
4117525;-5385809;41;0
14446857;-592143;0;0
14065273;-592143;0;0
1173643;-592143;0;0
314055;-592143;0;0
11212894;-592143;0;0
3504583;-592143;0;0
16645926;-592143;0;1
3538076;-592143;0;0
11862558;-592143;0;0
2756220;-592143;0;0
12376029;-592143;0;0
1077761;-592143;0;0
985655;-592143;0;0
16459314;-592143;0;0
3086891;-1468018;20;0
15193653;-592143;0;1
6162073;-1468018;20;0
8581620;-592143;0;1
6845333;-1468018;20;0
9446774;-1468018;20;0
12221260;-1468018;20;0
2357756;-1468018;20;0
604121;-1468018;20;0
3256640;-1468018;20;0
13129904;-1468018;20;0
10920096;-1468018;20;0
1638995;-1468018;20;0
9723035;-592143;0;0
12955585;-592143;0;0
6993401;-592143;0;0
13880322;-592143;0;0
11290533;-1468018;20;0
4147849;-1468018;20;0
4175898;-4153638;39;0
11227844;-4872609;8;0
15142656;-1468018;20;0
1762508;-1468018;20;0
15293903;-1468018;20;0
5890336;-1468018;20;0
3427013;-1468018;20;0
4321936;-1468018;20;0
11967798;-1468018;20;0
765694;-1468018;20;0
13517117;-1468018;20;0
15948298;-1468018;20;0
11221332;-1468018;20;0
2399923;-1468018;20;0
10780904;-3875131;40;0
6318777;-3875131;40;0
4275314;-2705011;12;0
6684783;-592143;0;0
14556232;-1468018;20;0
1920661;-1468018;20;0
4028700;-4021888;3;0
1122527;-592143;0;0
16639703;-1468018;20;0
9037912;-1468018;20;0
10628593;-1468018;20;0
10657042;-1468018;20;0
1333549;-1468018;20;0
16602656;-1468018;20;0
1225970;-4153638;39;0
8143324;-4153638;39;0
16438952;-1851783;24;0
15719010;-8009536;30;0
9262337;-1468018;20;0
11960481;-2705011;12;0
12984873;-1468018;20;0
11859966;-3486330;31;0
373477;-3486330;31;0
13073647;-1851783;24;0
14441698;-1851783;24;0
1955238;-1468018;20;0
6757627;-1468018;20;0
16286945;-5581922;42;0
917808;-5581922;42;0
8439391;-5581922;42;0
5231263;-5581922;42;0
15799038;-4021888;3;0
4538600;-4021888;3;0
5922651;-592143;0;0
11917558;-592143;0;0
7038052;-1468018;20;0
6900120;-1468018;20;0
8019002;-1468018;20;0
2932664;-592143;0;0
3527665;-592143;0;0
148978;-592143;0;0
7076338;-592143;0;0
14791061;-592143;0;0
93938;-592143;0;0
16088939;-1468018;20;0
7714202;-1468018;20;0
9808468;-3486330;31;0
3744208;-2705011;12;0
8001899;-3486330;31;0
9010358;-2705011;12;0
7910177;-5581922;42;0
5779717;-5581922;42;0
14165688;-5581922;42;0
7889075;-5581922;42;0
15341455;-592143;0;0
5971430;-592143;0;0
15437999;-592143;0;0
5634053;-2705011;12;0
15652882;-592143;0;0
5817931;-592143;0;0
2095896;-592143;0;0
2953930;-592143;0;0
16448617;-5581922;42;0
14661632;-5581922;42;0
7930432;-5581922;42;0
16335262;-5581922;42;0
12206316;-592143;0;0
14745124;-3486330;31;0
10959089;-3486330;31;0
13215165;-592143;0;0
9656467;-592143;0;0
2332950;-592143;0;0
14141816;-592143;0;0
9695319;-592143;0;0
3039946;-592143;0;0
14776781;-592143;0;0
714493;-592143;0;0
10340289;-592143;0;0
10770207;-592143;0;0
8687978;-592143;0;0
11995849;-1468018;20;0
1109489;-1468018;20;0
6031588;-1468018;20;0
5598289;-1468018;20;0
1863521;-1468018;20;0
2559941;-592143;0;0
4259950;-1468018;20;0
6238484;-1468018;20;0
9131239;-1468018;20;0
3492224;-4021888;3;0
13228884;-592143;0;0
10165226;-1468018;20;0
6418898;-1468018;20;0
10788166;-5581922;42;0
8271533;-5581922;42;0
233648;-2781766;34;0
127592;-2781766;34;0
16355942;-2781766;34;0
15929561;-2781766;34;0
16128948;-592143;0;0
7841298;-592143;0;0
15207689;-592143;0;0
139181;-2049854;14;0
11312877;-2781766;34;0
9533614;-2781766;34;0
14598324;-1468018;20;0
33082;-1468018;20;0
699493;-592143;0;0
6674292;-592143;0;0
5144973;-592143;0;0
12656726;-5581922;42;0
10688982;-5581922;42;0
8703860;-592143;0;1
3488311;-592143;0;0
15819299;-592143;0;0
5143379;-592143;0;0
11040354;-592143;0;0
6743050;-592143;0;1
16756475;-1468018;20;0
2578850;-592143;0;0
10537204;-1468018;20;0
10258736;-1468018;20;0
14905984;-592143;0;0
16118110;-592143;0;0
712304;-1468018;20;0
6566067;-1468018;20;0
5500286;-1468018;20;0
13193742;-1468018;20;0
6036944;-592143;0;0
10988103;-592143;0;0
8608899;-592143;0;0
14327312;-592143;0;0
12550568;-592143;0;0
10317713;-592143;0;0
1811436;-592143;0;0
15129464;-592143;0;0
6999864;-592143;0;0
14151611;-1468018;20;0
15727157;-592143;0;0
2686051;-592143;0;0
4670511;-592143;0;0
3809268;-6638390;0;1
3874808;-1468018;20;0
10353250;-592143;0;1
7651800;-592143;0;1
10289857;-592143;0;1
3389649;-592143;0;1
7044871;-592143;0;1
4136282;-592143;0;1
16542957;-592143;0;1
13776524;-592143;0;1
3252105;-592143;0;1
716227;-592143;0;1
2248461;-592143;0;1
9209049;-592143;0;1
14571862;-592143;0;1
3616654;-592143;0;1
5382663;-592143;0;1
2309219;-592143;0;1
9265963;-592143;0;1
2683110;-592143;0;1
7649905;-592143;0;1
2578512;-592143;0;1
12422226;-592143;0;1
1473398;-592143;0;1
3434201;-592143;0;1
3192226;-592143;0;1
7699955;-592143;0;1
15292756;-592143;0;1
1710488;-592143;0;1
15493239;-592143;0;1
11521943;-592143;0;1
6512716;-592143;0;1
5067749;-592143;0;1
13823288;-592143;0;1
13941650;-592143;0;1
9313733;-592143;0;1
14976061;-592143;0;1
9402153;-592143;0;1
8827200;-592143;0;1
9903406;-592143;0;1
6467526;-592143;0;1
6210108;-592143;0;1
1950039;-592143;0;1
11793252;-592143;0;1
8113419;-592143;0;1
12857326;-592143;0;1
15556974;-592143;0;1
1002430;-592143;0;1
3739114;-592143;0;1
6020893;-592143;0;1
16392781;-592143;0;1
5156599;-592143;0;1
9948846;-592143;0;1
5939573;-592143;0;1
15851197;-592143;0;1
2464029;-592143;0;1
16085483;-592143;0;1
12047950;-592143;0;1
10394960;-592143;0;1
15045948;-592143;0;1
11420548;-592143;0;1
2940466;-592143;0;1
15547532;-592143;0;1
16060016;-592143;0;1
13423486;-592143;0;1
577414;-592143;0;1
3096460;-592143;0;1
2956854;-592143;0;1
6498904;-592143;0;1
9877176;-592143;0;1
8107398;-592143;0;1
11278477;-592143;0;1
1289178;-592143;0;1
598471;-592143;0;1
13860834;-592143;0;1
16459988;-592143;0;1
176152;-592143;0;1
13150413;-592143;0;1
16766731;-592143;0;1
8396857;-592143;0;1
11251352;-592143;0;1
9910900;-592143;0;1
10290445;-592143;0;1
10950412;-592143;0;1
12596858;-592143;0;1
4862585;-592143;0;1
16336270;-592143;0;1
11656141;-592143;0;1
10184643;-592143;0;1
15418538;-592143;0;1
15178193;-592143;0;1
5131523;-592143;0;1
15499469;-592143;0;1
10075066;-592143;0;1
4385741;-592143;0;1
14524152;-592143;0;1
16397706;-592143;0;1
1815540;-592143;0;1
12320496;-592143;0;1
7524719;-592143;0;1
6092713;-592143;0;1
14582297;-592143;0;1
13711910;-592143;0;1
16180432;-592143;0;1
1870915;-592143;0;1
1368885;-592143;0;1
10015274;-592143;0;1
907228;-592143;0;1
2924287;-592143;0;1
8935530;-592143;0;1
10448643;-592143;0;1
7050196;-592143;0;1
