county,old_culture,culture,faith,ruler,ruler_culture
c_BAL_anbyeon,aq_tungusic,aq_tungusic,tengri_pagan,aq_chief_1,aq_tungusic
c_BAL_central_hoewon,aq_tungusic,aq_tungusic,tengri_pagan,aq_chief_2,aq_tungusic
c_BAL_changchun,aq_tungusic,aq_tungusic,tengri_pagan,aq_chief_3,aq_tungusic
c_BAL_dazhou,aq_tungusic,aq_tungusic,tengri_pagan,aq_chief_4,aq_tungusic
c_BAL_delizhen,aq_tungusic,aq_tungusic,tengri_pagan,aq_chief_5,aq_tungusic
c_BAL_dongju,aq_tungusic,aq_tungusic,tengri_pagan,aq_chief_6,aq_tungusic
c_BAL_dongpyeong_yizhou,aq_tungusic,aq_tungusic,tengri_pagan,aq_chief_7,aq_tungusic
c_BAL_east_amnok,aq_tungusic,aq_tungusic,tengri_pagan,aq_chief_8,aq_tungusic
c_BAL_east_hoewon,aq_tungusic,aq_tungusic,tengri_pagan,aq_chief_9,aq_tungusic
c_BAL_east_hyeondeok,aq_tungusic,aq_tungusic,tengri_pagan,aq_chief_10,aq_tungusic
c_BAL_east_jangryeong,aq_tungusic,aq_tungusic,tengri_pagan,aq_chief_11,aq_tungusic
c_BAL_fengzhou,aq_tungusic,aq_tungusic,tengri_pagan,aq_chief_12,aq_tungusic
c_BAL_fuzhou,aq_tungusic,aq_tungusic,tengri_pagan,aq_chief_13,aq_tungusic
c_BAL_heuksu_anwon,aq_tungusic,aq_tungusic,tengri_pagan,aq_chief_14,aq_tungusic
c_BAL_huligai,aq_tungusic,aq_tungusic,tengri_pagan,aq_chief_15,aq_tungusic
c_BAL_ilanshan,aq_tungusic,aq_tungusic,tengri_pagan,aq_chief_16,aq_tungusic
c_BAL_jeongni,aq_tungusic,aq_tungusic,tengri_pagan,aq_chief_17,aq_tungusic
c_BAL_jixi,aq_tungusic,aq_tungusic,tengri_pagan,aq_chief_18,aq_tungusic
c_BAL_makhil,aq_tungusic,aq_tungusic,tengri_pagan,aq_chief_19,aq_tungusic
c_BAL_namhae,aq_tungusic,aq_tungusic,tengri_pagan,aq_chief_20,aq_tungusic
c_BAL_ningzhou,aq_tungusic,aq_tungusic,tengri_pagan,aq_chief_21,aq_tungusic
c_BAL_north_anbyeon,aq_tungusic,aq_tungusic,tengri_pagan,aq_chief_22,aq_tungusic
c_BAL_north_anwon,aq_tungusic,aq_tungusic,tengri_pagan,aq_chief_23,aq_tungusic
c_BAL_northyongwon,aq_tungusic,aq_tungusic,tengri_pagan,aq_chief_24,aq_tungusic
c_BAL_sokju,aq_tungusic,aq_tungusic,tengri_pagan,aq_chief_25,aq_tungusic
c_BAL_solbin,aq_tungusic,aq_tungusic,tengri_pagan,aq_chief_26,aq_tungusic
c_BAL_south_hoewon,aq_tungusic,aq_tungusic,tengri_pagan,aq_chief_27,aq_tungusic
c_BAL_southyongwon,aq_tungusic,aq_tungusic,tengri_pagan,aq_chief_28,aq_tungusic
c_BAL_supin,aq_tungusic,aq_tungusic,tengri_pagan,aq_chief_29,aq_tungusic
c_BAL_west_amnok,aq_tungusic,aq_tungusic,tengri_pagan,aq_chief_30,aq_tungusic
c_BAL_west_cheolli,aq_tungusic,aq_tungusic,tengri_pagan,aq_chief_31,aq_tungusic
c_BAL_west_hyeondeok,aq_tungusic,aq_tungusic,tengri_pagan,aq_chief_32,aq_tungusic
c_BAL_west_jangryeong,aq_tungusic,aq_tungusic,tengri_pagan,aq_chief_33,aq_tungusic
c_BAL_west_makhil,aq_tungusic,aq_tungusic,tengri_pagan,aq_chief_34,aq_tungusic
c_BAL_xinzhou,aq_tungusic,aq_tungusic,tengri_pagan,aq_chief_35,aq_tungusic
c_BAL_yeongju,aq_tungusic,aq_tungusic,tengri_pagan,aq_chief_36,aq_tungusic
c_BAL_yizhou,aq_tungusic,aq_tungusic,tengri_pagan,aq_chief_37,aq_tungusic
c_BAL_yongcheon,aq_tungusic,aq_tungusic,tengri_pagan,aq_chief_38,aq_tungusic
c_BOR_banjar,aq_austronesian,aq_austronesian,aq_faith_asian,aq_chief_39,aq_austronesian
c_BOR_berau,aq_austronesian,aq_austronesian,aq_faith_asian,aq_chief_40,aq_austronesian
c_BOR_brunei,aq_austronesian,aq_austronesian,aq_faith_asian,aq_chief_41,aq_austronesian
c_BOR_iban,aq_austronesian,aq_austronesian,aq_faith_asian,aq_chief_42,aq_austronesian
c_BOR_kudat,aq_austronesian,aq_austronesian,aq_faith_asian,aq_chief_43,aq_austronesian
c_BOR_kutai_jauh,aq_austronesian,aq_austronesian,aq_faith_asian,aq_chief_44,aq_austronesian
c_BOR_kutai_utara,aq_austronesian,aq_austronesian,aq_faith_asian,aq_chief_45,aq_austronesian
c_BOR_lahad_datu,aq_austronesian,aq_austronesian,aq_faith_asian,aq_chief_46,aq_austronesian
c_BOR_martapura,aq_austronesian,aq_austronesian,aq_faith_asian,aq_chief_47,aq_austronesian
c_BOR_menjelutung,aq_austronesian,aq_austronesian,aq_faith_asian,aq_chief_48,aq_austronesian
c_BOR_nabawan,aq_austronesian,aq_austronesian,aq_faith_asian,aq_chief_49,aq_austronesian
c_BOR_rajang,aq_austronesian,aq_austronesian,aq_faith_asian,aq_chief_50,aq_austronesian
c_BOR_sambas,aq_austronesian,aq_austronesian,aq_faith_asian,aq_chief_51,aq_austronesian
c_BOR_sampit,aq_austronesian,aq_austronesian,aq_faith_asian,aq_chief_52,aq_austronesian
c_BOR_santubong,aq_austronesian,aq_austronesian,aq_faith_asian,aq_chief_53,aq_austronesian
c_BOR_sintang,aq_austronesian,aq_austronesian,aq_faith_asian,aq_chief_54,aq_austronesian
c_BOR_sukadana,aq_austronesian,aq_austronesian,aq_faith_asian,aq_chief_55,aq_austronesian
c_BOR_tabalung,aq_austronesian,aq_austronesian,aq_faith_asian,aq_chief_56,aq_austronesian
c_BOR_taiao,aq_austronesian,aq_austronesian,aq_faith_asian,aq_chief_57,aq_austronesian
c_BOR_tanah_taman,aq_austronesian,aq_austronesian,aq_faith_asian,aq_chief_58,aq_austronesian
c_BOR_waringin,aq_austronesian,aq_austronesian,aq_faith_asian,aq_chief_59,aq_austronesian
c_EM_doodonon,aq_steppe_eastern,aq_steppe_eastern,tengri_pagan,aq_chief_60,aq_steppe_eastern
c_EM_jiangbian,aq_steppe_eastern,aq_steppe_eastern,tengri_pagan,aq_chief_61,aq_steppe_eastern
c_EM_khaldun,aq_steppe_eastern,aq_steppe_eastern,tengri_pagan,aq_chief_62,aq_steppe_eastern
c_EM_khiltsaiz,aq_steppe_eastern,aq_steppe_eastern,tengri_pagan,aq_chief_63,aq_steppe_eastern
c_EM_khoyorgol,aq_steppe_eastern,aq_steppe_eastern,tengri_pagan,aq_chief_64,aq_steppe_eastern
c_EM_kizilkhentii,aq_steppe_eastern,aq_steppe_eastern,tengri_pagan,aq_chief_65,aq_steppe_eastern
c_EM_ononum,aq_steppe_eastern,aq_steppe_eastern,tengri_pagan,aq_chief_66,aq_steppe_eastern
c_EM_shilka,aq_steppe_eastern,aq_steppe_eastern,tengri_pagan,aq_chief_67,aq_steppe_eastern
c_EM_tsetsen,aq_steppe_eastern,aq_steppe_eastern,tengri_pagan,aq_chief_68,aq_steppe_eastern
c_EM_urtolgod,aq_steppe_eastern,aq_steppe_eastern,tengri_pagan,aq_chief_69,aq_steppe_eastern
c_EM_yujuelu,aq_steppe_eastern,aq_steppe_eastern,tengri_pagan,aq_chief_70,aq_steppe_eastern
c_IDO_bali,aq_austronesian,aq_austronesian,aq_faith_asian,aq_chief_71,aq_austronesian
c_IDO_barat_daya,aq_austronesian,aq_austronesian,aq_faith_asian,aq_chief_72,aq_austronesian
c_IDO_galiyao,aq_austronesian,aq_austronesian,aq_faith_asian,aq_chief_73,aq_austronesian
c_IDO_humba,aq_austronesian,aq_austronesian,aq_faith_asian,aq_chief_74,aq_austronesian
c_IDO_lombok_and_sumbawa,aq_austronesian,aq_austronesian,aq_faith_asian,aq_chief_75,aq_austronesian
c_IDO_nusa_nipa,aq_austronesian,aq_austronesian,aq_faith_asian,aq_chief_76,aq_austronesian
c_IDO_sonba_i,aq_austronesian,aq_austronesian,aq_faith_asian,aq_chief_77,aq_austronesian
c_IDO_wehale,aq_austronesian,aq_austronesian,aq_faith_asian,aq_chief_78,aq_austronesian
c_JAV_cimanuk,aq_austronesian,aq_austronesian,aq_faith_asian,aq_chief_79,aq_austronesian
c_JAV_galuh,aq_austronesian,aq_austronesian,aq_faith_asian,aq_chief_80,aq_austronesian
c_JAV_janggala,aq_austronesian,aq_austronesian,aq_faith_asian,aq_chief_81,aq_austronesian
c_JAV_kalingga,aq_austronesian,aq_austronesian,aq_faith_asian,aq_chief_82,aq_austronesian
c_JAV_lumajang,aq_austronesian,aq_austronesian,aq_faith_asian,aq_chief_83,aq_austronesian
c_JAV_madura,aq_austronesian,aq_austronesian,aq_faith_asian,aq_chief_84,aq_austronesian
c_JAV_mataram,aq_austronesian,aq_austronesian,aq_faith_asian,aq_chief_85,aq_austronesian
c_JAV_sunda,aq_austronesian,aq_austronesian,aq_faith_asian,aq_chief_86,aq_austronesian
c_LIAO_changchun,aq_tungusic,aq_tungusic,tengri_pagan,aq_chief_87,aq_tungusic
c_LIAO_chaoyang,aq_tungusic,aq_tungusic,tengri_pagan,aq_chief_88,aq_tungusic
c_LIAO_dading,aq_tungusic,aq_tungusic,tengri_pagan,aq_chief_89,aq_tungusic
c_LIAO_dalian,aq_tungusic,aq_tungusic,tengri_pagan,aq_chief_90,aq_tungusic
c_LIAO_diezhou,aq_tungusic,aq_tungusic,tengri_pagan,aq_chief_91,aq_tungusic
c_LIAO_guidezhou,aq_tungusic,aq_tungusic,tengri_pagan,aq_chief_92,aq_tungusic
c_LIAO_heicaoan,aq_tungusic,aq_tungusic,tengri_pagan,aq_chief_93,aq_tungusic
c_LIAO_horqinan,aq_tungusic,aq_tungusic,tengri_pagan,aq_chief_94,aq_tungusic
c_LIAO_jinzhou,aq_tungusic,aq_tungusic,tengri_pagan,aq_chief_95,aq_tungusic
c_LIAO_liaozhou,aq_tungusic,aq_tungusic,tengri_pagan,aq_chief_96,aq_tungusic
c_LIAO_linhuang,aq_tungusic,aq_tungusic,tengri_pagan,aq_chief_97,aq_tungusic
c_LIAO_longhuazhou,aq_tungusic,aq_tungusic,tengri_pagan,aq_chief_98,aq_tungusic
c_LIAO_ningzhou,aq_tungusic,aq_tungusic,tengri_pagan,aq_chief_99,aq_tungusic
c_LIAO_raozhou,aq_tungusic,aq_tungusic,tengri_pagan,aq_chief_100,aq_tungusic
c_LIAO_shenyang,aq_tungusic,aq_tungusic,tengri_pagan,aq_chief_101,aq_tungusic
c_LIAO_taizhou,aq_tungusic,aq_tungusic,tengri_pagan,aq_chief_102,aq_tungusic
c_LIAO_ulagaian,aq_tungusic,aq_tungusic,tengri_pagan,aq_chief_103,aq_tungusic
c_LIAO_wuzhou,aq_tungusic,aq_tungusic,tengri_pagan,aq_chief_104,aq_tungusic
c_LIAO_xianzhou,aq_tungusic,aq_tungusic,tengri_pagan,aq_chief_105,aq_tungusic
c_LIAO_yinzhou,aq_tungusic,aq_tungusic,tengri_pagan,aq_chief_106,aq_tungusic
c_LIAO_zhenzhou,aq_tungusic,aq_tungusic,tengri_pagan,aq_chief_107,aq_tungusic
c_MAL_gangganegara,aq_austronesian,aq_austronesian,aq_faith_asian,aq_chief_108,aq_austronesian
c_MAL_gelanggi,aq_austronesian,aq_austronesian,aq_faith_asian,aq_chief_109,aq_austronesian
c_MAL_johor,aq_austronesian,aq_austronesian,aq_faith_asian,aq_chief_110,aq_austronesian
c_MAL_kedah,aq_austronesian,aq_austronesian,aq_faith_asian,aq_chief_111,aq_austronesian
c_MAL_kelantan,aq_austronesian,aq_austronesian,aq_faith_asian,aq_chief_112,aq_austronesian
c_MAL_pahang,aq_austronesian,aq_austronesian,aq_faith_asian,aq_chief_113,aq_austronesian
c_MAL_patani,aq_austronesian,aq_austronesian,aq_faith_asian,aq_chief_114,aq_austronesian
c_MAL_semantan,aq_austronesian,aq_austronesian,aq_faith_asian,aq_chief_115,aq_austronesian
c_PHI_bool_and_cebu,aq_austronesian,aq_austronesian,aq_faith_asian,aq_chief_116,aq_austronesian
c_PHI_buglas,aq_austronesian,aq_austronesian,aq_faith_asian,aq_chief_117,aq_austronesian
c_PHI_butuan,aq_austronesian,aq_austronesian,aq_faith_asian,aq_chief_118,aq_austronesian
c_PHI_cagayan_valley,aq_austronesian,aq_austronesian,aq_faith_asian,aq_chief_119,aq_austronesian
c_PHI_calagan,aq_austronesian,aq_austronesian,aq_faith_asian,aq_chief_120,aq_austronesian
c_PHI_cotabato,aq_austronesian,aq_austronesian,aq_faith_asian,aq_chief_121,aq_austronesian
c_PHI_ibalong,aq_austronesian,aq_austronesian,aq_faith_asian,aq_chief_122,aq_austronesian
c_PHI_igorot,aq_austronesian,aq_austronesian,aq_faith_asian,aq_chief_123,aq_austronesian
c_PHI_ivatan,aq_austronesian,aq_austronesian,aq_faith_asian,aq_chief_124,aq_austronesian
c_PHI_kalilayan,aq_austronesian,aq_austronesian,aq_faith_asian,aq_chief_125,aq_austronesian
c_PHI_kasiguranin,aq_austronesian,aq_austronesian,aq_faith_asian,aq_chief_126,aq_austronesian
c_PHI_lanao,aq_austronesian,aq_austronesian,aq_faith_asian,aq_chief_127,aq_austronesian
c_PHI_ma-i,aq_austronesian,aq_austronesian,aq_faith_asian,aq_chief_128,aq_austronesian
c_PHI_maguindanao,aq_austronesian,aq_austronesian,aq_faith_asian,aq_chief_129,aq_austronesian
c_PHI_mandaya,aq_austronesian,aq_austronesian,aq_faith_asian,aq_chief_130,aq_austronesian
c_PHI_masbate,aq_austronesian,aq_austronesian,aq_faith_asian,aq_chief_131,aq_austronesian
c_PHI_panay,aq_austronesian,aq_austronesian,aq_faith_asian,aq_chief_132,aq_austronesian
c_PHI_pangasinan,aq_austronesian,aq_austronesian,aq_faith_asian,aq_chief_133,aq_austronesian
c_PHI_samar,aq_austronesian,aq_austronesian,aq_faith_asian,aq_chief_134,aq_austronesian
c_PHI_samtoy,aq_austronesian,aq_austronesian,aq_faith_asian,aq_chief_135,aq_austronesian
c_PHI_sarangani,aq_austronesian,aq_austronesian,aq_faith_asian,aq_chief_136,aq_austronesian
c_PHI_south_palawan,aq_austronesian,aq_austronesian,aq_faith_asian,aq_chief_137,aq_austronesian
c_PHI_sulu,aq_austronesian,aq_austronesian,aq_faith_asian,aq_chief_138,aq_austronesian
c_PHI_tandaya,aq_austronesian,aq_austronesian,aq_faith_asian,aq_chief_139,aq_austronesian
c_PHI_taytay,aq_austronesian,aq_austronesian,aq_faith_asian,aq_chief_140,aq_austronesian
c_PHI_tondo,aq_austronesian,aq_austronesian,aq_faith_asian,aq_chief_141,aq_austronesian
c_PHI_zamboanga,aq_austronesian,aq_austronesian,aq_faith_asian,aq_chief_142,aq_austronesian
c_SUM_bangka-belitung,aq_austronesian,aq_austronesian,aq_faith_asian,aq_chief_143,aq_austronesian
c_SUM_barus,aq_austronesian,aq_austronesian,aq_faith_asian,aq_chief_144,aq_austronesian
c_SUM_bengkulu,aq_austronesian,aq_austronesian,aq_faith_asian,aq_chief_145,aq_austronesian
c_SUM_dharmasraya,aq_austronesian,aq_austronesian,aq_faith_asian,aq_chief_146,aq_austronesian
c_SUM_east_sumatra,aq_austronesian,aq_austronesian,aq_faith_asian,aq_chief_147,aq_austronesian
c_SUM_indragiri,aq_austronesian,aq_austronesian,aq_faith_asian,aq_chief_148,aq_austronesian
c_SUM_jambi,aq_austronesian,aq_austronesian,aq_faith_asian,aq_chief_149,aq_austronesian
c_SUM_kampar,aq_austronesian,aq_austronesian,aq_faith_asian,aq_chief_150,aq_austronesian
c_SUM_karang_brahi,aq_austronesian,aq_austronesian,aq_faith_asian,aq_chief_151,aq_austronesian
c_SUM_lambri,aq_austronesian,aq_austronesian,aq_faith_asian,aq_chief_152,aq_austronesian
c_SUM_lampung,aq_austronesian,aq_austronesian,aq_faith_asian,aq_chief_153,aq_austronesian
c_SUM_lingga,aq_austronesian,aq_austronesian,aq_faith_asian,aq_chief_154,aq_austronesian
c_SUM_meranti,aq_austronesian,aq_austronesian,aq_faith_asian,aq_chief_155,aq_austronesian
c_SUM_minangkabau,aq_austronesian,aq_austronesian,aq_faith_asian,aq_chief_156,aq_austronesian
c_SUM_muara_takus,aq_austronesian,aq_austronesian,aq_faith_asian,aq_chief_157,aq_austronesian
c_SUM_palembang,aq_austronesian,aq_austronesian,aq_faith_asian,aq_chief_158,aq_austronesian
c_SUM_panai,aq_austronesian,aq_austronesian,aq_faith_asian,aq_chief_159,aq_austronesian
c_SUM_pasemah,aq_austronesian,aq_austronesian,aq_faith_asian,aq_chief_160,aq_austronesian
c_SUM_pekanbaru,aq_austronesian,aq_austronesian,aq_faith_asian,aq_chief_161,aq_austronesian
c_SUM_perlak,aq_austronesian,aq_austronesian,aq_faith_asian,aq_chief_162,aq_austronesian
c_SUM_riak_nan_berbedur,aq_austronesian,aq_austronesian,aq_faith_asian,aq_chief_163,aq_austronesian
c_SUM_rokan,aq_austronesian,aq_austronesian,aq_faith_asian,aq_chief_164,aq_austronesian
c_SW_damoguo,aq_tungusic,aq_tungusic,tengri_pagan,aq_chief_165,aq_tungusic
c_SW_dongcheziguo,aq_tungusic,aq_tungusic,tengri_pagan,aq_chief_166,aq_tungusic
c_SW_dongruzhe,aq_tungusic,aq_tungusic,tengri_pagan,aq_chief_167,aq_tungusic
c_SW_ergunia,aq_tungusic,aq_tungusic,tengri_pagan,aq_chief_168,aq_tungusic
c_SW_fancao,aq_tungusic,aq_tungusic,tengri_pagan,aq_chief_169,aq_tungusic
c_SW_gonghejiang,aq_tungusic,aq_tungusic,tengri_pagan,aq_chief_170,aq_tungusic
c_SW_hailar,aq_tungusic,aq_tungusic,tengri_pagan,aq_chief_171,aq_tungusic
c_SW_heiergun,aq_tungusic,aq_tungusic,tengri_pagan,aq_chief_172,aq_tungusic
c_SW_heiheguo,aq_tungusic,aq_tungusic,tengri_pagan,aq_chief_173,aq_tungusic
c_SW_heilonghean,aq_tungusic,aq_tungusic,tengri_pagan,aq_chief_174,aq_tungusic
c_SW_heilonglin,aq_tungusic,aq_tungusic,tengri_pagan,aq_chief_175,aq_tungusic
c_SW_hongxingan,aq_tungusic,aq_tungusic,tengri_pagan,aq_chief_176,aq_tungusic
c_SW_huangtouguo,aq_tungusic,aq_tungusic,tengri_pagan,aq_chief_177,aq_tungusic
c_SW_hulunbuir,aq_tungusic,aq_tungusic,tengri_pagan,aq_chief_178,aq_tungusic
c_SW_jiqin_hari,aq_tungusic,aq_tungusic,tengri_pagan,aq_chief_179,aq_tungusic
c_SW_lingxiguo,aq_tungusic,aq_tungusic,tengri_pagan,aq_chief_180,aq_tungusic
c_SW_luotuoguo,aq_tungusic,aq_tungusic,tengri_pagan,aq_chief_181,aq_tungusic
c_SW_lupingyuan,aq_tungusic,aq_tungusic,tengri_pagan,aq_chief_182,aq_tungusic
c_SW_mengwuo,aq_tungusic,aq_tungusic,tengri_pagan,aq_chief_183,aq_tungusic
c_SW_nabeiguo,aq_tungusic,aq_tungusic,tengri_pagan,aq_chief_184,aq_tungusic
c_SW_pibeihe,aq_tungusic,aq_tungusic,tengri_pagan,aq_chief_185,aq_tungusic
c_SW_powoguo,aq_tungusic,aq_tungusic,tengri_pagan,aq_chief_186,aq_tungusic
c_SW_puyuzhou,aq_tungusic,aq_tungusic,tengri_pagan,aq_chief_187,aq_tungusic
c_SW_ruzhejiang,aq_tungusic,aq_tungusic,tengri_pagan,aq_chief_188,aq_tungusic
c_SW_shanbeiguo,aq_tungusic,aq_tungusic,tengri_pagan,aq_chief_189,aq_tungusic
c_SW_suihua,aq_tungusic,aq_tungusic,tengri_pagan,aq_chief_190,aq_tungusic
c_SW_talbai,aq_steppe_eastern,aq_steppe_eastern,tengri_pagan,aq_chief_191,aq_steppe_eastern
c_SW_xinghuangtou,aq_tungusic,aq_tungusic,tengri_pagan,aq_chief_192,aq_tungusic
c_SW_xingnabei,aq_tungusic,aq_tungusic,tengri_pagan,aq_chief_193,aq_tungusic
c_SW_zhongcheziguo,aq_tungusic,aq_tungusic,tengri_pagan,aq_chief_194,aq_tungusic
c_SuMa_ajatappareng,aq_austronesian,aq_austronesian,aq_faith_asian,aq_chief_195,aq_austronesian
c_SuMa_bacan,aq_austronesian,aq_austronesian,aq_faith_asian,aq_chief_196,aq_austronesian
c_SuMa_banawa,aq_austronesian,aq_austronesian,aq_faith_asian,aq_chief_197,aq_austronesian
c_SuMa_banggai,aq_austronesian,aq_austronesian,aq_faith_asian,aq_chief_198,aq_austronesian
c_SuMa_banggai_utara,aq_austronesian,aq_austronesian,aq_faith_asian,aq_chief_199,aq_austronesian
c_SuMa_buru-sula,aq_austronesian,aq_austronesian,aq_faith_asian,aq_chief_200,aq_austronesian
c_SuMa_butun,aq_austronesian,aq_austronesian,aq_faith_asian,aq_chief_201,aq_austronesian
c_SuMa_gorontalo,aq_austronesian,aq_austronesian,aq_faith_asian,aq_chief_202,aq_austronesian
c_SuMa_konawe,aq_austronesian,aq_austronesian,aq_faith_asian,aq_chief_203,aq_austronesian
c_SuMa_luwu,aq_austronesian,aq_austronesian,aq_faith_asian,aq_chief_204,aq_austronesian
c_SuMa_mori,aq_austronesian,aq_austronesian,aq_faith_asian,aq_chief_205,aq_austronesian
c_SuMa_moronene,aq_austronesian,aq_austronesian,aq_faith_asian,aq_chief_206,aq_austronesian
c_SuMa_raja_ampat,aq_austronesian,aq_austronesian,aq_faith_asian,aq_chief_207,aq_austronesian
c_SuMa_sampaga,aq_austronesian,aq_austronesian,aq_faith_asian,aq_chief_208,aq_austronesian
c_SuMa_seram,aq_austronesian,aq_austronesian,aq_faith_asian,aq_chief_209,aq_austronesian
c_SuMa_siang,aq_austronesian,aq_austronesian,aq_faith_asian,aq_chief_210,aq_austronesian
c_SuMa_tamboeko,aq_austronesian,aq_austronesian,aq_faith_asian,aq_chief_211,aq_austronesian
c_SuMa_ternate,aq_austronesian,aq_austronesian,aq_faith_asian,aq_chief_212,aq_austronesian
c_SuMa_tidore,aq_austronesian,aq_austronesian,aq_faith_asian,aq_chief_213,aq_austronesian
c_SuMa_wenang,aq_austronesian,aq_austronesian,aq_faith_asian,aq_chief_214,aq_austronesian
c_THAI_phetchaburi,aq_tai,aq_tai,aq_faith_asian,aq_chief_215,aq_tai
c_THAI_takua_pa,aq_austronesian,aq_austronesian,aq_faith_asian,aq_chief_216,aq_austronesian
c_THAI_tambralinga,aq_austronesian,aq_austronesian,aq_faith_asian,aq_chief_217,aq_austronesian
c_THAI_tenasserim,aq_tai,aq_tai,aq_faith_asian,aq_chief_218,aq_tai
c_aachen,aq_germanic,aq_germanic,aq_faith_germanic,aq_chief_219,aq_germanic
c_aalborg,aq_germanic,aq_cimbrian,aq_faith_germanic,aq_chief_220,aq_cimbrian
c_aargau,aq_gaulish,aq_helvetian,aq_faith_celtic,aq_chief_221,aq_helvetian
c_aarhus,aq_germanic,aq_cimbrian,aq_faith_germanic,aq_chief_222,aq_cimbrian
c_abakan,aq_tagar,aq_tagar,aq_faith_steppe,aq_chief_223,aq_tagar
c_abauj,aq_gaulish,aq_gaulish,aq_faith_celtic,aq_chief_224,aq_gaulish
c_abbadan,aq_persian,aq_persian,mazdayasna,aq_chief_225,aq_persian
c_abivard,aq_bactrian,aq_bactrian,mazdayasna,aq_chief_226,aq_bactrian
c_abkhazia,aq_kartvelian,aq_colchian,aq_faith_anatolian,aq_chief_227,aq_colchian
c_ablastha,aq_anatolian,aq_cappadocian,aq_faith_ma,aq_chief_228,aq_cappadocian
c_abomey,aq_forest_african,aq_forest_african,west_african_roog_pagan,aq_chief_229,aq_forest_african
c_abruzzi,aq_italic,aq_sabine,aq_faith_italic,aq_chief_230,aq_sabine
c_abu_hammad,aq_kushite,aq_kushite,kushitism_pagan,aq_chief_231,aq_kushite
c_abugan,aq_saka,aq_saka,aq_faith_steppe,aq_chief_232,aq_saka
c_abwab,aq_kushite,aq_kushite,kushitism_pagan,aq_chief_233,aq_kushite
c_abydos,aq_hellenic,aq_hellenic,hellenic_pagan,aq_chief_234,aq_hellenic
c_acalapura,aq_dravidian,aq_vidarbha,aq_faith_atharvavedic,aq_chief_235,aq_vidarbha
c_acampse,aq_kartvelian,aq_kartvelian,aq_faith_anatolian,aq_chief_236,aq_kartvelian
c_achaia,aq_hellenic,aq_hellenic,hellenic_pagan,aq_chief_237,aq_hellenic
c_achu,aq_saka,aq_saka,aq_faith_steppe,aq_chief_238,aq_saka
c_acre,aq_aramaic,aq_aramaic,aq_faith_mesopotamian,aq_chief_239,aq_aramaic
c_adanse,aq_forest_african,aq_forest_african,west_african_roog_pagan,aq_chief_240,aq_forest_african
c_adoni,aq_dravidian,aq_kadamba_early,aq_faith_dravidian,aq_chief_241,aq_kadamba_early
c_adrianopolis,aq_thracian,aq_odrysian,aq_faith_balkan,aq_thrace,aq_odrysian
c_aeolis,aq_anatolian,aq_aeolian,hellenic_pagan,aq_chief_243,aq_aeolian
c_aetolia,aq_hellenic,aq_hellenic,hellenic_pagan,aq_chief_244,aq_hellenic
c_afar,aq_cushitic,aq_cushitic,aq_faith_african,aq_chief_245,aq_cushitic
c_afram,aq_forest_african,aq_forest_african,west_african_roog_pagan,aq_chief_246,aq_forest_african
c_agadir,aq_berber,aq_maurian,aq_faith_libyan,aq_chief_247,aq_maurian
c_agairik,aq_saka,aq_saka,aq_faith_steppe,aq_chief_248,aq_saka
c_agaw_meder,aq_ethiopian,aq_ethiopian,aq_faith_african,aq_chief_249,aq_ethiopian
c_agdeside,aq_germanic,aq_rugian,aq_faith_germanic,aq_chief_250,aq_rugian
c_agenais,aq_gaulish,aq_aquitani,aq_faith_iberian,aq_chief_251,aq_aquitani
c_agrigento,aq_hellenic,aq_sicanian,aq_faith_sicanian,aq_chief_252,aq_sicanian
c_ahqaf,aq_sabaean,aq_sabaean,aq_faith_arabian,aq_chief_253,aq_sabaean
c_ahvaz,aq_persian,aq_persian,mazdayasna,aq_chief_254,aq_persian
c_aigun,aq_saka,aq_saka,aq_faith_steppe,aq_chief_255,aq_saka
c_ailech,aq_goidelic,aq_voluntian,aq_faith_celtic,aq_chief_256,aq_voluntian
c_ain_galakka,aq_saharan,aq_saharan,aq_faith_libyan,aq_chief_257,aq_saharan
c_aintab,aq_aramaic,aq_aramaic,aq_faith_mesopotamian,aq_chief_258,aq_aramaic
c_air,aq_saharan,aq_saharan,aq_faith_libyan,aq_chief_259,aq_saharan
c_airyuk,aq_saka,aq_saka,aq_faith_steppe,aq_chief_260,aq_saka
c_ajaccio,aq_italic,aq_corsican,aq_faith_nuragic,aq_chief_261,aq_corsican
c_ajayameru,aq_indo_aryan,aq_matsya,aq_faith_rigvedic,aq_chief_262,aq_matsya
c_ak-dzulpas,aq_saka,aq_saka,aq_faith_steppe,aq_chief_263,aq_saka
c_ak-taylak,aq_saka,aq_saka,aq_faith_steppe,aq_chief_264,aq_saka
c_akhadid,aq_aramaic,aq_aramaic,aq_faith_mesopotamian,aq_chief_265,aq_aramaic
c_aki,aq_yayoi,aq_yayoi,aq_faith_asian,aq_chief_266,aq_yayoi
c_akkel,aq_sami,aq_sami,finnish_pagan,aq_chief_267,aq_sami
c_akkityk,aq_saka,aq_saka,aq_faith_steppe,aq_chief_268,aq_saka
c_aksay,aq_tibetan,aq_tibetan,bon,aq_chief_269,aq_tibetan
c_aksu,aq_tocharian,aq_tocharian,aq_faith_steppe,aq_chief_270,aq_tocharian
c_aksuyek,aq_saka,aq_saka,aq_faith_steppe,aq_chief_271,aq_saka
c_al-arid,aq_arabian,aq_arabian,aq_faith_arabian,aq_chief_272,aq_arabian
c_al-asa,aq_sabaean,aq_sabaean,aq_faith_arabian,aq_chief_273,aq_sabaean
c_al-buhaira,aq_egyptian,aq_egyptian,aq_faith_kemetic,aq_chief_274,aq_egyptian
c_al-gharbiya,aq_egyptian,aq_egyptian,aq_faith_kemetic,aq_chief_275,aq_egyptian
c_al-haditha,aq_aramaic,aq_aramaic,aq_faith_mesopotamian,aq_chief_276,aq_aramaic
c_al-hasa,aq_arabian,aq_arabian,aq_faith_arabian,aq_chief_277,aq_arabian
c_al_aqabah,aq_arabian,aq_arabian,aq_faith_arabian,aq_chief_278,aq_arabian
c_al_jawf,aq_arabian,aq_arabian,aq_faith_arabian,aq_chief_279,aq_arabian
c_aland,aq_germanic,aq_suionian,aq_faith_germanic,aq_chief_280,aq_suionian
c_alarcon,aq_iberian,aq_bastetanian,aq_faith_iberian,aq_chief_281,aq_bastetanian
c_albarracin,aq_iberian,aq_edetanian,aq_faith_iberian,aq_chief_282,aq_edetanian
c_albi,aq_gaulish,aq_volcian,aq_faith_celtic,aq_chief_283,aq_volcian
c_albret,aq_gaulish,aq_aquitani,aq_faith_iberian,aq_chief_284,aq_aquitani
c_alcacer_do_sal,aq_iberian,aq_lusitanian,aq_faith_lusitanian,aq_chief_285,aq_lusitanian
c_alcaniz,aq_iberian,aq_edetanian,aq_faith_iberian,aq_chief_286,aq_edetanian
c_alcaraz,aq_iberian,aq_bastetanian,aq_faith_iberian,aq_chief_287,aq_bastetanian
c_alencon,aq_gaulish,aq_aulercian,aq_faith_celtic,aq_chief_288,aq_aulercian
c_aleppo,aq_aramaic,aq_aramaic,aq_faith_mesopotamian,aq_chief_289,aq_aramaic
c_alexandretta,aq_aramaic,aq_aramaic,aq_faith_mesopotamian,aq_chief_290,aq_aramaic
c_alexandria,aq_egyptian,aq_egyptian,aq_faith_kemetic,aq_chief_291,aq_egyptian
c_aley,aq_uralic,aq_uralic,finnish_pagan,aq_chief_292,aq_uralic
c_algeciras,aq_iberian,aq_turdetanian,aq_faith_iberian,aq_chief_293,aq_turdetanian
c_algier,aq_berber,aq_numidian_masaesylian,aq_faith_libyan,aq_chief_294,aq_numidian_masaesylian
c_alicante,aq_iberian,aq_contestanian,aq_faith_iberian,aq_chief_295,aq_contestanian
c_allai,aq_indo_aryan,aq_kasmira,aq_faith_atharvavedic,aq_chief_296,aq_kasmira
c_allaqi,aq_cushitic,aq_cushitic,aq_faith_african,aq_chief_297,aq_cushitic
c_allenstein,aq_baltic,aq_baltic,baltic_pagan,aq_chief_298,aq_baltic
c_almader,aq_iberian,aq_turdetanian,aq_faith_iberian,aq_chief_299,aq_turdetanian
c_almaty,aq_saka,aq_saka,aq_faith_steppe,aq_chief_300,aq_saka
c_almeria,aq_iberian,aq_bastetanian,aq_faith_iberian,aq_chief_301,aq_bastetanian
c_alodia,aq_kushite,aq_kushite,kushitism_pagan,aq_chief_302,aq_kushite
c_along,aq_tibetan,aq_tibetan,bon,aq_chief_303,aq_tibetan
c_alpsee,aq_gaulish,aq_vindelician,aq_faith_celtic,aq_chief_304,aq_vindelician
c_altay,aq_saka,aq_saka,aq_faith_steppe,aq_chief_305,aq_saka
c_alto_aragon,aq_iberian,aq_edetanian,aq_faith_iberian,aq_chief_306,aq_edetanian
c_aluksne,aq_baltic,aq_baltic,baltic_pagan,aq_chief_307,aq_baltic
c_alupa,aq_dravidian,aq_chera,aq_faith_murukan,aq_chief_308,aq_chera
c_alxa,aq_sinitic,aq_sinitic,aq_faith_chinese,aq_chief_309,aq_sinitic
c_amami,aq_austronesian,aq_austronesian,aq_faith_asian,aq_chief_310,aq_austronesian
c_amatlus,aq_saharan,aq_saharan,aq_faith_libyan,aq_chief_311,aq_saharan
c_amaya,aq_celtiberian,aq_cantabrian,aq_faith_celtic,aq_chief_312,aq_cantabrian
c_amdo,aq_tibetan,aq_tibetan,bon,aq_chief_313,aq_tibetan
c_amhara,aq_ethiopian,aq_ethiopian,aq_faith_african,aq_chief_314,aq_ethiopian
c_amida,aq_aramaic,aq_aramaic,aq_faith_mesopotamian,aq_chief_315,aq_aramaic
c_amiens,aq_gaulish,aq_parisian,aq_faith_celtic,aq_chief_316,aq_parisian
c_amis,aq_austronesian,aq_austronesian,aq_faith_asian,aq_chief_317,aq_austronesian
c_amol,aq_bactrian,aq_bactrian,mazdayasna,aq_chief_318,aq_bactrian
c_amstetten,aq_gaulish,aq_noric,aq_faith_celtic,aq_chief_319,aq_noric
c_anbar,aq_aramaic,aq_aramaic,aq_faith_mesopotamian,aq_chief_320,aq_aramaic
c_ancona,aq_italic,aq_picene,aq_faith_italic,aq_chief_321,aq_picene
c_andamans,aq_austronesian,aq_austronesian,aq_faith_asian,aq_chief_322,aq_austronesian
c_andong,aq_korean,aq_korean,aq_faith_asian,aq_chief_323,aq_korean
c_andujar,aq_iberian,aq_turdetanian,aq_faith_iberian,aq_chief_324,aq_turdetanian
c_angerburg,aq_baltic,aq_baltic,baltic_pagan,aq_chief_325,aq_baltic
c_angermanland,aq_germanic,aq_germanic,aq_faith_germanic,aq_chief_326,aq_germanic
c_angkor,aq_mon_khmer,aq_mon_khmer,aq_faith_asian,aq_chief_327,aq_mon_khmer
c_angkor_borey,aq_mon_khmer,aq_mon_khmer,aq_faith_asian,aq_chief_328,aq_mon_khmer
c_anglesey,aq_brythonic,aq_ordovician,aq_faith_celtic,aq_chief_329,aq_ordovician
c_angot,aq_ethiopian,aq_ethiopian,aq_faith_african,aq_chief_330,aq_ethiopian
c_angouleme,aq_gaulish,aq_santonian,aq_faith_celtic,aq_chief_331,aq_santonian
c_angus,aq_pictish,aq_caledonian,aq_faith_celtic,aq_chief_332,aq_caledonian
c_anja,aq_tagar,aq_tagar,aq_faith_steppe,aq_chief_333,aq_tagar
c_anjou,aq_gaulish,aq_andecavian,aq_faith_celtic,aq_chief_334,aq_andecavian
c_anket,aq_sarmatian,aq_sarmatian,aq_faith_steppe,aq_chief_335,aq_sarmatian
c_annaba,aq_punic,aq_numidian_massylian,aq_faith_libyan,aq_chief_336,aq_numidian_massylian
c_annandale,aq_pictish,aq_novantian,aq_faith_celtic,aq_chief_337,aq_novantian
c_ansbach,aq_germanic,aq_suebian,aq_faith_germanic,aq_chief_338,aq_suebian
c_ansongo,aq_west_african,aq_west_african,west_african_pagan,aq_chief_339,aq_west_african
c_antiocheia,aq_aramaic,aq_aramaic,aq_faith_mesopotamian,aq_chief_340,aq_aramaic
c_antipatreia,aq_illyrian,aq_taulantian,aq_faith_balkan,aq_chief_341,aq_taulantian
c_antwerpen,aq_germanic,aq_menapian,aq_faith_celtic,aq_chief_342,aq_menapian
c_anzhou,aq_sinitic,aq_sinitic,aq_faith_chinese,aq_chief_343,aq_sinitic
c_aosta,aq_gaulish,aq_allobrogian,aq_faith_celtic,aq_chief_344,aq_allobrogian
c_aowin,aq_forest_african,aq_forest_african,west_african_roog_pagan,aq_chief_345,aq_forest_african
c_apahunik,aq_armenian,aq_armenian,aq_faith_anatolian,aq_chief_346,aq_armenian
c_apulia,aq_italic,aq_iapygian,aq_faith_italic,aq_chief_347,aq_iapygian
c_aqenganggyai,aq_tibetan,aq_tibetan,bon,aq_chief_348,aq_tibetan
c_aqiq,aq_arabian,aq_arabian,aq_faith_arabian,aq_chief_349,aq_arabian
c_aqtobe,aq_sarmatian,aq_sarmatian,aq_faith_steppe,aq_chief_350,aq_sarmatian
c_aquileia,aq_venetic,aq_venetic,aq_faith_italic,aq_chief_351,aq_venetic
c_arad,aq_gaulish,aq_scordiscian,aq_faith_celtic,aq_chief_352,aq_scordiscian
c_aral_karakum,aq_saka,aq_saka,aq_faith_steppe,aq_chief_353,aq_saka
c_aralkizil,aq_saka,aq_saka,aq_faith_steppe,aq_chief_354,aq_saka
c_aran,aq_persian,aq_persian,mazdayasna,aq_chief_355,aq_persian
c_arawan,aq_west_african,aq_west_african,west_african_pagan,aq_chief_356,aq_west_african
c_arbanon,aq_illyrian,aq_taulantian,aq_faith_balkan,aq_chief_357,aq_taulantian
c_arborea,aq_italic,aq_nuragic,aq_faith_nuragic,aq_chief_358,aq_nuragic
c_ardabil,aq_persian,aq_persian,mazdayasna,aq_chief_359,aq_persian
c_ardestan,aq_persian,aq_persian,mazdayasna,aq_chief_360,aq_persian
c_arezzo,aq_etruscan,aq_etruscan,aq_faith_etruscan,aq_chief_361,aq_etruscan
c_argyll,aq_pictish,aq_epidian,aq_faith_celtic,aq_chief_362,aq_epidian
c_arigh,aq_berber,aq_gaetulian,aq_faith_libyan,aq_chief_363,aq_gaetulian
c_ariksar,aq_tibetan,aq_tibetan,bon,aq_chief_364,aq_tibetan
c_arkalyk,aq_saka,aq_saka,aq_faith_steppe,aq_chief_365,aq_saka
c_arkat,aq_saka,aq_saka,aq_faith_steppe,aq_chief_366,aq_saka
c_armagnac,aq_gaulish,aq_aquitani,aq_faith_iberian,aq_chief_367,aq_aquitani
c_arnhem,aq_germanic,aq_chaucan,aq_faith_germanic,aq_chief_368,aq_chaucan
c_arnsberg,aq_germanic,aq_treverian,aq_faith_celtic,aq_chief_369,aq_treverian
c_aror,aq_indo_aryan,aq_saindhava,aq_faith_atharvavedic,aq_chief_370,aq_saindhava
c_arrajan,aq_persian,aq_persian,mazdayasna,aq_chief_371,aq_persian
c_aru,aq_austronesian,aq_austronesian,aq_faith_asian,aq_chief_372,aq_austronesian
c_arusi,aq_cushitic,aq_cushitic,aq_faith_african,aq_chief_373,aq_cushitic
c_arzhan,aq_tagar,aq_tagar,aq_faith_steppe,aq_chief_374,aq_tagar
c_asfi,aq_berber,aq_maurian,aq_faith_libyan,aq_chief_375,aq_maurian
c_ashir,aq_berber,aq_numidian_masaesylian,aq_faith_libyan,aq_chief_376,aq_numidian_masaesylian
c_ashli,aq_uralic,aq_uralic,finnish_pagan,aq_chief_377,aq_uralic
c_ashmaka,aq_dravidian,aq_kadamba_early,aq_faith_dravidian,aq_chief_378,aq_kadamba_early
c_asir,aq_arabian,aq_arabian,aq_faith_arabian,aq_chief_379,aq_arabian
c_asirgarh,aq_indo_aryan,aq_anupa,aq_faith_yaksha_naga,aq_chief_380,aq_anupa
c_asni,aq_indo_aryan,aq_vatsa,aq_faith_krishna_yajurvedic,aq_chief_381,aq_vatsa
c_aso,aq_tibetan,aq_tibetan,bon,aq_chief_382,aq_tibetan
c_astana,aq_saka,aq_saka,aq_faith_steppe,aq_chief_383,aq_saka
c_astore,aq_indo_aryan,aq_kasmira,aq_faith_atharvavedic,aq_chief_384,aq_kasmira
c_astorga,aq_celtiberian,aq_gallaecian,aq_faith_celtic,aq_chief_385,aq_gallaecian
c_astrakhan,aq_sarmatian,aq_sarmatian,aq_faith_steppe,aq_chief_386,aq_sarmatian
c_astrakhanka,aq_saka,aq_saka,aq_faith_steppe,aq_chief_387,aq_saka
c_asturias_de_oviedo,aq_celtiberian,aq_asturian_ancient,aq_faith_celtic,aq_chief_388,aq_asturian_ancient
c_asturias_de_santillana,aq_celtiberian,aq_cantabrian,aq_faith_celtic,aq_chief_389,aq_cantabrian
c_aswan,aq_egyptian,aq_egyptian,aq_faith_kemetic,aq_chief_390,aq_egyptian
c_asyut,aq_egyptian,aq_egyptian,aq_faith_kemetic,aq_chief_391,aq_egyptian
c_atamansku,aq_sarmatian,aq_sarmatian,aq_faith_steppe,aq_chief_392,aq_sarmatian
c_atbara,aq_kushite,aq_kushite,kushitism_pagan,aq_chief_393,aq_kushite
c_atbasar,aq_saka,aq_saka,aq_faith_steppe,aq_chief_394,aq_saka
c_athlone,aq_goidelic,aq_eblanian,aq_faith_celtic,aq_chief_395,aq_eblanian
c_atholl,aq_pictish,aq_caledonian,aq_faith_celtic,aq_chief_396,aq_caledonian
c_atkarsk,aq_uralic,aq_uralic,finnish_pagan,aq_chief_397,aq_uralic
c_attica,aq_hellenic,aq_hellenic,hellenic_pagan,aq_athens,aq_hellenic
c_attie,aq_forest_african,aq_forest_african,west_african_roog_pagan,aq_chief_399,aq_forest_african
c_atyrau,aq_sarmatian,aq_sarmatian,aq_faith_steppe,aq_chief_400,aq_sarmatian
c_augsburg,aq_gaulish,aq_vindelician,aq_faith_celtic,aq_chief_401,aq_vindelician
c_aunis,aq_gaulish,aq_santonian,aq_faith_celtic,aq_chief_402,aq_santonian
c_austisland,aq_germanic,aq_germanic,aq_faith_germanic,aq_chief_403,aq_germanic
c_auvergne,aq_gaulish,aq_arvernian,aq_faith_celtic,aq_chief_404,aq_arvernian
c_auxerre,aq_gaulish,aq_aeduian,aq_faith_celtic,aq_chief_405,aq_aeduian
c_ava,aq_burman,aq_burman,aq_faith_asian,aq_chief_406,aq_burman
c_avalois,aq_gaulish,aq_aeduian,aq_faith_celtic,aq_chief_407,aq_aeduian
c_aveiro,aq_celtiberian,aq_lusitanian,aq_faith_lusitanian,aq_chief_408,aq_lusitanian
c_avila,aq_celtiberian,aq_vaccaean,aq_faith_celtic,aq_chief_409,aq_vaccaean
c_aviovara,aq_sami,aq_sami,finnish_pagan,aq_chief_410,aq_sami
c_avlonas,aq_illyrian,aq_taulantian,aq_faith_balkan,aq_chief_411,aq_taulantian
c_avranches,aq_gaulish,aq_aulercian,aq_faith_celtic,aq_chief_412,aq_aulercian
c_awa,aq_yayoi,aq_yayoi,aq_faith_asian,aq_chief_413,aq_yayoi
c_awaji,aq_yayoi,aq_yayoi,aq_faith_asian,aq_chief_414,aq_yayoi
c_awjila,aq_egyptian,aq_egyptian,aq_faith_kemetic,aq_chief_415,aq_egyptian
c_awkar,aq_west_african,aq_west_african,west_african_pagan,aq_chief_416,aq_west_african
c_awssa,aq_cushitic,aq_cushitic,aq_faith_african,aq_chief_417,aq_cushitic
c_aydhab,aq_cushitic,aq_cushitic,aq_faith_african,aq_chief_418,aq_cushitic
c_ayn_farah,aq_central_african,aq_central_african,west_african_bori_pagan,aq_chief_419,aq_central_african
c_ayodhya,aq_indo_aryan,aq_kosalan,aq_faith_shukla_yajurvedic,aq_chief_420,aq_kosalan
c_ayrshire,aq_pictish,aq_novantian,aq_faith_celtic,aq_chief_421,aq_novantian
c_aytos,aq_thracian,aq_triballian,aq_faith_balkan,aq_chief_422,aq_triballian
c_az-dhahira,aq_arabian,aq_arabian,aq_faith_arabian,aq_chief_423,aq_arabian
c_azas,aq_tagar,aq_tagar,aq_faith_steppe,aq_chief_424,aq_tagar
c_azov,aq_sarmatian,aq_sarmatian,aq_faith_steppe,aq_chief_425,aq_sarmatian
c_azukki,aq_saharan,aq_saharan,aq_faith_libyan,aq_chief_426,aq_saharan
c_azysia,aq_anatolian,aq_cappadocian,aq_faith_ma,aq_chief_427,aq_cappadocian
c_baalbek,aq_aramaic,aq_aramaic,aq_faith_mesopotamian,aq_chief_428,aq_aramaic
c_babruysk,aq_slavic,aq_slavic,slavic_pagan,aq_chief_429,aq_slavic
c_bacs,aq_gaulish,aq_pannonian,aq_faith_balkan,aq_chief_430,aq_pannonian
c_badajoz,aq_iberian,aq_vettonian,aq_faith_lusitanian,aq_chief_431,aq_vettonian
c_badakhshan,aq_sogdian,aq_sogdian,mazdayasna,aq_chief_432,aq_sogdian
c_badaraya,aq_aramaic,aq_aramaic,aq_faith_mesopotamian,aq_chief_433,aq_aramaic
c_baden,aq_gaulish,aq_vindelician,aq_faith_celtic,aq_chief_434,aq_vindelician
c_badghis,aq_bactrian,aq_bactrian,mazdayasna,aq_chief_435,aq_bactrian
c_badi,aq_cushitic,aq_cushitic,aq_faith_african,aq_chief_436,aq_cushitic
c_baduspan,aq_persian,aq_persian,mazdayasna,aq_chief_437,aq_persian
c_baghdad,aq_aramaic,aq_aramaic,aq_faith_mesopotamian,aq_chief_438,aq_aramaic
c_bagrewand,aq_armenian,aq_armenian,aq_faith_anatolian,aq_chief_439,aq_armenian
c_baguirmi,aq_central_african,aq_central_african,west_african_bori_pagan,aq_chief_440,aq_central_african
c_bahnasa,aq_egyptian,aq_egyptian,aq_faith_kemetic,aq_chief_441,aq_egyptian
c_bahriya,aq_egyptian,aq_egyptian,aq_faith_kemetic,aq_chief_442,aq_egyptian
c_baibalik,aq_steppe_eastern,aq_steppe_eastern,tengri_pagan,aq_chief_443,aq_steppe_eastern
c_baigaluuls,aq_steppe_eastern,aq_steppe_eastern,tengri_pagan,aq_chief_444,aq_steppe_eastern
c_baigaur,aq_mon_khmer,aq_mon_khmer,aq_faith_asian,aq_chief_445,aq_mon_khmer
c_baihaq,aq_bactrian,aq_bactrian,mazdayasna,aq_chief_446,aq_bactrian
c_bailaqan,aq_persian,aq_persian,mazdayasna,aq_chief_447,aq_persian
c_baima,aq_tibetan,aq_tibetan,bon,aq_chief_448,aq_tibetan
c_baingoin,aq_tibetan,aq_tibetan,bon,aq_chief_449,aq_tibetan
c_baisary,aq_sarmatian,aq_sarmatian,aq_faith_steppe,aq_chief_450,aq_sarmatian
c_baishan,aq_sinitic,aq_sinitic,aq_faith_chinese,aq_chief_451,aq_sinitic
c_baizhou,aq_baiyue,aq_baiyue,aq_faith_asian,aq_chief_452,aq_baiyue
c_bajura,aq_himalayan,aq_kirata,aq_faith_himalayan,aq_chief_453,aq_kirata
c_bakharz,aq_bactrian,aq_bactrian,mazdayasna,aq_chief_454,aq_bactrian
c_bakhmut,aq_scythian,aq_scythian,aq_faith_steppe,aq_chief_455,aq_scythian
c_bakriya,aq_aramaic,aq_aramaic,aq_faith_mesopotamian,aq_chief_456,aq_aramaic
c_balachev,aq_uralic,aq_uralic,finnish_pagan,aq_chief_457,aq_uralic
c_balashagun,aq_saka,aq_saka,aq_faith_steppe,aq_chief_458,aq_saka
c_balgun,aq_saka,aq_saka,aq_faith_steppe,aq_chief_459,aq_saka
c_bali,aq_cushitic,aq_cushitic,aq_faith_african,aq_chief_460,aq_cushitic
c_balkh,aq_bactrian,aq_bactrian,mazdayasna,aq_chief_461,aq_bactrian
c_balkonda,aq_dravidian,aq_andhra,aq_faith_dravidian,aq_chief_462,aq_andhra
c_balqa,aq_arabian,aq_arabian,aq_faith_arabian,aq_chief_463,aq_arabian
c_bam,aq_persian,aq_persian,mazdayasna,aq_chief_464,aq_persian
c_bamberg,aq_germanic,aq_suebian,aq_faith_germanic,aq_chief_465,aq_suebian
c_bambuk,aq_west_african,aq_west_african,west_african_pagan,aq_chief_466,aq_west_african
c_bamian,aq_bactrian,aq_kambojan,aq_faith_steppe,aq_chief_467,aq_kambojan
c_bampur,aq_persian,aq_persian,mazdayasna,aq_chief_468,aq_persian
c_banavasi,aq_dravidian,aq_kadamba_early,aq_faith_dravidian,aq_chief_469,aq_kadamba_early
c_banbar,aq_tibetan,aq_tibetan,bon,aq_chief_470,aq_tibetan
c_bandhugadha,aq_indo_aryan,aq_atavi,aq_faith_forest_indian,aq_chief_471,aq_atavi
c_bandiagara,aq_west_african,aq_west_african,west_african_pagan,aq_chief_472,aq_west_african
c_bangaon,aq_magadhan,aq_videha,aq_faith_shukla_yajurvedic,aq_chief_473,aq_videha
c_bannu,aq_indo_aryan,aq_gandharan,aq_faith_rigvedic,aq_chief_474,aq_gandharan
c_banre,aq_central_african,aq_central_african,west_african_bori_pagan,aq_chief_475,aq_central_african
c_baol,aq_west_african,aq_west_african,west_african_pagan,aq_chief_476,aq_west_african
c_baqen,aq_tibetan,aq_tibetan,bon,aq_chief_477,aq_tibetan
c_baqlin,aq_cushitic,aq_cushitic,aq_faith_african,aq_chief_478,aq_cushitic
c_bar,aq_germanic,aq_mediomatrician,aq_faith_celtic,aq_chief_479,aq_mediomatrician
c_baranya,aq_gaulish,aq_scordiscian,aq_faith_celtic,aq_chief_480,aq_scordiscian
c_barasuru,aq_indo_aryan,aq_atavi,aq_faith_forest_indian,aq_chief_481,aq_atavi
c_barbacadle,aq_cushitic,aq_cushitic,aq_faith_african,aq_chief_482,aq_cushitic
c_barcasag,aq_gaulish,aq_dacian,aq_faith_zalmonian,aq_chief_483,aq_dacian
c_barcelona,aq_iberian,aq_ilercavonian,aq_faith_iberian,aq_chief_484,aq_ilercavonian
c_bardak,aq_uralic,aq_uralic,finnish_pagan,aq_chief_485,aq_uralic
c_bargajan,aq_steppe_eastern,aq_steppe_eastern,tengri_pagan,aq_chief_486,aq_steppe_eastern
c_bari,aq_italic,aq_iapygian,aq_faith_italic,aq_chief_487,aq_iapygian
c_barkam,aq_tibetan,aq_tibetan,bon,aq_chief_488,aq_tibetan
c_barkul,aq_saka,aq_saka,aq_faith_steppe,aq_chief_489,aq_saka
c_barlad,aq_daco_getic,aq_getian,aq_faith_zalmonian,aq_chief_490,aq_getian
c_barma,aq_central_african,aq_central_african,west_african_bori_pagan,aq_chief_491,aq_central_african
c_barnaul,aq_uralic,aq_uralic,finnish_pagan,aq_chief_492,aq_uralic
c_barqa,aq_egyptian,aq_egyptian,aq_faith_kemetic,aq_chief_493,aq_egyptian
c_bars,aq_gaulish,aq_gaulish,aq_faith_celtic,aq_chief_494,aq_gaulish
c_barsuki,aq_saka,aq_saka,aq_faith_steppe,aq_chief_495,aq_saka
c_bartenstein,aq_baltic,aq_baltic,baltic_pagan,aq_chief_496,aq_baltic
c_basagha,aq_sarmatian,aq_sarmatian,aq_faith_steppe,aq_chief_497,aq_sarmatian
c_basra,aq_aramaic,aq_aramaic,aq_faith_mesopotamian,aq_chief_498,aq_aramaic
c_bassa,aq_forest_african,aq_forest_african,west_african_roog_pagan,aq_chief_499,aq_forest_african
c_bastia,aq_italic,aq_corsican,aq_faith_nuragic,aq_chief_500,aq_corsican
c_batang,aq_tibetan,aq_tibetan,bon,aq_chief_501,aq_tibetan
c_batiha,aq_aramaic,aq_aramaic,aq_faith_mesopotamian,aq_chief_502,aq_aramaic
c_batina,aq_arabian,aq_arabian,aq_faith_arabian,aq_chief_503,aq_arabian
c_batn_al-hajar,aq_kushite,aq_kushite,kushitism_pagan,aq_chief_504,aq_kushite
c_batticaloa,aq_lankan,aq_lankan,aq_faith_rigvedic,aq_chief_505,aq_lankan
c_bauchi,aq_forest_african,aq_forest_african,west_african_roog_pagan,aq_chief_506,aq_forest_african
c_baxoi,aq_tibetan,aq_tibetan,bon,aq_chief_507,aq_tibetan
c_baydhabo,aq_cushitic,aq_cushitic,aq_faith_african,aq_chief_508,aq_cushitic
c_bayeux,aq_gaulish,aq_aulercian,aq_faith_celtic,aq_chief_509,aq_aulercian
c_bazarka,aq_saka,aq_saka,aq_faith_steppe,aq_chief_510,aq_saka
c_bazhou,aq_sinitic,aq_sinitic,aq_faith_chinese,aq_chief_511,aq_sinitic
c_bazin,aq_cushitic,aq_cushitic,aq_faith_african,aq_chief_512,aq_cushitic
c_bearn,aq_gaulish,aq_aquitani,aq_faith_iberian,aq_chief_513,aq_aquitani
c_beaumont,aq_gaulish,aq_parisian,aq_faith_celtic,aq_chief_514,aq_parisian
c_bedford,aq_brythonic,aq_trinovantian,aq_faith_celtic,aq_chief_515,aq_trinovantian
c_begemder,aq_ethiopian,aq_ethiopian,aq_faith_african,aq_chief_516,aq_ethiopian
c_begho,aq_forest_african,aq_forest_african,west_african_roog_pagan,aq_chief_517,aq_forest_african
c_behabad,aq_persian,aq_persian,mazdayasna,aq_chief_518,aq_persian
c_beirut,aq_punic,aq_punic,aq_faith_punic,aq_straton,aq_punic
c_beizhou,aq_sinitic,aq_sinitic,aq_faith_chinese,aq_chief_520,aq_sinitic
c_beja,aq_iberian,aq_lusitanian,aq_faith_lusitanian,aq_chief_521,aq_lusitanian
c_bejaia,aq_berber,aq_numidian_massylian,aq_faith_libyan,aq_chief_522,aq_numidian_massylian
c_bekdas,aq_saka,aq_saka,aq_faith_steppe,aq_chief_523,aq_saka
c_bekes,aq_gaulish,aq_dacian,aq_faith_zalmonian,aq_chief_524,aq_dacian
c_beksima,aq_sarmatian,aq_sarmatian,aq_faith_steppe,aq_chief_525,aq_sarmatian
c_belebey,aq_uralic,aq_uralic,finnish_pagan,aq_chief_526,aq_uralic
c_bellac,aq_gaulish,aq_aeduian,aq_faith_celtic,aq_chief_527,aq_aeduian
c_belogorje,aq_uralic,aq_uralic,finnish_pagan,aq_chief_528,aq_uralic
c_beloozero,aq_finnic,aq_finnic,finnish_pagan,aq_chief_529,aq_finnic
c_belz,aq_slavic,aq_slavic,slavic_pagan,aq_chief_530,aq_slavic
c_bena,aq_west_african,aq_west_african,west_african_pagan,aq_chief_531,aq_west_african
c_benavente,aq_celtiberian,aq_vaccaean,aq_faith_celtic,aq_chief_532,aq_vaccaean
c_benevento,aq_italic,aq_samnite,aq_faith_mefitis,aq_chief_533,aq_samnite
c_benin,aq_forest_african,aq_forest_african,west_african_roog_pagan,aq_chief_534,aq_forest_african
c_beograd,aq_illyrian,aq_dardanian,aq_faith_balkan,aq_chief_535,aq_dardanian
c_berbera,aq_cushitic,aq_cushitic,aq_faith_african,aq_chief_536,aq_cushitic
c_berchtesgaden,aq_gaulish,aq_noric,aq_faith_celtic,aq_chief_537,aq_noric
c_bereg,aq_gaulish,aq_gaulish,aq_faith_celtic,aq_chief_538,aq_gaulish
c_berent,aq_germanic,aq_gutnian,aq_faith_germanic,aq_chief_539,aq_gutnian
c_berestye,aq_slavic,aq_slavic,slavic_pagan,aq_chief_540,aq_slavic
c_bergh,aq_germanic,aq_treverian,aq_faith_celtic,aq_chief_541,aq_treverian
c_berkshire,aq_brythonic,aq_dobunnian,aq_faith_celtic,aq_chief_542,aq_dobunnian
c_berlin,aq_germanic,aq_suebian,aq_faith_germanic,aq_chief_543,aq_suebian
c_bern,aq_gaulish,aq_helvetian,aq_faith_celtic,aq_chief_544,aq_helvetian
c_beroe,aq_thracian,aq_odrysian,aq_faith_balkan,aq_chief_545,aq_odrysian
c_berry,aq_gaulish,aq_biturigian,aq_faith_celtic,aq_chief_546,aq_biturigian
c_berta,aq_ethiopian,aq_ethiopian,aq_faith_african,aq_chief_547,aq_ethiopian
c_besancon,aq_gaulish,aq_helvetian,aq_faith_celtic,aq_chief_548,aq_helvetian
c_beshbalik,aq_saka,aq_saka,aq_faith_steppe,aq_chief_549,aq_saka
c_besinada,aq_sarmatian,aq_sarmatian,aq_faith_steppe,aq_chief_550,aq_sarmatian
c_beszterce,aq_gaulish,aq_dacian,aq_faith_zalmonian,aq_chief_551,aq_dacian
c_bethen,aq_slavic,aq_slavic,slavic_pagan,aq_chief_552,aq_slavic
c_betpa,aq_saka,aq_saka,aq_faith_steppe,aq_chief_553,aq_saka
c_bezichi,aq_finnic,aq_finnic,finnish_pagan,aq_chief_554,aq_finnic
c_beziers,aq_gaulish,aq_volcian,aq_faith_celtic,aq_chief_555,aq_volcian
c_bhakkar,aq_indo_aryan,aq_saindhava,aq_faith_atharvavedic,aq_chief_556,aq_saindhava
c_bhaktapur,aq_himalayan,aq_kirata,aq_faith_himalayan,aq_chief_557,aq_kirata
c_bhera,aq_indo_aryan,aq_madra,aq_faith_rigvedic,aq_chief_558,aq_madra
c_bhumilka,aq_indo_aryan,aq_saurashtra,aq_faith_samavedic,aq_chief_559,aq_saurashtra
c_bianzhou,aq_sinitic,aq_sinitic,aq_faith_chinese,aq_wei,aq_sinitic
c_bigorre,aq_gaulish,aq_aquitani,aq_faith_iberian,aq_chief_561,aq_aquitani
c_bihar,aq_gaulish,aq_dacian,aq_faith_zalmonian,aq_chief_562,aq_dacian
c_biia,aq_uralic,aq_uralic,finnish_pagan,aq_chief_563,aq_uralic
c_bikrampur,aq_gangetic,aq_vanga,aq_faith_yaksha_naga,aq_chief_564,aq_vanga
c_bilizma,aq_berber,aq_numidian_massylian,aq_faith_libyan,aq_chief_565,aq_numidian_massylian
c_bilma,aq_saharan,aq_saharan,aq_faith_libyan,aq_chief_566,aq_saharan
c_bindugu,aq_west_african,aq_west_african,west_african_pagan,aq_chief_567,aq_west_african
c_bingo,aq_yayoi,aq_yayoi,aq_faith_asian,aq_chief_568,aq_yayoi
c_binh_dai,aq_mon_khmer,aq_mon_khmer,aq_faith_asian,aq_chief_569,aq_mon_khmer
c_binh_long,aq_mon_khmer,aq_mon_khmer,aq_faith_asian,aq_chief_570,aq_mon_khmer
c_binh_nguyen,aq_baiyue,aq_baiyue,aq_faith_asian,aq_chief_571,aq_baiyue
c_binzhou,aq_sinitic,aq_sinitic,aq_faith_chinese,aq_chief_572,aq_sinitic
c_binzhou_1,aq_baiyue,aq_baiyue,aq_faith_asian,aq_chief_573,aq_baiyue
c_bir_amir,aq_berber,aq_gaetulian,aq_faith_libyan,aq_chief_574,aq_gaetulian
c_birsk,aq_uralic,aq_uralic,finnish_pagan,aq_chief_575,aq_uralic
c_bisha,aq_arabian,aq_arabian,aq_faith_arabian,aq_chief_576,aq_arabian
c_biskra,aq_berber,aq_numidian_massylian,aq_faith_libyan,aq_chief_577,aq_numidian_massylian
c_bitchu,aq_yayoi,aq_yayoi,aq_faith_asian,aq_chief_578,aq_yayoi
c_bithynia,aq_anatolian,aq_bithynian,aq_faith_balkan,aq_chief_579,aq_bithynian
c_biton,aq_sami,aq_sami,finnish_pagan,aq_chief_580,aq_sami
c_biun,aq_west_african,aq_west_african,west_african_pagan,aq_chief_581,aq_west_african
c_bizen,aq_yayoi,aq_yayoi,aq_faith_asian,aq_chief_582,aq_yayoi
c_bizhou,aq_sinitic,aq_sinitic,aq_faith_chinese,aq_chief_583,aq_sinitic
c_blankenburg,aq_germanic,aq_suebian,aq_faith_germanic,aq_chief_584,aq_suebian
c_blekinge,aq_germanic,aq_harudian,aq_faith_germanic,aq_chief_585,aq_harudian
c_blois,aq_gaulish,aq_biturigian,aq_faith_celtic,aq_chief_586,aq_biturigian
c_bochuan,aq_sinitic,aq_sinitic,aq_faith_chinese,aq_chief_587,aq_sinitic
c_bodele,aq_saharan,aq_saharan,aq_faith_libyan,aq_chief_588,aq_saharan
c_bodrog,aq_gaulish,aq_pannonian,aq_faith_balkan,aq_chief_589,aq_pannonian
c_boeotia,aq_hellenic,aq_hellenic,hellenic_pagan,aq_thebes,aq_hellenic
c_boleslav,aq_gaulish,aq_boian_danube,aq_faith_celtic,aq_chief_591,aq_boian_danube
c_bolghar,aq_uralic,aq_uralic,finnish_pagan,aq_chief_592,aq_uralic
c_bologna,aq_italic,aq_boian,aq_faith_celtic,aq_chief_593,aq_boian
c_bombogor,aq_steppe_eastern,aq_steppe_eastern,tengri_pagan,aq_chief_594,aq_steppe_eastern
c_bome,aq_tibetan,aq_tibetan,bon,aq_chief_595,aq_tibetan
c_bonduku,aq_forest_african,aq_forest_african,west_african_roog_pagan,aq_chief_596,aq_forest_african
c_bono,aq_forest_african,aq_forest_african,west_african_roog_pagan,aq_chief_597,aq_forest_african
c_bonoso,aq_forest_african,aq_forest_african,west_african_roog_pagan,aq_chief_598,aq_forest_african
c_bordeaux,aq_gaulish,aq_aquitani,aq_faith_iberian,aq_chief_599,aq_aquitani
c_bornholm,aq_germanic,aq_harudian,aq_faith_germanic,aq_chief_600,aq_harudian
c_bornu,aq_central_african,aq_central_african,west_african_bori_pagan,aq_chief_601,aq_central_african
c_boro_burgasu,aq_saka,aq_saka,aq_faith_steppe,aq_chief_602,aq_saka
c_boron,aq_forest_african,aq_forest_african,west_african_roog_pagan,aq_chief_603,aq_forest_african
c_borsod,aq_gaulish,aq_gaulish,aq_faith_celtic,aq_chief_604,aq_gaulish
c_boseong,aq_korean,aq_korean,aq_faith_asian,aq_chief_605,aq_korean
c_bost,aq_persian,aq_persian,mazdayasna,aq_chief_606,aq_persian
c_bothin,aq_germanic,aq_germanic,aq_faith_germanic,aq_chief_607,aq_germanic
c_botum_sakor,aq_mon_khmer,aq_mon_khmer,aq_faith_asian,aq_chief_608,aq_mon_khmer
c_boubo,aq_forest_african,aq_forest_african,west_african_roog_pagan,aq_chief_609,aq_forest_african
c_bouillon,aq_germanic,aq_treverian,aq_faith_celtic,aq_chief_610,aq_treverian
c_boulogne,aq_gaulish,aq_menapian,aq_faith_celtic,aq_chief_611,aq_menapian
c_bourbon,aq_gaulish,aq_aeduian,aq_faith_celtic,aq_chief_612,aq_aeduian
c_bozhou,aq_sinitic,aq_sinitic,aq_faith_chinese,aq_chief_613,aq_sinitic
c_bozhou_1,aq_sinitic,aq_sinitic,aq_faith_chinese,aq_chief_614,aq_sinitic
c_brabant,aq_germanic,aq_menapian,aq_faith_celtic,aq_chief_615,aq_menapian
c_braganza,aq_celtiberian,aq_gallaecian,aq_faith_celtic,aq_chief_616,aq_gallaecian
c_braila,aq_daco_getic,aq_getian,aq_faith_zalmonian,aq_chief_617,aq_getian
c_brandenburg,aq_germanic,aq_suebian,aq_faith_germanic,aq_chief_618,aq_suebian
c_branicevo,aq_thracian,aq_triballian,aq_faith_balkan,aq_chief_619,aq_triballian
c_braslau,aq_baltic,aq_baltic,baltic_pagan,aq_chief_620,aq_baltic
c_bratsk,aq_steppe_eastern,aq_steppe_eastern,tengri_pagan,aq_chief_621,aq_steppe_eastern
c_brecknockshire,aq_brythonic,aq_demetian,aq_faith_celtic,aq_chief_622,aq_demetian
c_breifne,aq_goidelic,aq_nagnatian,aq_faith_celtic,aq_chief_623,aq_nagnatian
c_breisgau,aq_germanic,aq_sequanian,aq_faith_celtic,aq_chief_624,aq_sequanian
c_bremen,aq_germanic,aq_cheruscan,aq_faith_germanic,aq_chief_625,aq_cheruscan
c_brene,aq_slavic,aq_slavic,slavic_pagan,aq_chief_626,aq_slavic
c_brescia,aq_italic,aq_cenomanian,aq_faith_celtic,aq_chief_627,aq_cenomanian
c_breslau,aq_slavic,aq_slavic,slavic_pagan,aq_chief_628,aq_slavic
c_bresse,aq_gaulish,aq_helvetian,aq_faith_celtic,aq_chief_629,aq_helvetian
c_brie_francaise,aq_gaulish,aq_parisian,aq_faith_celtic,aq_chief_630,aq_parisian
c_briey,aq_germanic,aq_mediomatrician,aq_faith_celtic,aq_chief_631,aq_mediomatrician
c_brixen,aq_gaulish,aq_rhaetian,aq_faith_rhaetian,aq_chief_632,aq_rhaetian
c_brno,aq_gaulish,aq_boian_danube,aq_faith_celtic,aq_chief_633,aq_boian_danube
c_brugge,aq_gaulish,aq_menapian,aq_faith_celtic,aq_chief_634,aq_menapian
c_brunswick,aq_germanic,aq_cheruscan,aq_faith_germanic,aq_chief_635,aq_cheruscan
c_brysis,aq_thracian,aq_odrysian,aq_faith_balkan,aq_chief_636,aq_odrysian
c_brzeg,aq_slavic,aq_slavic,slavic_pagan,aq_chief_637,aq_slavic
c_buchan,aq_pictish,aq_caledonian,aq_faith_celtic,aq_chief_638,aq_caledonian
c_buckinghamshire,aq_brythonic,aq_trinovantian,aq_faith_celtic,aq_chief_639,aq_trinovantian
c_bucuresti,aq_daco_getic,aq_getian,aq_faith_zalmonian,aq_chief_640,aq_getian
c_bugur,aq_saka,aq_saka,aq_faith_steppe,aq_chief_641,aq_saka
c_bugurslan,aq_uralic,aq_uralic,finnish_pagan,aq_chief_642,aq_uralic
c_bukhara,aq_sogdian,aq_sogdian,mazdayasna,aq_chief_643,aq_sogdian
c_bulat,aq_saka,aq_saka,aq_faith_steppe,aq_chief_644,aq_saka
c_bumthang,aq_tibetan,aq_tibetan,bon,aq_chief_645,aq_tibetan
c_bundu,aq_west_african,aq_west_african,west_african_pagan,aq_chief_646,aq_west_african
c_bungo,aq_yayoi,aq_yayoi,aq_faith_asian,aq_chief_647,aq_yayoi
c_bur,aq_ethiopian,aq_ethiopian,aq_faith_african,aq_chief_648,aq_ethiopian
c_bura,aq_west_african,aq_west_african,west_african_pagan,aq_chief_649,aq_west_african
c_bure,aq_west_african,aq_west_african,west_african_pagan,aq_chief_650,aq_west_african
c_burgas,aq_thracian,aq_odrysian,aq_faith_balkan,aq_chief_651,aq_odrysian
c_burgasutai,aq_saka,aq_saka,aq_faith_steppe,aq_chief_652,aq_saka
c_burgau,aq_gaulish,aq_vindelician,aq_faith_celtic,aq_chief_653,aq_vindelician
c_burgos,aq_celtiberian,aq_celtiberian_arevaci,aq_faith_celtic,aq_chief_654,aq_celtiberian_arevaci
c_burhanpur,aq_indo_aryan,aq_anupa,aq_faith_yaksha_naga,aq_chief_655,aq_anupa
c_buri,aq_baiyue,aq_baiyue,aq_faith_asian,aq_chief_656,aq_baiyue
c_burji,aq_ethiopian,aq_ethiopian,aq_faith_african,aq_chief_657,aq_ethiopian
c_burqin,aq_saka,aq_saka,aq_faith_steppe,aq_chief_658,aq_saka
c_burugu_aallar,aq_tagar,aq_tagar,aq_faith_steppe,aq_chief_659,aq_tagar
c_busaso,aq_cushitic,aq_cushitic,aq_faith_african,aq_chief_660,aq_cushitic
c_bussa,aq_forest_african,aq_forest_african,west_african_roog_pagan,aq_chief_661,aq_forest_african
c_buthrotum,aq_hellenic,aq_hellenic,hellenic_pagan,aq_chief_662,aq_hellenic
c_buzachi,aq_saka,aq_saka,aq_faith_steppe,aq_chief_663,aq_saka
c_buzau,aq_daco_getic,aq_getian,aq_faith_zalmonian,aq_chief_664,aq_getian
c_buzen,aq_yayoi,aq_yayoi,aq_faith_asian,aq_chief_665,aq_yayoi
c_byzantion,aq_thracian,aq_odrysian,aq_faith_balkan,aq_chief_666,aq_odrysian
c_ca_mau,aq_mon_khmer,aq_mon_khmer,aq_faith_asian,aq_chief_667,aq_mon_khmer
c_cabardinia,aq_sarmatian,aq_sarmatian,aq_faith_steppe,aq_chief_668,aq_sarmatian
c_cabra,aq_iberian,aq_bastetanian,aq_faith_iberian,aq_chief_669,aq_bastetanian
c_caceres,aq_iberian,aq_vettonian,aq_faith_lusitanian,aq_chief_670,aq_vettonian
c_cadiz,aq_iberian,aq_turdetanian,aq_faith_iberian,aq_chief_671,aq_turdetanian
c_caernarfonshire,aq_brythonic,aq_ordovician,aq_faith_celtic,aq_chief_672,aq_ordovician
c_cagliari,aq_italic,aq_nuragic,aq_faith_nuragic,aq_chief_673,aq_nuragic
c_cairo,aq_egyptian,aq_egyptian,aq_faith_kemetic,aq_egypt,aq_egyptian
c_caithness,aq_pictish,aq_caledonian,aq_faith_celtic,aq_chief_675,aq_caledonian
c_caizhou,aq_sinitic,aq_sinitic,aq_faith_chinese,aq_chief_676,aq_sinitic
c_cakrakuta,aq_indo_aryan,aq_atavi,aq_faith_forest_indian,aq_chief_677,aq_atavi
c_calafat,aq_daco_getic,aq_getian,aq_faith_zalmonian,aq_chief_678,aq_getian
c_calarasi,aq_daco_getic,aq_getian,aq_faith_zalmonian,aq_chief_679,aq_getian
c_calatayud,aq_iberian,aq_edetanian,aq_faith_iberian,aq_chief_680,aq_edetanian
c_calatrava,aq_iberian,aq_turdetanian,aq_faith_iberian,aq_chief_681,aq_turdetanian
c_camarda,aq_italic,aq_lucanian,aq_faith_mefitis,aq_chief_682,aq_lucanian
c_cambray,aq_germanic,aq_menapian,aq_faith_celtic,aq_chief_683,aq_menapian
c_cambridgeshire,aq_brythonic,aq_iceni,aq_faith_celtic,aq_chief_684,aq_iceni
c_cammin,aq_germanic,aq_suebian,aq_faith_germanic,aq_chief_685,aq_suebian
c_campulung,aq_daco_getic,aq_dacian,aq_faith_zalmonian,aq_chief_686,aq_dacian
c_canarias,aq_guanche,aq_maurian,aq_faith_libyan,aq_chief_687,aq_maurian
c_canasha,aq_mon_khmer,aq_mon_khmer,aq_faith_asian,aq_chief_688,aq_mon_khmer
c_canavese,aq_gaulish,aq_allobrogian,aq_faith_celtic,aq_chief_689,aq_allobrogian
c_canda,aq_dravidian,aq_vidarbha,aq_faith_atharvavedic,aq_chief_690,aq_vidarbha
c_candhoba,aq_indo_aryan,aq_avanti,aq_faith_samavedic,aq_chief_691,aq_avanti
c_candradvipa,aq_gangetic,aq_vanga,aq_faith_yaksha_naga,aq_chief_692,aq_vanga
c_candragiri,aq_dravidian,aq_chola,aq_faith_murukan,aq_chief_693,aq_chola
c_cangzhou,aq_sinitic,aq_sinitic,aq_faith_chinese,aq_chief_694,aq_sinitic
c_caozhou,aq_sinitic,aq_sinitic,aq_faith_chinese,aq_chief_695,aq_sinitic
c_cappadocia,aq_anatolian,aq_cappadocian,aq_faith_ma,aq_chief_696,aq_cappadocian
c_capua,aq_italic,aq_campanian,aq_faith_italic,aq_chief_697,aq_campanian
c_carcassonne,aq_gaulish,aq_volcian,aq_faith_celtic,aq_chief_698,aq_volcian
c_cardiganshire,aq_brythonic,aq_ordovician,aq_faith_celtic,aq_chief_699,aq_ordovician
c_caria,aq_anatolian,aq_carian,aq_faith_labraundos,aq_chief_700,aq_carian
c_carmarthenshire,aq_brythonic,aq_demetian,aq_faith_celtic,aq_chief_701,aq_demetian
c_carrick,aq_pictish,aq_novantian,aq_faith_celtic,aq_chief_702,aq_novantian
c_casentino,aq_italic,aq_italic,aq_faith_italic,aq_chief_703,aq_italic
c_caslav,aq_gaulish,aq_boian_danube,aq_faith_celtic,aq_chief_704,aq_boian_danube
c_castellon,aq_iberian,aq_contestanian,aq_faith_iberian,aq_chief_705,aq_contestanian
c_castelo_branco,aq_celtiberian,aq_lusitanian,aq_faith_lusitanian,aq_chief_706,aq_lusitanian
c_caze,aq_tibetan,aq_tibetan,bon,aq_chief_707,aq_tibetan
c_central_tannu,aq_tagar,aq_tagar,aq_faith_steppe,aq_chief_708,aq_tagar
c_cephalonia,aq_hellenic,aq_hellenic,hellenic_pagan,aq_chief_709,aq_hellenic
c_cerasus,aq_anatolian,aq_colchian,aq_faith_anatolian,aq_chief_710,aq_colchian
c_cetatea_alba,aq_daco_getic,aq_getian,aq_faith_zalmonian,aq_chief_711,aq_getian
c_cetina,aq_illyrian,aq_delmatian,aq_faith_balkan,aq_chief_712,aq_delmatian
c_ceuta,aq_berber,aq_maurian,aq_faith_libyan,aq_chief_713,aq_maurian
c_chadrinsk,aq_uralic,aq_uralic,finnish_pagan,aq_chief_714,aq_uralic
c_chagdy_aallar,aq_tagar,aq_tagar,aq_faith_steppe,aq_chief_715,aq_tagar
c_chaghaniyan,aq_sogdian,aq_sogdian,mazdayasna,aq_chief_716,aq_sogdian
c_chah,aq_saka,aq_saka,aq_faith_steppe,aq_chief_717,aq_saka
c_chakangrao,aq_tai,aq_tai,aq_faith_asian,aq_chief_718,aq_tai
c_chakla,aq_tibetan,aq_tibetan,bon,aq_chief_719,aq_tibetan
c_chalkar,aq_saka,aq_saka,aq_faith_steppe,aq_chief_720,aq_saka
c_chalkidike,aq_hellenic,aq_hellenic,hellenic_pagan,aq_chalcidice,aq_hellenic
c_chalon,aq_gaulish,aq_aeduian,aq_faith_celtic,aq_chief_722,aq_aeduian
c_chalons,aq_gaulish,aq_remian,aq_faith_celtic,aq_chief_723,aq_remian
c_chamil,aq_saka,aq_saka,aq_faith_steppe,aq_chief_724,aq_saka
c_chandax,aq_hellenic,aq_hellenic,hellenic_pagan,aq_chief_725,aq_hellenic
c_chanderi,aq_indo_aryan,aq_avanti,aq_faith_samavedic,aq_chief_726,aq_avanti
c_changzhou,aq_sinitic,aq_sinitic,aq_faith_chinese,aq_chief_727,aq_sinitic
c_changzhou_1,aq_sinitic,aq_sinitic,aq_faith_chinese,aq_chief_728,aq_sinitic
c_chania,aq_hellenic,aq_hellenic,hellenic_pagan,aq_chief_729,aq_hellenic
c_chaozhou,aq_baiyue,aq_baiyue,aq_faith_asian,aq_chief_730,aq_baiyue
c_charaideo,aq_gangetic,aq_pragjyotisha,aq_faith_yaksha_naga,aq_chief_731,aq_pragjyotisha
c_charkliq,aq_tocharian,aq_tocharian,aq_faith_steppe,aq_chief_732,aq_tocharian
c_charsianon,aq_anatolian,aq_cappadocian,aq_faith_ma,aq_chief_733,aq_cappadocian
c_chartres,aq_gaulish,aq_carnutian,aq_faith_celtic,aq_chief_734,aq_carnutian
c_chauragarh,aq_indo_aryan,aq_pulinda,aq_faith_forest_indian,aq_chief_735,aq_pulinda
c_cheboksary,aq_uralic,aq_uralic,finnish_pagan,aq_chief_736,aq_uralic
c_chelabinsk,aq_uralic,aq_uralic,finnish_pagan,aq_chief_737,aq_uralic
c_chengdu,aq_sinitic,aq_sinitic,aq_faith_chinese,aq_chief_738,aq_sinitic
c_chengji,aq_baiyue,aq_baiyue,aq_faith_asian,aq_chief_739,aq_baiyue
c_chengzhou,aq_sinitic,aq_sinitic,aq_faith_chinese,aq_chief_740,aq_sinitic
c_chenzhou_1,aq_sinitic,aq_sinitic,aq_faith_chinese,aq_chief_741,aq_sinitic
c_cheongju,aq_korean,aq_korean,aq_faith_asian,aq_chief_742,aq_korean
c_cherchen,aq_tocharian,aq_tocharian,aq_faith_steppe,aq_chief_743,aq_tocharian
c_cherik,aq_saka,aq_saka,aq_faith_steppe,aq_chief_744,aq_saka
c_cherkassy,aq_scythian,aq_scythian,aq_faith_steppe,aq_chief_745,aq_scythian
c_chernigov,aq_slavic,aq_slavic,slavic_pagan,aq_chief_746,aq_slavic
c_cherso,aq_illyrian,aq_liburnian,aq_faith_balkan,aq_chief_747,aq_liburnian
c_cherven,aq_slavic,aq_slavic,slavic_pagan,aq_chief_748,aq_slavic
c_cheshire,aq_brythonic,aq_brigantian,aq_faith_celtic,aq_chief_749,aq_brigantian
c_chiang_khaeng,aq_tai,aq_tai,aq_faith_asian,aq_chief_750,aq_tai
c_chiang_rung,aq_tai,aq_tai,aq_faith_asian,aq_chief_751,aq_tai
c_chich,aq_uralic,aq_uralic,finnish_pagan,aq_chief_752,aq_uralic
c_chikoy,aq_steppe_eastern,aq_steppe_eastern,tengri_pagan,aq_chief_753,aq_steppe_eastern
c_chikugo,aq_yayoi,aq_yayoi,aq_faith_asian,aq_chief_754,aq_yayoi
c_chikuzen,aq_yayoi,aq_yayoi,aq_faith_asian,aq_chief_755,aq_yayoi
c_chilia,aq_daco_getic,aq_getian,aq_faith_zalmonian,aq_chief_756,aq_getian
c_chindu,aq_tibetan,aq_tibetan,bon,aq_chief_757,aq_tibetan
c_chios,aq_hellenic,aq_hellenic,hellenic_pagan,aq_chief_758,aq_hellenic
c_chitrakut,aq_indo_aryan,aq_sivi,aq_faith_rigvedic,aq_chief_759,aq_sivi
c_chitral,aq_bactrian,aq_kambojan,aq_faith_steppe,aq_chief_760,aq_kambojan
c_chizhou,aq_sinitic,aq_sinitic,aq_faith_chinese,aq_chief_761,aq_sinitic
c_choklema,aq_finnic,aq_finnic,finnish_pagan,aq_chief_762,aq_finnic
c_cholamandalam,aq_dravidian,aq_chola,aq_faith_murukan,aq_chief_763,aq_chola
c_chonae,aq_anatolian,aq_lydian,aq_faith_artimu,aq_chief_764,aq_lydian
c_chornobyl,aq_slavic,aq_slavic,slavic_pagan,aq_chief_765,aq_slavic
c_chuguchak,aq_saka,aq_saka,aq_faith_steppe,aq_chief_766,aq_saka
c_chulym,aq_uralic,aq_uralic,finnish_pagan,aq_chief_767,aq_uralic
c_chumarho,aq_tibetan,aq_tibetan,bon,aq_chief_768,aq_tibetan
c_chumkar_kia,aq_saka,aq_saka,aq_faith_steppe,aq_chief_769,aq_saka
c_chuna,aq_steppe_eastern,aq_steppe_eastern,tengri_pagan,aq_chief_770,aq_steppe_eastern
c_chunar,aq_magadhan,aq_kasi,aq_faith_shukla_yajurvedic,aq_chief_771,aq_kasi
c_chungju,aq_korean,aq_korean,aq_faith_asian,aq_chief_772,aq_korean
c_chungthang,aq_tibetan,aq_tibetan,bon,aq_chief_773,aq_tibetan
c_chunju,aq_korean,aq_korean,aq_faith_asian,aq_chief_774,aq_korean
c_chunzhou,aq_baiyue,aq_baiyue,aq_faith_asian,aq_chief_775,aq_baiyue
c_chupka,aq_ainu,aq_ainu,aq_faith_asian,aq_chief_776,aq_ainu
c_churuk,aq_saka,aq_saka,aq_faith_steppe,aq_chief_777,aq_saka
c_chuya,aq_steppe_eastern,aq_steppe_eastern,tengri_pagan,aq_chief_778,aq_steppe_eastern
c_chuzhou,aq_sinitic,aq_sinitic,aq_faith_chinese,aq_chief_779,aq_sinitic
c_chuzhou_1,aq_sinitic,aq_sinitic,aq_faith_chinese,aq_chief_780,aq_sinitic
c_chuzhou_2,aq_sinitic,aq_sinitic,aq_faith_chinese,aq_chief_781,aq_sinitic
c_cieszyn,aq_slavic,aq_slavic,slavic_pagan,aq_chief_782,aq_slavic
c_cilicia,aq_persian,aq_cilician,aq_faith_sandas,aq_mazaeus,aq_persian
c_cizhou,aq_sinitic,aq_sinitic,aq_faith_chinese,aq_chief_784,aq_sinitic
c_clermont,aq_gaulish,aq_parisian,aq_faith_celtic,aq_chief_785,aq_parisian
c_clermont_sur_allier,aq_gaulish,aq_arvernian,aq_faith_celtic,aq_chief_786,aq_arvernian
c_cleves,aq_germanic,aq_germanic,aq_faith_germanic,aq_chief_787,aq_germanic
c_coburg,aq_germanic,aq_suebian,aq_faith_germanic,aq_chief_788,aq_suebian
c_coimbra,aq_celtiberian,aq_lusitanian,aq_faith_lusitanian,aq_chief_789,aq_lusitanian
c_colmar,aq_germanic,aq_sequanian,aq_faith_celtic,aq_chief_790,aq_sequanian
c_cologne,aq_germanic,aq_treverian,aq_faith_celtic,aq_chief_791,aq_treverian
c_colonea,aq_anatolian,aq_colchian,aq_faith_anatolian,aq_chief_792,aq_colchian
c_comai,aq_tibetan,aq_tibetan,bon,aq_chief_793,aq_tibetan
c_comminges,aq_gaulish,aq_aquitani,aq_faith_iberian,aq_chief_794,aq_aquitani
c_como,aq_italic,aq_insubrian,aq_faith_celtic,aq_chief_795,aq_insubrian
c_cona,aq_tibetan,aq_tibetan,bon,aq_chief_796,aq_tibetan
c_connacht,aq_goidelic,aq_nagnatian,aq_faith_celtic,aq_chief_797,aq_nagnatian
c_constanta,aq_thracian,aq_getian,aq_faith_zalmonian,aq_chief_798,aq_getian
c_constantine,aq_punic,aq_numidian_massylian,aq_faith_libyan,aq_chief_799,aq_numidian_massylian
c_coqen,aq_tibetan,aq_tibetan,bon,aq_chief_800,aq_tibetan
c_cordoba,aq_iberian,aq_turdetanian,aq_faith_iberian,aq_chief_801,aq_turdetanian
c_cornouaille,aq_gaulish,aq_venetian_gaul,aq_faith_celtic,aq_chief_802,aq_venetian_gaul
c_cornwall,aq_brythonic,aq_dumnonian,aq_faith_celtic,aq_chief_803,aq_dumnonian
c_coruna,aq_celtiberian,aq_gallaecian,aq_faith_celtic,aq_chief_804,aq_gallaecian
c_cosenza,aq_hellenic,aq_bruttian,aq_faith_mefitis,aq_chief_805,aq_bruttian
c_cottbus,aq_slavic,aq_slavic,slavic_pagan,aq_chief_806,aq_slavic
c_coulommiers,aq_gaulish,aq_remian,aq_faith_celtic,aq_chief_807,aq_remian
c_cozhelhoma,aq_tibetan,aq_tibetan,bon,aq_chief_808,aq_tibetan
c_craiova,aq_daco_getic,aq_getian,aq_faith_zalmonian,aq_chief_809,aq_getian
c_cremona,aq_italic,aq_cenomanian,aq_faith_celtic,aq_chief_810,aq_cenomanian
c_csanad,aq_gaulish,aq_scordiscian,aq_faith_celtic,aq_chief_811,aq_scordiscian
c_csongrad,aq_gaulish,aq_pannonian,aq_faith_balkan,aq_chief_812,aq_pannonian
c_cuellar,aq_celtiberian,aq_celtiberian_arevaci,aq_faith_celtic,aq_chief_813,aq_celtiberian_arevaci
c_cuenca,aq_iberian,aq_carpetanian,aq_faith_celtic,aq_chief_814,aq_carpetanian
c_cumberland,aq_brythonic,aq_votadinian,aq_faith_celtic,aq_chief_815,aq_votadinian
c_cumbum,aq_dravidian,aq_andhra,aq_faith_dravidian,aq_chief_816,aq_andhra
c_cuneo,aq_italic,aq_ligurian,aq_faith_ligurian,aq_chief_817,aq_ligurian
c_cuonaco,aq_tibetan,aq_tibetan,bon,aq_chief_818,aq_tibetan
c_cykma,aq_uralic,aq_uralic,finnish_pagan,aq_chief_819,aq_uralic
c_czerska,aq_slavic,aq_slavic,slavic_pagan,aq_chief_820,aq_slavic
c_dabou,aq_forest_african,aq_forest_african,west_african_roog_pagan,aq_chief_821,aq_forest_african
c_daboya,aq_forest_african,aq_forest_african,west_african_roog_pagan,aq_chief_822,aq_forest_african
c_dabusiya,aq_sogdian,aq_sogdian,mazdayasna,aq_chief_823,aq_sogdian
c_dadhipadra,aq_indo_aryan,aq_avanti,aq_faith_samavedic,aq_chief_824,aq_avanti
c_dafang,aq_tocharian,aq_tocharian,aq_faith_steppe,aq_chief_825,aq_tocharian
c_dagomba,aq_forest_african,aq_forest_african,west_african_roog_pagan,aq_chief_826,aq_forest_african
c_dagon,aq_burman,aq_burman,aq_faith_asian,aq_chief_827,aq_burman
c_dahlak,aq_ethiopian,aq_ethiopian,aq_faith_african,aq_chief_828,aq_ethiopian
c_daizhou,aq_sinitic,aq_sinitic,aq_faith_chinese,aq_chief_829,aq_sinitic
c_dakajalan,aq_west_african,aq_west_african,west_african_pagan,aq_chief_830,aq_west_african
c_dakhina_desa,aq_lankan,aq_lankan,aq_faith_rigvedic,aq_chief_831,aq_lankan
c_dakhla,aq_egyptian,aq_egyptian,aq_faith_kemetic,aq_chief_832,aq_egyptian
c_dakkar,aq_cushitic,aq_cushitic,aq_faith_african,aq_chief_833,aq_cushitic
c_dal,aq_germanic,aq_gautish,aq_faith_germanic,aq_chief_834,aq_gautish
c_dalabergslagen,aq_germanic,aq_suionian,aq_faith_germanic,aq_chief_835,aq_suionian
c_dalarna,aq_germanic,aq_suionian,aq_faith_germanic,aq_chief_836,aq_suionian
c_dali,aq_baiyue,aq_baiyue,aq_faith_asian,aq_chief_837,aq_baiyue
c_daman,aq_indo_aryan,aq_lata,aq_faith_atharvavedic,aq_chief_838,aq_lata
c_damascus,aq_aramaic,aq_aramaic,aq_faith_mesopotamian,aq_chief_839,aq_aramaic
c_damghan,aq_bactrian,aq_bactrian,mazdayasna,aq_chief_840,aq_bactrian
c_damietta,aq_egyptian,aq_egyptian,aq_faith_kemetic,aq_chief_841,aq_egyptian
c_damin_i_koh,aq_magadhan,aq_atavi,aq_faith_forest_indian,aq_chief_842,aq_atavi
c_damoh,aq_indo_aryan,aq_pulinda,aq_faith_forest_indian,aq_chief_843,aq_pulinda
c_damot,aq_ethiopian,aq_ethiopian,aq_faith_african,aq_chief_844,aq_ethiopian
c_damxung,aq_tibetan,aq_tibetan,bon,aq_chief_845,aq_tibetan
c_danakil,aq_cushitic,aq_cushitic,aq_faith_african,aq_chief_846,aq_cushitic
c_dang,aq_himalayan,aq_kirata,aq_faith_himalayan,aq_chief_847,aq_kirata
c_dangla,aq_tibetan,aq_tibetan,bon,aq_chief_848,aq_tibetan
c_dangseong,aq_korean,aq_korean,aq_faith_asian,aq_chief_849,aq_korean
c_dannenberg,aq_germanic,aq_cheruscan,aq_faith_germanic,aq_chief_850,aq_cheruscan
c_danzhou,aq_sinitic,aq_sinitic,aq_faith_chinese,aq_chief_851,aq_sinitic
c_danzhou_1,aq_baiyue,aq_baiyue,aq_faith_asian,aq_chief_852,aq_baiyue
c_danzig,aq_germanic,aq_gutnian,aq_faith_germanic,aq_chief_853,aq_gutnian
c_daozhou,aq_sinitic,aq_sinitic,aq_faith_chinese,aq_chief_854,aq_sinitic
c_dar-al-rih,aq_central_african,aq_central_african,west_african_bori_pagan,aq_chief_855,aq_central_african
c_dar_al-said,aq_central_african,aq_central_african,west_african_bori_pagan,aq_chief_856,aq_central_african
c_dar_rashid,aq_central_african,aq_central_african,west_african_bori_pagan,aq_chief_857,aq_central_african
c_dar_sila,aq_central_african,aq_central_african,west_african_bori_pagan,aq_chief_858,aq_central_african
c_dara,aq_ethiopian,aq_ethiopian,aq_faith_african,aq_chief_859,aq_ethiopian
c_darabjerd,aq_persian,aq_persian,mazdayasna,aq_chief_860,aq_persian
c_daramdin,aq_tibetan,aq_tibetan,bon,aq_chief_861,aq_tibetan
c_darcha,aq_tibetan,aq_tibetan,bon,aq_chief_862,aq_tibetan
c_darghan,aq_sogdian,aq_sogdian,mazdayasna,aq_chief_863,aq_sogdian
c_darkhad_valley,aq_steppe_eastern,aq_steppe_eastern,tengri_pagan,aq_chief_864,aq_steppe_eastern
c_darmashan,aq_bactrian,aq_bactrian,mazdayasna,aq_chief_865,aq_bactrian
c_dasapura,aq_indo_aryan,aq_avanti,aq_faith_samavedic,aq_chief_866,aq_avanti
c_dathina,aq_sabaean,aq_sabaean,aq_faith_arabian,aq_chief_867,aq_sabaean
c_datong,aq_tibetan,aq_tibetan,bon,aq_chief_868,aq_tibetan
c_datong_2,aq_sinitic,aq_sinitic,aq_faith_chinese,aq_chief_869,aq_sinitic
c_daura,aq_central_african,aq_central_african,west_african_bori_pagan,aq_chief_870,aq_central_african
c_dausar,aq_aramaic,aq_aramaic,aq_faith_mesopotamian,aq_chief_871,aq_aramaic
c_dawaro,aq_cushitic,aq_cushitic,aq_faith_african,aq_chief_872,aq_cushitic
c_dawraq,aq_persian,aq_persian,mazdayasna,aq_chief_873,aq_persian
c_dawu,aq_tibetan,aq_tibetan,bon,aq_chief_874,aq_tibetan
c_debar,aq_illyrian,aq_taulantian,aq_faith_balkan,aq_chief_875,aq_taulantian
c_debul,aq_indo_aryan,aq_saindhava,aq_faith_atharvavedic,aq_chief_876,aq_saindhava
c_dege,aq_tibetan,aq_tibetan,bon,aq_chief_877,aq_tibetan
c_degelen,aq_saka,aq_saka,aq_faith_steppe,aq_chief_878,aq_saka
c_delhi,aq_indo_aryan,aq_kuru,aq_faith_krishna_yajurvedic,aq_chief_879,aq_kuru
c_dembiya,aq_ethiopian,aq_ethiopian,aq_faith_african,aq_chief_880,aq_ethiopian
c_demchok,aq_tibetan,aq_tibetan,bon,aq_chief_881,aq_tibetan
c_demetrias,aq_hellenic,aq_hellenic,hellenic_pagan,aq_chief_882,aq_hellenic
c_denbighshire,aq_brythonic,aq_ordovician,aq_faith_celtic,aq_chief_883,aq_ordovician
c_dendi,aq_west_african,aq_west_african,west_african_pagan,aq_chief_884,aq_west_african
c_dengqen,aq_tibetan,aq_tibetan,bon,aq_chief_885,aq_tibetan
c_dengzhou,aq_sinitic,aq_sinitic,aq_faith_chinese,aq_chief_886,aq_sinitic
c_dengzhou_1,aq_sinitic,aq_sinitic,aq_faith_chinese,aq_chief_887,aq_sinitic
c_denia,aq_iberian,aq_contestanian,aq_faith_iberian,aq_chief_888,aq_contestanian
c_deqen,aq_tibetan,aq_tibetan,bon,aq_chief_889,aq_tibetan
c_derbent,aq_sarmatian,aq_sarmatian,aq_faith_steppe,aq_chief_890,aq_sarmatian
c_derby,aq_brythonic,aq_brigantian,aq_faith_celtic,aq_chief_891,aq_brigantian
c_derlenka,aq_tibetan,aq_tibetan,bon,aq_chief_892,aq_tibetan
c_derna,aq_egyptian,aq_egyptian,aq_faith_kemetic,aq_chief_893,aq_egyptian
c_desmond,aq_goidelic,aq_ivernian,aq_faith_celtic,aq_chief_894,aq_ivernian
c_dessau,aq_germanic,aq_suebian,aq_faith_germanic,aq_chief_895,aq_suebian
c_deungju,aq_korean,aq_korean,aq_faith_asian,aq_chief_896,aq_korean
c_devagiri,aq_dravidian,aq_asmaka,aq_faith_krishna_yajurvedic,aq_chief_897,aq_asmaka
c_devon,aq_brythonic,aq_dumnonian,aq_faith_celtic,aq_chief_898,aq_dumnonian
c_dezhou,aq_sinitic,aq_sinitic,aq_faith_chinese,aq_chief_899,aq_sinitic
c_dhafra,aq_arabian,aq_arabian,aq_faith_arabian,aq_chief_900,aq_arabian
c_dhamalpur,aq_indo_aryan,aq_anarta,aq_faith_samavedic,aq_chief_901,aq_anarta
c_dhankar,aq_tibetan,aq_tibetan,bon,aq_chief_902,aq_tibetan
c_dhara,aq_indo_aryan,aq_avanti,aq_faith_samavedic,aq_chief_903,aq_avanti
c_dhofar,aq_sabaean,aq_sabaean,aq_faith_arabian,aq_chief_904,aq_sabaean
c_dhraina,aq_west_african,aq_west_african,west_african_pagan,aq_chief_905,aq_west_african
c_diamare,aq_central_african,aq_central_african,west_african_bori_pagan,aq_chief_906,aq_central_african
c_dibri,aq_forest_african,aq_forest_african,west_african_roog_pagan,aq_chief_907,aq_forest_african
c_dihistan,aq_persian,aq_persian,mazdayasna,aq_chief_908,aq_persian
c_dijon,aq_gaulish,aq_aeduian,aq_faith_celtic,aq_chief_909,aq_aeduian
c_dimapur,aq_gangetic,aq_pragjyotisha,aq_faith_yaksha_naga,aq_chief_910,aq_pragjyotisha
c_dinawar,aq_persian,aq_persian,mazdayasna,aq_chief_911,aq_persian
c_dingzhou,aq_sinitic,aq_sinitic,aq_faith_chinese,aq_chief_912,aq_sinitic
c_dipalpur,aq_indo_aryan,aq_madra,aq_faith_rigvedic,aq_chief_913,aq_madra
c_dirku,aq_saharan,aq_saharan,aq_faith_libyan,aq_chief_914,aq_saharan
c_diskit,aq_tibetan,aq_tibetan,bon,aq_chief_915,aq_tibetan
c_ditmarschen,aq_germanic,aq_teutonian,aq_faith_germanic,aq_chief_916,aq_teutonian
c_dizhou,aq_sinitic,aq_sinitic,aq_faith_chinese,aq_chief_917,aq_sinitic
c_djado,aq_saharan,aq_saharan,aq_faith_libyan,aq_chief_918,aq_saharan
c_djanet,aq_saharan,aq_garamantian,aq_faith_libyan,aq_chief_919,aq_garamantian
c_djarin,aq_cushitic,aq_cushitic,aq_faith_african,aq_chief_920,aq_cushitic
c_djerba,aq_punic,aq_punic,aq_faith_punic,aq_chief_921,aq_punic
c_djugu,aq_forest_african,aq_forest_african,west_african_roog_pagan,aq_chief_922,aq_forest_african
c_dnipro,aq_scythian,aq_scythian,aq_faith_steppe,aq_chief_923,aq_scythian
c_dobrzynska,aq_slavic,aq_slavic,slavic_pagan,aq_chief_924,aq_slavic
c_dodugu,aq_west_african,aq_west_african,west_african_pagan,aq_chief_925,aq_west_african
c_dokkum,aq_germanic,aq_chaucan,aq_faith_germanic,aq_chief_926,aq_chaucan
c_dole,aq_gaulish,aq_helvetian,aq_faith_celtic,aq_chief_927,aq_helvetian
c_dolgujar,aq_uralic,aq_uralic,finnish_pagan,aq_chief_928,aq_uralic
c_dondan_oilik,aq_tocharian,aq_tocharian,aq_faith_steppe,aq_chief_929,aq_tocharian
c_dong_si_mahosot,aq_mon_khmer,aq_mon_khmer,aq_faith_asian,aq_chief_930,aq_mon_khmer
c_dongchuan,aq_baiyue,aq_baiyue,aq_faith_asian,aq_chief_931,aq_baiyue
c_dongguan,aq_baiyue,aq_baiyue,aq_faith_asian,aq_chief_932,aq_baiyue
c_dongju,aq_korean,aq_korean,aq_faith_asian,aq_chief_933,aq_korean
c_dongola,aq_kushite,aq_kushite,kushitism_pagan,aq_chief_934,aq_kushite
c_donjikraji,aq_illyrian,aq_delmatian,aq_faith_balkan,aq_chief_935,aq_delmatian
c_dorohoi,aq_daco_getic,aq_getian,aq_faith_zalmonian,aq_chief_936,aq_getian
c_dorohychyn,aq_slavic,aq_slavic,slavic_pagan,aq_chief_937,aq_slavic
c_dorostorum,aq_thracian,aq_triballian,aq_faith_balkan,aq_chief_938,aq_triballian
c_dorpat,aq_finnic,aq_finnic,finnish_pagan,aq_chief_939,aq_finnic
c_dorset,aq_brythonic,aq_dumnonian,aq_faith_celtic,aq_chief_940,aq_dumnonian
c_dortmund,aq_germanic,aq_treverian,aq_faith_celtic,aq_chief_941,aq_treverian
c_doti,aq_himalayan,aq_kirata,aq_faith_himalayan,aq_chief_942,aq_kirata
c_doudleby,aq_gaulish,aq_boian_danube,aq_faith_celtic,aq_chief_943,aq_boian_danube
c_draa,aq_berber,aq_maurian,aq_faith_libyan,aq_chief_944,aq_maurian
c_dresden,aq_slavic,aq_slavic,slavic_pagan,aq_chief_945,aq_slavic
c_duanzhou,aq_baiyue,aq_baiyue,aq_faith_asian,aq_chief_946,aq_baiyue
c_dublin,aq_goidelic,aq_eblanian,aq_faith_celtic,aq_chief_947,aq_eblanian
c_dubrovytsia,aq_slavic,aq_slavic,slavic_pagan,aq_chief_948,aq_slavic
c_duklja,aq_illyrian,aq_ardiaean,aq_faith_balkan,aq_chief_949,aq_ardiaean
c_dunbar,aq_pictish,aq_votadinian,aq_faith_celtic,aq_chief_950,aq_votadinian
c_dunhuang,aq_tocharian,aq_tocharian,aq_faith_steppe,aq_chief_951,aq_tocharian
c_duqm,aq_arabian,aq_arabian,aq_faith_arabian,aq_chief_952,aq_arabian
c_durham,aq_brythonic,aq_votadinian,aq_faith_celtic,aq_chief_953,aq_votadinian
c_durne,aq_germanic,aq_suebian,aq_faith_germanic,aq_chief_954,aq_suebian
c_durovka,aq_uralic,aq_uralic,finnish_pagan,aq_chief_955,aq_uralic
c_duvan,aq_uralic,aq_uralic,finnish_pagan,aq_chief_956,aq_uralic
c_dvaraka,aq_indo_aryan,aq_anarta,aq_faith_samavedic,aq_chief_957,aq_anarta
c_dvin,aq_armenian,aq_armenian,aq_faith_anatolian,aq_chief_958,aq_armenian
c_dyamare,aq_west_african,aq_west_african,west_african_pagan,aq_chief_959,aq_west_african
c_dyrrachion,aq_illyrian,aq_taulantian,aq_faith_balkan,aq_illyria,aq_illyrian
c_dyulaso,aq_forest_african,aq_forest_african,west_african_roog_pagan,aq_chief_961,aq_forest_african
c_east-tokharestan,aq_bactrian,aq_bactrian,mazdayasna,aq_chief_962,aq_bactrian
c_east_darfur,aq_central_african,aq_central_african,west_african_bori_pagan,aq_chief_963,aq_central_african
c_east_kiilt,aq_sami,aq_sami,finnish_pagan,aq_chief_964,aq_sami
c_east_riding,aq_brythonic,aq_brigantian,aq_faith_celtic,aq_chief_965,aq_brigantian
c_eastern_tannu,aq_tagar,aq_tagar,aq_faith_steppe,aq_chief_966,aq_tagar
c_ebi-nor,aq_saka,aq_saka,aq_faith_steppe,aq_chief_967,aq_saka
c_echigo,aq_jomon,aq_jomon,aq_faith_asian,aq_chief_968,aq_jomon
c_echizen,aq_jomon,aq_jomon,aq_faith_asian,aq_chief_969,aq_jomon
c_edd,aq_cushitic,aq_cushitic,aq_faith_african,aq_chief_970,aq_cushitic
c_edessa,aq_aramaic,aq_aramaic,aq_faith_mesopotamian,aq_chief_971,aq_aramaic
c_edo,aq_forest_african,aq_forest_african,west_african_roog_pagan,aq_chief_972,aq_forest_african
c_eghiz_kara,aq_saka,aq_saka,aq_faith_steppe,aq_chief_973,aq_saka
c_eichstadt,aq_gaulish,aq_boian_danube,aq_faith_celtic,aq_chief_974,aq_boian_danube
c_el_fasher,aq_central_african,aq_central_african,west_african_bori_pagan,aq_chief_975,aq_central_african
c_el_waak,aq_cushitic,aq_cushitic,aq_faith_african,aq_chief_976,aq_cushitic
c_elabuga,aq_uralic,aq_uralic,finnish_pagan,aq_chief_977,aq_uralic
c_eleila,aq_kushite,aq_kushite,kushitism_pagan,aq_chief_978,aq_kushite
c_elvas,aq_iberian,aq_lusitanian,aq_faith_lusitanian,aq_chief_979,aq_lusitanian
c_em_akhulun,aq_steppe_eastern,aq_steppe_eastern,tengri_pagan,aq_chief_980,aq_steppe_eastern
c_em_dadaels,aq_steppe_eastern,aq_steppe_eastern,tengri_pagan,aq_chief_981,aq_steppe_eastern
c_em_dutulun,aq_steppe_eastern,aq_steppe_eastern,tengri_pagan,aq_chief_982,aq_steppe_eastern
c_em_gobidada,aq_steppe_eastern,aq_steppe_eastern,tengri_pagan,aq_chief_983,aq_steppe_eastern
c_em_hepung,aq_steppe_eastern,aq_steppe_eastern,tengri_pagan,aq_chief_984,aq_steppe_eastern
c_em_karakopi,aq_steppe_eastern,aq_steppe_eastern,tengri_pagan,aq_chief_985,aq_steppe_eastern
c_em_khartereg,aq_steppe_eastern,aq_steppe_eastern,tengri_pagan,aq_chief_986,aq_steppe_eastern
c_em_kherulendada,aq_steppe_eastern,aq_steppe_eastern,tengri_pagan,aq_chief_987,aq_steppe_eastern
c_em_zhen,aq_steppe_eastern,aq_steppe_eastern,tengri_pagan,aq_chief_988,aq_steppe_eastern
c_eman_amgun,aq_tungusic,aq_tungusic,tengri_pagan,aq_chief_989,aq_tungusic
c_eman_beihean,aq_tungusic,aq_tungusic,tengri_pagan,aq_chief_990,aq_tungusic
c_eman_birija,aq_tungusic,aq_tungusic,tengri_pagan,aq_chief_991,aq_tungusic
c_eman_boli,aq_tungusic,aq_tungusic,tengri_pagan,aq_chief_992,aq_tungusic
c_eman_choripi,aq_tungusic,aq_tungusic,tengri_pagan,aq_chief_993,aq_tungusic
c_eman_heishuiyang,aq_tungusic,aq_tungusic,tengri_pagan,aq_chief_994,aq_tungusic
c_eman_kerin,aq_tungusic,aq_tungusic,tengri_pagan,aq_chief_995,aq_tungusic
c_eman_khadul,aq_tungusic,aq_tungusic,tengri_pagan,aq_chief_996,aq_tungusic
c_eman_mohean,aq_tungusic,aq_tungusic,tengri_pagan,aq_chief_997,aq_tungusic
c_eman_molihewen,aq_tungusic,aq_tungusic,tengri_pagan,aq_chief_998,aq_tungusic
c_eman_murkonno,aq_tungusic,aq_tungusic,tengri_pagan,aq_chief_999,aq_tungusic
c_eman_nimen,aq_tungusic,aq_tungusic,tengri_pagan,aq_chief_1000,aq_tungusic
c_eman_nurgan,aq_tungusic,aq_tungusic,tengri_pagan,aq_chief_1001,aq_tungusic
c_eman_tudali,aq_tungusic,aq_tungusic,tengri_pagan,aq_chief_1002,aq_tungusic
c_eman_tugur,aq_tungusic,aq_tungusic,tengri_pagan,aq_chief_1003,aq_tungusic
c_eman_turma,aq_tungusic,aq_tungusic,tengri_pagan,aq_chief_1004,aq_tungusic
c_eman_urehokto,aq_tungusic,aq_tungusic,tengri_pagan,aq_chief_1005,aq_tungusic
c_eman_urmi,aq_tungusic,aq_tungusic,tengri_pagan,aq_chief_1006,aq_tungusic
c_eman_vanda,aq_tungusic,aq_tungusic,tengri_pagan,aq_chief_1007,aq_tungusic
c_eman_wuguihai,aq_tungusic,aq_tungusic,tengri_pagan,aq_chief_1008,aq_tungusic
c_eman_yam_alin,aq_tungusic,aq_tungusic,tengri_pagan,aq_chief_1009,aq_tungusic
c_eman_yerenhe,aq_tungusic,aq_tungusic,tengri_pagan,aq_chief_1010,aq_tungusic
c_emil,aq_saka,aq_saka,aq_faith_steppe,aq_chief_1011,aq_saka
c_ennis,aq_goidelic,aq_ivernian,aq_faith_celtic,aq_chief_1012,aq_ivernian
c_enzhou,aq_baiyue,aq_baiyue,aq_faith_asian,aq_chief_1013,aq_baiyue
c_epeiros,aq_hellenic,aq_hellenic,hellenic_pagan,aq_epirus,aq_hellenic
c_eranad,aq_dravidian,aq_chera,aq_faith_murukan,aq_chief_1015,aq_chera
c_erbach,aq_germanic,aq_suebian,aq_faith_germanic,aq_chief_1016,aq_suebian
c_eschenlohe,aq_gaulish,aq_vindelician,aq_faith_celtic,aq_chief_1017,aq_vindelician
c_essex,aq_brythonic,aq_trinovantian,aq_faith_celtic,aq_chief_1018,aq_trinovantian
c_esztergom,aq_gaulish,aq_gaulish,aq_faith_celtic,aq_chief_1019,aq_gaulish
c_etchu,aq_jomon,aq_jomon,aq_faith_asian,aq_chief_1020,aq_jomon
c_eu,aq_gaulish,aq_aulercian,aq_faith_celtic,aq_chief_1021,aq_aulercian
c_euboea,aq_hellenic,aq_hellenic,hellenic_pagan,aq_chief_1022,aq_hellenic
c_euchaita,aq_anatolian,aq_cappadocian,aq_faith_ma,aq_chief_1023,aq_cappadocian
c_evreux,aq_gaulish,aq_aulercian,aq_faith_celtic,aq_chief_1024,aq_aulercian
c_ewaso_ngiro,aq_bantu,aq_bantu,aq_faith_african,aq_chief_1025,aq_bantu
c_ewe,aq_forest_african,aq_forest_african,west_african_roog_pagan,aq_chief_1026,aq_forest_african
c_eystridalir,aq_germanic,aq_germanic,aq_faith_germanic,aq_chief_1027,aq_germanic
c_ezhou,aq_sinitic,aq_sinitic,aq_faith_chinese,aq_chief_1028,aq_sinitic
c_faereyar,aq_germanic,aq_germanic,aq_faith_germanic,aq_chief_1029,aq_germanic
c_fafan,aq_cushitic,aq_cushitic,aq_faith_african,aq_chief_1030,aq_cushitic
c_falaj,aq_arabian,aq_arabian,aq_faith_arabian,aq_chief_1031,aq_arabian
c_falkenstein,aq_gaulish,aq_vindelician,aq_faith_celtic,aq_chief_1032,aq_vindelician
c_famagusta,aq_hellenic,aq_hellenic,hellenic_pagan,aq_chief_1033,aq_hellenic
c_fangzhou,aq_sinitic,aq_sinitic,aq_faith_chinese,aq_chief_1034,aq_sinitic
c_fangzhou_1,aq_sinitic,aq_sinitic,aq_faith_chinese,aq_chief_1035,aq_sinitic
c_fanhe,aq_sinitic,aq_sinitic,aq_faith_chinese,aq_chief_1036,aq_sinitic
c_fante,aq_forest_african,aq_forest_african,west_african_roog_pagan,aq_chief_1037,aq_forest_african
c_farafra,aq_egyptian,aq_egyptian,aq_faith_kemetic,aq_chief_1038,aq_egyptian
c_farah,aq_persian,aq_persian,mazdayasna,aq_chief_1039,aq_persian
c_farama,aq_egyptian,aq_egyptian,aq_faith_kemetic,aq_chief_1040,aq_egyptian
c_faras,aq_kushite,aq_kushite,kushitism_pagan,aq_chief_1041,aq_kushite
c_farava,aq_bactrian,aq_bactrian,mazdayasna,aq_chief_1042,aq_bactrian
c_faro,aq_iberian,aq_celtician,aq_faith_celtic,aq_chief_1043,aq_celtician
c_fayyum,aq_egyptian,aq_egyptian,aq_faith_kemetic,aq_chief_1044,aq_egyptian
c_fazaz,aq_berber,aq_maurian,aq_faith_libyan,aq_chief_1045,aq_maurian
c_fazughli,aq_kushite,aq_kushite,kushitism_pagan,aq_chief_1046,aq_kushite
c_feher,aq_gaulish,aq_dacian,aq_faith_zalmonian,aq_chief_1047,aq_dacian
c_fellata,aq_central_african,aq_central_african,west_african_bori_pagan,aq_chief_1048,aq_central_african
c_fengxiang,aq_sinitic,aq_sinitic,aq_faith_chinese,aq_chief_1049,aq_sinitic
c_fengzhou,aq_sinitic,aq_sinitic,aq_faith_chinese,aq_chief_1050,aq_sinitic
c_fenzhou,aq_sinitic,aq_sinitic,aq_faith_chinese,aq_chief_1051,aq_sinitic
c_ferghana,aq_sogdian,aq_sogdian,mazdayasna,aq_chief_1052,aq_sogdian
c_fermo,aq_italic,aq_senonian,aq_faith_celtic,aq_chief_1053,aq_senonian
c_ferrara,aq_italic,aq_italic,aq_faith_italic,aq_chief_1054,aq_italic
c_fes,aq_berber,aq_maurian,aq_faith_libyan,aq_chief_1055,aq_maurian
c_fetegar,aq_ethiopian,aq_ethiopian,aq_faith_african,aq_chief_1056,aq_ethiopian
c_fife,aq_pictish,aq_caledonian,aq_faith_celtic,aq_chief_1057,aq_caledonian
c_figuig,aq_berber,aq_numidian_masaesylian,aq_faith_libyan,aq_chief_1058,aq_numidian_masaesylian
c_fika,aq_central_african,aq_central_african,west_african_bori_pagan,aq_chief_1059,aq_central_african
c_finland,aq_finnic,aq_finnic,finnish_pagan,aq_chief_1060,aq_finnic
c_finnveden,aq_germanic,aq_gautish,aq_faith_germanic,aq_chief_1061,aq_gautish
c_firabr,aq_sogdian,aq_sogdian,mazdayasna,aq_chief_1062,aq_sogdian
c_firaun,aq_egyptian,aq_egyptian,aq_faith_kemetic,aq_chief_1063,aq_egyptian
c_firdafylki,aq_germanic,aq_germanic,aq_faith_germanic,aq_chief_1064,aq_germanic
c_firenze,aq_etruscan,aq_etruscan,aq_faith_etruscan,aq_etruria,aq_etruscan
c_fitri,aq_central_african,aq_central_african,west_african_bori_pagan,aq_chief_1066,aq_central_african
c_fogaras,aq_gaulish,aq_dacian,aq_faith_zalmonian,aq_chief_1067,aq_dacian
c_foggia,aq_italic,aq_daunian,aq_faith_italic,aq_chief_1068,aq_daunian
c_foix,aq_gaulish,aq_volcian,aq_faith_celtic,aq_chief_1069,aq_volcian
c_forcalquier,aq_gaulish,aq_saluvian,aq_faith_celtic,aq_chief_1070,aq_saluvian
c_forez,aq_gaulish,aq_allobrogian,aq_faith_celtic,aq_chief_1071,aq_allobrogian
c_fraga,aq_iberian,aq_edetanian,aq_faith_iberian,aq_chief_1072,aq_edetanian
c_frankfurt,aq_germanic,aq_suebian,aq_faith_germanic,aq_chief_1073,aq_suebian
c_freistadt,aq_gaulish,aq_noric,aq_faith_celtic,aq_chief_1074,aq_noric
c_french_leon,aq_gaulish,aq_venetian_gaul,aq_faith_celtic,aq_chief_1075,aq_venetian_gaul
c_frisia,aq_germanic,aq_chaucan,aq_faith_germanic,aq_chief_1076,aq_chaucan
c_friuli,aq_venetic,aq_carnian,aq_faith_celtic,aq_chief_1077,aq_carnian
c_frontenhausen,aq_gaulish,aq_vindelician,aq_faith_celtic,aq_chief_1078,aq_vindelician
c_fudalhi,aq_cushitic,aq_cushitic,aq_faith_african,aq_chief_1079,aq_cushitic
c_fuerteventura,aq_guanche,aq_maurian,aq_faith_libyan,aq_chief_1080,aq_maurian
c_fulda,aq_germanic,aq_suebian,aq_faith_germanic,aq_chief_1081,aq_suebian
c_funing,aq_baiyue,aq_baiyue,aq_faith_asian,aq_chief_1082,aq_baiyue
c_fuqi,aq_tibetan,aq_tibetan,bon,aq_chief_1083,aq_tibetan
c_furstenberg,aq_gaulish,aq_vindelician,aq_faith_celtic,aq_chief_1084,aq_vindelician
c_futa_jalon,aq_west_african,aq_west_african,west_african_pagan,aq_chief_1085,aq_west_african
c_fuzhou,aq_sinitic,aq_sinitic,aq_faith_chinese,aq_chief_1086,aq_sinitic
c_fuzhou_1,aq_baiyue,aq_baiyue,aq_faith_asian,aq_chief_1087,aq_baiyue
c_fuzhou_2,aq_sinitic,aq_sinitic,aq_faith_chinese,aq_chief_1088,aq_sinitic
c_fuzhou_3,aq_sinitic,aq_sinitic,aq_faith_chinese,aq_chief_1089,aq_sinitic
c_fuzhou_4,aq_sinitic,aq_sinitic,aq_faith_chinese,aq_chief_1090,aq_sinitic
c_fuzhou_5,aq_sinitic,aq_sinitic,aq_faith_chinese,aq_chief_1091,aq_sinitic
c_fyn,aq_germanic,aq_harudian,aq_faith_germanic,aq_chief_1092,aq_harudian
c_gabal,aq_cushitic,aq_cushitic,aq_faith_african,aq_chief_1093,aq_cushitic
c_gabes,aq_punic,aq_punic,aq_faith_punic,aq_chief_1094,aq_punic
c_gacka,aq_illyrian,aq_liburnian,aq_faith_balkan,aq_chief_1095,aq_liburnian
c_gaeseong,aq_korean,aq_korean,aq_faith_asian,aq_chief_1096,aq_korean
c_gafat,aq_ethiopian,aq_ethiopian,aq_faith_african,aq_chief_1097,aq_ethiopian
c_galam,aq_west_african,aq_west_african,west_african_pagan,aq_chief_1098,aq_west_african
c_galati,aq_daco_getic,aq_getian,aq_faith_zalmonian,aq_chief_1099,aq_getian
c_galatia,aq_anatolian,aq_phrygian,aq_faith_matar,aq_chief_1100,aq_phrygian
c_galatia_salutaris,aq_anatolian,aq_lycaonian,aq_faith_sandas,aq_chief_1101,aq_lycaonian
c_galloway,aq_pictish,aq_novantian,aq_faith_celtic,aq_chief_1102,aq_novantian
c_gallura,aq_italic,aq_nuragic,aq_faith_nuragic,aq_chief_1103,aq_nuragic
c_gamo,aq_ethiopian,aq_ethiopian,aq_faith_african,aq_chief_1104,aq_ethiopian
c_ganale,aq_cushitic,aq_cushitic,aq_faith_african,aq_chief_1105,aq_cushitic
c_gangaran,aq_west_african,aq_west_african,west_african_pagan,aq_chief_1106,aq_west_african
c_ganzhou,aq_sinitic,aq_sinitic,aq_faith_chinese,aq_chief_1107,aq_sinitic
c_gao,aq_west_african,aq_west_african,west_african_pagan,aq_chief_1108,aq_west_african
c_gaozhou,aq_baiyue,aq_baiyue,aq_faith_asian,aq_chief_1109,aq_baiyue
c_gar,aq_tibetan,aq_tibetan,bon,aq_chief_1110,aq_tibetan
c_garabogazkol,aq_saka,aq_saka,aq_faith_steppe,aq_chief_1111,aq_saka
c_garco,aq_tibetan,aq_tibetan,bon,aq_chief_1112,aq_tibetan
c_garkung,aq_tibetan,aq_tibetan,bon,aq_chief_1113,aq_tibetan
c_garoua,aq_central_african,aq_central_african,west_african_bori_pagan,aq_chief_1114,aq_central_african
c_garumele,aq_central_african,aq_central_african,west_african_bori_pagan,aq_chief_1115,aq_central_african
c_garwhal,aq_himalayan,aq_kirata,aq_faith_himalayan,aq_chief_1116,aq_kirata
c_garze,aq_tibetan,aq_tibetan,bon,aq_chief_1117,aq_tibetan
c_gastrikland,aq_germanic,aq_suionian,aq_faith_germanic,aq_chief_1118,aq_suionian
c_gatsuurgazar,aq_steppe_eastern,aq_steppe_eastern,tengri_pagan,aq_chief_1119,aq_steppe_eastern
c_gauda,aq_gangetic,aq_pundra,aq_faith_yaksha_naga,aq_chief_1120,aq_pundra
c_gauldala,aq_germanic,aq_germanic,aq_faith_germanic,aq_chief_1121,aq_germanic
c_gaya,aq_magadhan,aq_magadhan,aq_faith_buddha,aq_chief_1122,aq_magadhan
c_geba,aq_west_african,aq_west_african,west_african_pagan,aq_chief_1123,aq_west_african
c_gegyai,aq_tibetan,aq_tibetan,bon,aq_chief_1124,aq_tibetan
c_geisenhausen,aq_gaulish,aq_vindelician,aq_faith_celtic,aq_chief_1125,aq_vindelician
c_gemer,aq_gaulish,aq_gaulish,aq_faith_celtic,aq_chief_1126,aq_gaulish
c_geneva,aq_gaulish,aq_allobrogian,aq_faith_celtic,aq_chief_1127,aq_allobrogian
c_genoa,aq_italic,aq_ligurian,aq_faith_ligurian,aq_chief_1128,aq_ligurian
c_germa,aq_saharan,aq_garamantian,aq_faith_libyan,aq_chief_1129,aq_garamantian
c_gerqen,aq_tibetan,aq_tibetan,bon,aq_chief_1130,aq_tibetan
c_gerze,aq_tibetan,aq_tibetan,bon,aq_chief_1131,aq_tibetan
c_gevaudan,aq_gaulish,aq_volcian,aq_faith_celtic,aq_chief_1132,aq_volcian
c_gezira,aq_kushite,aq_kushite,kushitism_pagan,aq_chief_1133,aq_kushite
c_ghadames,aq_berber,aq_gaetulian,aq_faith_libyan,aq_chief_1134,aq_gaetulian
c_gharb,aq_berber,aq_maurian,aq_faith_libyan,aq_chief_1135,aq_maurian
c_ghardaia,aq_berber,aq_gaetulian,aq_faith_libyan,aq_chief_1136,aq_gaetulian
c_ghardaman,aq_sogdian,aq_sogdian,mazdayasna,aq_chief_1137,aq_sogdian
c_ghat,aq_saharan,aq_garamantian,aq_faith_libyan,aq_chief_1138,aq_garamantian
c_ghazna,aq_bactrian,aq_bactrian,mazdayasna,aq_chief_1139,aq_bactrian
c_ghazza,aq_aramaic,aq_aramaic,aq_faith_mesopotamian,aq_chief_1140,aq_aramaic
c_ghazzal,aq_central_african,aq_central_african,west_african_bori_pagan,aq_chief_1141,aq_central_african
c_ghulja,aq_saka,aq_saka,aq_faith_steppe,aq_chief_1142,aq_saka
c_ghur,aq_bactrian,aq_bactrian,mazdayasna,aq_chief_1143,aq_bactrian
c_gidaya,aq_cushitic,aq_cushitic,aq_faith_african,aq_chief_1144,aq_cushitic
c_gilan,aq_persian,aq_persian,mazdayasna,aq_chief_1145,aq_persian
c_gilgit,aq_indo_aryan,aq_kambojan,aq_faith_steppe,aq_chief_1146,aq_kambojan
c_girona,aq_iberian,aq_ilercavonian,aq_faith_iberian,aq_chief_1147,aq_ilercavonian
c_giurgiu,aq_daco_getic,aq_getian,aq_faith_zalmonian,aq_chief_1148,aq_getian
c_giza,aq_egyptian,aq_egyptian,aq_faith_kemetic,aq_chief_1149,aq_egyptian
c_glamorgan,aq_brythonic,aq_demetian,aq_faith_celtic,aq_chief_1150,aq_demetian
c_glazov,aq_uralic,aq_uralic,finnish_pagan,aq_chief_1151,aq_uralic
c_gleichenstein,aq_germanic,aq_suebian,aq_faith_germanic,aq_chief_1152,aq_suebian
c_gloucestershire,aq_brythonic,aq_dobunnian,aq_faith_celtic,aq_chief_1153,aq_dobunnian
c_gnezdovo,aq_slavic,aq_slavic,slavic_pagan,aq_chief_1154,aq_slavic
c_gnieznienska,aq_slavic,aq_slavic,slavic_pagan,aq_chief_1155,aq_slavic
c_goalpara,aq_gangetic,aq_pragjyotisha,aq_faith_yaksha_naga,aq_chief_1156,aq_pragjyotisha
c_gobi_abakhai,aq_steppe_eastern,aq_steppe_eastern,tengri_pagan,aq_chief_1157,aq_steppe_eastern
c_gobi_abga,aq_steppe_eastern,aq_steppe_eastern,tengri_pagan,aq_chief_1158,aq_steppe_eastern
c_gobi_dorngovi,aq_steppe_eastern,aq_steppe_eastern,tengri_pagan,aq_chief_1159,aq_steppe_eastern
c_gobi_gurvan_saikhan,aq_steppe_eastern,aq_steppe_eastern,tengri_pagan,aq_chief_1160,aq_steppe_eastern
c_gobi_maominggan,aq_steppe_eastern,aq_steppe_eastern,tengri_pagan,aq_chief_1161,aq_steppe_eastern
c_gobi_ongi_gol,aq_steppe_eastern,aq_steppe_eastern,tengri_pagan,aq_chief_1162,aq_steppe_eastern
c_gobi_sonkhot,aq_steppe_eastern,aq_steppe_eastern,tengri_pagan,aq_chief_1163,aq_steppe_eastern
c_gobi_ulaan_govi,aq_steppe_eastern,aq_steppe_eastern,tengri_pagan,aq_chief_1164,aq_steppe_eastern
c_gobi_ulaan_nuur,aq_steppe_eastern,aq_steppe_eastern,tengri_pagan,aq_chief_1165,aq_steppe_eastern
c_gobi_ulaantatar,aq_steppe_eastern,aq_steppe_eastern,tengri_pagan,aq_chief_1166,aq_steppe_eastern
c_gobir,aq_central_african,aq_central_african,west_african_bori_pagan,aq_chief_1167,aq_central_african
c_gode,aq_cushitic,aq_cushitic,aq_faith_african,aq_chief_1168,aq_cushitic
c_godwad,aq_indo_aryan,aq_abhira,aq_faith_yaksha_naga,aq_chief_1169,aq_abhira
c_gojjam,aq_ethiopian,aq_ethiopian,aq_faith_african,aq_chief_1170,aq_ethiopian
c_gokju,aq_korean,aq_korean,aq_faith_asian,aq_chief_1171,aq_korean
c_gola,aq_forest_african,aq_forest_african,west_african_roog_pagan,aq_chief_1172,aq_forest_african
c_golag,aq_tibetan,aq_tibetan,bon,aq_chief_1173,aq_tibetan
c_golaghmuli,aq_indo_aryan,aq_kambojan,aq_faith_steppe,aq_chief_1174,aq_kambojan
c_golden_hills,aq_scythian,aq_scythian,aq_faith_steppe,aq_chief_1175,aq_scythian
c_gomoco,aq_tibetan,aq_tibetan,bon,aq_chief_1176,aq_tibetan
c_gondo,aq_west_african,aq_west_african,west_african_pagan,aq_chief_1177,aq_west_african
c_gongbo,aq_tibetan,aq_tibetan,bon,aq_chief_1178,aq_tibetan
c_gongju,aq_korean,aq_korean,aq_faith_asian,aq_chief_1179,aq_korean
c_gongzhou,aq_baiyue,aq_baiyue,aq_faith_asian,aq_chief_1180,aq_baiyue
c_gonja,aq_forest_african,aq_forest_african,west_african_roog_pagan,aq_chief_1181,aq_forest_african
c_gonjo,aq_tibetan,aq_tibetan,bon,aq_chief_1182,aq_tibetan
c_gorlitz,aq_slavic,aq_slavic,slavic_pagan,aq_chief_1183,aq_slavic
c_gorz,aq_venetic,aq_carnian,aq_faith_celtic,aq_chief_1184,aq_carnian
c_goseong,aq_korean,aq_korean,aq_faith_asian,aq_chief_1185,aq_korean
c_gostyninska,aq_slavic,aq_slavic,slavic_pagan,aq_chief_1186,aq_slavic
c_gottingen,aq_germanic,aq_suebian,aq_faith_germanic,aq_chief_1187,aq_suebian
c_gowrie,aq_pictish,aq_caledonian,aq_faith_celtic,aq_chief_1188,aq_caledonian
c_granada,aq_iberian,aq_bastetanian,aq_faith_iberian,aq_chief_1189,aq_bastetanian
c_graz,aq_gaulish,aq_tauriscian,aq_faith_celtic,aq_chief_1190,aq_tauriscian
c_grebo,aq_forest_african,aq_forest_african,west_african_roog_pagan,aq_chief_1191,aq_forest_african
c_grisons,aq_gaulish,aq_rhaetian,aq_faith_rhaetian,aq_chief_1192,aq_rhaetian
c_grobin,aq_baltic,aq_baltic,baltic_pagan,aq_chief_1193,aq_baltic
c_grodno,aq_slavic,aq_slavic,slavic_pagan,aq_chief_1194,aq_slavic
c_groningen,aq_germanic,aq_chaucan,aq_faith_germanic,aq_chief_1195,aq_chaucan
c_grunberg,aq_slavic,aq_slavic,slavic_pagan,aq_chief_1196,aq_slavic
c_grunningen,aq_gaulish,aq_vindelician,aq_faith_celtic,aq_chief_1197,aq_vindelician
c_guangde,aq_sinitic,aq_sinitic,aq_faith_chinese,aq_chief_1198,aq_sinitic
c_guangwu,aq_sinitic,aq_sinitic,aq_faith_chinese,aq_chief_1199,aq_sinitic
c_guangzhou,aq_sinitic,aq_sinitic,aq_faith_chinese,aq_chief_1200,aq_sinitic
c_guangzhou_1,aq_baiyue,aq_baiyue,aq_faith_asian,aq_chief_1201,aq_baiyue
c_guazhou,aq_sinitic,aq_sinitic,aq_faith_chinese,aq_chief_1202,aq_sinitic
c_gudbrandsdalir,aq_germanic,aq_germanic,aq_faith_germanic,aq_chief_1203,aq_germanic
c_guelders,aq_germanic,aq_chaucan,aq_faith_germanic,aq_chief_1204,aq_chaucan
c_guemju,aq_korean,aq_korean,aq_faith_asian,aq_chief_1205,aq_korean
c_guidimaka,aq_west_african,aq_west_african,west_african_pagan,aq_chief_1206,aq_west_african
c_guile,aq_baiyue,aq_baiyue,aq_faith_asian,aq_chief_1207,aq_baiyue
c_guines,aq_gaulish,aq_menapian,aq_faith_celtic,aq_chief_1208,aq_menapian
c_guiyang,aq_sinitic,aq_sinitic,aq_faith_chinese,aq_chief_1209,aq_sinitic
c_guizhou,aq_sinitic,aq_sinitic,aq_faith_chinese,aq_chief_1210,aq_sinitic
c_guizhou_1,aq_baiyue,aq_baiyue,aq_faith_asian,aq_chief_1211,aq_baiyue
c_guizhou_2,aq_sinitic,aq_sinitic,aq_faith_chinese,aq_chief_1212,aq_sinitic
c_gumuz,aq_kushite,aq_kushite,kushitism_pagan,aq_chief_1213,aq_kushite
c_guozhou,aq_sinitic,aq_sinitic,aq_faith_chinese,aq_chief_1214,aq_sinitic
c_guozhou_1,aq_sinitic,aq_sinitic,aq_faith_chinese,aq_chief_1215,aq_sinitic
c_gurgan,aq_persian,aq_persian,mazdayasna,aq_chief_1216,aq_persian
c_gurganj,aq_sogdian,aq_sogdian,mazdayasna,aq_chief_1217,aq_sogdian
c_gurgi,aq_indo_aryan,aq_pulinda,aq_faith_forest_indian,aq_chief_1218,aq_pulinda
c_guria,aq_kartvelian,aq_colchian,aq_faith_anatolian,aq_chief_1219,aq_colchian
c_gurjaratra,aq_indo_aryan,aq_madra,aq_faith_rigvedic,aq_chief_1220,aq_madra
c_gurma,aq_west_african,aq_west_african,west_african_pagan,aq_chief_1221,aq_west_african
c_gutland,aq_germanic,aq_gutnian,aq_faith_germanic,aq_chief_1222,aq_gutnian
c_gutti,aq_dravidian,aq_kadamba_early,aq_faith_dravidian,aq_chief_1223,aq_kadamba_early
c_guwari,aq_forest_african,aq_forest_african,west_african_roog_pagan,aq_chief_1224,aq_forest_african
c_guzgan,aq_bactrian,aq_bactrian,mazdayasna,aq_chief_1225,aq_bactrian
c_guzhou,aq_baiyue,aq_baiyue,aq_faith_asian,aq_chief_1226,aq_baiyue
c_guzkol,aq_saka,aq_saka,aq_faith_steppe,aq_chief_1227,aq_saka
c_gwalior,aq_indo_aryan,aq_matsya,aq_faith_rigvedic,aq_chief_1228,aq_matsya
c_gwangju,aq_korean,aq_korean,aq_faith_asian,aq_chief_1229,aq_korean
c_gwiju,aq_korean,aq_korean,aq_faith_asian,aq_chief_1230,aq_korean
c_gyaca,aq_tibetan,aq_tibetan,bon,aq_chief_1231,aq_tibetan
c_gyaitang,aq_tibetan,aq_tibetan,bon,aq_chief_1232,aq_tibetan
c_gyama,aq_tibetan,aq_tibetan,bon,aq_chief_1233,aq_tibetan
c_gyangze,aq_tibetan,aq_tibetan,bon,aq_chief_1234,aq_tibetan
c_gyegumdo,aq_tibetan,aq_tibetan,bon,aq_chief_1235,aq_tibetan
c_gyeongju,aq_korean,aq_korean,aq_faith_asian,aq_chief_1236,aq_korean
c_gyirong,aq_tibetan,aq_tibetan,bon,aq_chief_1237,aq_tibetan
c_gyoju,aq_korean,aq_korean,aq_faith_asian,aq_chief_1238,aq_korean
c_gyor,aq_gaulish,aq_gaulish,aq_faith_celtic,aq_chief_1239,aq_gaulish
c_hadithat-ana,aq_aramaic,aq_aramaic,aq_faith_mesopotamian,aq_chief_1240,aq_aramaic
c_hadramawt,aq_sabaean,aq_sabaean,aq_faith_arabian,aq_chief_1241,aq_sabaean
c_hadrianeia,aq_anatolian,aq_lydian,aq_faith_artimu,aq_chief_1242,aq_lydian
c_hadrianopolis,aq_anatolian,aq_paphlagonian,aq_faith_ma,aq_chief_1243,aq_paphlagonian
c_hadya,aq_ethiopian,aq_ethiopian,aq_faith_african,aq_chief_1244,aq_ethiopian
c_haeju,aq_korean,aq_korean,aq_faith_asian,aq_chief_1245,aq_korean
c_hai_dong,aq_baiyue,aq_baiyue,aq_faith_asian,aq_chief_1246,aq_baiyue
c_hail,aq_arabian,aq_arabian,aq_faith_arabian,aq_chief_1247,aq_arabian
c_hainaut,aq_germanic,aq_menapian,aq_faith_celtic,aq_chief_1248,aq_menapian
c_haizhou,aq_sinitic,aq_sinitic,aq_faith_chinese,aq_chief_1249,aq_sinitic
c_hakkari,aq_aramaic,aq_aramaic,aq_faith_mesopotamian,aq_chief_1250,aq_aramaic
c_halberstadt,aq_germanic,aq_suebian,aq_faith_germanic,aq_chief_1251,aq_suebian
c_halland,aq_germanic,aq_harudian,aq_faith_germanic,aq_chief_1252,aq_harudian
c_hallstatt,aq_gaulish,aq_noric,aq_faith_celtic,aq_chief_1253,aq_noric
c_halsingland,aq_germanic,aq_germanic,aq_faith_germanic,aq_chief_1254,aq_germanic
c_haltang,aq_tibetan,aq_tibetan,bon,aq_chief_1255,aq_tibetan
c_halych,aq_slavic,aq_slavic,slavic_pagan,aq_chief_1256,aq_slavic
c_hama,aq_aramaic,aq_aramaic,aq_faith_mesopotamian,aq_chief_1257,aq_aramaic
c_hamadan,aq_persian,aq_persian,mazdayasna,aq_chief_1258,aq_persian
c_hamburg,aq_germanic,aq_cheruscan,aq_faith_germanic,aq_chief_1259,aq_cheruscan
c_hampton,aq_brythonic,aq_dumnonian,aq_faith_celtic,aq_chief_1260,aq_dumnonian
c_hamyang,aq_korean,aq_korean,aq_faith_asian,aq_chief_1261,aq_korean
c_hangzhou,aq_sinitic,aq_sinitic,aq_faith_chinese,aq_chief_1262,aq_sinitic
c_hanlan,aq_burman,aq_burman,aq_faith_asian,aq_chief_1263,aq_burman
c_hannover,aq_germanic,aq_cheruscan,aq_faith_germanic,aq_chief_1264,aq_cheruscan
c_hanyang,aq_sinitic,aq_sinitic,aq_faith_chinese,aq_chief_1265,aq_sinitic
c_hanyuan,aq_sinitic,aq_sinitic,aq_faith_chinese,aq_chief_1266,aq_sinitic
c_hanzhou,aq_sinitic,aq_sinitic,aq_faith_chinese,aq_chief_1267,aq_sinitic
c_haozhou,aq_sinitic,aq_sinitic,aq_faith_chinese,aq_chief_1268,aq_sinitic
c_harar,aq_cushitic,aq_cushitic,aq_faith_african,aq_chief_1269,aq_cushitic
c_hargaya,aq_cushitic,aq_cushitic,aq_faith_african,aq_chief_1270,aq_cushitic
c_harhiraa,aq_steppe_eastern,aq_steppe_eastern,tengri_pagan,aq_chief_1271,aq_steppe_eastern
c_harikela,aq_gangetic,aq_vanga,aq_faith_yaksha_naga,aq_chief_1272,aq_vanga
c_harima,aq_yayoi,aq_yayoi,aq_faith_asian,aq_chief_1273,aq_yayoi
c_haripunjaya,aq_tai,aq_tai,aq_faith_asian,aq_chief_1274,aq_tai
c_harjadalen,aq_germanic,aq_germanic,aq_faith_germanic,aq_chief_1275,aq_germanic
c_harran,aq_aramaic,aq_aramaic,aq_faith_mesopotamian,aq_chief_1276,aq_aramaic
c_harrat_rahat,aq_arabian,aq_arabian,aq_faith_arabian,aq_chief_1277,aq_arabian
c_haruppeswara,aq_gangetic,aq_pragjyotisha,aq_faith_yaksha_naga,aq_chief_1278,aq_pragjyotisha
c_hastinapura,aq_indo_aryan,aq_panchala,aq_faith_shukla_yajurvedic,aq_chief_1279,aq_panchala
c_hauran,aq_aramaic,aq_aramaic,aq_faith_mesopotamian,aq_chief_1280,aq_aramaic
c_havelberg,aq_germanic,aq_suebian,aq_faith_germanic,aq_chief_1281,aq_suebian
c_hayk,aq_armenian,aq_armenian,aq_faith_anatolian,aq_chief_1282,aq_armenian
c_hayq,aq_ethiopian,aq_ethiopian,aq_faith_african,aq_chief_1283,aq_ethiopian
c_hedmork,aq_germanic,aq_germanic,aq_faith_germanic,aq_chief_1284,aq_germanic
c_hehe,aq_sinitic,aq_sinitic,aq_faith_chinese,aq_chief_1285,aq_sinitic
c_heihe,aq_sinitic,aq_sinitic,aq_faith_chinese,aq_chief_1286,aq_sinitic
c_hejian,aq_sinitic,aq_sinitic,aq_faith_chinese,aq_chief_1287,aq_sinitic
c_helenopontus,aq_anatolian,aq_cappadocian,aq_faith_ma,aq_chief_1288,aq_cappadocian
c_helgum,aq_germanic,aq_germanic,aq_faith_germanic,aq_chief_1289,aq_germanic
c_henan,aq_sinitic,aq_sinitic,aq_faith_chinese,aq_zhou,aq_sinitic
c_hengzhou,aq_sinitic,aq_sinitic,aq_faith_chinese,aq_chief_1291,aq_sinitic
c_hengzhou_1,aq_baiyue,aq_baiyue,aq_faith_asian,aq_chief_1292,aq_baiyue
c_hequ,aq_sinitic,aq_sinitic,aq_faith_chinese,aq_chief_1293,aq_sinitic
c_herat,aq_bactrian,aq_bactrian,mazdayasna,aq_chief_1294,aq_bactrian
c_hereford,aq_brythonic,aq_ordovician,aq_faith_celtic,aq_chief_1295,aq_ordovician
c_hereti,aq_kartvelian,aq_kartvelian,aq_faith_anatolian,aq_chief_1296,aq_kartvelian
c_hertfordshire,aq_brythonic,aq_trinovantian,aq_faith_celtic,aq_chief_1297,aq_trinovantian
c_hewes,aq_gaulish,aq_gaulish,aq_faith_celtic,aq_chief_1298,aq_gaulish
c_hezhong,aq_sinitic,aq_sinitic,aq_faith_chinese,aq_chief_1299,aq_sinitic
c_hezhou_2,aq_sinitic,aq_sinitic,aq_faith_chinese,aq_chief_1300,aq_sinitic
c_hida,aq_jomon,aq_jomon,aq_faith_asian,aq_chief_1301,aq_jomon
c_higo,aq_yayoi,aq_yayoi,aq_faith_asian,aq_chief_1302,aq_yayoi
c_hildesheim,aq_germanic,aq_cheruscan,aq_faith_germanic,aq_chief_1303,aq_cheruscan
c_hinthada,aq_burman,aq_burman,aq_faith_asian,aq_chief_1304,aq_burman
c_hiraab,aq_cushitic,aq_cushitic,aq_faith_african,aq_chief_1305,aq_cushitic
c_hisar,aq_indo_aryan,aq_kuru,aq_faith_krishna_yajurvedic,aq_chief_1306,aq_kuru
c_hitachi,aq_jomon,aq_jomon,aq_faith_asian,aq_chief_1307,aq_jomon
c_hizen,aq_yayoi,aq_yayoi,aq_faith_asian,aq_chief_1308,aq_yayoi
c_hlaingbwe,aq_tai,aq_tai,aq_faith_asian,aq_chief_1309,aq_tai
c_hoanya,aq_austronesian,aq_austronesian,aq_faith_asian,aq_chief_1310,aq_austronesian
c_hoboksar,aq_saka,aq_saka,aq_faith_steppe,aq_chief_1311,aq_saka
c_hobyo,aq_cushitic,aq_cushitic,aq_faith_african,aq_chief_1312,aq_cushitic
c_hodh,aq_west_african,aq_west_african,west_african_pagan,aq_chief_1313,aq_west_african
c_hodna,aq_berber,aq_numidian_massylian,aq_faith_libyan,aq_chief_1314,aq_numidian_massylian
c_hohaseco,aq_tibetan,aq_tibetan,bon,aq_chief_1315,aq_tibetan
c_hohenau,aq_gaulish,aq_noric,aq_faith_celtic,aq_chief_1316,aq_noric
c_hohenberg,aq_gaulish,aq_vindelician,aq_faith_celtic,aq_chief_1317,aq_vindelician
c_hohenburg,aq_gaulish,aq_boian_danube,aq_faith_celtic,aq_chief_1318,aq_boian_danube
c_hohenlohe,aq_germanic,aq_suebian,aq_faith_germanic,aq_chief_1319,aq_suebian
c_hoki,aq_yayoi,aq_yayoi,aq_faith_asian,aq_chief_1320,aq_yayoi
c_holland,aq_germanic,aq_chaucan,aq_faith_germanic,aq_chief_1321,aq_chaucan
c_homs,aq_aramaic,aq_aramaic,aq_faith_mesopotamian,aq_chief_1322,aq_aramaic
c_hongju,aq_korean,aq_korean,aq_faith_asian,aq_chief_1323,aq_korean
c_hongzhou,aq_sinitic,aq_sinitic,aq_faith_chinese,aq_chief_1324,aq_sinitic
c_hongzhou_2,aq_sinitic,aq_sinitic,aq_faith_chinese,aq_chief_1325,aq_sinitic
c_honorias,aq_anatolian,aq_paphlagonian,aq_faith_ma,aq_chief_1326,aq_paphlagonian
c_hont,aq_gaulish,aq_gaulish,aq_faith_celtic,aq_chief_1327,aq_gaulish
c_hordalandi,aq_germanic,aq_rugian,aq_faith_germanic,aq_chief_1328,aq_rugian
c_hormuz,aq_persian,aq_persian,mazdayasna,aq_chief_1329,aq_persian
c_hotin,aq_daco_getic,aq_getian,aq_faith_zalmonian,aq_chief_1330,aq_getian
c_hradec,aq_gaulish,aq_boian_danube,aq_faith_celtic,aq_chief_1331,aq_boian_danube
c_hradyzk,aq_slavic,aq_slavic,slavic_pagan,aq_chief_1332,aq_slavic
c_hsenwi,aq_burman,aq_burman,aq_faith_asian,aq_chief_1333,aq_burman
c_huaian,aq_sinitic,aq_sinitic,aq_faith_chinese,aq_chief_1334,aq_sinitic
c_huaining,aq_sinitic,aq_sinitic,aq_faith_chinese,aq_chief_1335,aq_sinitic
c_huaiyang,aq_sinitic,aq_sinitic,aq_faith_chinese,aq_chief_1336,aq_sinitic
c_huaiyuan,aq_sinitic,aq_sinitic,aq_faith_chinese,aq_chief_1337,aq_sinitic
c_huaizhou,aq_sinitic,aq_sinitic,aq_faith_chinese,aq_chief_1338,aq_sinitic
c_huangzhou,aq_sinitic,aq_sinitic,aq_faith_chinese,aq_chief_1339,aq_sinitic
c_huangzhou_1,aq_baiyue,aq_baiyue,aq_faith_asian,aq_chief_1340,aq_baiyue
c_huanzhou,aq_sinitic,aq_sinitic,aq_faith_chinese,aq_chief_1341,aq_sinitic
c_huayin,aq_sinitic,aq_sinitic,aq_faith_chinese,aq_chief_1342,aq_sinitic
c_huazhou,aq_sinitic,aq_sinitic,aq_faith_chinese,aq_chief_1343,aq_sinitic
c_huesca,aq_iberian,aq_edetanian,aq_faith_iberian,aq_chief_1344,aq_edetanian
c_huichuan,aq_baiyue,aq_baiyue,aq_faith_asian,aq_chief_1345,aq_baiyue
c_huizhou,aq_sinitic,aq_sinitic,aq_faith_chinese,aq_chief_1346,aq_sinitic
c_huizhou_1,aq_baiyue,aq_baiyue,aq_faith_asian,aq_chief_1347,aq_baiyue
c_hulwan,aq_aramaic,aq_aramaic,aq_faith_mesopotamian,aq_chief_1348,aq_aramaic
c_huntingdonshire,aq_brythonic,aq_cornovian,aq_faith_celtic,aq_chief_1349,aq_cornovian
c_hunyad,aq_gaulish,aq_dacian,aq_faith_zalmonian,aq_chief_1350,aq_dacian
c_hunyan,aq_berber,aq_numidian_masaesylian,aq_faith_libyan,aq_chief_1351,aq_numidian_masaesylian
c_huzhou,aq_sinitic,aq_sinitic,aq_faith_chinese,aq_chief_1352,aq_sinitic
c_hvosno,aq_illyrian,aq_dardanian,aq_faith_balkan,aq_chief_1353,aq_dardanian
c_hwangju,aq_korean,aq_korean,aq_faith_asian,aq_chief_1354,aq_korean
c_hyuga,aq_yayoi,aq_yayoi,aq_faith_asian,aq_chief_1355,aq_yayoi
c_iasi,aq_daco_getic,aq_getian,aq_faith_zalmonian,aq_chief_1356,aq_getian
c_ibadan,aq_forest_african,aq_forest_african,west_african_roog_pagan,aq_chief_1357,aq_forest_african
c_ibibo,aq_forest_african,aq_forest_african,west_african_roog_pagan,aq_chief_1358,aq_forest_african
c_idatarainadu,aq_dravidian,aq_kadamba_early,aq_faith_dravidian,aq_chief_1359,aq_kadamba_early
c_idoma,aq_forest_african,aq_forest_african,west_african_roog_pagan,aq_chief_1360,aq_forest_african
c_ifat,aq_ethiopian,aq_ethiopian,aq_faith_african,aq_chief_1361,aq_ethiopian
c_ife,aq_forest_african,aq_forest_african,west_african_roog_pagan,aq_chief_1362,aq_forest_african
c_ifni,aq_berber,aq_maurian,aq_faith_libyan,aq_chief_1363,aq_maurian
c_ifonyin,aq_forest_african,aq_forest_african,west_african_roog_pagan,aq_chief_1364,aq_forest_african
c_igala,aq_forest_african,aq_forest_african,west_african_roog_pagan,aq_chief_1365,aq_forest_african
c_igana,aq_forest_african,aq_forest_african,west_african_roog_pagan,aq_chief_1366,aq_forest_african
c_igaran,aq_uralic,aq_uralic,finnish_pagan,aq_chief_1367,aq_uralic
c_igbo,aq_forest_african,aq_forest_african,west_african_roog_pagan,aq_chief_1368,aq_forest_african
c_igbomina,aq_forest_african,aq_forest_african,west_african_roog_pagan,aq_chief_1369,aq_forest_african
c_ijaw,aq_forest_african,aq_forest_african,west_african_roog_pagan,aq_chief_1370,aq_forest_african
c_ijebu,aq_forest_african,aq_forest_african,west_african_roog_pagan,aq_chief_1371,aq_forest_african
c_ikh_bogd,aq_steppe_eastern,aq_steppe_eastern,tengri_pagan,aq_chief_1372,aq_steppe_eastern
c_ilam,aq_himalayan,aq_kirata,aq_faith_himalayan,aq_chief_1373,aq_kirata
c_ile_de_france,aq_gaulish,aq_parisian,aq_faith_celtic,aq_chief_1374,aq_parisian
c_ilek,aq_sarmatian,aq_sarmatian,aq_faith_steppe,aq_chief_1375,aq_sarmatian
c_ilesa,aq_forest_african,aq_forest_african,west_african_roog_pagan,aq_chief_1376,aq_forest_african
c_ilga,aq_steppe_eastern,aq_steppe_eastern,tengri_pagan,aq_chief_1377,aq_steppe_eastern
c_iliq,aq_saka,aq_saka,aq_faith_steppe,aq_chief_1378,aq_saka
c_ilo,aq_forest_african,aq_forest_african,west_african_roog_pagan,aq_chief_1379,aq_forest_african
c_ilorin,aq_forest_african,aq_forest_african,west_african_roog_pagan,aq_chief_1380,aq_forest_african
c_ilseon,aq_korean,aq_korean,aq_faith_asian,aq_chief_1381,aq_korean
c_inaba,aq_yayoi,aq_yayoi,aq_faith_asian,aq_chief_1382,aq_yayoi
c_inari,aq_sami,aq_sami,finnish_pagan,aq_chief_1383,aq_sami
c_indrapura,aq_mon_khmer,aq_mon_khmer,aq_faith_asian,aq_chief_1384,aq_mon_khmer
c_ingolstadt,aq_gaulish,aq_vindelician,aq_faith_celtic,aq_chief_1385,aq_vindelician
c_inje,aq_korean,aq_korean,aq_faith_asian,aq_chief_1386,aq_korean
c_innarya,aq_ethiopian,aq_ethiopian,aq_faith_african,aq_chief_1387,aq_ethiopian
c_inner_hebrides,aq_pictish,aq_epidian,aq_faith_celtic,aq_chief_1388,aq_epidian
c_innsbruck,aq_gaulish,aq_rhaetian,aq_faith_rhaetian,aq_chief_1389,aq_rhaetian
c_intarta,aq_ethiopian,aq_ethiopian,aq_faith_african,aq_chief_1390,aq_ethiopian
c_inverness,aq_pictish,aq_caledonian,aq_faith_celtic,aq_chief_1391,aq_caledonian
c_ioci,aq_ainu,aq_ainu,aq_faith_asian,aq_chief_1392,aq_ainu
c_ionia,aq_anatolian,aq_ionian,hellenic_pagan,aq_chief_1393,aq_ionian
c_ipuskoa,aq_iberian,aq_vasconian,aq_faith_iberian,aq_chief_1394,aq_vasconian
c_irahistan,aq_persian,aq_persian,mazdayasna,aq_chief_1395,aq_persian
c_irbid,aq_aramaic,aq_aramaic,aq_faith_mesopotamian,aq_chief_1396,aq_aramaic
c_irbil,aq_aramaic,aq_aramaic,aq_faith_mesopotamian,aq_chief_1397,aq_aramaic
c_irkutsk,aq_steppe_eastern,aq_steppe_eastern,tengri_pagan,aq_chief_1398,aq_steppe_eastern
c_isauria,aq_anatolian,aq_isaurian,aq_faith_sandas,aq_chief_1399,aq_isaurian
c_isawa,aq_ainu,aq_ainu,aq_faith_asian,aq_chief_1400,aq_ainu
c_ise,aq_jomon,aq_jomon,aq_faith_asian,aq_chief_1401,aq_jomon
c_isfahan,aq_persian,aq_persian,mazdayasna,aq_chief_1402,aq_persian
c_isfara,aq_sogdian,aq_sogdian,mazdayasna,aq_chief_1403,aq_sogdian
c_ishim,aq_uralic,aq_uralic,finnish_pagan,aq_chief_1404,aq_uralic
c_iskaf,aq_aramaic,aq_aramaic,aq_faith_mesopotamian,aq_chief_1405,aq_aramaic
c_iskar,aq_ainu,aq_ainu,aq_faith_asian,aq_chief_1406,aq_ainu
c_isle_of_man,aq_pictish,aq_epidian,aq_faith_celtic,aq_chief_1407,aq_epidian
c_isle_of_wight,aq_brythonic,aq_dumnonian,aq_faith_celtic,aq_chief_1408,aq_dumnonian
c_issoudun,aq_gaulish,aq_biturigian,aq_faith_celtic,aq_chief_1409,aq_biturigian
c_istakhr,aq_persian,aq_persian,mazdayasna,aq_persia,aq_persian
c_itanagar,aq_tibetan,aq_tibetan,bon,aq_chief_1411,aq_tibetan
c_itil,aq_sarmatian,aq_sarmatian,aq_faith_steppe,aq_chief_1412,aq_sarmatian
c_iviza,aq_iberian,aq_talaiotic,aq_faith_iberian,aq_chief_1413,aq_talaiotic
c_iwaki,aq_ainu,aq_ainu,aq_faith_asian,aq_chief_1414,aq_ainu
c_iwami,aq_yayoi,aq_yayoi,aq_faith_asian,aq_chief_1415,aq_yayoi
c_iwase,aq_ainu,aq_ainu,aq_faith_asian,aq_chief_1416,aq_ainu
c_iyo,aq_yayoi,aq_yayoi,aq_faith_asian,aq_chief_1417,aq_yayoi
c_izu,aq_jomon,aq_jomon,aq_faith_asian,aq_chief_1418,aq_jomon
c_izumo,aq_yayoi,aq_yayoi,aq_faith_asian,aq_chief_1419,aq_yayoi
c_jabal_kufs,aq_persian,aq_persian,mazdayasna,aq_chief_1420,aq_persian
c_jabal_quzlum,aq_egyptian,aq_egyptian,aq_faith_kemetic,aq_chief_1421,aq_egyptian
c_jafara,aq_punic,aq_punic,aq_faith_punic,aq_chief_1422,aq_punic
c_jaffa,aq_aramaic,aq_aramaic,aq_faith_mesopotamian,aq_chief_1423,aq_aramaic
c_jaffna,aq_lankan,aq_lankan,aq_faith_rigvedic,aq_chief_1424,aq_lankan
c_jagatipur,aq_himalayan,aq_kirata,aq_faith_himalayan,aq_chief_1425,aq_kirata
c_jahkamakke,aq_sami,aq_sami,finnish_pagan,aq_chief_1426,aq_sami
c_jaksybai,aq_sarmatian,aq_sarmatian,aq_faith_steppe,aq_chief_1427,aq_sarmatian
c_jaligny,aq_gaulish,aq_aeduian,aq_faith_celtic,aq_chief_1428,aq_aeduian
c_jalmat,aq_uralic,aq_uralic,finnish_pagan,aq_chief_1429,aq_uralic
c_jamantau,aq_saka,aq_saka,aq_faith_steppe,aq_chief_1430,aq_saka
c_jambalar,aq_sarmatian,aq_sarmatian,aq_faith_steppe,aq_chief_1431,aq_sarmatian
c_jame,aq_west_african,aq_west_african,west_african_pagan,aq_chief_1432,aq_west_african
c_jamtfir,aq_germanic,aq_germanic,aq_faith_germanic,aq_chief_1433,aq_germanic
c_janakpur,aq_himalayan,aq_kirata,aq_faith_himalayan,aq_chief_1434,aq_kirata
c_jangheung,aq_korean,aq_korean,aq_faith_asian,aq_chief_1435,aq_korean
c_jangjeong,aq_korean,aq_korean,aq_faith_asian,aq_chief_1436,aq_korean
c_jangyztau,aq_saka,aq_saka,aq_faith_steppe,aq_chief_1437,aq_saka
c_jara,aq_west_african,aq_west_african,west_african_pagan,aq_chief_1438,aq_west_african
c_jasky_kart,aq_saka,aq_saka,aq_faith_steppe,aq_chief_1439,aq_saka
c_jaunpur,aq_magadhan,aq_kasi,aq_faith_shukla_yajurvedic,aq_chief_1440,aq_kasi
c_jawf-al-yamani,aq_sabaean,aq_sabaean,aq_faith_arabian,aq_chief_1441,aq_sabaean
c_jend,aq_saka,aq_saka,aq_faith_steppe,aq_chief_1442,aq_saka
c_jenne,aq_west_african,aq_west_african,west_african_pagan,aq_chief_1443,aq_west_african
c_jeonju,aq_korean,aq_korean,aq_faith_asian,aq_chief_1444,aq_korean
c_jerjul,aq_tagar,aq_tagar,aq_faith_steppe,aq_chief_1445,aq_tagar
c_jersika,aq_baltic,aq_baltic,baltic_pagan,aq_chief_1446,aq_baltic
c_jerusalem,aq_aramaic,aq_aramaic,aq_faith_mesopotamian,aq_chief_1447,aq_aramaic
c_jharkand,aq_magadhan,aq_atavi,aq_faith_forest_indian,aq_chief_1448,aq_atavi
c_jian_an,aq_baiyue,aq_baiyue,aq_faith_asian,aq_chief_1449,aq_baiyue
c_jianchang,aq_sinitic,aq_sinitic,aq_faith_chinese,aq_chief_1450,aq_sinitic
c_jianchang_1,aq_baiyue,aq_baiyue,aq_faith_asian,aq_chief_1451,aq_baiyue
c_jianchuan,aq_baiyue,aq_baiyue,aq_faith_asian,aq_chief_1452,aq_baiyue
c_jiangling,aq_sinitic,aq_sinitic,aq_faith_chinese,aq_chu,aq_sinitic
c_jiangning,aq_sinitic,aq_sinitic,aq_faith_chinese,aq_chief_1454,aq_sinitic
c_jiangzhou_2,aq_sinitic,aq_sinitic,aq_faith_chinese,aq_chief_1455,aq_sinitic
c_jiankang,aq_sinitic,aq_sinitic,aq_faith_chinese,aq_chief_1456,aq_sinitic
c_jianyang,aq_sinitic,aq_sinitic,aq_faith_chinese,aq_chief_1457,aq_sinitic
c_jianzhou_1,aq_sinitic,aq_sinitic,aq_faith_chinese,aq_chief_1458,aq_sinitic
c_jiazhou,aq_sinitic,aq_sinitic,aq_faith_chinese,aq_chief_1459,aq_sinitic
c_jie_DZU,aq_saka,aq_saka,aq_faith_steppe,aq_chief_1460,aq_saka
c_jiezhou,aq_sinitic,aq_sinitic,aq_faith_chinese,aq_chief_1461,aq_sinitic
c_jihlava,aq_gaulish,aq_boian_danube,aq_faith_celtic,aq_chief_1462,aq_boian_danube
c_jilali,aq_saka,aq_saka,aq_faith_steppe,aq_chief_1463,aq_saka
c_jilanjik,aq_saka,aq_saka,aq_faith_steppe,aq_chief_1464,aq_saka
c_jilat,aq_arabian,aq_arabian,aq_faith_arabian,aq_chief_1465,aq_arabian
c_jilib,aq_cushitic,aq_cushitic,aq_faith_african,aq_chief_1466,aq_cushitic
c_jillye,aq_korean,aq_korean,aq_faith_asian,aq_chief_1467,aq_korean
c_jimi,aq_central_african,aq_central_african,west_african_bori_pagan,aq_chief_1468,aq_central_african
c_jimsar,aq_saka,aq_saka,aq_faith_steppe,aq_chief_1469,aq_saka
c_jinghiz,aq_saka,aq_saka,aq_faith_steppe,aq_chief_1470,aq_saka
c_jingzhao,aq_sinitic,aq_sinitic,aq_faith_chinese,aq_qin,aq_sinitic
c_jingzhou,aq_sinitic,aq_sinitic,aq_faith_chinese,aq_chief_1472,aq_sinitic
c_jingzhou_2,aq_baiyue,aq_baiyue,aq_faith_asian,aq_chief_1473,aq_baiyue
c_jinju,aq_korean,aq_korean,aq_faith_asian,aq_chief_1474,aq_korean
c_jinsko,aq_saka,aq_saka,aq_faith_steppe,aq_chief_1475,aq_saka
c_jinzhou,aq_sinitic,aq_sinitic,aq_faith_chinese,aq_chief_1476,aq_sinitic
c_jinzhou_1,aq_sinitic,aq_sinitic,aq_faith_chinese,aq_chief_1477,aq_sinitic
c_jiren_suat,aq_saka,aq_saka,aq_faith_steppe,aq_chief_1478,aq_saka
c_jiruft,aq_persian,aq_persian,mazdayasna,aq_chief_1479,aq_persian
c_jitikul,aq_sarmatian,aq_sarmatian,aq_faith_steppe,aq_chief_1480,aq_sarmatian
c_jiuquan,aq_sinitic,aq_sinitic,aq_faith_chinese,aq_chief_1481,aq_sinitic
c_jiushijiuquan,aq_sinitic,aq_sinitic,aq_faith_chinese,aq_chief_1482,aq_sinitic
c_jizhou,aq_sinitic,aq_sinitic,aq_faith_chinese,aq_chief_1483,aq_sinitic
c_jizhou_1,aq_sinitic,aq_sinitic,aq_faith_chinese,aq_chief_1484,aq_sinitic
c_jizhou_2,aq_sinitic,aq_sinitic,aq_faith_chinese,aq_chief_1485,aq_sinitic
c_jizhou_3,aq_sinitic,aq_sinitic,aq_faith_chinese,aq_chief_1486,aq_sinitic
c_jolof,aq_west_african,aq_west_african,west_african_pagan,aq_chief_1487,aq_west_african
c_jone,aq_tibetan,aq_tibetan,bon,aq_chief_1488,aq_tibetan
c_jovvkuj,aq_sami,aq_sami,finnish_pagan,aq_chief_1489,aq_sami
c_jowol,aq_west_african,aq_west_african,west_african_pagan,aq_chief_1490,aq_west_african
c_jubba,aq_cushitic,aq_cushitic,aq_faith_african,aq_chief_1491,aq_cushitic
c_julevadno,aq_sami,aq_sami,finnish_pagan,aq_chief_1492,aq_sami
c_julfar,aq_arabian,aq_arabian,aq_faith_arabian,aq_chief_1493,aq_arabian
c_julym,aq_tagar,aq_tagar,aq_faith_steppe,aq_chief_1494,aq_tagar
c_jumla,aq_himalayan,aq_kirata,aq_faith_himalayan,aq_chief_1495,aq_kirata
c_junzhou,aq_sinitic,aq_sinitic,aq_faith_chinese,aq_chief_1496,aq_sinitic
c_juterbog,aq_slavic,aq_slavic,slavic_pagan,aq_chief_1497,aq_slavic
c_juwain,aq_bactrian,aq_bactrian,mazdayasna,aq_chief_1498,aq_bactrian
c_juwair,aq_aramaic,aq_aramaic,aq_faith_mesopotamian,aq_chief_1499,aq_aramaic
c_juzhou,aq_baiyue,aq_baiyue,aq_faith_asian,aq_chief_1500,aq_baiyue
c_kaabu,aq_west_african,aq_west_african,west_african_pagan,aq_chief_1501,aq_west_african
c_kaarta,aq_west_african,aq_west_african,west_african_pagan,aq_chief_1502,aq_west_african
c_kabarasana,aq_forest_african,aq_forest_african,west_african_roog_pagan,aq_chief_1503,aq_forest_african
c_kabtag,aq_saka,aq_saka,aq_faith_steppe,aq_chief_1504,aq_saka
c_kabul,aq_bactrian,aq_kambojan,aq_faith_steppe,aq_chief_1505,aq_kambojan
c_kachu,aq_uralic,aq_uralic,finnish_pagan,aq_chief_1506,aq_uralic
c_kada,aq_steppe_eastern,aq_steppe_eastern,tengri_pagan,aq_chief_1507,aq_steppe_eastern
c_kadam,aq_central_african,aq_central_african,west_african_bori_pagan,aq_chief_1508,aq_central_african
c_kaduna,aq_central_african,aq_central_african,west_african_bori_pagan,aq_chief_1509,aq_central_african
c_kaerji,aq_saka,aq_saka,aq_faith_steppe,aq_chief_1510,aq_saka
c_kafa,aq_saka,aq_saka,aq_faith_steppe,aq_chief_1511,aq_saka
c_kaffa,aq_ethiopian,aq_ethiopian,aq_faith_african,aq_chief_1512,aq_ethiopian
c_kafirkot,aq_indo_aryan,aq_malava,aq_faith_rigvedic,aq_chief_1513,aq_malava
c_kaga,aq_jomon,aq_jomon,aq_faith_asian,aq_chief_1514,aq_jomon
c_kagar,aq_tibetan,aq_tibetan,bon,aq_chief_1515,aq_tibetan
c_kagha,aq_central_african,aq_central_african,west_african_bori_pagan,aq_chief_1516,aq_central_african
c_kai,aq_jomon,aq_jomon,aq_faith_asian,aq_chief_1517,aq_jomon
c_kainar,aq_sarmatian,aq_sarmatian,aq_faith_steppe,aq_chief_1518,aq_sarmatian
c_kainsk,aq_uralic,aq_uralic,finnish_pagan,aq_chief_1519,aq_uralic
c_kainuu,aq_finnic,aq_finnic,finnish_pagan,aq_chief_1520,aq_finnic
c_kairwan,aq_punic,aq_punic,aq_faith_punic,aq_chief_1521,aq_punic
c_kaisereia,aq_anatolian,aq_cappadocian,aq_faith_ma,aq_chief_1522,aq_cappadocian
c_kaiserslautern,aq_germanic,aq_suebian,aq_faith_germanic,aq_chief_1523,aq_suebian
c_kaizhou,aq_sinitic,aq_sinitic,aq_faith_chinese,aq_chief_1524,aq_sinitic
c_kakheti,aq_kartvelian,aq_kartvelian,aq_faith_anatolian,aq_chief_1525,aq_kartvelian
c_kakisalmi,aq_finnic,aq_finnic,finnish_pagan,aq_chief_1526,aq_finnic
c_kalabsha,aq_kushite,aq_kushite,kushitism_pagan,aq_chief_1527,aq_kushite
c_kalanjara,aq_indo_aryan,aq_chedi,aq_faith_atharvavedic,aq_chief_1528,aq_chedi
c_kalat,aq_indo_aryan,aq_malava,aq_faith_rigvedic,aq_chief_1529,aq_malava
c_kalbin,aq_saka,aq_saka,aq_faith_steppe,aq_chief_1530,aq_saka
c_kale,aq_burman,aq_burman,aq_faith_asian,aq_chief_1531,aq_burman
c_kali_kumaon,aq_himalayan,aq_kirata,aq_faith_himalayan,aq_chief_1532,aq_kirata
c_kalif,aq_sogdian,aq_sogdian,mazdayasna,aq_chief_1533,aq_sogdian
c_kalinganagar,aq_indo_aryan,aq_kalinga,aq_faith_nirgrantha,aq_chief_1534,aq_kalinga
c_kaliska,aq_slavic,aq_slavic,slavic_pagan,aq_chief_1535,aq_slavic
c_kalliopolis,aq_thracian,aq_odrysian,aq_faith_balkan,aq_chief_1536,aq_odrysian
c_kalos_limen,aq_scythian,aq_scythian,aq_faith_steppe,aq_chief_1537,aq_scythian
c_kalpi,aq_indo_aryan,aq_kosalan,aq_faith_shukla_yajurvedic,aq_chief_1538,aq_kosalan
c_kalyani,aq_dravidian,aq_kadamba_early,aq_faith_dravidian,aq_chief_1539,aq_kadamba_early
c_kamarupanagara,aq_gangetic,aq_pragjyotisha,aq_faith_yaksha_naga,aq_chief_1540,aq_pragjyotisha
c_kamatapur,aq_gangetic,aq_pragjyotisha,aq_faith_yaksha_naga,aq_chief_1541,aq_pragjyotisha
c_kambampet,aq_dravidian,aq_andhra,aq_faith_dravidian,aq_chief_1542,aq_andhra
c_kammersberg,aq_gaulish,aq_tauriscian,aq_faith_celtic,aq_chief_1543,aq_tauriscian
c_kamru,aq_tibetan,aq_tibetan,bon,aq_chief_1544,aq_tibetan
c_kanara,aq_dravidian,aq_alupa,aq_faith_dravidian,aq_chief_1545,aq_alupa
c_kanchipuram,aq_dravidian,aq_chola,aq_faith_murukan,aq_chief_1546,aq_chola
c_kandy,aq_lankan,aq_lankan,aq_faith_rigvedic,aq_chief_1547,aq_lankan
c_kandygatai,aq_saka,aq_saka,aq_faith_steppe,aq_chief_1548,aq_saka
c_kanem,aq_central_african,aq_central_african,west_african_bori_pagan,aq_chief_1549,aq_central_african
c_kangmar,aq_tibetan,aq_tibetan,bon,aq_chief_1550,aq_tibetan
c_kangra,aq_indo_aryan,aq_trigartan,aq_faith_rigvedic,aq_chief_1551,aq_trigartan
c_kangzhou,aq_baiyue,aq_baiyue,aq_faith_asian,aq_chief_1552,aq_baiyue
c_kaniaga,aq_west_african,aq_west_african,west_african_pagan,aq_chief_1553,aq_west_african
c_kankan,aq_west_african,aq_west_african,west_african_pagan,aq_chief_1554,aq_west_african
c_kano,aq_central_african,aq_central_african,west_african_bori_pagan,aq_chief_1555,aq_central_african
c_kansk,aq_steppe_eastern,aq_steppe_eastern,tengri_pagan,aq_chief_1556,aq_steppe_eastern
c_kantegir,aq_tagar,aq_tagar,aq_faith_steppe,aq_chief_1557,aq_tagar
c_kanyakubja,aq_indo_aryan,aq_kosalan,aq_faith_shukla_yajurvedic,aq_chief_1558,aq_kosalan
c_kara-mugai,aq_saka,aq_saka,aq_faith_steppe,aq_chief_1559,aq_saka
c_kara_asirgan,aq_saka,aq_saka,aq_faith_steppe,aq_chief_1560,aq_saka
c_kara_khoja,aq_saka,aq_saka,aq_faith_steppe,aq_chief_1561,aq_saka
c_kara_khol,aq_tagar,aq_tagar,aq_faith_steppe,aq_chief_1562,aq_tagar
c_karabaigal,aq_steppe_eastern,aq_steppe_eastern,tengri_pagan,aq_chief_1563,aq_steppe_eastern
c_karabalgasun,aq_steppe_eastern,aq_steppe_eastern,tengri_pagan,aq_chief_1564,aq_steppe_eastern
c_karabas,aq_saka,aq_saka,aq_faith_steppe,aq_chief_1565,aq_saka
c_karabash,aq_uralic,aq_uralic,finnish_pagan,aq_chief_1566,aq_uralic
c_karabolam,aq_uralic,aq_uralic,finnish_pagan,aq_chief_1567,aq_uralic
c_karachev,aq_slavic,aq_slavic,slavic_pagan,aq_chief_1568,aq_slavic
c_karahataka,aq_dravidian,aq_kadamba_early,aq_faith_dravidian,aq_chief_1569,aq_kadamba_early
c_karakorum,aq_steppe_eastern,aq_steppe_eastern,tengri_pagan,aq_chief_1570,aq_steppe_eastern
c_karamay,aq_saka,aq_saka,aq_faith_steppe,aq_chief_1571,aq_saka
c_karashar,aq_tocharian,aq_tocharian,aq_faith_steppe,aq_chief_1572,aq_tocharian
c_karasjohka,aq_sami,aq_sami,finnish_pagan,aq_chief_1573,aq_sami
c_karasu,aq_saka,aq_saka,aq_faith_steppe,aq_chief_1574,aq_saka
c_karatayak,aq_uralic,aq_uralic,finnish_pagan,aq_chief_1575,aq_uralic
c_karatsagaan,aq_steppe_eastern,aq_steppe_eastern,tengri_pagan,aq_chief_1576,aq_steppe_eastern
c_karauda,aq_tagar,aq_tagar,aq_faith_steppe,aq_chief_1577,aq_tagar
c_karbala,aq_aramaic,aq_aramaic,aq_faith_mesopotamian,aq_chief_1578,aq_aramaic
c_kargadan,aq_uralic,aq_uralic,finnish_pagan,aq_chief_1579,aq_uralic
c_karghalik,aq_tocharian,aq_tocharian,aq_faith_steppe,aq_chief_1580,aq_tocharian
c_kargopol,aq_finnic,aq_finnic,finnish_pagan,aq_chief_1581,aq_finnic
c_karkaraly,aq_saka,aq_saka,aq_faith_steppe,aq_chief_1582,aq_saka
c_karmanta,aq_gangetic,aq_vanga,aq_faith_yaksha_naga,aq_chief_1583,aq_vanga
c_karnten,aq_gaulish,aq_tauriscian,aq_faith_celtic,aq_chief_1584,aq_tauriscian
c_karor,aq_indo_aryan,aq_malava,aq_faith_rigvedic,aq_chief_1585,aq_malava
c_karran,aq_sogdian,aq_sogdian,mazdayasna,aq_chief_1586,aq_sogdian
c_kartauzh,aq_uralic,aq_uralic,finnish_pagan,aq_chief_1587,aq_uralic
c_kartli,aq_kartvelian,aq_kartvelian,aq_faith_anatolian,aq_chief_1588,aq_kartvelian
c_karur,aq_indo_aryan,aq_malava,aq_faith_rigvedic,aq_chief_1589,aq_malava
c_kasa,aq_west_african,aq_west_african,west_african_pagan,aq_chief_1590,aq_west_african
c_kash,aq_saka,aq_saka,aq_faith_steppe,aq_chief_1591,aq_saka
c_kashgar,aq_tocharian,aq_tocharian,aq_faith_steppe,aq_chief_1592,aq_tocharian
c_kaska,aq_saka,aq_saka,aq_faith_steppe,aq_chief_1593,aq_saka
c_kaskelen,aq_saka,aq_saka,aq_faith_steppe,aq_chief_1594,aq_saka
c_kaski,aq_himalayan,aq_kirata,aq_faith_himalayan,aq_chief_1595,aq_kirata
c_kasmira,aq_indo_aryan,aq_kasmira,aq_faith_atharvavedic,aq_chief_1596,aq_kasmira
c_kassala,aq_cushitic,aq_cushitic,aq_faith_african,aq_chief_1597,aq_cushitic
c_kassel,aq_germanic,aq_suebian,aq_faith_germanic,aq_chief_1598,aq_suebian
c_katagum,aq_central_african,aq_central_african,west_african_bori_pagan,aq_chief_1599,aq_central_african
c_kataka,aq_indo_aryan,aq_kalinga,aq_faith_nirgrantha,aq_chief_1600,aq_kalinga
c_katehar,aq_indo_aryan,aq_panchala,aq_faith_shukla_yajurvedic,aq_chief_1601,aq_panchala
c_kath,aq_sogdian,aq_sogdian,mazdayasna,aq_chief_1602,aq_sogdian
c_kathmandu,aq_himalayan,aq_kirata,aq_faith_himalayan,aq_chief_1603,aq_kirata
c_katsina,aq_central_african,aq_central_african,west_african_bori_pagan,aq_chief_1604,aq_central_african
c_katu_yaryk,aq_tagar,aq_tagar,aq_faith_steppe,aq_chief_1605,aq_tagar
c_katukuru,aq_dravidian,aq_andhra,aq_faith_dravidian,aq_chief_1606,aq_andhra
c_kauthara,aq_mon_khmer,aq_mon_khmer,aq_faith_asian,aq_chief_1607,aq_mon_khmer
c_kawachi,aq_yayoi,aq_yayoi,aq_faith_asian,aq_chief_1608,aq_yayoi
c_kayor,aq_west_african,aq_west_african,west_african_pagan,aq_chief_1609,aq_west_african
c_kazan,aq_uralic,aq_uralic,finnish_pagan,aq_chief_1610,aq_uralic
c_kazanskaya,aq_scythian,aq_scythian,aq_faith_steppe,aq_chief_1611,aq_scythian
c_kazanskoye,aq_uralic,aq_uralic,finnish_pagan,aq_chief_1612,aq_uralic
c_kazusa,aq_jomon,aq_jomon,aq_faith_asian,aq_chief_1613,aq_jomon
c_kazym,aq_uralic,aq_uralic,finnish_pagan,aq_chief_1614,aq_uralic
c_kbumak,aq_sarmatian,aq_sarmatian,aq_faith_steppe,aq_chief_1615,aq_sarmatian
c_kebbi,aq_central_african,aq_central_african,west_african_bori_pagan,aq_chief_1616,aq_central_african
c_keffi,aq_forest_african,aq_forest_african,west_african_roog_pagan,aq_chief_1617,aq_forest_african
c_kempten,aq_gaulish,aq_vindelician,aq_faith_celtic,aq_chief_1618,aq_vindelician
c_kent,aq_brythonic,aq_cantiacian,aq_faith_celtic,aq_chief_1619,aq_cantiacian
c_kepala_burung,aq_austronesian,aq_austronesian,aq_faith_asian,aq_chief_1620,aq_austronesian
c_kera,aq_central_african,aq_central_african,west_african_bori_pagan,aq_chief_1621,aq_central_african
c_kerak,aq_aramaic,aq_aramaic,aq_faith_mesopotamian,aq_chief_1622,aq_aramaic
c_kerala,aq_dravidian,aq_chera,aq_faith_murukan,aq_chief_1623,aq_chera
c_kerch,aq_hellenic,aq_hellenic,hellenic_pagan,aq_bosporus,aq_hellenic
c_keriya,aq_tocharian,aq_tocharian,aq_faith_steppe,aq_chief_1625,aq_tocharian
c_kerken,aq_uralic,aq_uralic,finnish_pagan,aq_chief_1626,aq_uralic
c_kermanshah,aq_persian,aq_persian,mazdayasna,aq_chief_1627,aq_persian
c_kernave,aq_baltic,aq_baltic,baltic_pagan,aq_chief_1628,aq_baltic
c_ketu,aq_forest_african,aq_forest_african,west_african_roog_pagan,aq_chief_1629,aq_forest_african
c_keve,aq_gaulish,aq_scordiscian,aq_faith_celtic,aq_chief_1630,aq_scordiscian
c_kevrola,aq_finnic,aq_finnic,finnish_pagan,aq_chief_1631,aq_finnic
c_keyimen,aq_sinitic,aq_sinitic,aq_faith_chinese,aq_chief_1632,aq_sinitic
c_khabur,aq_aramaic,aq_aramaic,aq_faith_mesopotamian,aq_chief_1633,aq_aramaic
c_khachen,aq_armenian,aq_armenian,aq_faith_anatolian,aq_chief_1634,aq_armenian
c_khanjargalant,aq_steppe_eastern,aq_steppe_eastern,tengri_pagan,aq_chief_1635,aq_steppe_eastern
c_khaplu,aq_tibetan,aq_tibetan,bon,aq_chief_1636,aq_tibetan
c_khar_us,aq_steppe_eastern,aq_steppe_eastern,tengri_pagan,aq_chief_1637,aq_steppe_eastern
c_kharam-vosh,aq_uralic,aq_uralic,finnish_pagan,aq_chief_1638,aq_uralic
c_kharga,aq_egyptian,aq_egyptian,aq_faith_kemetic,aq_chief_1639,aq_egyptian
c_khasagt_khairkhan,aq_steppe_eastern,aq_steppe_eastern,tengri_pagan,aq_chief_1640,aq_steppe_eastern
c_khawr,aq_persian,aq_persian,mazdayasna,aq_chief_1641,aq_persian
c_khaybar,aq_arabian,aq_arabian,aq_faith_arabian,aq_chief_1642,aq_arabian
c_khentii,aq_steppe_eastern,aq_steppe_eastern,tengri_pagan,aq_chief_1643,aq_steppe_eastern
c_kherson,aq_scythian,aq_scythian,aq_faith_steppe,aq_chief_1644,aq_scythian
c_khetaka,aq_indo_aryan,aq_anarta,aq_faith_samavedic,aq_chief_1645,aq_anarta
c_khijjingakota,aq_indo_aryan,aq_kalinga,aq_faith_nirgrantha,aq_chief_1646,aq_kalinga
c_khinjali_mandala,aq_indo_aryan,aq_kalinga,aq_faith_nirgrantha,aq_chief_1647,aq_kalinga
c_khiva,aq_sogdian,aq_sogdian,mazdayasna,aq_chief_1648,aq_sogdian
c_khojand,aq_sogdian,aq_sogdian,mazdayasna,aq_chief_1649,aq_sogdian
c_khokhoo,aq_steppe_eastern,aq_steppe_eastern,tengri_pagan,aq_chief_1650,aq_steppe_eastern
c_kholmogory,aq_finnic,aq_finnic,finnish_pagan,aq_chief_1651,aq_finnic
c_khopyor,aq_uralic,aq_uralic,finnish_pagan,aq_chief_1652,aq_uralic
c_khortytsia,aq_scythian,aq_scythian,aq_faith_steppe,aq_chief_1653,aq_scythian
c_khotan,aq_tocharian,aq_tocharian,aq_faith_steppe,aq_chief_1654,aq_tocharian
c_khotang,aq_himalayan,aq_kirata,aq_faith_himalayan,aq_chief_1655,aq_kirata
c_khu_bua,aq_tai,aq_tai,aq_faith_asian,aq_chief_1656,aq_tai
c_khumar,aq_sarmatian,aq_sarmatian,aq_faith_steppe,aq_chief_1657,aq_sarmatian
c_khurnak,aq_tibetan,aq_tibetan,bon,aq_chief_1658,aq_tibetan
c_khursa,aq_uralic,aq_uralic,finnish_pagan,aq_chief_1659,aq_uralic
c_khuttal,aq_sogdian,aq_sogdian,mazdayasna,aq_chief_1660,aq_sogdian
c_khuwar,aq_persian,aq_persian,mazdayasna,aq_chief_1661,aq_persian
c_kiev,aq_slavic,aq_slavic,slavic_pagan,aq_chief_1662,aq_slavic
c_kii,aq_yayoi,aq_yayoi,aq_faith_asian,aq_chief_1663,aq_yayoi
c_kiia,aq_uralic,aq_uralic,finnish_pagan,aq_chief_1664,aq_uralic
c_kilimanjaro,aq_bantu,aq_bantu,aq_faith_african,aq_chief_1665,aq_bantu
c_kinda,aq_germanic,aq_gautish,aq_faith_germanic,aq_chief_1666,aq_gautish
c_kinda_sakun,aq_sabaean,aq_sabaean,aq_faith_arabian,aq_chief_1667,aq_sabaean
c_kingui,aq_west_african,aq_west_african,west_african_pagan,aq_chief_1668,aq_west_african
c_kintus,aq_sami,aq_sami,finnish_pagan,aq_chief_1669,aq_sami
c_kiranapura,aq_indo_aryan,aq_atavi,aq_faith_forest_indian,aq_chief_1670,aq_atavi
c_kirillov,aq_finnic,aq_finnic,finnish_pagan,aq_chief_1671,aq_finnic
c_kirinyaga,aq_bantu,aq_bantu,aq_faith_african,aq_chief_1672,aq_bantu
c_kirkuk,aq_aramaic,aq_aramaic,aq_faith_mesopotamian,aq_chief_1673,aq_aramaic
c_kirman,aq_persian,aq_persian,mazdayasna,aq_chief_1674,aq_persian
c_kishsh,aq_sogdian,aq_sogdian,mazdayasna,aq_chief_1675,aq_sogdian
c_kisi,aq_west_african,aq_west_african,west_african_pagan,aq_chief_1676,aq_west_african
c_kita,aq_west_african,aq_west_african,west_african_pagan,aq_chief_1677,aq_west_african
c_kitka,aq_sami,aq_sami,finnish_pagan,aq_chief_1678,aq_sami
c_kitoi,aq_steppe_eastern,aq_steppe_eastern,tengri_pagan,aq_chief_1679,aq_steppe_eastern
c_kittila,aq_sami,aq_sami,finnish_pagan,aq_chief_1680,aq_sami
c_kiz,aq_persian,aq_persian,mazdayasna,aq_chief_1681,aq_persian
c_kizir,aq_tagar,aq_tagar,aq_faith_steppe,aq_chief_1682,aq_tagar
c_klarjeti,aq_kartvelian,aq_kartvelian,aq_faith_anatolian,aq_chief_1683,aq_kartvelian
c_kletsk,aq_slavic,aq_slavic,slavic_pagan,aq_chief_1684,aq_slavic
c_klingenberg,aq_germanic,aq_suebian,aq_faith_germanic,aq_chief_1685,aq_suebian
c_knin,aq_illyrian,aq_delmatian,aq_faith_balkan,aq_chief_1686,aq_delmatian
c_knittelfeld,aq_gaulish,aq_tauriscian,aq_faith_celtic,aq_chief_1687,aq_tauriscian
c_koblenz,aq_germanic,aq_treverian,aq_faith_celtic,aq_chief_1688,aq_treverian
c_koda,aq_uralic,aq_uralic,finnish_pagan,aq_chief_1689,aq_uralic
c_kodalaka_mandala,aq_indo_aryan,aq_kalinga,aq_faith_nirgrantha,aq_chief_1690,aq_kalinga
c_koh_ker,aq_mon_khmer,aq_mon_khmer,aq_faith_asian,aq_chief_1691,aq_mon_khmer
c_koi-bagar,aq_saka,aq_saka,aq_faith_steppe,aq_chief_1692,aq_saka
c_kojuk,aq_uralic,aq_uralic,finnish_pagan,aq_chief_1693,aq_uralic
c_kokenois,aq_baltic,aq_baltic,baltic_pagan,aq_chief_1694,aq_baltic
c_kokoli,aq_west_african,aq_west_african,west_african_pagan,aq_chief_1695,aq_west_african
c_kokpekty,aq_saka,aq_saka,aq_faith_steppe,aq_chief_1696,aq_saka
c_koksemey,aq_saka,aq_saka,aq_faith_steppe,aq_chief_1697,aq_saka
c_kol,aq_indo_aryan,aq_surasena,aq_faith_samavedic,aq_chief_1698,aq_surasena
c_kolhapur,aq_dravidian,aq_kadamba_early,aq_faith_dravidian,aq_chief_1699,aq_kadamba_early
c_kolobrzeg,aq_germanic,aq_suebian,aq_faith_germanic,aq_chief_1700,aq_suebian
c_kolon,aq_gaulish,aq_scordiscian,aq_faith_celtic,aq_chief_1701,aq_scordiscian
c_kolyn,aq_uralic,aq_uralic,finnish_pagan,aq_chief_1702,aq_uralic
c_kolyvan,aq_uralic,aq_uralic,finnish_pagan,aq_chief_1703,aq_uralic
c_komarom,aq_gaulish,aq_gaulish,aq_faith_celtic,aq_chief_1704,aq_gaulish
c_konda_ob,aq_uralic,aq_uralic,finnish_pagan,aq_chief_1705,aq_uralic
c_kondana,aq_dravidian,aq_asmaka,aq_faith_krishna_yajurvedic,aq_chief_1706,aq_asmaka
c_kondoma,aq_uralic,aq_uralic,finnish_pagan,aq_chief_1707,aq_uralic
c_kong,aq_forest_african,aq_forest_african,west_african_roog_pagan,aq_chief_1708,aq_forest_african
c_kongu,aq_dravidian,aq_pandya,aq_faith_murukan,aq_chief_1709,aq_pandya
c_konigsberg,aq_baltic,aq_baltic,baltic_pagan,aq_chief_1710,aq_baltic
c_konko,aq_west_african,aq_west_african,west_african_pagan,aq_chief_1711,aq_west_african
c_kono,aq_forest_african,aq_forest_african,west_african_roog_pagan,aq_chief_1712,aq_forest_african
c_kontupohja,aq_finnic,aq_finnic,finnish_pagan,aq_chief_1713,aq_finnic
c_konyan,aq_forest_african,aq_forest_african,west_african_roog_pagan,aq_chief_1714,aq_forest_african
c_kopathal,aq_saka,aq_saka,aq_faith_steppe,aq_chief_1715,aq_saka
c_koppam,aq_dravidian,aq_kadamba_early,aq_faith_dravidian,aq_chief_1716,aq_kadamba_early
c_kordofan,aq_central_african,aq_central_african,west_african_bori_pagan,aq_chief_1717,aq_central_african
c_korehari,aq_ainu,aq_ainu,aq_faith_asian,aq_chief_1718,aq_ainu
c_korgon,aq_uralic,aq_uralic,finnish_pagan,aq_chief_1719,aq_uralic
c_korinthos,aq_hellenic,aq_hellenic,hellenic_pagan,aq_chief_1720,aq_hellenic
c_korosten,aq_slavic,aq_slavic,slavic_pagan,aq_chief_1721,aq_slavic
c_korsun,aq_slavic,aq_slavic,slavic_pagan,aq_chief_1722,aq_slavic
c_kos-buwak,aq_saka,aq_saka,aq_faith_steppe,aq_chief_1723,aq_saka
c_kos_uba,aq_sarmatian,aq_sarmatian,aq_faith_steppe,aq_chief_1724,aq_sarmatian
c_kosh_kurbay,aq_sarmatian,aq_sarmatian,aq_faith_steppe,aq_chief_1725,aq_sarmatian
c_koshuki,aq_uralic,aq_uralic,finnish_pagan,aq_chief_1726,aq_uralic
c_kostanay,aq_saka,aq_saka,aq_faith_steppe,aq_chief_1727,aq_saka
c_kota,aq_indo_aryan,aq_sivi,aq_faith_rigvedic,aq_chief_1728,aq_sivi
c_kotera,aq_steppe_eastern,aq_steppe_eastern,tengri_pagan,aq_chief_1729,aq_steppe_eastern
c_kotivarsa,aq_gangetic,aq_pundra,aq_faith_yaksha_naga,aq_chief_1730,aq_pundra
c_kotokel,aq_steppe_eastern,aq_steppe_eastern,tengri_pagan,aq_chief_1731,aq_steppe_eastern
c_kotoko,aq_central_african,aq_central_african,west_african_bori_pagan,aq_chief_1732,aq_central_african
c_kotte,aq_lankan,aq_lankan,aq_faith_rigvedic,aq_chief_1733,aq_lankan
c_kouga,aq_west_african,aq_west_african,west_african_pagan,aq_chief_1734,aq_west_african
c_koutajoki,aq_sami,aq_sami,finnish_pagan,aq_chief_1735,aq_sami
c_kozelsk,aq_slavic,aq_slavic,slavic_pagan,aq_chief_1736,aq_slavic
c_kozlov,aq_uralic,aq_uralic,finnish_pagan,aq_chief_1737,aq_uralic
c_kozuke,aq_jomon,aq_jomon,aq_faith_asian,aq_chief_1738,aq_jomon
c_kracheh_nokor,aq_mon_khmer,aq_mon_khmer,aq_faith_asian,aq_chief_1739,aq_mon_khmer
c_krajna,aq_slavic,aq_slavic,slavic_pagan,aq_chief_1740,aq_slavic
c_krakowska,aq_slavic,aq_slavic,slavic_pagan,aq_chief_1741,aq_slavic
c_kran,aq_thracian,aq_odrysian,aq_faith_balkan,aq_chief_1742,aq_odrysian
c_kranj,aq_gaulish,aq_tauriscian,aq_faith_celtic,aq_chief_1743,aq_tauriscian
c_krasnoyarsk,aq_steppe_eastern,aq_steppe_eastern,tengri_pagan,aq_chief_1744,aq_steppe_eastern
c_krasso,aq_gaulish,aq_scordiscian,aq_faith_celtic,aq_chief_1745,aq_scordiscian
c_krems,aq_gaulish,aq_noric,aq_faith_celtic,aq_chief_1746,aq_noric
c_kropot,aq_tagar,aq_tagar,aq_faith_steppe,aq_chief_1747,aq_tagar
c_kru,aq_forest_african,aq_forest_african,west_african_roog_pagan,aq_chief_1748,aq_forest_african
c_ku_jeku,aq_saka,aq_saka,aq_faith_steppe,aq_chief_1749,aq_saka
c_ku_kaeo,aq_mon_khmer,aq_mon_khmer,aq_faith_asian,aq_chief_1750,aq_mon_khmer
c_kucha,aq_tocharian,aq_tocharian,aq_faith_steppe,aq_chief_1751,aq_tocharian
c_kuchuk,aq_uralic,aq_uralic,finnish_pagan,aq_chief_1752,aq_uralic
c_kufa,aq_aramaic,aq_aramaic,aq_faith_mesopotamian,aq_chief_1753,aq_aramaic
c_kuisugu,aq_forest_african,aq_forest_african,west_african_roog_pagan,aq_chief_1754,aq_forest_african
c_kuizhou,aq_sinitic,aq_sinitic,aq_faith_chinese,aq_chief_1755,aq_sinitic
c_kujawy,aq_slavic,aq_slavic,slavic_pagan,aq_chief_1756,aq_slavic
c_kukiya,aq_west_african,aq_west_african,west_african_pagan,aq_chief_1757,aq_west_african
c_kuku,aq_central_african,aq_central_african,west_african_bori_pagan,aq_chief_1758,aq_central_african
c_kulan_utmas,aq_saka,aq_saka,aq_faith_steppe,aq_chief_1759,aq_saka
c_kulan_uynak,aq_saka,aq_saka,aq_faith_steppe,aq_chief_1760,aq_saka
c_kulunda,aq_uralic,aq_uralic,finnish_pagan,aq_chief_1761,aq_uralic
c_kumaon,aq_himalayan,aq_kirata,aq_faith_himalayan,aq_chief_1762,aq_kirata
c_kumasi,aq_forest_african,aq_forest_african,west_african_roog_pagan,aq_chief_1763,aq_forest_african
c_kumertau,aq_uralic,aq_uralic,finnish_pagan,aq_chief_1764,aq_uralic
c_kumkol,aq_tibetan,aq_tibetan,bon,aq_chief_1765,aq_tibetan
c_kumtag,aq_tocharian,aq_tocharian,aq_faith_steppe,aq_chief_1766,aq_tocharian
c_kumych,aq_uralic,aq_uralic,finnish_pagan,aq_chief_1767,aq_uralic
c_kundina,aq_gangetic,aq_pragjyotisha,aq_faith_yaksha_naga,aq_chief_1768,aq_pragjyotisha
c_kuozhou,aq_sinitic,aq_sinitic,aq_faith_chinese,aq_chief_1769,aq_sinitic
c_kuranko,aq_west_african,aq_west_african,west_african_pagan,aq_chief_1770,aq_west_african
c_kurdar,aq_sogdian,aq_sogdian,mazdayasna,aq_chief_1771,aq_sogdian
c_kurdistan,aq_aramaic,aq_aramaic,aq_faith_mesopotamian,aq_chief_1772,aq_aramaic
c_kurgan,aq_saka,aq_saka,aq_faith_steppe,aq_chief_1773,aq_saka
c_kurgus,aq_kushite,aq_kushite,kushitism_pagan,aq_chief_1774,aq_kushite
c_kurmaed,aq_tibetan,aq_tibetan,bon,aq_chief_1775,aq_tibetan
c_kurmina,aq_west_african,aq_west_african,west_african_pagan,aq_chief_1776,aq_west_african
c_kursk,aq_slavic,aq_slavic,slavic_pagan,aq_chief_1777,aq_slavic
c_kurtysh,aq_sogdian,aq_sogdian,mazdayasna,aq_chief_1778,aq_sogdian
c_kurumba,aq_west_african,aq_west_african,west_african_pagan,aq_chief_1779,aq_west_african
c_kush-murun,aq_saka,aq_saka,aq_faith_steppe,aq_chief_1780,aq_saka
c_kusinagara,aq_magadhan,aq_malla,aq_faith_buddha,aq_chief_1781,aq_malla
c_kusumi,aq_burman,aq_burman,aq_faith_asian,aq_chief_1782,aq_burman
c_kusunkotan,aq_ainu,aq_ainu,aq_faith_asian,aq_chief_1783,aq_ainu
c_kutch,aq_indo_aryan,aq_anarta,aq_faith_samavedic,aq_chief_1784,aq_anarta
c_kuzbas,aq_tagar,aq_tagar,aq_faith_steppe,aq_chief_1785,aq_tagar
c_kuzeytorg,aq_scythian,aq_scythian,aq_faith_steppe,aq_chief_1786,aq_scythian
c_kwahu-akyem,aq_forest_african,aq_forest_african,west_african_roog_pagan,aq_chief_1787,aq_forest_african
c_kwararafa,aq_forest_african,aq_forest_african,west_african_roog_pagan,aq_chief_1788,aq_forest_african
c_kyadya,aq_forest_african,aq_forest_african,west_african_roog_pagan,aq_chief_1789,aq_forest_african
c_kyakyaru,aq_tibetan,aq_tibetan,bon,aq_chief_1790,aq_tibetan
c_kyaukse,aq_burman,aq_burman,aq_faith_asian,aq_chief_1791,aq_burman
c_kyin,aq_uralic,aq_uralic,finnish_pagan,aq_chief_1792,aq_uralic
c_kymyl_tey,aq_steppe_eastern,aq_steppe_eastern,tengri_pagan,aq_chief_1793,aq_steppe_eastern
c_kyunglung,aq_tibetan,aq_tibetan,bon,aq_chief_1794,aq_tibetan
c_kyzistra,aq_anatolian,aq_cappadocian,aq_faith_ma,aq_chief_1795,aq_cappadocian
c_kyzylkul,aq_tagar,aq_tagar,aq_faith_steppe,aq_chief_1796,aq_tagar
c_la_marche,aq_gaulish,aq_aeduian,aq_faith_celtic,aq_chief_1797,aq_aeduian
c_labda,aq_punic,aq_nasamonian,aq_faith_libyan,aq_chief_1798,aq_nasamonian
c_labourd,aq_gaulish,aq_aquitani,aq_faith_iberian,aq_chief_1799,aq_aquitani
c_lachyk-uba,aq_uralic,aq_uralic,finnish_pagan,aq_chief_1800,aq_uralic
c_laconia,aq_hellenic,aq_hellenic,hellenic_pagan,aq_sparta,aq_hellenic
c_ladyzyn,aq_scythian,aq_scythian,aq_faith_steppe,aq_chief_1802,aq_scythian
c_lag_dera,aq_cushitic,aq_cushitic,aq_faith_african,aq_chief_1803,aq_cushitic
c_laghwat,aq_berber,aq_gaetulian,aq_faith_libyan,aq_chief_1804,aq_gaetulian
c_lahur,aq_indo_aryan,aq_madra,aq_faith_rigvedic,aq_chief_1805,aq_madra
c_laia,aq_uralic,aq_uralic,finnish_pagan,aq_chief_1806,aq_uralic
c_laizhou,aq_sinitic,aq_sinitic,aq_faith_chinese,aq_chief_1807,aq_sinitic
c_lakhnau,aq_indo_aryan,aq_kosalan,aq_faith_shukla_yajurvedic,aq_chief_1808,aq_kosalan
c_laksmanavati,aq_gangetic,aq_pundra,aq_faith_yaksha_naga,aq_chief_1809,aq_pundra
c_lam_tay,aq_baiyue,aq_baiyue,aq_faith_asian,aq_chief_1810,aq_baiyue
c_lampang,aq_tai,aq_tai,aq_faith_asian,aq_chief_1811,aq_tai
c_lamu,aq_bantu,aq_bantu,aq_faith_african,aq_chief_1812,aq_bantu
c_lanarkshire,aq_pictish,aq_votadinian,aq_faith_celtic,aq_chief_1813,aq_votadinian
c_lancashire,aq_brythonic,aq_brigantian,aq_faith_celtic,aq_chief_1814,aq_brigantian
c_lanciano,aq_italic,aq_marsian,aq_faith_italic,aq_chief_1815,aq_marsian
c_landsberg,aq_germanic,aq_suebian,aq_faith_germanic,aq_chief_1816,aq_suebian
c_langres,aq_gaulish,aq_aeduian,aq_faith_celtic,aq_chief_1817,aq_aeduian
c_langshan,aq_sinitic,aq_sinitic,aq_faith_chinese,aq_chief_1818,aq_sinitic
c_langya,aq_sinitic,aq_sinitic,aq_faith_chinese,aq_chief_1819,aq_sinitic
c_langzhou,aq_sinitic,aq_sinitic,aq_faith_chinese,aq_chief_1820,aq_sinitic
c_langzhou_1,aq_sinitic,aq_sinitic,aq_faith_chinese,aq_chief_1821,aq_sinitic
c_lanzhou,aq_sinitic,aq_sinitic,aq_faith_chinese,aq_chief_1822,aq_sinitic
c_lanzhou_1,aq_sinitic,aq_sinitic,aq_faith_chinese,aq_chief_1823,aq_sinitic
c_lapusna,aq_daco_getic,aq_getian,aq_faith_zalmonian,aq_chief_1824,aq_getian
c_lar,aq_persian,aq_persian,mazdayasna,aq_chief_1825,aq_persian
c_lasta,aq_ethiopian,aq_ethiopian,aq_faith_african,aq_chief_1826,aq_ethiopian
c_lecce,aq_italic,aq_messapian,aq_faith_italic,aq_chief_1827,aq_messapian
c_leczycka,aq_slavic,aq_slavic,slavic_pagan,aq_chief_1828,aq_slavic
c_legnica,aq_slavic,aq_slavic,slavic_pagan,aq_chief_1829,aq_slavic
c_leh,aq_tibetan,aq_tibetan,bon,aq_chief_1830,aq_tibetan
c_leicestershire,aq_brythonic,aq_cornovian,aq_faith_celtic,aq_chief_1831,aq_cornovian
c_leinster,aq_goidelic,aq_brigantian_irish,aq_faith_celtic,aq_chief_1832,aq_brigantian_irish
c_leizhou,aq_baiyue,aq_baiyue,aq_faith_asian,aq_chief_1833,aq_baiyue
c_lena,aq_steppe_eastern,aq_steppe_eastern,tengri_pagan,aq_chief_1834,aq_steppe_eastern
c_lenggu,aq_tibetan,aq_tibetan,bon,aq_chief_1835,aq_tibetan
c_lenghu,aq_tibetan,aq_tibetan,bon,aq_chief_1836,aq_tibetan
c_lennox,aq_pictish,aq_novantian,aq_faith_celtic,aq_chief_1837,aq_novantian
c_leon,aq_celtiberian,aq_vaccaean,aq_faith_celtic,aq_chief_1838,aq_vaccaean
c_lepsink,aq_saka,aq_saka,aq_faith_steppe,aq_chief_1839,aq_saka
c_leraba,aq_forest_african,aq_forest_african,west_african_roog_pagan,aq_chief_1840,aq_forest_african
c_lesbos,aq_hellenic,aq_hellenic,hellenic_pagan,aq_chief_1841,aq_hellenic
c_leuchtenburg,aq_gaulish,aq_boian_danube,aq_faith_celtic,aq_chief_1842,aq_boian_danube
c_lhagang,aq_tibetan,aq_tibetan,bon,aq_chief_1843,aq_tibetan
c_lhari,aq_tibetan,aq_tibetan,bon,aq_chief_1844,aq_tibetan
c_lhasa,aq_tibetan,aq_tibetan,bon,aq_chief_1845,aq_tibetan
c_lhatok,aq_tibetan,aq_tibetan,bon,aq_chief_1846,aq_tibetan
c_lhunze,aq_tibetan,aq_tibetan,bon,aq_chief_1847,aq_tibetan
c_lhunzhub,aq_tibetan,aq_tibetan,bon,aq_chief_1848,aq_tibetan
c_liangzhou,aq_sinitic,aq_sinitic,aq_faith_chinese,aq_chief_1849,aq_sinitic
c_lianzhou,aq_sinitic,aq_sinitic,aq_faith_chinese,aq_chief_1850,aq_sinitic
c_lianzhou_1,aq_baiyue,aq_baiyue,aq_faith_asian,aq_chief_1851,aq_baiyue
c_liao_fengzhou,aq_tungusic,aq_tungusic,tengri_pagan,aq_chief_1852,aq_tungusic
c_liaoquan,aq_sinitic,aq_sinitic,aq_faith_chinese,aq_chief_1853,aq_sinitic
c_liaozhou,aq_sinitic,aq_sinitic,aq_faith_chinese,aq_chief_1854,aq_sinitic
c_lidong,aq_baiyue,aq_baiyue,aq_faith_asian,aq_chief_1855,aq_baiyue
c_liebnitz,aq_gaulish,aq_tauriscian,aq_faith_celtic,aq_chief_1856,aq_tauriscian
c_liege,aq_germanic,aq_treverian,aq_faith_celtic,aq_chief_1857,aq_treverian
c_lienz,aq_gaulish,aq_rhaetian,aq_faith_rhaetian,aq_chief_1858,aq_rhaetian
c_lika,aq_illyrian,aq_liburnian,aq_faith_balkan,aq_chief_1859,aq_liburnian
c_lille,aq_gaulish,aq_menapian,aq_faith_celtic,aq_chief_1860,aq_menapian
c_limousin,aq_gaulish,aq_santonian,aq_faith_celtic,aq_chief_1861,aq_santonian
c_lincolnshire,aq_brythonic,aq_brigantian,aq_faith_celtic,aq_chief_1862,aq_brigantian
c_lingtsang,aq_tibetan,aq_tibetan,bon,aq_chief_1863,aq_tibetan
c_lingxi,aq_sinitic,aq_sinitic,aq_faith_chinese,aq_chief_1864,aq_sinitic
c_lingzhou,aq_sinitic,aq_sinitic,aq_faith_chinese,aq_chief_1865,aq_sinitic
c_lingzhou_1,aq_sinitic,aq_sinitic,aq_faith_chinese,aq_chief_1866,aq_sinitic
c_linjiang,aq_sinitic,aq_sinitic,aq_faith_chinese,aq_chief_1867,aq_sinitic
c_linlithgowshire,aq_pictish,aq_votadinian,aq_faith_celtic,aq_chief_1868,aq_votadinian
c_linz,aq_gaulish,aq_noric,aq_faith_celtic,aq_chief_1869,aq_noric
c_linzhou,aq_sinitic,aq_sinitic,aq_faith_chinese,aq_chief_1870,aq_sinitic
c_lippe,aq_germanic,aq_cheruscan,aq_faith_germanic,aq_chief_1871,aq_cheruscan
c_lipto,aq_gaulish,aq_gaulish,aq_faith_celtic,aq_chief_1872,aq_gaulish
c_lisboa,aq_iberian,aq_lusitanian,aq_faith_lusitanian,aq_chief_1873,aq_lusitanian
c_lisieux,aq_gaulish,aq_aulercian,aq_faith_celtic,aq_chief_1874,aq_aulercian
c_litang,aq_tibetan,aq_tibetan,bon,aq_chief_1875,aq_tibetan
c_litomerice,aq_gaulish,aq_boian_danube,aq_faith_celtic,aq_chief_1876,aq_boian_danube
c_liuzhou,aq_baiyue,aq_baiyue,aq_faith_asian,aq_chief_1877,aq_baiyue
c_livs,aq_finnic,aq_finnic,finnish_pagan,aq_chief_1878,aq_finnic
c_liyang,aq_sinitic,aq_sinitic,aq_faith_chinese,aq_chief_1879,aq_sinitic
c_liyang_2,aq_sinitic,aq_sinitic,aq_faith_chinese,aq_chief_1880,aq_sinitic
c_lizhou_2,aq_sinitic,aq_sinitic,aq_faith_chinese,aq_chief_1881,aq_sinitic
c_ljubljana,aq_gaulish,aq_tauriscian,aq_faith_celtic,aq_chief_1882,aq_tauriscian
c_lleida,aq_iberian,aq_ilercavonian,aq_faith_iberian,aq_chief_1883,aq_ilercavonian
c_lnj_liaoxi,aq_tungusic,aq_tungusic,tengri_pagan,aq_chief_1884,aq_tungusic
c_lnj_liaoxibei,aq_tungusic,aq_tungusic,tengri_pagan,aq_chief_1885,aq_tungusic
c_lobdaburg,aq_germanic,aq_suebian,aq_faith_germanic,aq_chief_1886,aq_suebian
c_lobi,aq_forest_african,aq_forest_african,west_african_roog_pagan,aq_chief_1887,aq_forest_african
c_lobo,aq_forest_african,aq_forest_african,west_african_roog_pagan,aq_chief_1888,aq_forest_african
c_logudoro,aq_italic,aq_nuragic,aq_faith_nuragic,aq_chief_1889,aq_nuragic
c_lolland_falster,aq_germanic,aq_harudian,aq_faith_germanic,aq_chief_1890,aq_harudian
c_lombardia,aq_italic,aq_insubrian,aq_faith_celtic,aq_chief_1891,aq_insubrian
c_lomzynska,aq_slavic,aq_slavic,slavic_pagan,aq_chief_1892,aq_slavic
c_long_hung,aq_baiyue,aq_baiyue,aq_faith_asian,aq_chief_1893,aq_baiyue
c_longde,aq_sinitic,aq_sinitic,aq_faith_chinese,aq_chief_1894,aq_sinitic
c_longzhou,aq_sinitic,aq_sinitic,aq_faith_chinese,aq_chief_1895,aq_sinitic
c_longzhou_2,aq_sinitic,aq_sinitic,aq_faith_chinese,aq_chief_1896,aq_sinitic
c_lop_buri,aq_tai,aq_tai,aq_faith_asian,aq_chief_1897,aq_tai
c_lori,aq_kartvelian,aq_kartvelian,aq_faith_anatolian,aq_chief_1898,aq_kartvelian
c_loropeni,aq_forest_african,aq_forest_african,west_african_roog_pagan,aq_chief_1899,aq_forest_african
c_lothian,aq_pictish,aq_votadinian,aq_faith_celtic,aq_chief_1900,aq_votadinian
c_loulan,aq_tocharian,aq_tocharian,aq_faith_steppe,aq_chief_1901,aq_tocharian
c_lower_dniepr,aq_scythian,aq_scythian,aq_faith_steppe,aq_chief_1902,aq_scythian
c_lower_galatia,aq_anatolian,aq_cappadocian,aq_faith_ma,aq_chief_1903,aq_cappadocian
c_lozova,aq_scythian,aq_scythian,aq_faith_steppe,aq_chief_1904,aq_scythian
c_luang_prabang,aq_tai,aq_tai,aq_faith_asian,aq_chief_1905,aq_tai
c_lubeck,aq_germanic,aq_teutonian,aq_faith_germanic,aq_chief_1906,aq_teutonian
c_lubelska,aq_slavic,aq_slavic,slavic_pagan,aq_chief_1907,aq_slavic
c_lubusz,aq_slavic,aq_slavic,slavic_pagan,aq_chief_1908,aq_slavic
c_lucca,aq_etruscan,aq_etruscan,aq_faith_etruscan,aq_chief_1909,aq_etruscan
c_ludrava,aq_indo_aryan,aq_salva,aq_faith_rigvedic,aq_chief_1910,aq_salva
c_lujiang,aq_sinitic,aq_sinitic,aq_faith_chinese,aq_chief_1911,aq_sinitic
c_luki,aq_finnic,aq_finnic,finnish_pagan,aq_chief_1912,aq_finnic
c_lukoml,aq_slavic,aq_slavic,slavic_pagan,aq_chief_1913,aq_slavic
c_lumbini,aq_himalayan,aq_kirata,aq_faith_himalayan,aq_chief_1914,aq_kirata
c_luneburg,aq_germanic,aq_cheruscan,aq_faith_germanic,aq_chief_1915,aq_cheruscan
c_lunggar,aq_tibetan,aq_tibetan,bon,aq_chief_1916,aq_tibetan
c_luni,aq_italic,aq_ligurian,aq_faith_ligurian,aq_chief_1917,aq_ligurian
c_luntai,aq_tocharian,aq_tocharian,aq_faith_steppe,aq_chief_1918,aq_tocharian
c_luobupo,aq_tocharian,aq_tocharian,aq_faith_steppe,aq_chief_1919,aq_tocharian
c_luodian,aq_baiyue,aq_baiyue,aq_faith_asian,aq_chief_1920,aq_baiyue
c_luozhou,aq_baiyue,aq_baiyue,aq_faith_asian,aq_chief_1921,aq_baiyue
c_luristan,aq_persian,aq_persian,mazdayasna,aq_chief_1922,aq_persian
c_lusignan,aq_gaulish,aq_pictonian,aq_faith_celtic,aq_chief_1923,aq_pictonian
c_luuq,aq_cushitic,aq_cushitic,aq_faith_african,aq_chief_1924,aq_cushitic
c_luxembourg,aq_germanic,aq_treverian,aq_faith_celtic,aq_chief_1925,aq_treverian
c_luxi,aq_sinitic,aq_sinitic,aq_faith_chinese,aq_chief_1926,aq_sinitic
c_luyang,aq_sinitic,aq_sinitic,aq_faith_chinese,aq_chief_1927,aq_sinitic
c_luzhou_2,aq_sinitic,aq_sinitic,aq_faith_chinese,aq_chief_1928,aq_sinitic
c_lviv,aq_slavic,aq_slavic,slavic_pagan,aq_chief_1929,aq_slavic
c_lxj_fengzhou,aq_sinitic,aq_sinitic,aq_faith_chinese,aq_chief_1930,aq_sinitic
c_lxj_huanzhou,aq_tungusic,aq_tungusic,tengri_pagan,aq_chief_1931,aq_tungusic
c_lxj_yangchengzhou,aq_tungusic,aq_tungusic,tengri_pagan,aq_chief_1932,aq_tungusic
c_lxj_yunneizhou,aq_sinitic,aq_sinitic,aq_faith_chinese,aq_chief_1933,aq_sinitic
c_lxj_yuyidong,aq_tungusic,aq_tungusic,tengri_pagan,aq_chief_1934,aq_tungusic
c_lycandus,aq_anatolian,aq_cilician,aq_faith_sandas,aq_chief_1935,aq_cilician
c_lycaonia,aq_anatolian,aq_lycaonian,aq_faith_sandas,aq_chief_1936,aq_lycaonian
c_lycia,aq_anatolian,aq_lycian,aq_faith_leto,aq_mausolus,aq_carian
c_lydia,aq_anatolian,aq_lydian,aq_faith_artimu,aq_chief_1938,aq_lydian
c_lyon,aq_gaulish,aq_allobrogian,aq_faith_celtic,aq_chief_1939,aq_allobrogian
c_lysva,aq_uralic,aq_uralic,finnish_pagan,aq_chief_1940,aq_uralic
c_lyubim,aq_finnic,aq_finnic,finnish_pagan,aq_chief_1941,aq_finnic
c_lzj_chengde,aq_tungusic,aq_tungusic,tengri_pagan,aq_chief_1942,aq_tungusic
c_lzj_chengdexi,aq_tungusic,aq_tungusic,tengri_pagan,aq_chief_1943,aq_tungusic
c_ma_linh,aq_mon_khmer,aq_mon_khmer,aq_faith_asian,aq_chief_1944,aq_mon_khmer
c_maab,aq_arabian,aq_arabian,aq_faith_arabian,aq_chief_1945,aq_arabian
c_maan,aq_arabian,aq_arabian,aq_faith_arabian,aq_chief_1946,aq_arabian
c_maastricht,aq_germanic,aq_germanic,aq_faith_germanic,aq_chief_1947,aq_germanic
c_macon,aq_gaulish,aq_aeduian,aq_faith_celtic,aq_chief_1948,aq_aeduian
c_macva,aq_illyrian,aq_dardanian,aq_faith_balkan,aq_chief_1949,aq_dardanian
c_madaya,aq_burman,aq_burman,aq_faith_asian,aq_chief_1950,aq_burman
c_madeira,aq_guanche,aq_maurian,aq_faith_libyan,aq_chief_1951,aq_maurian
c_madhupur,aq_gangetic,aq_pundra,aq_faith_yaksha_naga,aq_chief_1952,aq_pundra
c_madoi,aq_tibetan,aq_tibetan,bon,aq_chief_1953,aq_tibetan
c_madrid,aq_iberian,aq_carpetanian,aq_faith_celtic,aq_chief_1954,aq_carpetanian
c_madurai,aq_dravidian,aq_pandya,aq_faith_murukan,aq_chief_1955,aq_pandya
c_mae_hong_son,aq_tai,aq_tai,aq_faith_asian,aq_chief_1956,aq_tai
c_mafaza,aq_persian,aq_persian,mazdayasna,aq_chief_1957,aq_persian
c_magadha,aq_magadhan,aq_magadhan,aq_faith_ajivika,aq_nanda,aq_magadhan
c_magdeburg,aq_germanic,aq_suebian,aq_faith_germanic,aq_chief_1959,aq_suebian
c_maghas,aq_sarmatian,aq_sarmatian,aq_faith_steppe,aq_chief_1960,aq_sarmatian
c_magwe,aq_burman,aq_burman,aq_faith_asian,aq_chief_1961,aq_burman
c_mahdiya,aq_punic,aq_punic,aq_faith_punic,aq_chief_1962,aq_punic
c_mahishaka,aq_dravidian,aq_kadamba_early,aq_faith_dravidian,aq_chief_1963,aq_kadamba_early
c_mahoba,aq_indo_aryan,aq_chedi,aq_faith_atharvavedic,aq_chief_1964,aq_chedi
c_mahra,aq_sabaean,aq_sabaean,aq_faith_arabian,aq_chief_1965,aq_sabaean
c_mahur,aq_dravidian,aq_andhra,aq_faith_dravidian,aq_chief_1966,aq_andhra
c_maine,aq_gaulish,aq_andecavian,aq_faith_celtic,aq_chief_1967,aq_andecavian
c_mainling,aq_tibetan,aq_tibetan,bon,aq_chief_1968,aq_tibetan
c_mainz,aq_germanic,aq_suebian,aq_faith_germanic,aq_chief_1969,aq_suebian
c_mait,aq_cushitic,aq_cushitic,aq_faith_african,aq_chief_1970,aq_cushitic
c_makhir,aq_cushitic,aq_cushitic,aq_faith_african,aq_chief_1971,aq_cushitic
c_malaga,aq_iberian,aq_bastetanian,aq_faith_iberian,aq_chief_1972,aq_bastetanian
c_malagon,aq_iberian,aq_carpetanian,aq_faith_celtic,aq_chief_1973,aq_carpetanian
c_malbork,aq_baltic,aq_baltic,baltic_pagan,aq_chief_1974,aq_baltic
c_maldives,aq_dravidian,aq_chera,aq_faith_murukan,aq_chief_1975,aq_chera
c_maldwyn,aq_brythonic,aq_ordovician,aq_faith_celtic,aq_chief_1976,aq_ordovician
c_malindi,aq_bantu,aq_bantu,aq_faith_african,aq_chief_1977,aq_bantu
c_mallabhum,aq_gangetic,aq_suhma,aq_faith_yaksha_naga,aq_chief_1978,aq_suhma
c_mallorca,aq_iberian,aq_talaiotic,aq_faith_iberian,aq_chief_1979,aq_talaiotic
c_malta,aq_hellenic,aq_hellenic,hellenic_pagan,aq_chief_1980,aq_hellenic
c_mamadych,aq_uralic,aq_uralic,finnish_pagan,aq_chief_1981,aq_uralic
c_mamprusi,aq_forest_african,aq_forest_african,west_african_roog_pagan,aq_chief_1982,aq_forest_african
c_man,aq_forest_african,aq_forest_african,west_african_roog_pagan,aq_chief_1983,aq_forest_african
c_mana,aq_steppe_eastern,aq_steppe_eastern,tengri_pagan,aq_chief_1984,aq_steppe_eastern
c_manaka,aq_saka,aq_saka,aq_faith_steppe,aq_chief_1985,aq_saka
c_manatau,aq_sarmatian,aq_sarmatian,aq_faith_steppe,aq_chief_1986,aq_sarmatian
c_mandab,aq_sabaean,aq_sabaean,aq_faith_arabian,aq_chief_1987,aq_sabaean
c_mandapika,aq_indo_aryan,aq_pulinda,aq_faith_forest_indian,aq_chief_1988,aq_pulinda
c_mandavyapura,aq_indo_aryan,aq_abhira,aq_faith_yaksha_naga,aq_chief_1989,aq_abhira
c_mandestan,aq_persian,aq_persian,mazdayasna,aq_chief_1990,aq_persian
c_mangnai,aq_tibetan,aq_tibetan,bon,aq_chief_1991,aq_tibetan
c_mangra,aq_tibetan,aq_tibetan,bon,aq_chief_1992,aq_tibetan
c_mangyshlak,aq_saka,aq_saka,aq_faith_steppe,aq_chief_1993,aq_saka
c_manikpur,aq_indo_aryan,aq_vatsa,aq_faith_krishna_yajurvedic,aq_chief_1994,aq_vatsa
c_manipur,aq_gangetic,aq_pragjyotisha,aq_faith_yaksha_naga,aq_chief_1995,aq_pragjyotisha
c_mansfeld,aq_germanic,aq_suebian,aq_faith_germanic,aq_chief_1996,aq_suebian
c_mansura,aq_indo_aryan,aq_saindhava,aq_faith_atharvavedic,aq_chief_1997,aq_saindhava
c_manthang,aq_tibetan,aq_tibetan,bon,aq_chief_1998,aq_tibetan
c_mantua,aq_italic,aq_boian,aq_faith_celtic,aq_chief_1999,aq_boian
c_manturovo,aq_slavic,aq_slavic,slavic_pagan,aq_chief_2000,aq_slavic
c_maozhou,aq_sinitic,aq_sinitic,aq_faith_chinese,aq_chief_2001,aq_sinitic
c_maqen,aq_tibetan,aq_tibetan,bon,aq_chief_2002,aq_tibetan
c_maqu,aq_tibetan,aq_tibetan,bon,aq_chief_2003,aq_tibetan
c_maragha,aq_persian,aq_persian,mazdayasna,aq_chief_2004,aq_persian
c_maralbeshi,aq_tocharian,aq_tocharian,aq_faith_steppe,aq_chief_2005,aq_tocharian
c_marash,aq_aramaic,aq_aramaic,aq_faith_mesopotamian,aq_chief_2006,aq_aramaic
c_marburg,aq_germanic,aq_suebian,aq_faith_germanic,aq_chief_2007,aq_suebian
c_mareeg,aq_cushitic,aq_cushitic,aq_faith_african,aq_chief_2008,aq_cushitic
c_mari-turek,aq_uralic,aq_uralic,finnish_pagan,aq_chief_2009,aq_uralic
c_mark,aq_germanic,aq_treverian,aq_faith_celtic,aq_chief_2010,aq_treverian
c_markam,aq_tibetan,aq_tibetan,bon,aq_chief_2011,aq_tibetan
c_marmaros,aq_gaulish,aq_gaulish,aq_faith_celtic,aq_chief_2012,aq_gaulish
c_marrakesh,aq_berber,aq_maurian,aq_faith_libyan,aq_chief_2013,aq_maurian
c_marsabit,aq_cushitic,aq_cushitic,aq_faith_african,aq_chief_2014,aq_cushitic
c_marsan,aq_gaulish,aq_aquitani,aq_faith_iberian,aq_chief_2015,aq_aquitani
c_martyuba,aq_uralic,aq_uralic,finnish_pagan,aq_chief_2016,aq_uralic
c_marvarrud,aq_bactrian,aq_bactrian,mazdayasna,aq_chief_2017,aq_bactrian
c_masa,aq_central_african,aq_central_african,west_african_bori_pagan,aq_chief_2018,aq_central_african
c_masabadhan,aq_persian,aq_persian,mazdayasna,aq_chief_2019,aq_persian
c_masalit,aq_central_african,aq_central_african,west_african_bori_pagan,aq_chief_2020,aq_central_african
c_masin,aq_west_african,aq_west_african,west_african_pagan,aq_chief_2021,aq_west_african
c_massawa,aq_ethiopian,aq_ethiopian,aq_faith_african,aq_chief_2022,aq_ethiopian
c_massina,aq_west_african,aq_west_african,west_african_pagan,aq_chief_2023,aq_west_african
c_mathura,aq_indo_aryan,aq_surasena,aq_faith_samavedic,aq_chief_2024,aq_surasena
c_matya,aq_uralic,aq_uralic,finnish_pagan,aq_chief_2025,aq_uralic
c_mau,aq_forest_african,aq_forest_african,west_african_roog_pagan,aq_chief_2026,aq_forest_african
c_mayo,aq_goidelic,aq_nagnatian,aq_faith_celtic,aq_chief_2027,aq_nagnatian
c_mayyafariqin,aq_aramaic,aq_aramaic,aq_faith_mesopotamian,aq_chief_2028,aq_aramaic
c_mazandaran,aq_persian,aq_persian,mazdayasna,aq_chief_2029,aq_persian
c_mazongshan,aq_sinitic,aq_sinitic,aq_faith_chinese,aq_chief_2030,aq_sinitic
c_mearns,aq_pictish,aq_caledonian,aq_faith_celtic,aq_chief_2031,aq_caledonian
c_meaux,aq_gaulish,aq_remian,aq_faith_celtic,aq_chief_2032,aq_remian
c_mecca,aq_arabian,aq_arabian,aq_faith_arabian,aq_chief_2033,aq_arabian
c_mecklenburg,aq_germanic,aq_suebian,aq_faith_germanic,aq_chief_2034,aq_suebian
c_medantaka,aq_indo_aryan,aq_abhira,aq_faith_yaksha_naga,aq_chief_2035,aq_abhira
c_medapata,aq_indo_aryan,aq_sivi,aq_faith_rigvedic,aq_chief_2036,aq_sivi
c_medellin,aq_iberian,aq_vettonian,aq_faith_lusitanian,aq_chief_2037,aq_vettonian
c_medelpad,aq_germanic,aq_germanic,aq_faith_germanic,aq_chief_2038,aq_germanic
c_medina,aq_arabian,aq_arabian,aq_faith_arabian,aq_chief_2039,aq_arabian
c_medjerda,aq_punic,aq_punic,aq_faith_punic,aq_chief_2040,aq_punic
c_meissen,aq_slavic,aq_slavic,slavic_pagan,aq_chief_2041,aq_slavic
c_meizhou,aq_sinitic,aq_sinitic,aq_faith_chinese,aq_chief_2042,aq_sinitic
c_meizhou_1,aq_baiyue,aq_baiyue,aq_faith_asian,aq_chief_2043,aq_baiyue
c_meknes,aq_berber,aq_maurian,aq_faith_libyan,aq_chief_2044,aq_maurian
c_melilla,aq_berber,aq_maurian,aq_faith_libyan,aq_chief_2045,aq_maurian
c_melitene,aq_armenian,aq_armenian,aq_faith_anatolian,aq_chief_2046,aq_armenian
c_mema,aq_west_african,aq_west_african,west_african_pagan,aq_chief_2047,aq_west_african
c_memar,aq_tibetan,aq_tibetan,bon,aq_chief_2048,aq_tibetan
c_memel,aq_baltic,aq_baltic,baltic_pagan,aq_chief_2049,aq_baltic
c_menas,aq_ainu,aq_ainu,aq_faith_asian,aq_chief_2050,aq_ainu
c_menorca,aq_iberian,aq_talaiotic,aq_faith_iberian,aq_chief_2051,aq_talaiotic
c_mentawai,aq_austronesian,aq_austronesian,aq_faith_asian,aq_chief_2052,aq_austronesian
c_merida,aq_iberian,aq_vettonian,aq_faith_lusitanian,aq_chief_2053,aq_vettonian
c_merioneth,aq_brythonic,aq_ordovician,aq_faith_celtic,aq_chief_2054,aq_ordovician
c_meroe,aq_kushite,aq_kushite,kushitism_pagan,aq_kush,aq_kushite
c_mersenburg,aq_germanic,aq_suebian,aq_faith_germanic,aq_chief_2056,aq_suebian
c_merv,aq_bactrian,aq_bactrian,mazdayasna,aq_chief_2057,aq_bactrian
c_mesembria,aq_thracian,aq_getian,aq_faith_zalmonian,aq_chief_2058,aq_getian
c_mesopotamia,aq_armenian,aq_armenian,aq_faith_anatolian,aq_chief_2059,aq_armenian
c_messenia,aq_hellenic,aq_hellenic,hellenic_pagan,aq_chief_2060,aq_hellenic
c_messina,aq_hellenic,aq_hellenic,hellenic_pagan,aq_chief_2061,aq_hellenic
c_messukyla,aq_finnic,aq_finnic,finnish_pagan,aq_chief_2062,aq_finnic
c_metz,aq_germanic,aq_mediomatrician,aq_faith_celtic,aq_chief_2063,aq_mediomatrician
c_metzovo,aq_hellenic,aq_hellenic,hellenic_pagan,aq_chief_2064,aq_hellenic
c_mianzhou,aq_sinitic,aq_sinitic,aq_faith_chinese,aq_chief_2065,aq_sinitic
c_miastko,aq_germanic,aq_gutnian,aq_faith_germanic,aq_chief_2066,aq_gutnian
c_middlesex,aq_brythonic,aq_trinovantian,aq_faith_celtic,aq_chief_2067,aq_trinovantian
c_midnapore,aq_gangetic,aq_suhma,aq_faith_yaksha_naga,aq_chief_2068,aq_suhma
c_mikawa,aq_jomon,aq_jomon,aq_faith_asian,aq_chief_2069,aq_jomon
c_miliez,aq_slavic,aq_slavic,slavic_pagan,aq_chief_2070,aq_slavic
c_millau,aq_gaulish,aq_volcian,aq_faith_celtic,aq_chief_2071,aq_volcian
c_millerovo,aq_scythian,aq_scythian,aq_faith_steppe,aq_chief_2072,aq_scythian
c_mimasaka,aq_yayoi,aq_yayoi,aq_faith_asian,aq_chief_2073,aq_yayoi
c_minbu,aq_burman,aq_burman,aq_faith_asian,aq_chief_2074,aq_burman
c_minden,aq_germanic,aq_cheruscan,aq_faith_germanic,aq_chief_2075,aq_cheruscan
c_mingzhou,aq_sinitic,aq_sinitic,aq_faith_chinese,aq_chief_2076,aq_sinitic
c_mingzhou_1,aq_sinitic,aq_sinitic,aq_faith_chinese,aq_chief_2077,aq_sinitic
c_mino,aq_jomon,aq_jomon,aq_faith_asian,aq_chief_2078,aq_jomon
c_minsk,aq_slavic,aq_slavic,slavic_pagan,aq_chief_2079,aq_slavic
c_minzhou,aq_sinitic,aq_sinitic,aq_faith_chinese,aq_chief_2080,aq_sinitic
c_mithila,aq_magadhan,aq_videha,aq_faith_shukla_yajurvedic,aq_chief_2081,aq_videha
c_mizhou,aq_sinitic,aq_sinitic,aq_faith_chinese,aq_chief_2082,aq_sinitic
c_modena,aq_italic,aq_boian,aq_faith_celtic,aq_chief_2083,aq_boian
c_modrus,aq_illyrian,aq_liburnian,aq_faith_balkan,aq_chief_2084,aq_liburnian
c_moeng_laem,aq_burman,aq_burman,aq_faith_asian,aq_chief_2085,aq_burman
c_moeng_long,aq_tai,aq_tai,aq_faith_asian,aq_chief_2086,aq_tai
c_mogadishu,aq_cushitic,aq_cushitic,aq_faith_african,aq_chief_2087,aq_cushitic
c_mohadavasaka,aq_indo_aryan,aq_anarta,aq_faith_samavedic,aq_chief_2088,aq_anarta
c_molina,aq_iberian,aq_carpetanian,aq_faith_celtic,aq_chief_2089,aq_carpetanian
c_momauk,aq_burman,aq_burman,aq_faith_asian,aq_chief_2090,aq_burman
c_mombasa,aq_bantu,aq_bantu,aq_faith_african,aq_chief_2091,aq_bantu
c_monferrato,aq_italic,aq_taurinian,aq_faith_celtic,aq_chief_2092,aq_taurinian
c_mongnai,aq_burman,aq_burman,aq_faith_asian,aq_chief_2093,aq_burman
c_monkh_saridag,aq_tagar,aq_tagar,aq_faith_steppe,aq_chief_2094,aq_tagar
c_monmouthshire,aq_brythonic,aq_demetian,aq_faith_celtic,aq_chief_2095,aq_demetian
c_montaigu,aq_gaulish,aq_pictonian,aq_faith_celtic,aq_chief_2096,aq_pictonian
c_montargis,aq_gaulish,aq_carnutian,aq_faith_celtic,aq_chief_2097,aq_carnutian
c_monterrei,aq_celtiberian,aq_gallaecian,aq_faith_celtic,aq_chief_2098,aq_gallaecian
c_montpellier,aq_gaulish,aq_volcian,aq_faith_celtic,aq_chief_2099,aq_volcian
c_monyin,aq_burman,aq_burman,aq_faith_asian,aq_chief_2100,aq_burman
c_mora,aq_iberian,aq_carpetanian,aq_faith_celtic,aq_chief_2101,aq_carpetanian
c_morarna,aq_germanic,aq_germanic,aq_faith_germanic,aq_chief_2102,aq_germanic
c_moray,aq_pictish,aq_caledonian,aq_faith_celtic,aq_chief_2103,aq_caledonian
c_more,aq_germanic,aq_gautish,aq_faith_germanic,aq_chief_2104,aq_gautish
c_mosala,aq_dravidian,aq_andhra,aq_faith_dravidian,aq_chief_2105,aq_andhra
c_moskva,aq_slavic,aq_slavic,slavic_pagan,aq_chief_2106,aq_slavic
c_mosul,aq_aramaic,aq_aramaic,aq_faith_mesopotamian,aq_chief_2107,aq_aramaic
c_mosynopolis,aq_thracian,aq_thracian,aq_faith_balkan,aq_berisades,aq_odrysian
c_moura,aq_iberian,aq_turdetanian,aq_faith_iberian,aq_chief_2109,aq_turdetanian
c_mozhaysk,aq_slavic,aq_slavic,slavic_pagan,aq_chief_2110,aq_slavic
c_mozhou,aq_sinitic,aq_sinitic,aq_faith_chinese,aq_chief_2111,aq_sinitic
c_mrima,aq_bantu,aq_bantu,aq_faith_african,aq_chief_2112,aq_bantu
c_mto_galana,aq_bantu,aq_bantu,aq_faith_african,aq_chief_2113,aq_bantu
c_mto_tana,aq_bantu,aq_bantu,aq_faith_african,aq_chief_2114,aq_bantu
c_muang_fa_daet,aq_mon_khmer,aq_mon_khmer,aq_faith_asian,aq_chief_2115,aq_mon_khmer
c_mudgagiri,aq_magadhan,aq_anga,aq_faith_ajivika,aq_chief_2116,aq_anga
c_mudug,aq_cushitic,aq_cushitic,aq_faith_african,aq_chief_2117,aq_cushitic
c_mueang_phra_rot,aq_mon_khmer,aq_mon_khmer,aq_faith_asian,aq_chief_2118,aq_mon_khmer
c_mugan,aq_persian,aq_persian,mazdayasna,aq_chief_2119,aq_persian
c_mugodzhar_hills,aq_sarmatian,aq_sarmatian,aq_faith_steppe,aq_chief_2120,aq_sarmatian
c_mukdahan,aq_mon_khmer,aq_mon_khmer,aq_faith_asian,aq_chief_2121,aq_mon_khmer
c_mulaka,aq_dravidian,aq_asmaka,aq_faith_krishna_yajurvedic,aq_chief_2122,aq_asmaka
c_multan,aq_indo_aryan,aq_malava,aq_faith_rigvedic,aq_chief_2123,aq_malava
c_muluvagil,aq_dravidian,aq_chola,aq_faith_murukan,aq_chief_2124,aq_chola
c_muluya,aq_berber,aq_maurian,aq_faith_libyan,aq_chief_2125,aq_maurian
c_mumo,aq_steppe_eastern,aq_steppe_eastern,tengri_pagan,aq_chief_2126,aq_steppe_eastern
c_munchen,aq_gaulish,aq_vindelician,aq_faith_celtic,aq_chief_2127,aq_vindelician
c_munda,aq_magadhan,aq_atavi,aq_faith_forest_indian,aq_chief_2128,aq_atavi
c_munio,aq_central_african,aq_central_african,west_african_bori_pagan,aq_chief_2129,aq_central_african
c_munjan,aq_sogdian,aq_sogdian,mazdayasna,aq_chief_2130,aq_sogdian
c_munster,aq_germanic,aq_cheruscan,aq_faith_germanic,aq_chief_2131,aq_cheruscan
c_murcia,aq_iberian,aq_bastetanian,aq_faith_iberian,aq_chief_2132,aq_bastetanian
c_murom,aq_slavic,aq_slavic,slavic_pagan,aq_chief_2133,aq_slavic
c_murun_tomis,aq_saka,aq_saka,aq_faith_steppe,aq_chief_2134,aq_saka
c_murzuk,aq_saharan,aq_garamantian,aq_faith_libyan,aq_chief_2135,aq_garamantian
c_murzzuschlag,aq_gaulish,aq_tauriscian,aq_faith_celtic,aq_chief_2136,aq_tauriscian
c_musashi,aq_jomon,aq_jomon,aq_faith_asian,aq_chief_2137,aq_jomon
c_muscat,aq_arabian,aq_arabian,aq_faith_arabian,aq_chief_2138,aq_arabian
c_mushun,aq_saka,aq_saka,aq_faith_steppe,aq_chief_2139,aq_saka
c_mustasaari,aq_finnic,aq_finnic,finnish_pagan,aq_chief_2140,aq_finnic
c_muya,aq_steppe_eastern,aq_steppe_eastern,tengri_pagan,aq_chief_2141,aq_steppe_eastern
c_muze,aq_baiyue,aq_baiyue,aq_faith_asian,aq_chief_2142,aq_baiyue
c_muzhou,aq_sinitic,aq_sinitic,aq_faith_chinese,aq_chief_2143,aq_sinitic
c_myeongju,aq_korean,aq_korean,aq_faith_asian,aq_chief_2144,aq_korean
c_myitkyina,aq_burman,aq_burman,aq_faith_asian,aq_chief_2145,aq_burman
c_mysia,aq_anatolian,aq_mysian,aq_faith_matar,aq_chief_2146,aq_mysian
c_nabadwipa,aq_gangetic,aq_vanga,aq_faith_yaksha_naga,aq_chief_2147,aq_vanga
c_naddula,aq_indo_aryan,aq_abhira,aq_faith_yaksha_naga,aq_chief_2148,aq_abhira
c_naga,aq_kushite,aq_kushite,kushitism_pagan,aq_chief_2149,aq_kushite
c_nagarze,aq_tibetan,aq_tibetan,bon,aq_chief_2150,aq_tibetan
c_nagato,aq_yayoi,aq_yayoi,aq_faith_asian,aq_chief_2151,aq_yayoi
c_nagauda,aq_indo_aryan,aq_salva,aq_faith_rigvedic,aq_chief_2152,aq_salva
c_nagchu,aq_tibetan,aq_tibetan,bon,aq_chief_2153,aq_tibetan
c_nagormo,aq_tibetan,aq_tibetan,bon,aq_chief_2154,aq_tibetan
c_naimisa,aq_indo_aryan,aq_kosalan,aq_faith_shukla_yajurvedic,aq_chief_2155,aq_kosalan
c_naissus,aq_thracian,aq_bessian,aq_faith_balkan,aq_chief_2156,aq_bessian
c_najera,aq_iberian,aq_vasconian,aq_faith_iberian,aq_chief_2157,aq_vasconian
c_najran,aq_sabaean,aq_sabaean,aq_faith_arabian,aq_chief_2158,aq_sabaean
c_naju,aq_korean,aq_korean,aq_faith_asian,aq_chief_2159,aq_korean
c_nakhon_pathom,aq_tai,aq_tai,aq_faith_asian,aq_chief_2160,aq_tai
c_nakhshab,aq_sogdian,aq_sogdian,mazdayasna,aq_chief_2161,aq_sogdian
c_nakkavaram,aq_austronesian,aq_austronesian,aq_faith_asian,aq_chief_2162,aq_austronesian
c_naldurg,aq_dravidian,aq_kadamba_early,aq_faith_dravidian,aq_chief_2163,aq_kadamba_early
c_nallamala,aq_dravidian,aq_andhra,aq_faith_dravidian,aq_chief_2164,aq_andhra
c_nalu,aq_forest_african,aq_forest_african,west_african_roog_pagan,aq_chief_2165,aq_forest_african
c_nam_dinh,aq_baiyue,aq_baiyue,aq_faith_asian,aq_chief_2166,aq_baiyue
c_namandiru,aq_west_african,aq_west_african,west_african_pagan,aq_chief_2167,aq_west_african
c_namastau,aq_saka,aq_saka,aq_faith_steppe,aq_chief_2168,aq_saka
c_namdalfylki,aq_germanic,aq_germanic,aq_faith_germanic,aq_chief_2169,aq_germanic
c_namur,aq_germanic,aq_treverian,aq_faith_celtic,aq_chief_2170,aq_treverian
c_namwon,aq_korean,aq_korean,aq_faith_asian,aq_chief_2171,aq_korean
c_nan_asia,aq_tai,aq_tai,aq_faith_asian,aq_chief_2172,aq_tai
c_nanan,aq_sinitic,aq_sinitic,aq_faith_chinese,aq_chief_2173,aq_sinitic
c_nancy,aq_germanic,aq_mediomatrician,aq_faith_celtic,aq_chief_2174,aq_mediomatrician
c_nandana,aq_indo_aryan,aq_gandharan,aq_faith_rigvedic,aq_chief_2175,aq_gandharan
c_nandian,aq_burman,aq_burman,aq_faith_asian,aq_chief_2176,aq_burman
c_nang,aq_tibetan,aq_tibetan,bon,aq_chief_2177,aq_tibetan
c_nangqen,aq_tibetan,aq_tibetan,bon,aq_chief_2178,aq_tibetan
c_nanjian,aq_baiyue,aq_baiyue,aq_faith_asian,aq_chief_2179,aq_baiyue
c_nankang,aq_sinitic,aq_sinitic,aq_faith_chinese,aq_chief_2180,aq_sinitic
c_nanping,aq_baiyue,aq_baiyue,aq_faith_asian,aq_chief_2181,aq_baiyue
c_nantes,aq_gaulish,aq_venetian_gaul,aq_faith_celtic,aq_chief_2182,aq_venetian_gaul
c_nanumba,aq_forest_african,aq_forest_african,west_african_roog_pagan,aq_chief_2183,aq_forest_african
c_nanxi,aq_sinitic,aq_sinitic,aq_faith_chinese,aq_chief_2184,aq_sinitic
c_nanzhou,aq_sinitic,aq_sinitic,aq_faith_chinese,aq_chief_2185,aq_sinitic
c_napoli,aq_italic,aq_campanian,aq_faith_italic,aq_chief_2186,aq_campanian
c_naqis,aq_cushitic,aq_cushitic,aq_faith_african,aq_chief_2187,aq_cushitic
c_narim,aq_uralic,aq_uralic,finnish_pagan,aq_chief_2188,aq_uralic
c_narke,aq_germanic,aq_gautish,aq_faith_germanic,aq_chief_2189,aq_gautish
c_narva,aq_finnic,aq_finnic,finnish_pagan,aq_chief_2190,aq_finnic
c_narym_DZU,aq_saka,aq_saka,aq_faith_steppe,aq_chief_2191,aq_saka
c_nasaiya,aq_sogdian,aq_sogdian,mazdayasna,aq_chief_2192,aq_sogdian
c_nasibin,aq_aramaic,aq_aramaic,aq_faith_mesopotamian,aq_chief_2193,aq_aramaic
c_nasrabad,aq_sogdian,aq_sogdian,mazdayasna,aq_chief_2194,aq_sogdian
c_nassau,aq_germanic,aq_suebian,aq_faith_germanic,aq_chief_2195,aq_suebian
c_natangia,aq_baltic,aq_baltic,baltic_pagan,aq_chief_2196,aq_baltic
c_naumberg,aq_slavic,aq_slavic,slavic_pagan,aq_chief_2197,aq_slavic
c_naumburg,aq_slavic,aq_slavic,slavic_pagan,aq_chief_2198,aq_slavic
c_naushki,aq_steppe_eastern,aq_steppe_eastern,tengri_pagan,aq_chief_2199,aq_steppe_eastern
c_navarra,aq_iberian,aq_vasconian,aq_faith_iberian,aq_chief_2200,aq_vasconian
c_navasarika,aq_indo_aryan,aq_lata,aq_faith_atharvavedic,aq_chief_2201,aq_lata
c_naxos,aq_hellenic,aq_hellenic,hellenic_pagan,aq_chief_2202,aq_hellenic
c_ndenye,aq_forest_african,aq_forest_african,west_african_roog_pagan,aq_chief_2203,aq_forest_african
c_neamnt,aq_daco_getic,aq_getian,aq_faith_zalmonian,aq_chief_2204,aq_getian
c_nebit_dag,aq_sogdian,aq_sogdian,mazdayasna,aq_chief_2205,aq_sogdian
c_nedenes,aq_germanic,aq_rugian,aq_faith_germanic,aq_chief_2206,aq_rugian
c_nedersticht,aq_germanic,aq_chaucan,aq_faith_germanic,aq_chief_2207,aq_chaucan
c_negev,aq_aramaic,aq_aramaic,aq_faith_mesopotamian,aq_chief_2208,aq_aramaic
c_nellore,aq_dravidian,aq_chola,aq_faith_murukan,aq_chief_2209,aq_chola
c_neopatras,aq_hellenic,aq_hellenic,hellenic_pagan,aq_chief_2210,aq_hellenic
c_neramkary,aq_uralic,aq_uralic,finnish_pagan,aq_chief_2211,aq_uralic
c_neuchatel,aq_gaulish,aq_helvetian,aq_faith_celtic,aq_chief_2212,aq_helvetian
c_neufchateau,aq_germanic,aq_mediomatrician,aq_faith_celtic,aq_chief_2213,aq_mediomatrician
c_nevers,aq_gaulish,aq_aeduian,aq_faith_celtic,aq_chief_2214,aq_aeduian
c_ngawa,aq_tibetan,aq_tibetan,bon,aq_chief_2215,aq_tibetan
c_nghe_an,aq_baiyue,aq_baiyue,aq_faith_asian,aq_chief_2216,aq_baiyue
c_ngoenyang,aq_tai,aq_tai,aq_faith_asian,aq_chief_2217,aq_tai
c_ngoring,aq_tibetan,aq_tibetan,bon,aq_chief_2218,aq_tibetan
c_niani,aq_west_african,aq_west_african,west_african_pagan,aq_chief_2219,aq_west_african
c_nias,aq_austronesian,aq_austronesian,aq_faith_asian,aq_chief_2220,aq_austronesian
c_nice,aq_gaulish,aq_saluvian,aq_faith_celtic,aq_chief_2221,aq_saluvian
c_nicopolis,aq_hellenic,aq_hellenic,hellenic_pagan,aq_chief_2222,aq_hellenic
c_nicosia,aq_hellenic,aq_hellenic,hellenic_pagan,aq_evagoras,aq_hellenic
c_niebla,aq_iberian,aq_turdetanian,aq_faith_iberian,aq_chief_2224,aq_turdetanian
c_nih,aq_persian,aq_persian,mazdayasna,aq_chief_2225,aq_persian
c_nihawand,aq_persian,aq_persian,mazdayasna,aq_chief_2226,aq_persian
c_nikaea,aq_persian,aq_bithynian,aq_faith_balkan,aq_artabazos,aq_persian
c_nikki,aq_forest_african,aq_forest_african,west_african_roog_pagan,aq_chief_2228,aq_forest_african
c_nikopolis,aq_thracian,aq_triballian,aq_faith_balkan,aq_chief_2229,aq_triballian
c_ningduzhou,aq_sinitic,aq_sinitic,aq_faith_chinese,aq_chief_2230,aq_sinitic
c_ninive,aq_aramaic,aq_aramaic,aq_faith_mesopotamian,aq_chief_2231,aq_aramaic
c_niomi,aq_west_african,aq_west_african,west_african_pagan,aq_chief_2232,aq_west_african
c_nishapur,aq_bactrian,aq_bactrian,mazdayasna,aq_chief_2233,aq_bactrian
c_nizhny_novgorod,aq_slavic,aq_slavic,slavic_pagan,aq_chief_2234,aq_slavic
c_nizwa,aq_arabian,aq_arabian,aq_faith_arabian,aq_chief_2235,aq_arabian
c_njudung,aq_germanic,aq_gautish,aq_faith_germanic,aq_chief_2236,aq_gautish
c_nongdong,aq_baiyue,aq_baiyue,aq_faith_asian,aq_chief_2237,aq_baiyue
c_nordlingen,aq_germanic,aq_suebian,aq_faith_germanic,aq_chief_2238,aq_suebian
c_nordmark,aq_germanic,aq_gautish,aq_faith_germanic,aq_chief_2239,aq_gautish
c_nordrland,aq_germanic,aq_germanic,aq_faith_germanic,aq_chief_2240,aq_germanic
c_norfolk,aq_brythonic,aq_iceni,aq_faith_celtic,aq_chief_2241,aq_iceni
c_north_riding,aq_brythonic,aq_brigantian,aq_faith_celtic,aq_chief_2242,aq_brigantian
c_northamptonshire,aq_brythonic,aq_cornovian,aq_faith_celtic,aq_chief_2243,aq_cornovian
c_northumberland,aq_brythonic,aq_votadinian,aq_faith_celtic,aq_chief_2244,aq_votadinian
c_norwegian_more,aq_germanic,aq_germanic,aq_faith_germanic,aq_chief_2245,aq_germanic
c_noto,aq_jomon,aq_jomon,aq_faith_asian,aq_chief_2246,aq_jomon
c_nottinghamshire,aq_brythonic,aq_cornovian,aq_faith_celtic,aq_chief_2247,aq_cornovian
c_novara,aq_italic,aq_insubrian,aq_faith_celtic,aq_chief_2248,aq_insubrian
c_novgorod,aq_finnic,aq_finnic,finnish_pagan,aq_chief_2249,aq_finnic
c_novgorod_seversky,aq_slavic,aq_slavic,slavic_pagan,aq_chief_2250,aq_slavic
c_novogrudok,aq_slavic,aq_slavic,slavic_pagan,aq_chief_2251,aq_slavic
c_novosil,aq_slavic,aq_slavic,slavic_pagan,aq_chief_2252,aq_slavic
c_nugaal,aq_cushitic,aq_cushitic,aq_faith_african,aq_chief_2253,aq_cushitic
c_nuon,aq_forest_african,aq_forest_african,west_african_roog_pagan,aq_chief_2254,aq_forest_african
c_nupe,aq_forest_african,aq_forest_african,west_african_roog_pagan,aq_chief_2255,aq_forest_african
c_nurnberg,aq_germanic,aq_suebian,aq_faith_germanic,aq_chief_2256,aq_suebian
c_nurtay,aq_saka,aq_saka,aq_faith_steppe,aq_chief_2257,aq_saka
c_nushiro,aq_ainu,aq_ainu,aq_faith_asian,aq_chief_2258,aq_ainu
c_nyagrong,aq_tibetan,aq_tibetan,bon,aq_chief_2259,aq_tibetan
c_nyainrong,aq_tibetan,aq_tibetan,bon,aq_chief_2260,aq_tibetan
c_nyalam,aq_tibetan,aq_tibetan,bon,aq_chief_2261,aq_tibetan
c_nyaungshwe,aq_burman,aq_burman,aq_faith_asian,aq_chief_2262,aq_burman
c_nyemo,aq_tibetan,aq_tibetan,bon,aq_chief_2263,aq_tibetan
c_nyene,aq_forest_african,aq_forest_african,west_african_roog_pagan,aq_chief_2264,aq_forest_african
c_nyima,aq_tibetan,aq_tibetan,bon,aq_chief_2265,aq_tibetan
c_nyingchi,aq_tibetan,aq_tibetan,bon,aq_chief_2266,aq_tibetan
c_nyitra,aq_gaulish,aq_gaulish,aq_faith_celtic,aq_chief_2267,aq_gaulish
c_nyland,aq_finnic,aq_finnic,finnish_pagan,aq_chief_2268,aq_finnic
c_nysa,aq_slavic,aq_slavic,slavic_pagan,aq_chief_2269,aq_slavic
c_nzi,aq_forest_african,aq_forest_african,west_african_roog_pagan,aq_chief_2270,aq_forest_african
c_ob,aq_uralic,aq_uralic,finnish_pagan,aq_chief_2271,aq_uralic
c_odessa,aq_scythian,aq_scythian,aq_faith_steppe,aq_chief_2272,aq_scythian
c_odishi,aq_kartvelian,aq_colchian,aq_faith_anatolian,aq_chief_2273,aq_colchian
c_odoyev,aq_slavic,aq_slavic,slavic_pagan,aq_chief_2274,aq_slavic
c_oglamych,aq_saka,aq_saka,aq_faith_steppe,aq_chief_2275,aq_saka
c_ohrid,aq_thracian,aq_bessian,aq_faith_balkan,aq_chief_2276,aq_bessian
c_oigon,aq_steppe_eastern,aq_steppe_eastern,tengri_pagan,aq_chief_2277,aq_steppe_eastern
c_okangara,aq_steppe_eastern,aq_steppe_eastern,tengri_pagan,aq_chief_2278,aq_steppe_eastern
c_oki,aq_yayoi,aq_yayoi,aq_faith_asian,aq_chief_2279,aq_yayoi
c_oland,aq_germanic,aq_gautish,aq_faith_germanic,aq_chief_2280,aq_gautish
c_olavinlinna,aq_finnic,aq_finnic,finnish_pagan,aq_chief_2281,aq_finnic
c_oldenburg,aq_germanic,aq_cheruscan,aq_faith_germanic,aq_chief_2282,aq_cheruscan
c_oleshye,aq_scythian,aq_scythian,aq_faith_steppe,aq_chief_2283,aq_scythian
c_olkhon,aq_steppe_eastern,aq_steppe_eastern,tengri_pagan,aq_chief_2284,aq_steppe_eastern
c_olmedo,aq_celtiberian,aq_celtiberian_arevaci,aq_faith_celtic,aq_chief_2285,aq_celtiberian_arevaci
c_olomouc,aq_gaulish,aq_boian_danube,aq_faith_celtic,aq_chief_2286,aq_boian_danube
c_omi,aq_jomon,aq_jomon,aq_faith_asian,aq_chief_2287,aq_jomon
c_omsk,aq_uralic,aq_uralic,finnish_pagan,aq_chief_2288,aq_uralic
c_onega,aq_finnic,aq_finnic,finnish_pagan,aq_chief_2289,aq_finnic
c_onega_BJA,aq_finnic,aq_finnic,finnish_pagan,aq_chief_2290,aq_finnic
c_ongi,aq_steppe_eastern,aq_steppe_eastern,tengri_pagan,aq_chief_2291,aq_steppe_eastern
c_onsthia,aq_finnic,aq_finnic,finnish_pagan,aq_chief_2292,aq_finnic
c_opanda,aq_forest_african,aq_forest_african,west_african_roog_pagan,aq_chief_2293,aq_forest_african
c_opava,aq_gaulish,aq_boian_danube,aq_faith_celtic,aq_chief_2294,aq_boian_danube
c_opole,aq_slavic,aq_slavic,slavic_pagan,aq_chief_2295,aq_slavic
c_orangallu,aq_dravidian,aq_andhra,aq_faith_dravidian,aq_chief_2296,aq_andhra
c_orania,aq_berber,aq_numidian_masaesylian,aq_faith_libyan,aq_chief_2297,aq_numidian_masaesylian
c_orava,aq_gaulish,aq_gaulish,aq_faith_celtic,aq_chief_2298,aq_gaulish
c_orbetello,aq_etruscan,aq_etruscan,aq_faith_etruscan,aq_chief_2299,aq_etruscan
c_orenburg,aq_sarmatian,aq_sarmatian,aq_faith_steppe,aq_chief_2300,aq_sarmatian
c_orhei,aq_daco_getic,aq_getian,aq_faith_zalmonian,aq_chief_2301,aq_getian
c_oriel,aq_goidelic,aq_voluntian,aq_faith_celtic,aq_chief_2302,aq_voluntian
c_orkney,aq_germanic,aq_germanic,aq_faith_germanic,aq_chief_2303,aq_germanic
c_orlamunde,aq_germanic,aq_suebian,aq_faith_germanic,aq_chief_2304,aq_suebian
c_orleans,aq_gaulish,aq_carnutian,aq_faith_celtic,aq_chief_2305,aq_carnutian
c_ormond,aq_goidelic,aq_ivernian,aq_faith_celtic,aq_chief_2306,aq_ivernian
c_orsha,aq_slavic,aq_slavic,slavic_pagan,aq_chief_2307,aq_slavic
c_orvieto,aq_etruscan,aq_umbrian,aq_faith_iguvine,aq_chief_2308,aq_umbrian
c_osel,aq_finnic,aq_finnic,finnish_pagan,aq_chief_2309,aq_finnic
c_oshrusana,aq_sogdian,aq_sogdian,mazdayasna,aq_chief_2310,aq_sogdian
c_oskol,aq_uralic,aq_uralic,finnish_pagan,aq_chief_2311,aq_uralic
c_osnabruck,aq_germanic,aq_cheruscan,aq_faith_germanic,aq_chief_2312,aq_cheruscan
c_ossory,aq_goidelic,aq_brigantian_irish,aq_faith_celtic,aq_chief_2313,aq_brigantian_irish
c_ostergotland,aq_germanic,aq_gautish,aq_faith_germanic,aq_chief_2314,aq_gautish
c_osterland,aq_slavic,aq_slavic,slavic_pagan,aq_chief_2315,aq_slavic
c_osterode,aq_baltic,aq_baltic,baltic_pagan,aq_chief_2316,aq_baltic
c_ostfriesland,aq_germanic,aq_chaucan,aq_faith_germanic,aq_chief_2317,aq_chaucan
c_osumi,aq_yayoi,aq_yayoi,aq_faith_asian,aq_chief_2318,aq_yayoi
c_otrar,aq_saka,aq_saka,aq_faith_steppe,aq_chief_2319,aq_saka
c_oudalan,aq_west_african,aq_west_african,west_african_pagan,aq_chief_2320,aq_west_african
c_oulu,aq_finnic,aq_finnic,finnish_pagan,aq_chief_2321,aq_finnic
c_outer_hebrides,aq_pictish,aq_epidian,aq_faith_celtic,aq_chief_2322,aq_epidian
c_oversticht,aq_germanic,aq_chaucan,aq_faith_germanic,aq_chief_2323,aq_chaucan
c_owari,aq_jomon,aq_jomon,aq_faith_asian,aq_chief_2324,aq_jomon
c_owu,aq_forest_african,aq_forest_african,west_african_roog_pagan,aq_chief_2325,aq_forest_african
c_oxfordshire,aq_brythonic,aq_dobunnian,aq_faith_celtic,aq_chief_2326,aq_dobunnian
c_oyo,aq_forest_african,aq_forest_african,west_african_roog_pagan,aq_chief_2327,aq_forest_african
c_pacatiana,aq_anatolian,aq_phrygian,aq_faith_matar,aq_chief_2328,aq_phrygian
c_paderborn,aq_germanic,aq_cheruscan,aq_faith_germanic,aq_chief_2329,aq_cheruscan
c_padua,aq_venetic,aq_venetic,aq_faith_italic,aq_chief_2330,aq_venetic
c_padum,aq_tibetan,aq_tibetan,bon,aq_chief_2331,aq_tibetan
c_pagan,aq_burman,aq_burman,aq_faith_asian,aq_chief_2332,aq_burman
c_pagania,aq_illyrian,aq_pannonian,aq_faith_balkan,aq_chief_2333,aq_pannonian
c_palakka,aq_dravidian,aq_andhra,aq_faith_dravidian,aq_chief_2334,aq_andhra
c_palanga,aq_baltic,aq_baltic,baltic_pagan,aq_chief_2335,aq_baltic
c_palermo,aq_hellenic,aq_elymian,aq_faith_elymian,aq_chief_2336,aq_elymian
c_pallas,aq_iberian,aq_ilercavonian,aq_faith_iberian,aq_chief_2337,aq_ilercavonian
c_palmyra,aq_aramaic,aq_aramaic,aq_faith_mesopotamian,aq_chief_2338,aq_aramaic
c_palniki,aq_uralic,aq_uralic,finnish_pagan,aq_chief_2339,aq_uralic
c_pamphylia,aq_anatolian,aq_pamphylian,hellenic_pagan,aq_chief_2340,aq_pamphylian
c_panaji,aq_dravidian,aq_alupa,aq_faith_dravidian,aq_chief_2341,aq_alupa
c_panduranga,aq_mon_khmer,aq_mon_khmer,aq_faith_asian,aq_chief_2342,aq_mon_khmer
c_panjgur,aq_persian,aq_persian,mazdayasna,aq_chief_2343,aq_persian
c_pannagallu,aq_dravidian,aq_andhra,aq_faith_dravidian,aq_chief_2344,aq_andhra
c_paphlagonia,aq_anatolian,aq_paphlagonian,aq_faith_ma,aq_chief_2345,aq_paphlagonian
c_papua_selatan,aq_austronesian,aq_austronesian,aq_faith_asian,aq_chief_2346,aq_austronesian
c_parivi,aq_dravidian,aq_kadamba_early,aq_faith_dravidian,aq_chief_2347,aq_kadamba_early
c_parma,aq_italic,aq_boian,aq_faith_celtic,aq_chief_2348,aq_boian
c_paro,aq_tibetan,aq_tibetan,bon,aq_chief_2349,aq_tibetan
c_parsberg,aq_gaulish,aq_boian_danube,aq_faith_celtic,aq_chief_2350,aq_boian_danube
c_passau,aq_gaulish,aq_vindelician,aq_faith_celtic,aq_chief_2351,aq_vindelician
c_pate,aq_bantu,aq_bantu,aq_faith_african,aq_chief_2352,aq_bantu
c_pavia,aq_italic,aq_insubrian,aq_faith_celtic,aq_chief_2353,aq_insubrian
c_pavlodar,aq_uralic,aq_uralic,finnish_pagan,aq_chief_2354,aq_uralic
c_peaccam,aq_sami,aq_sami,finnish_pagan,aq_chief_2355,aq_sami
c_pecheneg,aq_sarmatian,aq_sarmatian,aq_faith_steppe,aq_chief_2356,aq_sarmatian
c_pedersore,aq_finnic,aq_finnic,finnish_pagan,aq_chief_2357,aq_finnic
c_pegu,aq_burman,aq_burman,aq_faith_asian,aq_chief_2358,aq_burman
c_pelym,aq_uralic,aq_uralic,finnish_pagan,aq_chief_2359,aq_uralic
c_pelyul,aq_tibetan,aq_tibetan,bon,aq_chief_2360,aq_tibetan
c_pemako,aq_tibetan,aq_tibetan,bon,aq_chief_2361,aq_tibetan
c_pemba,aq_bantu,aq_bantu,aq_faith_african,aq_chief_2362,aq_bantu
c_pembrokeshire,aq_brythonic,aq_demetian,aq_faith_celtic,aq_chief_2363,aq_demetian
c_pendjari,aq_forest_african,aq_forest_african,west_african_roog_pagan,aq_chief_2364,aq_forest_african
c_pengzhou,aq_sinitic,aq_sinitic,aq_faith_chinese,aq_chief_2365,aq_sinitic
c_pengzhou_2,aq_sinitic,aq_sinitic,aq_faith_chinese,aq_chief_2366,aq_sinitic
c_penthievre,aq_gaulish,aq_venetian_gaul,aq_faith_celtic,aq_chief_2367,aq_venetian_gaul
c_penugonda,aq_dravidian,aq_chola,aq_faith_murukan,aq_chief_2368,aq_chola
c_penza,aq_uralic,aq_uralic,finnish_pagan,aq_chief_2369,aq_uralic
c_perekop,aq_scythian,aq_scythian,aq_faith_steppe,aq_chief_2370,aq_scythian
c_peremyshl,aq_slavic,aq_slavic,slavic_pagan,aq_chief_2371,aq_slavic
c_peresopnytsia,aq_slavic,aq_slavic,slavic_pagan,aq_chief_2372,aq_slavic
c_pereyaslavl,aq_slavic,aq_slavic,slavic_pagan,aq_chief_2373,aq_slavic
c_perigord,aq_gaulish,aq_santonian,aq_faith_celtic,aq_chief_2374,aq_santonian
c_perm,aq_uralic,aq_uralic,finnish_pagan,aq_chief_2375,aq_uralic
c_petropavl,aq_saka,aq_saka,aq_faith_steppe,aq_chief_2376,aq_saka
c_petropavolsk,aq_uralic,aq_uralic,finnish_pagan,aq_chief_2377,aq_uralic
c_petrovsk,aq_uralic,aq_uralic,finnish_pagan,aq_chief_2378,aq_uralic
c_phetchabun,aq_tai,aq_tai,aq_faith_asian,aq_chief_2379,aq_tai
c_philippopolis,aq_thracian,aq_odrysian,aq_faith_balkan,aq_chief_2380,aq_odrysian
c_philomelium,aq_anatolian,aq_pisidian,aq_faith_matar,aq_chief_2381,aq_pisidian
c_phiti,aq_lankan,aq_lankan,aq_faith_rigvedic,aq_lanka,aq_lankan
c_phrygia,aq_anatolian,aq_phrygian,aq_faith_matar,aq_chief_2383,aq_phrygian
c_pielinen,aq_finnic,aq_finnic,finnish_pagan,aq_chief_2384,aq_finnic
c_pila,aq_germanic,aq_suebian,aq_faith_germanic,aq_chief_2385,aq_suebian
c_pingyang,aq_sinitic,aq_sinitic,aq_faith_chinese,aq_chief_2386,aq_sinitic
c_pinsk,aq_slavic,aq_slavic,slavic_pagan,aq_chief_2387,aq_slavic
c_pinzhou,aq_sinitic,aq_sinitic,aq_faith_chinese,aq_chief_2388,aq_sinitic
c_pirin,aq_thracian,aq_bessian,aq_faith_balkan,aq_chief_2389,aq_bessian
c_pisa,aq_etruscan,aq_etruscan,aq_faith_etruscan,aq_chief_2390,aq_etruscan
c_pisidia,aq_anatolian,aq_pisidian,aq_faith_matar,aq_chief_2391,aq_pisidian
c_pite,aq_sami,aq_sami,finnish_pagan,aq_chief_2392,aq_sami
c_pitten,aq_gaulish,aq_tauriscian,aq_faith_celtic,aq_chief_2393,aq_tauriscian
c_plasencia,aq_iberian,aq_vettonian,aq_faith_lusitanian,aq_chief_2394,aq_vettonian
c_pleiku,aq_mon_khmer,aq_mon_khmer,aq_faith_asian,aq_chief_2395,aq_mon_khmer
c_plocka,aq_slavic,aq_slavic,slavic_pagan,aq_chief_2396,aq_slavic
c_plyos,aq_slavic,aq_slavic,slavic_pagan,aq_chief_2397,aq_slavic
c_plzen,aq_gaulish,aq_boian_danube,aq_faith_celtic,aq_chief_2398,aq_boian_danube
c_po,aq_forest_african,aq_forest_african,west_african_roog_pagan,aq_chief_2399,aq_forest_african
c_podor,aq_west_african,aq_west_african,west_african_pagan,aq_chief_2400,aq_west_african
c_podrinje,aq_illyrian,aq_dardanian,aq_faith_balkan,aq_chief_2401,aq_dardanian
c_pogibi,aq_ainu,aq_ainu,aq_faith_asian,aq_chief_2402,aq_ainu
c_poitiers,aq_gaulish,aq_pictonian,aq_faith_celtic,aq_chief_2403,aq_pictonian
c_polesine,aq_venetic,aq_venetic,aq_faith_italic,aq_chief_2404,aq_venetic
c_polotsk,aq_slavic,aq_slavic,slavic_pagan,aq_chief_2405,aq_slavic
c_polovragi,aq_daco_getic,aq_dacian,aq_faith_zalmonian,aq_chief_2406,aq_dacian
c_pomoravlje,aq_thracian,aq_bessian,aq_faith_balkan,aq_chief_2407,aq_bessian
c_pomorje,aq_illyrian,aq_ardiaean,aq_faith_balkan,aq_chief_2408,aq_ardiaean
c_pompeiopolis,aq_anatolian,aq_paphlagonian,aq_faith_ma,aq_chief_2409,aq_paphlagonian
c_porto,aq_celtiberian,aq_gallaecian,aq_faith_celtic,aq_chief_2410,aq_gallaecian
c_poszony,aq_gaulish,aq_gaulish,aq_faith_celtic,aq_chief_2411,aq_gaulish
c_povenets,aq_finnic,aq_finnic,finnish_pagan,aq_chief_2412,aq_finnic
c_pozega,aq_illyrian,aq_pannonian,aq_faith_balkan,aq_chief_2413,aq_pannonian
c_poznanska,aq_slavic,aq_slavic,slavic_pagan,aq_chief_2414,aq_slavic
c_praha,aq_gaulish,aq_boian_danube,aq_faith_celtic,aq_chief_2415,aq_boian_danube
c_pravia,aq_celtiberian,aq_asturian_ancient,aq_faith_celtic,aq_chief_2416,aq_asturian_ancient
c_prayaga,aq_indo_aryan,aq_vatsa,aq_faith_krishna_yajurvedic,aq_chief_2417,aq_vatsa
c_prea_vihear,aq_mon_khmer,aq_mon_khmer,aq_faith_asian,aq_chief_2418,aq_mon_khmer
c_prenzlau,aq_germanic,aq_suebian,aq_faith_germanic,aq_chief_2419,aq_suebian
c_prerov,aq_gaulish,aq_boian_danube,aq_faith_celtic,aq_chief_2420,aq_boian_danube
c_prigoro_tabynsk,aq_uralic,aq_uralic,finnish_pagan,aq_chief_2421,aq_uralic
c_provence,aq_gaulish,aq_saluvian,aq_faith_celtic,aq_chief_2422,aq_saluvian
c_prusa,aq_anatolian,aq_mysian,aq_faith_matar,aq_chief_2423,aq_mysian
c_przemkow,aq_slavic,aq_slavic,slavic_pagan,aq_chief_2424,aq_slavic
c_pset,aq_illyrian,aq_delmatian,aq_faith_balkan,aq_chief_2425,aq_delmatian
c_pskov,aq_finnic,aq_finnic,finnish_pagan,aq_chief_2426,aq_finnic
c_pudozh,aq_finnic,aq_finnic,finnish_pagan,aq_chief_2427,aq_finnic
c_puigcerda,aq_iberian,aq_ilercavonian,aq_faith_iberian,aq_chief_2428,aq_ilercavonian
c_pula,aq_italic,aq_histrian,aq_faith_balkan,aq_chief_2429,aq_histrian
c_punakha,aq_tibetan,aq_tibetan,bon,aq_chief_2430,aq_tibetan
c_pundravardhana,aq_gangetic,aq_pundra,aq_faith_yaksha_naga,aq_chief_2431,aq_pundra
c_pungju,aq_korean,aq_korean,aq_faith_asian,aq_chief_2432,aq_korean
c_purang,aq_tibetan,aq_tibetan,bon,aq_chief_2433,aq_tibetan
c_puri,aq_indo_aryan,aq_kalinga,aq_faith_nirgrantha,aq_chief_2434,aq_kalinga
c_purig,aq_tibetan,aq_tibetan,bon,aq_chief_2435,aq_tibetan
c_pursat,aq_mon_khmer,aq_mon_khmer,aq_faith_asian,aq_chief_2436,aq_mon_khmer
c_purushapura,aq_indo_aryan,aq_gandharan,aq_faith_rigvedic,aq_chief_2437,aq_gandharan
c_putao,aq_burman,aq_burman,aq_faith_asian,aq_chief_2438,aq_burman
c_puttlingen,aq_germanic,aq_mediomatrician,aq_faith_celtic,aq_chief_2439,aq_mediomatrician
c_putyvl,aq_slavic,aq_slavic,slavic_pagan,aq_chief_2440,aq_slavic
c_puzhou,aq_sinitic,aq_sinitic,aq_faith_chinese,aq_chief_2441,aq_sinitic
c_puzhou_2,aq_sinitic,aq_sinitic,aq_faith_chinese,aq_chief_2442,aq_sinitic
c_pyeongju,aq_korean,aq_korean,aq_faith_asian,aq_chief_2443,aq_korean
c_qadisiya,aq_aramaic,aq_aramaic,aq_faith_mesopotamian,aq_chief_2444,aq_aramaic
c_qain,aq_bactrian,aq_bactrian,mazdayasna,aq_chief_2445,aq_bactrian
c_qalaafe,aq_cushitic,aq_cushitic,aq_faith_african,aq_chief_2446,aq_cushitic
c_qamdo,aq_tibetan,aq_tibetan,bon,aq_chief_2447,aq_tibetan
c_qaraustyurt,aq_saka,aq_saka,aq_faith_steppe,aq_chief_2448,aq_saka
c_qaryatan,aq_aramaic,aq_aramaic,aq_faith_mesopotamian,aq_chief_2449,aq_aramaic
c_qashtiliya,aq_berber,aq_gaetulian,aq_faith_libyan,aq_chief_2450,aq_gaetulian
c_qasim,aq_arabian,aq_arabian,aq_faith_arabian,aq_chief_2451,aq_arabian
c_qasr_ibrim,aq_kushite,aq_kushite,kushitism_pagan,aq_chief_2452,aq_kushite
c_qataa,aq_cushitic,aq_cushitic,aq_faith_african,aq_chief_2453,aq_cushitic
c_qatif,aq_arabian,aq_arabian,aq_faith_arabian,aq_chief_2454,aq_arabian
c_qayaliq,aq_saka,aq_saka,aq_faith_steppe,aq_chief_2455,aq_saka
c_qazwin,aq_persian,aq_persian,mazdayasna,aq_chief_2456,aq_persian
c_qianzhou,aq_sinitic,aq_sinitic,aq_faith_chinese,aq_chief_2457,aq_sinitic
c_qianzhou_1,aq_sinitic,aq_sinitic,aq_faith_chinese,aq_chief_2458,aq_sinitic
c_qilin,aq_sinitic,aq_sinitic,aq_faith_chinese,aq_chief_2459,aq_sinitic
c_qimr,aq_central_african,aq_central_african,west_african_bori_pagan,aq_chief_2460,aq_central_african
c_qinggil,aq_saka,aq_saka,aq_faith_steppe,aq_chief_2461,aq_saka
c_qingshan,aq_sinitic,aq_sinitic,aq_faith_chinese,aq_chief_2462,aq_sinitic
c_qingyang,aq_sinitic,aq_sinitic,aq_faith_chinese,aq_chief_2463,aq_sinitic
c_qingyuan,aq_baiyue,aq_baiyue,aq_faith_asian,aq_chief_2464,aq_baiyue
c_qingzhou,aq_sinitic,aq_sinitic,aq_faith_chinese,aq_qi,aq_sinitic
c_qinnasrin,aq_aramaic,aq_aramaic,aq_faith_mesopotamian,aq_chief_2466,aq_aramaic
c_qinzhou_1,aq_sinitic,aq_sinitic,aq_faith_chinese,aq_chief_2467,aq_sinitic
c_qinzhou_2,aq_baiyue,aq_baiyue,aq_faith_asian,aq_chief_2468,aq_baiyue
c_qiongbu,aq_sinitic,aq_sinitic,aq_faith_chinese,aq_chief_2469,aq_sinitic
c_qiongzhou,aq_sinitic,aq_sinitic,aq_faith_chinese,aq_chief_2470,aq_sinitic
c_qizhou,aq_sinitic,aq_sinitic,aq_faith_chinese,aq_chief_2471,aq_sinitic
c_qizhou_1,aq_sinitic,aq_sinitic,aq_faith_chinese,aq_chief_2472,aq_sinitic
c_qom,aq_persian,aq_persian,mazdayasna,aq_chief_2473,aq_persian
c_qoshagyl,aq_saka,aq_saka,aq_faith_steppe,aq_chief_2474,aq_saka
c_quanzhou,aq_baiyue,aq_baiyue,aq_faith_asian,aq_chief_2475,aq_baiyue
c_quanzhou_2,aq_sinitic,aq_sinitic,aq_faith_chinese,aq_chief_2476,aq_sinitic
c_quercy,aq_gaulish,aq_volcian,aq_faith_celtic,aq_chief_2477,aq_volcian
c_qumarleb,aq_tibetan,aq_tibetan,bon,aq_chief_2478,aq_tibetan
c_qumisha,aq_persian,aq_persian,mazdayasna,aq_chief_2479,aq_persian
c_quoc_oai,aq_baiyue,aq_baiyue,aq_faith_asian,aq_chief_2480,aq_baiyue
c_quqen,aq_tibetan,aq_tibetan,bon,aq_chief_2481,aq_tibetan
c_quriltay,aq_saka,aq_saka,aq_faith_steppe,aq_chief_2482,aq_saka
c_qurta,aq_kushite,aq_kushite,kushitism_pagan,aq_chief_2483,aq_kushite
c_qus,aq_egyptian,aq_egyptian,aq_faith_kemetic,aq_chief_2484,aq_egyptian
c_qusayr,aq_egyptian,aq_egyptian,aq_faith_kemetic,aq_chief_2485,aq_egyptian
c_quye,aq_sinitic,aq_sinitic,aq_faith_chinese,aq_chief_2486,aq_sinitic
c_quzhou,aq_sinitic,aq_sinitic,aq_faith_chinese,aq_chief_2487,aq_sinitic
c_quzhou_1,aq_baiyue,aq_baiyue,aq_faith_asian,aq_chief_2488,aq_baiyue
c_qyzylteniz,aq_saka,aq_saka,aq_faith_steppe,aq_chief_2489,aq_saka
c_qyzylustyurt,aq_saka,aq_saka,aq_faith_steppe,aq_chief_2490,aq_saka
c_qyzylyaitsk,aq_sarmatian,aq_sarmatian,aq_faith_steppe,aq_chief_2491,aq_sarmatian
c_racakonda,aq_dravidian,aq_andhra,aq_faith_dravidian,aq_chief_2492,aq_andhra
c_radha,aq_gangetic,aq_pundra,aq_faith_yaksha_naga,aq_chief_2493,aq_pundra
c_radomska,aq_slavic,aq_slavic,slavic_pagan,aq_chief_2494,aq_slavic
c_ragusa,aq_illyrian,aq_ardiaean,aq_faith_balkan,aq_chief_2495,aq_ardiaean
c_rahba,aq_aramaic,aq_aramaic,aq_faith_mesopotamian,aq_chief_2496,aq_aramaic
c_raimskoe,aq_saka,aq_saka,aq_faith_steppe,aq_chief_2497,aq_saka
c_rajanpur,aq_indo_aryan,aq_saindhava,aq_faith_atharvavedic,aq_chief_2498,aq_saindhava
c_rajrappa,aq_magadhan,aq_atavi,aq_faith_forest_indian,aq_chief_2499,aq_atavi
c_rakcha,aq_uralic,aq_uralic,finnish_pagan,aq_chief_2500,aq_uralic
c_rama,aq_illyrian,aq_delmatian,aq_faith_balkan,aq_chief_2501,aq_delmatian
c_ramagiri,aq_dravidian,aq_vidarbha,aq_faith_atharvavedic,aq_chief_2502,aq_vidarbha
c_ramhurmuz,aq_persian,aq_persian,mazdayasna,aq_chief_2503,aq_persian
c_ramu,aq_burman,aq_burman,aq_faith_asian,aq_chief_2504,aq_burman
c_rangzhou,aq_baiyue,aq_baiyue,aq_faith_asian,aq_chief_2505,aq_baiyue
c_ranikot,aq_indo_aryan,aq_saindhava,aq_faith_atharvavedic,aq_chief_2506,aq_saindhava
c_raniriki,aq_germanic,aq_rugian,aq_faith_germanic,aq_chief_2507,aq_rugian
c_rano,aq_central_african,aq_central_african,west_african_bori_pagan,aq_chief_2508,aq_central_african
c_ranthambore,aq_indo_aryan,aq_matsya,aq_faith_rigvedic,aq_chief_2509,aq_matsya
c_raozhou,aq_sinitic,aq_sinitic,aq_faith_chinese,aq_chief_2510,aq_sinitic
c_raqqa,aq_aramaic,aq_aramaic,aq_faith_mesopotamian,aq_chief_2511,aq_aramaic
c_ras_hafun,aq_cushitic,aq_cushitic,aq_faith_african,aq_chief_2512,aq_cushitic
c_raseiniai,aq_baltic,aq_baltic,baltic_pagan,aq_chief_2513,aq_baltic
c_rashka,aq_illyrian,aq_dardanian,aq_faith_balkan,aq_chief_2514,aq_dardanian
c_rasht,aq_sogdian,aq_sogdian,mazdayasna,aq_chief_2515,aq_sogdian
c_ratanakiri,aq_mon_khmer,aq_mon_khmer,aq_faith_asian,aq_chief_2516,aq_mon_khmer
c_ratanpur,aq_indo_aryan,aq_atavi,aq_faith_forest_indian,aq_chief_2517,aq_atavi
c_ratibor,aq_slavic,aq_slavic,slavic_pagan,aq_chief_2518,aq_slavic
c_ravenna,aq_italic,aq_senonian,aq_faith_celtic,aq_chief_2519,aq_senonian
c_ravensburg,aq_gaulish,aq_vindelician,aq_faith_celtic,aq_chief_2520,aq_vindelician
c_rayapura,aq_indo_aryan,aq_atavi,aq_faith_forest_indian,aq_chief_2521,aq_atavi
c_rayy,aq_persian,aq_persian,mazdayasna,aq_chief_2522,aq_persian
c_rebgong,aq_tibetan,aq_tibetan,bon,aq_chief_2523,aq_tibetan
c_regensburg,aq_gaulish,aq_vindelician,aq_faith_celtic,aq_chief_2524,aq_vindelician
c_reggio_calabria,aq_hellenic,aq_hellenic,hellenic_pagan,aq_chief_2525,aq_hellenic
c_reims,aq_gaulish,aq_remian,aq_faith_celtic,aq_chief_2526,aq_remian
c_renandu,aq_dravidian,aq_chola,aq_faith_murukan,aq_chief_2527,aq_chola
c_reni,aq_indo_aryan,aq_salva,aq_faith_rigvedic,aq_chief_2528,aq_salva
c_rennes,aq_gaulish,aq_venetian_gaul,aq_faith_celtic,aq_chief_2529,aq_venetian_gaul
c_rethel,aq_gaulish,aq_remian,aq_faith_celtic,aq_chief_2530,aq_remian
c_reval,aq_finnic,aq_finnic,finnish_pagan,aq_chief_2531,aq_finnic
c_rhodopes,aq_thracian,aq_odrysian,aq_faith_balkan,aq_chief_2532,aq_odrysian
c_rhodos,aq_hellenic,aq_hellenic,hellenic_pagan,aq_chief_2533,aq_hellenic
c_riau,aq_austronesian,aq_austronesian,aq_faith_asian,aq_chief_2534,aq_austronesian
c_ribe,aq_germanic,aq_teutonian,aq_faith_germanic,aq_chief_2535,aq_teutonian
c_rima,aq_tibetan,aq_tibetan,bon,aq_chief_2536,aq_tibetan
c_ringkobing,aq_germanic,aq_cimbrian,aq_faith_germanic,aq_chief_2537,aq_cimbrian
c_riqan,aq_persian,aq_persian,mazdayasna,aq_chief_2538,aq_persian
c_rivsharan,aq_bactrian,aq_bactrian,mazdayasna,aq_chief_2539,aq_bactrian
c_rogalandi,aq_germanic,aq_rugian,aq_faith_germanic,aq_chief_2540,aq_rugian
c_rohana,aq_lankan,aq_lankan,aq_faith_rigvedic,aq_chief_2541,aq_lankan
c_roing,aq_tibetan,aq_tibetan,bon,aq_chief_2542,aq_tibetan
c_roma,aq_latin,aq_latin,aq_faith_religio_romana,aq_rome,aq_latin
c_romen,aq_slavic,aq_slavic,slavic_pagan,aq_chief_2544,aq_slavic
c_rongshui,aq_baiyue,aq_baiyue,aq_faith_asian,aq_chief_2545,aq_baiyue
c_rongzhou,aq_sinitic,aq_sinitic,aq_faith_chinese,aq_chief_2546,aq_sinitic
c_rongzhou_2,aq_baiyue,aq_baiyue,aq_faith_asian,aq_chief_2547,aq_baiyue
c_roslavl,aq_slavic,aq_slavic,slavic_pagan,aq_chief_2548,aq_slavic
c_ross,aq_pictish,aq_caledonian,aq_faith_celtic,aq_chief_2549,aq_caledonian
c_rossano,aq_hellenic,aq_hellenic,hellenic_pagan,aq_chief_2550,aq_hellenic
c_rossello,aq_iberian,aq_ilercavonian,aq_faith_iberian,aq_chief_2551,aq_ilercavonian
c_rostock,aq_germanic,aq_suebian,aq_faith_germanic,aq_chief_2552,aq_suebian
c_rothas,aq_magadhan,aq_atavi,aq_faith_forest_indian,aq_chief_2553,aq_atavi
c_rothenburg,aq_gaulish,aq_vindelician,aq_faith_celtic,aq_chief_2554,aq_vindelician
c_rouen,aq_gaulish,aq_aulercian,aq_faith_celtic,aq_chief_2555,aq_aulercian
c_rouergue,aq_gaulish,aq_volcian,aq_faith_celtic,aq_chief_2556,aq_volcian
c_rounala,aq_sami,aq_sami,finnish_pagan,aq_chief_2557,aq_sami
c_rouyuan,aq_sinitic,aq_sinitic,aq_faith_chinese,aq_chief_2558,aq_sinitic
c_rudbar,aq_persian,aq_persian,mazdayasna,aq_chief_2559,aq_persian
c_rugen,aq_germanic,aq_suebian,aq_faith_germanic,aq_chief_2560,aq_suebian
c_rukhaj,aq_bactrian,aq_bactrian,mazdayasna,aq_chief_2561,aq_bactrian
c_runzhou,aq_sinitic,aq_sinitic,aq_faith_chinese,aq_chief_2562,aq_sinitic
c_ruppin,aq_germanic,aq_suebian,aq_faith_germanic,aq_chief_2563,aq_suebian
c_rusa,aq_finnic,aq_finnic,finnish_pagan,aq_chief_2564,aq_finnic
c_rusafa,aq_aramaic,aq_aramaic,aq_faith_mesopotamian,aq_chief_2565,aq_aramaic
c_rutog,aq_tibetan,aq_tibetan,bon,aq_chief_2566,aq_tibetan
c_ruyan,aq_persian,aq_persian,mazdayasna,aq_chief_2567,aq_persian
c_ruzhou,aq_sinitic,aq_sinitic,aq_faith_chinese,aq_chief_2568,aq_sinitic
c_ryazan,aq_slavic,aq_slavic,slavic_pagan,aq_chief_2569,aq_slavic
c_ryty,aq_steppe_eastern,aq_steppe_eastern,tengri_pagan,aq_chief_2570,aq_steppe_eastern
c_saalum,aq_west_african,aq_west_african,west_african_pagan,aq_chief_2571,aq_west_african
c_saarbrucken,aq_germanic,aq_mediomatrician,aq_faith_celtic,aq_chief_2572,aq_mediomatrician
c_sabakyul,aq_saka,aq_saka,aq_faith_steppe,aq_chief_2573,aq_saka
c_sable,aq_gaulish,aq_andecavian,aq_faith_celtic,aq_chief_2574,aq_andecavian
c_sabzevar,aq_bactrian,aq_bactrian,mazdayasna,aq_chief_2575,aq_bactrian
c_sacz,aq_slavic,aq_slavic,slavic_pagan,aq_chief_2576,aq_slavic
c_safata,aq_aramaic,aq_aramaic,aq_faith_mesopotamian,aq_chief_2577,aq_aramaic
c_sagaing,aq_burman,aq_burman,aq_faith_asian,aq_chief_2578,aq_burman
c_sagami,aq_jomon,aq_jomon,aq_faith_asian,aq_chief_2579,aq_jomon
c_sagar,aq_dravidian,aq_kadamba_early,aq_faith_dravidian,aq_chief_2580,aq_kadamba_early
c_sagiz,aq_sarmatian,aq_sarmatian,aq_faith_steppe,aq_chief_2581,aq_sarmatian
c_sagya,aq_tibetan,aq_tibetan,bon,aq_chief_2582,aq_tibetan
c_sai,aq_kushite,aq_kushite,kushitism_pagan,aq_chief_2583,aq_kushite
c_saimara,aq_persian,aq_persian,mazdayasna,aq_chief_2584,aq_persian
c_saintonge,aq_gaulish,aq_santonian,aq_faith_celtic,aq_chief_2585,aq_santonian
c_sakala,aq_indo_aryan,aq_madra,aq_faith_rigvedic,aq_chief_2586,aq_madra
c_sakarai,aq_indo_aryan,aq_matsya,aq_faith_rigvedic,aq_chief_2587,aq_matsya
c_sakmara,aq_uralic,aq_uralic,finnish_pagan,aq_chief_2588,aq_uralic
c_salamanca,aq_celtiberian,aq_vaccaean,aq_faith_celtic,aq_chief_2589,aq_vaccaean
c_salamat,aq_central_african,aq_central_african,west_african_bori_pagan,aq_chief_2590,aq_central_african
c_salavat,aq_uralic,aq_uralic,finnish_pagan,aq_chief_2591,aq_uralic
c_salerno,aq_italic,aq_samnite,aq_faith_mefitis,aq_chief_2592,aq_samnite
c_salinis,aq_finnic,aq_finnic,finnish_pagan,aq_chief_2593,aq_finnic
c_salo_tai,aq_mon_khmer,aq_mon_khmer,aq_faith_asian,aq_chief_2594,aq_mon_khmer
c_salzburg,aq_gaulish,aq_noric,aq_faith_celtic,aq_chief_2595,aq_noric
c_sam_nuea,aq_baiyue,aq_baiyue,aq_faith_asian,aq_chief_2596,aq_baiyue
c_samaiqan,aq_bactrian,aq_bactrian,mazdayasna,aq_chief_2597,aq_bactrian
c_samander,aq_sarmatian,aq_sarmatian,aq_faith_steppe,aq_chief_2598,aq_sarmatian
c_samar,aq_scythian,aq_scythian,aq_faith_steppe,aq_chief_2599,aq_scythian
c_samar_VB,aq_uralic,aq_uralic,finnish_pagan,aq_chief_2600,aq_uralic
c_samarkand,aq_sogdian,aq_sogdian,mazdayasna,aq_chief_2601,aq_sogdian
c_samarra,aq_aramaic,aq_aramaic,aq_faith_mesopotamian,aq_chief_2602,aq_aramaic
c_samatata,aq_gangetic,aq_vanga,aq_faith_yaksha_naga,aq_chief_2603,aq_vanga
c_sambalpur,aq_indo_aryan,aq_atavi,aq_faith_forest_indian,aq_chief_2604,aq_atavi
c_sambhal,aq_indo_aryan,aq_panchala,aq_faith_shukla_yajurvedic,aq_chief_2605,aq_panchala
c_sambhupura,aq_mon_khmer,aq_mon_khmer,aq_faith_asian,aq_chief_2606,aq_mon_khmer
c_samiran,aq_sarmatian,aq_sarmatian,aq_faith_steppe,aq_chief_2607,aq_sarmatian
c_samman,aq_arabian,aq_arabian,aq_faith_arabian,aq_chief_2608,aq_arabian
c_samosata,aq_aramaic,aq_aramaic,aq_faith_mesopotamian,aq_chief_2609,aq_aramaic
c_sanaa,aq_sabaean,aq_sabaean,aq_faith_arabian,aq_saba,aq_sabaean
c_sanasomboon,aq_mon_khmer,aq_mon_khmer,aq_faith_asian,aq_chief_2611,aq_mon_khmer
c_sancerre,aq_gaulish,aq_carnutian,aq_faith_celtic,aq_chief_2612,aq_carnutian
c_sanda,aq_forest_african,aq_forest_african,west_african_roog_pagan,aq_chief_2613,aq_forest_african
c_sandomierska,aq_slavic,aq_slavic,slavic_pagan,aq_chief_2614,aq_slavic
c_sandoway,aq_burman,aq_burman,aq_faith_asian,aq_chief_2615,aq_burman
c_sangju,aq_korean,aq_korean,aq_faith_asian,aq_chief_2616,aq_korean
c_sangqu,aq_tibetan,aq_tibetan,bon,aq_chief_2617,aq_tibetan
c_sanij,aq_persian,aq_persian,mazdayasna,aq_chief_2618,aq_persian
c_sankt_gallen,aq_gaulish,aq_rhaetian,aq_faith_rhaetian,aq_chief_2619,aq_rhaetian
c_sankt_polten,aq_gaulish,aq_noric,aq_faith_celtic,aq_chief_2620,aq_noric
c_santiago,aq_celtiberian,aq_gallaecian,aq_faith_celtic,aq_chief_2621,aq_gallaecian
c_sanuki,aq_yayoi,aq_yayoi,aq_faith_asian,aq_chief_2622,aq_yayoi
c_saoura,aq_saharan,aq_saharan,aq_faith_libyan,aq_chief_2623,aq_saharan
c_saptagrama,aq_gangetic,aq_vanga,aq_faith_yaksha_naga,aq_chief_2624,aq_vanga
c_saqsin,aq_sarmatian,aq_sarmatian,aq_faith_steppe,aq_chief_2625,aq_sarmatian
c_sarakhs,aq_bactrian,aq_bactrian,mazdayasna,aq_chief_2626,aq_bactrian
c_saran,aq_uralic,aq_uralic,finnish_pagan,aq_chief_2627,aq_uralic
c_sarangpur,aq_indo_aryan,aq_avanti,aq_faith_samavedic,aq_chief_2628,aq_avanti
c_sarasvata_mandala,aq_indo_aryan,aq_anarta,aq_faith_samavedic,aq_chief_2629,aq_anarta
c_sarasvati,aq_indo_aryan,aq_kuru,aq_faith_krishna_yajurvedic,aq_chief_2630,aq_kuru
c_saratov,aq_uralic,aq_uralic,finnish_pagan,aq_chief_2631,aq_uralic
c_sardan,aq_persian,aq_persian,mazdayasna,aq_chief_2632,aq_persian
c_saris,aq_gaulish,aq_gaulish,aq_faith_celtic,aq_chief_2633,aq_gaulish
c_sarkel,aq_sarmatian,aq_sarmatian,aq_faith_steppe,aq_chief_2634,aq_sarmatian
c_sartlan,aq_uralic,aq_uralic,finnish_pagan,aq_chief_2635,aq_uralic
c_sarykamysh,aq_sogdian,aq_sogdian,mazdayasna,aq_chief_2636,aq_sogdian
c_sarysyn,aq_scythian,aq_scythian,aq_faith_steppe,aq_chief_2637,aq_scythian
c_sasaram,aq_magadhan,aq_magadhan,aq_faith_shukla_yajurvedic,aq_chief_2638,aq_magadhan
c_sasyk_kul,aq_saka,aq_saka,aq_faith_steppe,aq_chief_2639,aq_saka
c_satakunta,aq_finnic,aq_finnic,finnish_pagan,aq_chief_2640,aq_finnic
c_satala,aq_anatolian,aq_colchian,aq_faith_anatolian,aq_chief_2641,aq_colchian
c_satfura,aq_punic,aq_punic,aq_faith_punic,aq_chief_2642,aq_punic
c_satif,aq_berber,aq_numidian_massylian,aq_faith_libyan,aq_chief_2643,aq_numidian_massylian
c_satsuma,aq_yayoi,aq_yayoi,aq_faith_asian,aq_chief_2644,aq_yayoi
c_satyapura,aq_indo_aryan,aq_salva,aq_faith_rigvedic,aq_chief_2645,aq_salva
c_saumur,aq_gaulish,aq_andecavian,aq_faith_celtic,aq_chief_2646,aq_andecavian
c_savalu,aq_forest_african,aq_forest_african,west_african_roog_pagan,aq_chief_2647,aq_forest_african
c_savoie,aq_gaulish,aq_allobrogian,aq_faith_celtic,aq_chief_2648,aq_allobrogian
c_say,aq_west_african,aq_west_african,west_african_pagan,aq_chief_2649,aq_west_african
c_sayanchu,aq_tagar,aq_tagar,aq_faith_steppe,aq_chief_2650,aq_tagar
c_sayn,aq_germanic,aq_treverian,aq_faith_celtic,aq_chief_2651,aq_treverian
c_scalovia,aq_baltic,aq_baltic,baltic_pagan,aq_chief_2652,aq_baltic
c_schaumberg,aq_gaulish,aq_noric,aq_faith_celtic,aq_chief_2653,aq_noric
c_schmalkalden,aq_germanic,aq_suebian,aq_faith_germanic,aq_chief_2654,aq_suebian
c_schweibus,aq_slavic,aq_slavic,slavic_pagan,aq_chief_2655,aq_slavic
c_sebasteia,aq_anatolian,aq_cappadocian,aq_faith_ma,aq_chief_2656,aq_cappadocian
c_sebezh,aq_finnic,aq_finnic,finnish_pagan,aq_chief_2657,aq_finnic
c_sebur,aq_uralic,aq_uralic,finnish_pagan,aq_chief_2658,aq_uralic
c_selenga,aq_steppe_eastern,aq_steppe_eastern,tengri_pagan,aq_chief_2659,aq_steppe_eastern
c_seleucia,aq_anatolian,aq_cilician,aq_faith_sandas,aq_chief_2660,aq_cilician
c_selge,aq_anatolian,aq_pisidian,aq_faith_matar,aq_chief_2661,aq_pisidian
c_selpils,aq_baltic,aq_baltic,baltic_pagan,aq_chief_2662,aq_baltic
c_semey,aq_saka,aq_saka,aq_faith_steppe,aq_chief_2663,aq_saka
c_semien,aq_ethiopian,aq_ethiopian,aq_faith_african,aq_chief_2664,aq_ethiopian
c_sennar,aq_kushite,aq_kushite,kushitism_pagan,aq_chief_2665,aq_kushite
c_seno,aq_west_african,aq_west_african,west_african_pagan,aq_chief_2666,aq_west_african
c_sens,aq_gaulish,aq_remian,aq_faith_celtic,aq_chief_2667,aq_remian
c_seogyeong,aq_korean,aq_korean,aq_faith_asian,aq_chief_2668,aq_korean
c_seongju,aq_korean,aq_korean,aq_faith_asian,aq_chief_2669,aq_korean
c_serae,aq_ethiopian,aq_ethiopian,aq_faith_african,aq_chief_2670,aq_ethiopian
c_serdosk,aq_uralic,aq_uralic,finnish_pagan,aq_chief_2671,aq_uralic
c_serres,aq_thracian,aq_thracian,aq_faith_balkan,aq_chief_2672,aq_thracian
c_sertar,aq_tibetan,aq_tibetan,bon,aq_chief_2673,aq_tibetan
c_settsu,aq_yayoi,aq_yayoi,aq_faith_asian,aq_chief_2674,aq_yayoi
c_sevede,aq_germanic,aq_gautish,aq_faith_germanic,aq_chief_2675,aq_gautish
c_severin,aq_daco_getic,aq_getian,aq_faith_zalmonian,aq_chief_2676,aq_getian
c_sevilla,aq_iberian,aq_turdetanian,aq_faith_iberian,aq_chief_2677,aq_turdetanian
c_sevsk,aq_slavic,aq_slavic,slavic_pagan,aq_chief_2678,aq_slavic
c_sewa,aq_tibetan,aq_tibetan,bon,aq_chief_2679,aq_tibetan
c_sfax,aq_punic,aq_punic,aq_faith_punic,aq_chief_2680,aq_punic
c_shabe,aq_forest_african,aq_forest_african,west_african_roog_pagan,aq_chief_2681,aq_forest_african
c_shahrazur,aq_aramaic,aq_aramaic,aq_faith_mesopotamian,aq_chief_2682,aq_aramaic
c_shahre-babak,aq_persian,aq_persian,mazdayasna,aq_chief_2683,aq_persian
c_shaki,aq_persian,aq_persian,mazdayasna,aq_chief_2684,aq_persian
c_shamir,aq_kushite,aq_kushite,kushitism_pagan,aq_chief_2685,aq_kushite
c_shanchan,aq_baiyue,aq_baiyue,aq_faith_asian,aq_chief_2686,aq_baiyue
c_shangxi,aq_sinitic,aq_sinitic,aq_faith_chinese,aq_chief_2687,aq_sinitic
c_shangzhou,aq_sinitic,aq_sinitic,aq_faith_chinese,aq_chief_2688,aq_sinitic
c_shanzhou,aq_sinitic,aq_sinitic,aq_faith_chinese,aq_chief_2689,aq_sinitic
c_shanzhou_2,aq_sinitic,aq_sinitic,aq_faith_chinese,aq_chief_2690,aq_sinitic
c_shaoqing,aq_baiyue,aq_baiyue,aq_faith_asian,aq_chief_2691,aq_baiyue
c_shaowu,aq_baiyue,aq_baiyue,aq_faith_asian,aq_chief_2692,aq_baiyue
c_shaozhou,aq_sinitic,aq_sinitic,aq_faith_chinese,aq_chief_2693,aq_sinitic
c_shaozhou_1,aq_baiyue,aq_baiyue,aq_faith_asian,aq_chief_2694,aq_baiyue
c_shaqiq,aq_arabian,aq_arabian,aq_faith_arabian,aq_chief_2695,aq_arabian
c_sharaf,aq_arabian,aq_arabian,aq_faith_arabian,aq_chief_2696,aq_arabian
c_sharga,aq_steppe_eastern,aq_steppe_eastern,tengri_pagan,aq_chief_2697,aq_steppe_eastern
c_sharka,aq_ethiopian,aq_ethiopian,aq_faith_african,aq_chief_2698,aq_ethiopian
c_sharkiya,aq_egyptian,aq_egyptian,aq_faith_kemetic,aq_chief_2699,aq_egyptian
c_shavgar,aq_saka,aq_saka,aq_faith_steppe,aq_chief_2700,aq_saka
c_shayzar,aq_aramaic,aq_aramaic,aq_faith_mesopotamian,aq_chief_2701,aq_aramaic
c_shazhou,aq_sinitic,aq_sinitic,aq_faith_chinese,aq_chief_2702,aq_sinitic
c_shchuchinsk,aq_saka,aq_saka,aq_faith_steppe,aq_chief_2703,aq_saka
c_shelji,aq_saka,aq_saka,aq_faith_steppe,aq_chief_2704,aq_saka
c_shengzhou,aq_sinitic,aq_sinitic,aq_faith_chinese,aq_chief_2705,aq_sinitic
c_shenkursk,aq_finnic,aq_finnic,finnish_pagan,aq_chief_2706,aq_finnic
c_shenzhou,aq_sinitic,aq_sinitic,aq_faith_chinese,aq_chief_2707,aq_sinitic
c_shenzhou_1,aq_sinitic,aq_sinitic,aq_faith_chinese,aq_chief_2708,aq_sinitic
c_sherbro,aq_forest_african,aq_forest_african,west_african_roog_pagan,aq_chief_2709,aq_forest_african
c_shetland,aq_germanic,aq_germanic,aq_faith_germanic,aq_chief_2710,aq_germanic
c_shezhou,aq_sinitic,aq_sinitic,aq_faith_chinese,aq_chief_2711,aq_sinitic
c_shicheng,aq_baiyue,aq_baiyue,aq_faith_asian,aq_chief_2712,aq_baiyue
c_shigar,aq_tibetan,aq_tibetan,bon,aq_chief_2713,aq_tibetan
c_shimosa,aq_jomon,aq_jomon,aq_faith_asian,aq_chief_2714,aq_jomon
c_shimotsuke,aq_jomon,aq_jomon,aq_faith_asian,aq_chief_2715,aq_jomon
c_shinano,aq_jomon,aq_jomon,aq_faith_asian,aq_chief_2716,aq_jomon
c_shiraz,aq_persian,aq_persian,mazdayasna,aq_chief_2717,aq_persian
c_shirvan,aq_persian,aq_persian,mazdayasna,aq_chief_2718,aq_persian
c_shishina,aq_steppe_eastern,aq_steppe_eastern,tengri_pagan,aq_chief_2719,aq_steppe_eastern
c_shityy,aq_tagar,aq_tagar,aq_faith_steppe,aq_chief_2720,aq_tagar
c_shizhou,aq_sinitic,aq_sinitic,aq_faith_chinese,aq_chief_2721,aq_sinitic
c_shizhou_1,aq_sinitic,aq_sinitic,aq_faith_chinese,aq_chief_2722,aq_sinitic
c_shor,aq_tagar,aq_tagar,aq_faith_steppe,aq_chief_2723,aq_tagar
c_shorkot,aq_indo_aryan,aq_madra,aq_faith_rigvedic,aq_chief_2724,aq_madra
c_shouchang,aq_sinitic,aq_sinitic,aq_faith_chinese,aq_chief_2725,aq_sinitic
c_shouzhou,aq_sinitic,aq_sinitic,aq_faith_chinese,aq_chief_2726,aq_sinitic
c_showa,aq_ethiopian,aq_ethiopian,aq_faith_african,aq_chief_2727,aq_ethiopian
c_showak,aq_cushitic,aq_cushitic,aq_faith_african,aq_chief_2728,aq_cushitic
c_shropshire,aq_brythonic,aq_cornovian,aq_faith_celtic,aq_chief_2729,aq_cornovian
c_shuangzhou,aq_baiyue,aq_baiyue,aq_faith_asian,aq_chief_2730,aq_baiyue
c_shughnan,aq_sogdian,aq_sogdian,mazdayasna,aq_chief_2731,aq_sogdian
c_shukunzhou,aq_baiyue,aq_baiyue,aq_faith_asian,aq_chief_2732,aq_baiyue
c_shunzhou,aq_baiyue,aq_baiyue,aq_faith_asian,aq_chief_2733,aq_baiyue
c_shuozhou,aq_sinitic,aq_sinitic,aq_faith_chinese,aq_chief_2734,aq_sinitic
c_shuzhou,aq_sinitic,aq_sinitic,aq_faith_chinese,aq_chief_2735,aq_sinitic
c_siauliai,aq_baltic,aq_baltic,baltic_pagan,aq_chief_2736,aq_baltic
c_sibi,aq_indo_aryan,aq_saindhava,aq_faith_atharvavedic,aq_chief_2737,aq_saindhava
c_sibi_mali,aq_west_african,aq_west_african,west_african_pagan,aq_chief_2738,aq_west_african
c_sibir,aq_uralic,aq_uralic,finnish_pagan,aq_chief_2739,aq_uralic
c_sidamo,aq_cushitic,aq_cushitic,aq_faith_african,aq_chief_2740,aq_cushitic
c_sie,aq_baiyue,aq_baiyue,aq_faith_asian,aq_chief_2741,aq_baiyue
c_siena,aq_etruscan,aq_etruscan,aq_faith_etruscan,aq_chief_2742,aq_etruscan
c_sieradzka,aq_slavic,aq_slavic,slavic_pagan,aq_chief_2743,aq_slavic
c_sif-i-umara,aq_persian,aq_persian,mazdayasna,aq_chief_2744,aq_persian
c_siggevara,aq_sami,aq_sami,finnish_pagan,aq_chief_2745,aq_sami
c_sighnaq,aq_saka,aq_saka,aq_faith_steppe,aq_chief_2746,aq_saka
c_sijilmasa,aq_berber,aq_maurian,aq_faith_libyan,aq_chief_2747,aq_maurian
c_sikasso,aq_west_african,aq_west_african,west_african_pagan,aq_chief_2748,aq_west_african
c_silla,aq_west_african,aq_west_african,west_african_pagan,aq_chief_2749,aq_west_african
c_silves,aq_iberian,aq_celtician,aq_faith_celtic,aq_chief_2750,aq_celtician
c_simaramapura,aq_magadhan,aq_videha,aq_faith_nirgrantha,aq_chief_2751,aq_videha
c_simenas,aq_ainu,aq_ainu,aq_faith_asian,aq_chief_2752,aq_ainu
c_simhapura,aq_mon_khmer,aq_mon_khmer,aq_faith_asian,aq_chief_2753,aq_mon_khmer
c_sinai,aq_egyptian,aq_egyptian,aq_faith_kemetic,aq_chief_2754,aq_egyptian
c_sinjar,aq_aramaic,aq_aramaic,aq_faith_mesopotamian,aq_chief_2755,aq_aramaic
c_sinope,aq_anatolian,aq_cappadocian,aq_faith_ma,aq_chief_2756,aq_cappadocian
c_sir_faesyfed,aq_brythonic,aq_ordovician,aq_faith_celtic,aq_chief_2757,aq_ordovician
c_siracusa,aq_hellenic,aq_hellenic,hellenic_pagan,aq_syracuse,aq_hellenic
c_siraya,aq_austronesian,aq_austronesian,aq_faith_asian,aq_chief_2759,aq_austronesian
c_sirhan,aq_arabian,aq_arabian,aq_faith_arabian,aq_chief_2760,aq_arabian
c_sirjan,aq_persian,aq_persian,mazdayasna,aq_chief_2761,aq_persian
c_sittaung,aq_burman,aq_burman,aq_faith_asian,aq_chief_2762,aq_burman
c_sitti,aq_cushitic,aq_cushitic,aq_faith_african,aq_chief_2763,aq_cushitic
c_siun,aq_uralic,aq_uralic,finnish_pagan,aq_chief_2764,aq_uralic
c_siwa,aq_egyptian,aq_egyptian,aq_faith_kemetic,aq_chief_2765,aq_egyptian
c_siwistan,aq_indo_aryan,aq_saindhava,aq_faith_atharvavedic,aq_chief_2766,aq_saindhava
c_siyuan,aq_baiyue,aq_baiyue,aq_faith_asian,aq_chief_2767,aq_baiyue
c_sizhou,aq_sinitic,aq_sinitic,aq_faith_chinese,aq_chief_2768,aq_sinitic
c_sizhou_2,aq_sinitic,aq_sinitic,aq_faith_chinese,aq_chief_2769,aq_sinitic
c_sjaelland,aq_germanic,aq_harudian,aq_faith_germanic,aq_chief_2770,aq_harudian
c_sjeltie,aq_sami,aq_sami,finnish_pagan,aq_chief_2771,aq_sami
c_skane,aq_germanic,aq_harudian,aq_faith_germanic,aq_chief_2772,aq_harudian
c_skara,aq_germanic,aq_gautish,aq_faith_germanic,aq_chief_2773,aq_gautish
c_skardu,aq_tibetan,aq_tibetan,bon,aq_chief_2774,aq_tibetan
c_skolt,aq_sami,aq_sami,finnish_pagan,aq_chief_2775,aq_sami
c_skopje,aq_thracian,aq_paeonian,aq_faith_balkan,aq_paeonia,aq_paeonian
c_slesvig,aq_germanic,aq_teutonian,aq_faith_germanic,aq_chief_2777,aq_teutonian
c_slupsk,aq_germanic,aq_gutnian,aq_faith_germanic,aq_chief_2778,aq_gutnian
c_slutsk,aq_slavic,aq_slavic,slavic_pagan,aq_chief_2779,aq_slavic
c_smolensk,aq_slavic,aq_slavic,slavic_pagan,aq_chief_2780,aq_slavic
c_sobrarbe,aq_iberian,aq_edetanian,aq_faith_iberian,aq_chief_2781,aq_edetanian
c_sochur,aq_uralic,aq_uralic,finnish_pagan,aq_chief_2782,aq_uralic
c_socotra,aq_sabaean,aq_sabaean,aq_faith_arabian,aq_chief_2783,aq_sabaean
c_sodermannaland,aq_germanic,aq_suionian,aq_faith_germanic,aq_chief_2784,aq_suionian
c_sog,aq_tibetan,aq_tibetan,bon,aq_chief_2785,aq_tibetan
c_sogn,aq_germanic,aq_rugian,aq_faith_germanic,aq_chief_2786,aq_rugian
c_sokode,aq_forest_african,aq_forest_african,west_african_roog_pagan,aq_chief_2787,aq_forest_african
c_sokoto,aq_central_african,aq_central_african,west_african_bori_pagan,aq_chief_2788,aq_central_african
c_soldin,aq_germanic,aq_suebian,aq_faith_germanic,aq_chief_2789,aq_suebian
c_soli,aq_illyrian,aq_delmatian,aq_faith_balkan,aq_chief_2790,aq_delmatian
c_solimana,aq_west_african,aq_west_african,west_african_pagan,aq_chief_2791,aq_west_african
c_sombio,aq_sami,aq_sami,finnish_pagan,aq_chief_2792,aq_sami
c_somerset,aq_brythonic,aq_dumnonian,aq_faith_celtic,aq_chief_2793,aq_dumnonian
c_somnath,aq_indo_aryan,aq_saurashtra,aq_faith_samavedic,aq_chief_2794,aq_saurashtra
c_somogy,aq_gaulish,aq_scordiscian,aq_faith_celtic,aq_chief_2795,aq_scordiscian
c_sonda,aq_indo_aryan,aq_saindhava,aq_faith_atharvavedic,aq_chief_2796,aq_saindhava
c_songuu_aallar,aq_tagar,aq_tagar,aq_faith_steppe,aq_chief_2797,aq_tagar
c_songzhou,aq_sinitic,aq_sinitic,aq_faith_chinese,aq_song,aq_sinitic
c_sopron,aq_gaulish,aq_gaulish,aq_faith_celtic,aq_chief_2799,aq_gaulish
c_soria,aq_celtiberian,aq_celtiberian_arevaci,aq_faith_celtic,aq_chief_2800,aq_celtiberian_arevaci
c_soroca,aq_daco_getic,aq_getian,aq_faith_zalmonian,aq_chief_2801,aq_getian
c_sorok,aq_uralic,aq_uralic,finnish_pagan,aq_chief_2802,aq_uralic
c_sortavala,aq_finnic,aq_finnic,finnish_pagan,aq_chief_2803,aq_finnic
c_soso,aq_west_african,aq_west_african,west_african_pagan,aq_chief_2804,aq_west_african
c_sosva,aq_uralic,aq_uralic,finnish_pagan,aq_chief_2805,aq_uralic
c_souf,aq_berber,aq_gaetulian,aq_faith_libyan,aq_chief_2806,aq_gaetulian
c_sous,aq_berber,aq_maurian,aq_faith_libyan,aq_chief_2807,aq_maurian
c_south_kordofan,aq_central_african,aq_central_african,west_african_bori_pagan,aq_chief_2808,aq_central_african
c_soya,aq_ainu,aq_ainu,aq_faith_asian,aq_chief_2809,aq_ainu
c_speyer,aq_germanic,aq_suebian,aq_faith_germanic,aq_chief_2810,aq_suebian
c_spis,aq_gaulish,aq_gaulish,aq_faith_celtic,aq_chief_2811,aq_gaulish
c_spoleto,aq_italic,aq_umbrian,aq_faith_iguvine,aq_chief_2812,aq_umbrian
c_spreewald,aq_slavic,aq_slavic,slavic_pagan,aq_chief_2813,aq_slavic
c_sprottau,aq_slavic,aq_slavic,slavic_pagan,aq_chief_2814,aq_slavic
c_sran,aq_austronesian,aq_austronesian,aq_faith_asian,aq_chief_2815,aq_austronesian
c_sravasti,aq_indo_aryan,aq_kosalan,aq_faith_buddha,aq_chief_2816,aq_kosalan
c_sredets,aq_thracian,aq_triballian,aq_faith_balkan,aq_chief_2817,aq_triballian
c_srihatta,aq_gangetic,aq_pragjyotisha,aq_faith_yaksha_naga,aq_chief_2818,aq_pragjyotisha
c_sriksetra,aq_burman,aq_burman,aq_faith_asian,aq_chief_2819,aq_burman
c_sripatha,aq_indo_aryan,aq_surasena,aq_faith_samavedic,aq_chief_2820,aq_surasena
c_sripuri,aq_indo_aryan,aq_atavi,aq_faith_forest_indian,aq_chief_2821,aq_atavi
c_srirangapatna,aq_dravidian,aq_kadamba_early,aq_faith_dravidian,aq_chief_2822,aq_kadamba_early
c_stade,aq_germanic,aq_teutonian,aq_faith_germanic,aq_chief_2823,aq_teutonian
c_staffordshire,aq_brythonic,aq_cornovian,aq_faith_celtic,aq_chief_2824,aq_cornovian
c_starodub,aq_slavic,aq_slavic,slavic_pagan,aq_chief_2825,aq_slavic
c_stendal,aq_germanic,aq_cheruscan,aq_faith_germanic,aq_chief_2826,aq_cheruscan
c_stettin,aq_germanic,aq_suebian,aq_faith_germanic,aq_chief_2827,aq_suebian
c_stezycka,aq_slavic,aq_slavic,slavic_pagan,aq_chief_2828,aq_slavic
c_sthanisvara,aq_indo_aryan,aq_kuru,aq_faith_krishna_yajurvedic,aq_chief_2829,aq_kuru
c_stoenesti,aq_daco_getic,aq_getian,aq_faith_zalmonian,aq_chief_2830,aq_getian
c_stoyanka,aq_tagar,aq_tagar,aq_faith_steppe,aq_chief_2831,aq_tagar
c_strassburg,aq_germanic,aq_sequanian,aq_faith_celtic,aq_chief_2832,aq_sequanian
c_strathearn,aq_pictish,aq_caledonian,aq_faith_celtic,aq_chief_2833,aq_caledonian
c_strumica,aq_thracian,aq_bessian,aq_faith_balkan,aq_chief_2834,aq_bessian
c_stung_treng,aq_mon_khmer,aq_mon_khmer,aq_faith_asian,aq_chief_2835,aq_mon_khmer
c_suakin,aq_cushitic,aq_cushitic,aq_faith_african,aq_chief_2836,aq_cushitic
c_subay,aq_arabian,aq_arabian,aq_faith_arabian,aq_chief_2837,aq_arabian
c_suceava,aq_daco_getic,aq_getian,aq_faith_zalmonian,aq_chief_2838,aq_getian
c_sudurland,aq_germanic,aq_germanic,aq_faith_germanic,aq_chief_2839,aq_germanic
c_suenik,aq_armenian,aq_armenian,aq_faith_anatolian,aq_chief_2840,aq_armenian
c_suffolk,aq_brythonic,aq_iceni,aq_faith_celtic,aq_chief_2841,aq_iceni
c_suining,aq_sinitic,aq_sinitic,aq_faith_chinese,aq_chief_2842,aq_sinitic
c_suizhou,aq_sinitic,aq_sinitic,aq_faith_chinese,aq_chief_2843,aq_sinitic
c_suizhou_1,aq_sinitic,aq_sinitic,aq_faith_chinese,aq_chief_2844,aq_sinitic
c_sukhna,aq_aramaic,aq_aramaic,aq_faith_mesopotamian,aq_chief_2845,aq_aramaic
c_sukhothai,aq_tai,aq_tai,aq_faith_asian,aq_chief_2846,aq_tai
c_sullum,aq_egyptian,aq_egyptian,aq_faith_kemetic,aq_chief_2847,aq_egyptian
c_sum,aq_ainu,aq_ainu,aq_faith_asian,aq_chief_2848,aq_ainu
c_sumadija,aq_illyrian,aq_dardanian,aq_faith_balkan,aq_chief_2849,aq_dardanian
c_sumdo,aq_tibetan,aq_tibetan,bon,aq_chief_2850,aq_tibetan
c_sundgau,aq_germanic,aq_sequanian,aq_faith_celtic,aq_chief_2851,aq_sequanian
c_sungqu,aq_tibetan,aq_tibetan,bon,aq_chief_2852,aq_tibetan
c_suo,aq_yayoi,aq_yayoi,aq_faith_asian,aq_chief_2853,aq_yayoi
c_suondavara,aq_sami,aq_sami,finnish_pagan,aq_chief_2854,aq_sami
c_suriya,aq_aramaic,aq_aramaic,aq_faith_mesopotamian,aq_chief_2855,aq_aramaic
c_surparaka,aq_dravidian,aq_alupa,aq_faith_dravidian,aq_chief_2856,aq_alupa
c_surrah,aq_arabian,aq_arabian,aq_faith_arabian,aq_chief_2857,aq_arabian
c_surrey,aq_brythonic,aq_cantiacian,aq_faith_celtic,aq_chief_2858,aq_cantiacian
c_suruga,aq_jomon,aq_jomon,aq_faith_asian,aq_chief_2859,aq_jomon
c_sussex,aq_brythonic,aq_cantiacian,aq_faith_celtic,aq_chief_2860,aq_cantiacian
c_sutherland,aq_pictish,aq_caledonian,aq_faith_celtic,aq_chief_2861,aq_caledonian
c_sutkend,aq_saka,aq_saka,aq_faith_steppe,aq_chief_2862,aq_saka
c_suvarnagram,aq_gangetic,aq_pundra,aq_faith_yaksha_naga,aq_chief_2863,aq_pundra
c_suvarnapura,aq_indo_aryan,aq_atavi,aq_faith_forest_indian,aq_chief_2864,aq_atavi
c_suyab,aq_saka,aq_saka,aq_faith_steppe,aq_chief_2865,aq_saka
c_suzdal,aq_slavic,aq_slavic,slavic_pagan,aq_chief_2866,aq_slavic
c_suzhou,aq_sinitic,aq_sinitic,aq_faith_chinese,aq_chief_2867,aq_sinitic
c_suzhou_2,aq_sinitic,aq_sinitic,aq_faith_chinese,aq_chief_2868,aq_sinitic
c_svaneti,aq_kartvelian,aq_colchian,aq_faith_anatolian,aq_chief_2869,aq_colchian
c_swetaka_mandala,aq_indo_aryan,aq_kalinga,aq_faith_nirgrantha,aq_chief_2870,aq_kalinga
c_syrrusafa,aq_aramaic,aq_aramaic,aq_faith_mesopotamian,aq_chief_2871,aq_aramaic
c_syrte,aq_punic,aq_nasamonian,aq_faith_libyan,aq_chief_2872,aq_nasamonian
c_sysma,aq_finnic,aq_finnic,finnish_pagan,aq_chief_2873,aq_finnic
c_szabolcs,aq_gaulish,aq_dacian,aq_faith_zalmonian,aq_chief_2874,aq_dacian
c_szatmar,aq_gaulish,aq_dacian,aq_faith_zalmonian,aq_chief_2875,aq_dacian
c_szekelyfold,aq_gaulish,aq_dacian,aq_faith_zalmonian,aq_chief_2876,aq_dacian
c_szekesfehervar,aq_gaulish,aq_gaulish,aq_faith_celtic,aq_chief_2877,aq_gaulish
c_szerem,aq_gaulish,aq_pannonian,aq_faith_balkan,aq_chief_2878,aq_pannonian
c_tabary,aq_uralic,aq_uralic,finnish_pagan,aq_chief_2879,aq_uralic
c_tabassa,aq_punic,aq_punic,aq_faith_punic,aq_chief_2880,aq_punic
c_tabla_butii,aq_daco_getic,aq_dacian,aq_faith_zalmonian,aq_chief_2881,aq_dacian
c_tabon,aq_west_african,aq_west_african,west_african_pagan,aq_chief_2882,aq_west_african
c_tabriz,aq_persian,aq_persian,mazdayasna,aq_chief_2883,aq_persian
c_tabuk,aq_arabian,aq_arabian,aq_faith_arabian,aq_chief_2884,aq_arabian
c_tadjoura,aq_cushitic,aq_cushitic,aq_faith_african,aq_chief_2885,aq_cushitic
c_tadla,aq_berber,aq_maurian,aq_faith_libyan,aq_chief_2886,aq_maurian
c_tadmekka,aq_saharan,aq_saharan,aq_faith_libyan,aq_chief_2887,aq_saharan
c_taeju,aq_korean,aq_korean,aq_faith_asian,aq_chief_2888,aq_korean
c_tagadur,aq_dravidian,aq_chola,aq_faith_murukan,aq_chief_2889,aq_chola
c_tagali,aq_kushite,aq_kushite,kushitism_pagan,aq_chief_2890,aq_kushite
c_tagant,aq_west_african,aq_west_african,west_african_pagan,aq_chief_2891,aq_west_african
c_taghaza,aq_saharan,aq_saharan,aq_faith_libyan,aq_chief_2892,aq_saharan
c_tagul,aq_steppe_eastern,aq_steppe_eastern,tengri_pagan,aq_chief_2893,aq_steppe_eastern
c_tahert,aq_berber,aq_numidian_masaesylian,aq_faith_libyan,aq_chief_2894,aq_numidian_masaesylian
c_tahoua,aq_central_african,aq_central_african,west_african_bori_pagan,aq_chief_2895,aq_central_african
c_taif,aq_arabian,aq_arabian,aq_faith_arabian,aq_chief_2896,aq_arabian
c_taiyuan,aq_sinitic,aq_sinitic,aq_faith_chinese,aq_chief_2897,aq_sinitic
c_taizhou,aq_sinitic,aq_sinitic,aq_faith_chinese,aq_chief_2898,aq_sinitic
c_taizhou_1,aq_sinitic,aq_sinitic,aq_faith_chinese,aq_chief_2899,aq_sinitic
c_taizz,aq_sabaean,aq_sabaean,aq_faith_arabian,aq_chief_2900,aq_sabaean
c_tajima,aq_yayoi,aq_yayoi,aq_faith_asian,aq_chief_2901,aq_yayoi
c_takkeda,aq_saharan,aq_saharan,aq_faith_libyan,aq_chief_2902,aq_saharan
c_takon,aq_burman,aq_burman,aq_faith_asian,aq_chief_2903,aq_burman
c_takrit,aq_aramaic,aq_aramaic,aq_faith_mesopotamian,aq_chief_2904,aq_aramaic
c_takrur,aq_west_african,aq_west_african,west_african_pagan,aq_chief_2905,aq_west_african
c_talakad,aq_dravidian,aq_kadamba_early,aq_faith_dravidian,aq_chief_2906,aq_kadamba_early
c_talava,aq_baltic,aq_baltic,baltic_pagan,aq_chief_2907,aq_baltic
c_talish,aq_persian,aq_persian,mazdayasna,aq_chief_2908,aq_persian
c_tall_basma,aq_aramaic,aq_aramaic,aq_faith_mesopotamian,aq_chief_2909,aq_aramaic
c_tall_hamid,aq_anatolian,aq_cilician,aq_faith_sandas,aq_chief_2910,aq_cilician
c_tamasna,aq_berber,aq_maurian,aq_faith_libyan,aq_chief_2911,aq_maurian
c_tambov,aq_uralic,aq_uralic,finnish_pagan,aq_chief_2912,aq_uralic
c_tamentit,aq_saharan,aq_saharan,aq_faith_libyan,aq_chief_2913,aq_saharan
c_tamiso,aq_forest_african,aq_forest_african,west_african_roog_pagan,aq_chief_2914,aq_forest_african
c_tamna,aq_korean,aq_korean,aq_faith_asian,aq_chief_2915,aq_korean
c_tamralipti,aq_gangetic,aq_suhma,aq_faith_yaksha_naga,aq_chief_2916,aq_suhma
c_tana,aq_scythian,aq_scythian,aq_faith_steppe,aq_chief_2917,aq_scythian
c_tanas,aq_berber,aq_numidian_masaesylian,aq_faith_libyan,aq_chief_2918,aq_numidian_masaesylian
c_tanba,aq_yayoi,aq_yayoi,aq_faith_asian,aq_chief_2919,aq_yayoi
c_tanga,aq_bantu,aq_bantu,aq_faith_african,aq_chief_2920,aq_bantu
c_tangiers,aq_berber,aq_maurian,aq_faith_libyan,aq_chief_2921,aq_maurian
c_tango,aq_yayoi,aq_yayoi,aq_faith_asian,aq_chief_2922,aq_yayoi
c_tangzhou,aq_sinitic,aq_sinitic,aq_faith_chinese,aq_chief_2923,aq_sinitic
c_tanyang,aq_sinitic,aq_sinitic,aq_faith_chinese,aq_chief_2924,aq_sinitic
c_tanzhou,aq_sinitic,aq_sinitic,aq_faith_chinese,aq_chief_2925,aq_sinitic
c_tanzhou_2,aq_sinitic,aq_sinitic,aq_faith_chinese,aq_chief_2926,aq_sinitic
c_tao,aq_kartvelian,aq_kartvelian,aq_faith_anatolian,aq_chief_2927,aq_kartvelian
c_tapsa,aq_tagar,aq_tagar,aq_faith_steppe,aq_chief_2928,aq_tagar
c_tara,aq_uralic,aq_uralic,finnish_pagan,aq_chief_2929,aq_uralic
c_taradavadi,aq_dravidian,aq_kadamba_early,aq_faith_dravidian,aq_chief_2930,aq_kadamba_early
c_tarayka,aq_ainu,aq_ainu,aq_faith_asian,aq_chief_2931,aq_ainu
c_taraz,aq_saka,aq_saka,aq_faith_steppe,aq_chief_2932,aq_saka
c_targu_jiu,aq_daco_getic,aq_getian,aq_faith_zalmonian,aq_chief_2933,aq_getian
c_targyl,aq_saka,aq_saka,aq_faith_steppe,aq_chief_2934,aq_saka
c_tarnowska,aq_slavic,aq_slavic,slavic_pagan,aq_chief_2935,aq_slavic
c_tarragona,aq_iberian,aq_ilercavonian,aq_faith_iberian,aq_chief_2936,aq_ilercavonian
c_tarsos,aq_anatolian,aq_bithynian,aq_faith_balkan,aq_chief_2937,aq_bithynian
c_tartas_SIB,aq_uralic,aq_uralic,finnish_pagan,aq_chief_2938,aq_uralic
c_tarvagatai,aq_steppe_eastern,aq_steppe_eastern,tengri_pagan,aq_chief_2939,aq_steppe_eastern
c_taskyl,aq_uralic,aq_uralic,finnish_pagan,aq_chief_2940,aq_uralic
c_tavan_bogd,aq_uralic,aq_uralic,finnish_pagan,aq_chief_2941,aq_uralic
c_tavasts,aq_finnic,aq_finnic,finnish_pagan,aq_chief_2942,aq_finnic
c_taveta,aq_bantu,aq_bantu,aq_faith_african,aq_chief_2943,aq_bantu
c_tawang,aq_tibetan,aq_tibetan,bon,aq_chief_2944,aq_tibetan
c_tayma,aq_arabian,aq_arabian,aq_faith_arabian,aq_chief_2945,aq_arabian
c_taza,aq_berber,aq_maurian,aq_faith_libyan,aq_chief_2946,aq_maurian
c_tbilisi,aq_kartvelian,aq_kartvelian,aq_faith_anatolian,aq_chief_2947,aq_kartvelian
c_tecklenburg,aq_germanic,aq_cheruscan,aq_faith_germanic,aq_chief_2948,aq_cheruscan
c_tekar,aq_saka,aq_saka,aq_faith_steppe,aq_chief_2949,aq_saka
c_teke,aq_saka,aq_saka,aq_faith_steppe,aq_chief_2950,aq_saka
c_telemark,aq_germanic,aq_rugian,aq_faith_germanic,aq_chief_2951,aq_rugian
c_telmen,aq_steppe_eastern,aq_steppe_eastern,tengri_pagan,aq_chief_2952,aq_steppe_eastern
c_temes,aq_gaulish,aq_scordiscian,aq_faith_celtic,aq_chief_2953,aq_scordiscian
c_temne,aq_forest_african,aq_forest_african,west_african_roog_pagan,aq_chief_2954,aq_forest_african
c_tengerge,aq_saka,aq_saka,aq_faith_steppe,aq_chief_2955,aq_saka
c_tengger,aq_sinitic,aq_sinitic,aq_faith_chinese,aq_chief_2956,aq_sinitic
c_tengiz,aq_saka,aq_saka,aq_faith_steppe,aq_chief_2957,aq_saka
c_tengzhou,aq_baiyue,aq_baiyue,aq_faith_asian,aq_chief_2958,aq_baiyue
c_teniz,aq_saka,aq_saka,aq_faith_steppe,aq_chief_2959,aq_saka
c_ter,aq_sami,aq_sami,finnish_pagan,aq_chief_2960,aq_sami
c_teramo,aq_italic,aq_marsian,aq_faith_italic,aq_chief_2961,aq_marsian
c_terebovl,aq_slavic,aq_slavic,slavic_pagan,aq_chief_2962,aq_slavic
c_terek_pass,aq_tocharian,aq_tocharian,aq_faith_steppe,aq_chief_2963,aq_tocharian
c_terekli,aq_saka,aq_saka,aq_faith_steppe,aq_chief_2964,aq_saka
c_terektai,aq_uralic,aq_uralic,finnish_pagan,aq_chief_2965,aq_uralic
c_teruel,aq_iberian,aq_contestanian,aq_faith_iberian,aq_chief_2966,aq_contestanian
c_tesiin_gol,aq_steppe_eastern,aq_steppe_eastern,tengri_pagan,aq_chief_2967,aq_steppe_eastern
c_tessalit,aq_saharan,aq_saharan,aq_faith_libyan,aq_chief_2968,aq_saharan
c_teviotdale,aq_pictish,aq_votadinian,aq_faith_celtic,aq_chief_2969,aq_votadinian
c_tewo,aq_tibetan,aq_tibetan,bon,aq_chief_2970,aq_tibetan
c_tezu,aq_tibetan,aq_tibetan,bon,aq_chief_2971,aq_tibetan
c_thabeik_taung,aq_burman,aq_burman,aq_faith_asian,aq_chief_2972,aq_burman
c_thalabiya,aq_arabian,aq_arabian,aq_faith_arabian,aq_chief_2973,aq_arabian
c_thaldat,aq_tibetan,aq_tibetan,bon,aq_chief_2974,aq_tibetan
c_thalner,aq_indo_aryan,aq_anupa,aq_faith_yaksha_naga,aq_chief_2975,aq_anupa
c_thanbyuzayat,aq_tai,aq_tai,aq_faith_asian,aq_chief_2976,aq_tai
c_thang_long,aq_baiyue,aq_baiyue,aq_faith_asian,aq_chief_2977,aq_baiyue
c_thaton,aq_burman,aq_burman,aq_faith_asian,aq_chief_2978,aq_burman
c_theodosiopolis,aq_armenian,aq_armenian,aq_faith_anatolian,aq_chief_2979,aq_armenian
c_thessalia,aq_hellenic,aq_hellenic,hellenic_pagan,aq_chief_2980,aq_hellenic
c_thessaliotis,aq_hellenic,aq_hellenic,hellenic_pagan,aq_chief_2981,aq_hellenic
c_thessalonika,aq_macedonian,aq_macedonian,hellenic_pagan,aq_chief_2982,aq_macedonian
c_thiers,aq_gaulish,aq_arvernian,aq_faith_celtic,aq_chief_2983,aq_arvernian
c_thomond,aq_goidelic,aq_ivernian,aq_faith_celtic,aq_chief_2984,aq_ivernian
c_thouars,aq_gaulish,aq_pictonian,aq_faith_celtic,aq_chief_2985,aq_pictonian
c_thyatira,aq_anatolian,aq_lydian,aq_faith_artimu,aq_chief_2986,aq_lydian
c_tiande,aq_sinitic,aq_sinitic,aq_faith_chinese,aq_chief_2987,aq_sinitic
c_tianzhou,aq_baiyue,aq_baiyue,aq_faith_asian,aq_chief_2988,aq_baiyue
c_tib,aq_aramaic,aq_aramaic,aq_faith_mesopotamian,aq_chief_2989,aq_aramaic
c_tiberias,aq_aramaic,aq_aramaic,aq_faith_mesopotamian,aq_chief_2990,aq_aramaic
c_tibesti,aq_saharan,aq_saharan,aq_faith_libyan,aq_chief_2991,aq_saharan
c_tichitt,aq_west_african,aq_west_african,west_african_pagan,aq_chief_2992,aq_west_african
c_tigheci,aq_daco_getic,aq_getian,aq_faith_zalmonian,aq_chief_2993,aq_getian
c_tigre,aq_ethiopian,aq_ethiopian,aq_faith_african,aq_chief_2994,aq_ethiopian
c_tihama,aq_arabian,aq_arabian,aq_faith_arabian,aq_chief_2995,aq_arabian
c_tihamat-al-yamani,aq_sabaean,aq_sabaean,aq_faith_arabian,aq_chief_2996,aq_sabaean
c_tikhvin,aq_finnic,aq_finnic,finnish_pagan,aq_chief_2997,aq_finnic
c_timbi,aq_west_african,aq_west_african,west_african_pagan,aq_chief_2998,aq_west_african
c_tindouf,aq_saharan,aq_saharan,aq_faith_libyan,aq_chief_2999,aq_saharan
c_tingzhou,aq_baiyue,aq_baiyue,aq_faith_asian,aq_chief_3000,aq_baiyue
c_tinmallal,aq_berber,aq_maurian,aq_faith_libyan,aq_chief_3001,aq_maurian
c_tirakka,aq_west_african,aq_west_african,west_african_pagan,aq_chief_3002,aq_west_african
c_tiris,aq_saharan,aq_saharan,aq_faith_libyan,aq_chief_3003,aq_saharan
c_tiruvannamalai,aq_dravidian,aq_chola,aq_faith_murukan,aq_chief_3004,aq_chola
c_tivoli,aq_latin,aq_sabine,aq_faith_italic,aq_chief_3005,aq_sabine
c_tlemcen,aq_berber,aq_numidian_masaesylian,aq_faith_libyan,aq_chief_3006,aq_numidian_masaesylian
c_tmutarakan,aq_sarmatian,aq_sarmatian,aq_faith_steppe,aq_chief_3007,aq_sarmatian
c_tobol,aq_uralic,aq_uralic,finnish_pagan,aq_chief_3008,aq_uralic
c_tobruk,aq_egyptian,aq_egyptian,aq_faith_kemetic,aq_chief_3009,aq_egyptian
c_todo,aq_forest_african,aq_forest_african,west_african_roog_pagan,aq_chief_3010,aq_forest_african
c_togotai,aq_saka,aq_saka,aq_faith_steppe,aq_chief_3011,aq_saka
c_tokisara,aq_ainu,aq_ainu,aq_faith_asian,aq_chief_3012,aq_ainu
c_toksun,aq_tocharian,aq_tocharian,aq_faith_steppe,aq_chief_3013,aq_tocharian
c_tokumbay,aq_saka,aq_saka,aq_faith_steppe,aq_chief_3014,aq_saka
c_toledo,aq_iberian,aq_carpetanian,aq_faith_celtic,aq_chief_3015,aq_carpetanian
c_tolna,aq_gaulish,aq_scordiscian,aq_faith_celtic,aq_chief_3016,aq_scordiscian
c_toma,aq_forest_african,aq_forest_african,west_african_roog_pagan,aq_chief_3017,aq_forest_african
c_tomorbulag,aq_steppe_eastern,aq_steppe_eastern,tengri_pagan,aq_chief_3018,aq_steppe_eastern
c_tomsk,aq_uralic,aq_uralic,finnish_pagan,aq_chief_3019,aq_uralic
c_tongcheng,aq_sinitic,aq_sinitic,aq_faith_chinese,aq_chief_3020,aq_sinitic
c_tongchuan,aq_sinitic,aq_sinitic,aq_faith_chinese,aq_chief_3021,aq_sinitic
c_tonghai,aq_baiyue,aq_baiyue,aq_faith_asian,aq_chief_3022,aq_baiyue
c_tongzhou,aq_sinitic,aq_sinitic,aq_faith_chinese,aq_chief_3023,aq_sinitic
c_tongzhou_1,aq_sinitic,aq_sinitic,aq_faith_chinese,aq_chief_3024,aq_sinitic
c_tonnerrois,aq_gaulish,aq_aeduian,aq_faith_celtic,aq_chief_3025,aq_aeduian
c_torangy_kul,aq_saka,aq_saka,aq_faith_steppe,aq_chief_3026,aq_saka
c_torda,aq_gaulish,aq_dacian,aq_faith_zalmonian,aq_chief_3027,aq_dacian
c_torema,aq_uralic,aq_uralic,finnish_pagan,aq_chief_3028,aq_uralic
c_torne,aq_sami,aq_sami,finnish_pagan,aq_chief_3029,aq_sami
c_toro,aq_forest_african,aq_forest_african,west_african_roog_pagan,aq_chief_3030,aq_forest_african
c_toropets,aq_slavic,aq_slavic,slavic_pagan,aq_chief_3031,aq_slavic
c_tortoli,aq_italic,aq_nuragic,aq_faith_nuragic,aq_chief_3032,aq_nuragic
c_tortona,aq_italic,aq_ligurian,aq_faith_ligurian,aq_chief_3033,aq_ligurian
c_torun,aq_baltic,aq_baltic,baltic_pagan,aq_chief_3034,aq_baltic
c_tosa,aq_yayoi,aq_yayoi,aq_faith_asian,aq_chief_3035,aq_yayoi
c_totma,aq_finnic,aq_finnic,finnish_pagan,aq_chief_3036,aq_finnic
c_totomi,aq_jomon,aq_jomon,aq_faith_asian,aq_chief_3037,aq_jomon
c_touat,aq_saharan,aq_saharan,aq_faith_libyan,aq_chief_3038,aq_saharan
c_toulouse,aq_gaulish,aq_volcian,aq_faith_celtic,aq_chief_3039,aq_volcian
c_toungoo,aq_burman,aq_burman,aq_faith_asian,aq_chief_3040,aq_burman
c_tourraine,aq_gaulish,aq_biturigian,aq_faith_celtic,aq_chief_3041,aq_biturigian
c_tovkhon,aq_steppe_eastern,aq_steppe_eastern,tengri_pagan,aq_chief_3042,aq_steppe_eastern
c_trakai,aq_baltic,aq_baltic,baltic_pagan,aq_chief_3043,aq_baltic
c_trandam,aq_tibetan,aq_tibetan,bon,aq_chief_3044,aq_tibetan
c_trandheim,aq_germanic,aq_germanic,aq_faith_germanic,aq_chief_3045,aq_germanic
c_travunia,aq_illyrian,aq_ardiaean,aq_faith_balkan,aq_chief_3046,aq_ardiaean
c_trebizond,aq_anatolian,aq_colchian,aq_faith_anatolian,aq_chief_3047,aq_colchian
c_trenscen,aq_gaulish,aq_gaulish,aq_faith_celtic,aq_chief_3048,aq_gaulish
c_trent,aq_italic,aq_rhaetian,aq_faith_rhaetian,aq_chief_3049,aq_rhaetian
c_treviso,aq_venetic,aq_venetic,aq_faith_italic,aq_chief_3050,aq_venetic
c_tribandapura,aq_indo_aryan,aq_kuru,aq_faith_krishna_yajurvedic,aq_chief_3051,aq_kuru
c_trier,aq_germanic,aq_mediomatrician,aq_faith_celtic,aq_chief_3052,aq_mediomatrician
c_trigarta,aq_indo_aryan,aq_trigartan,aq_faith_rigvedic,aq_chief_3053,aq_trigartan
c_trikuta,aq_dravidian,aq_asmaka,aq_faith_krishna_yajurvedic,aq_chief_3054,aq_asmaka
c_trincomalee,aq_lankan,aq_lankan,aq_faith_rigvedic,aq_chief_3055,aq_lankan
c_tripoli,aq_aramaic,aq_aramaic,aq_faith_mesopotamian,aq_chief_3056,aq_aramaic
c_tripolitana,aq_punic,aq_punic,aq_faith_punic,aq_chief_3057,aq_punic
c_tripuri,aq_indo_aryan,aq_chedi,aq_faith_atharvavedic,aq_chief_3058,aq_chedi
c_trongsa,aq_tibetan,aq_tibetan,bon,aq_chief_3059,aq_tibetan
c_troyes,aq_gaulish,aq_remian,aq_faith_celtic,aq_chief_3060,aq_remian
c_tsambagarau,aq_steppe_eastern,aq_steppe_eastern,tengri_pagan,aq_chief_3061,aq_steppe_eastern
c_tsaparang,aq_tibetan,aq_tibetan,bon,aq_chief_3062,aq_tibetan
c_tseel,aq_steppe_eastern,aq_steppe_eastern,tengri_pagan,aq_chief_3063,aq_steppe_eastern
c_tselym_dalyn,aq_uralic,aq_uralic,finnish_pagan,aq_chief_3064,aq_uralic
c_tsugaru,aq_ainu,aq_ainu,aq_faith_asian,aq_chief_3065,aq_ainu
c_tsushima,aq_yayoi,aq_yayoi,aq_faith_asian,aq_chief_3066,aq_yayoi
c_tudela,aq_iberian,aq_vasconian,aq_faith_iberian,aq_chief_3067,aq_vasconian
c_tudgha,aq_berber,aq_maurian,aq_faith_libyan,aq_chief_3068,aq_maurian
c_tui,aq_celtiberian,aq_gallaecian,aq_faith_celtic,aq_chief_3069,aq_gallaecian
c_tula,aq_slavic,aq_slavic,slavic_pagan,aq_chief_3070,aq_slavic
c_tuluchezeva,aq_uralic,aq_uralic,finnish_pagan,aq_chief_3071,aq_uralic
c_tulun,aq_steppe_eastern,aq_steppe_eastern,tengri_pagan,aq_chief_3072,aq_steppe_eastern
c_tumak,aq_central_african,aq_central_african,west_african_bori_pagan,aq_chief_3073,aq_central_african
c_tumar,aq_saka,aq_saka,aq_faith_steppe,aq_chief_3074,aq_saka
c_tummana,aq_indo_aryan,aq_atavi,aq_faith_forest_indian,aq_chief_3075,aq_atavi
c_tun,aq_bactrian,aq_bactrian,mazdayasna,aq_chief_3076,aq_bactrian
c_tunis,aq_punic,aq_punic,aq_faith_punic,aq_carthage,aq_punic
c_tunka,aq_steppe_eastern,aq_steppe_eastern,tengri_pagan,aq_chief_3078,aq_steppe_eastern
c_turan,aq_persian,aq_persian,mazdayasna,aq_chief_3079,aq_persian
c_turgay,aq_saka,aq_saka,aq_faith_steppe,aq_chief_3080,aq_saka
c_turin,aq_italic,aq_taurinian,aq_faith_celtic,aq_chief_3081,aq_taurinian
c_turnovo,aq_thracian,aq_triballian,aq_faith_balkan,aq_chief_3082,aq_triballian
c_turov,aq_slavic,aq_slavic,slavic_pagan,aq_chief_3083,aq_slavic
c_turuberan,aq_armenian,aq_armenian,aq_faith_anatolian,aq_chief_3084,aq_armenian
c_tus,aq_bactrian,aq_bactrian,mazdayasna,aq_chief_3085,aq_bactrian
c_tustar,aq_persian,aq_persian,mazdayasna,aq_chief_3086,aq_persian
c_tuulain,aq_tibetan,aq_tibetan,bon,aq_chief_3087,aq_tibetan
c_tver,aq_slavic,aq_slavic,slavic_pagan,aq_chief_3088,aq_slavic
c_tyendugu,aq_forest_african,aq_forest_african,west_african_roog_pagan,aq_chief_3089,aq_forest_african
c_tyumen,aq_uralic,aq_uralic,finnish_pagan,aq_chief_3090,aq_uralic
c_ubins,aq_uralic,aq_uralic,finnish_pagan,aq_chief_3091,aq_uralic
c_ubmejeiednuo,aq_sami,aq_sami,finnish_pagan,aq_chief_3092,aq_sami
c_ubon_ratchathani,aq_mon_khmer,aq_mon_khmer,aq_faith_asian,aq_chief_3093,aq_mon_khmer
c_ubulla,aq_aramaic,aq_aramaic,aq_faith_mesopotamian,aq_chief_3094,aq_aramaic
c_uch,aq_indo_aryan,aq_malava,aq_faith_rigvedic,aq_chief_3095,aq_malava
c_uch_katyn,aq_saka,aq_saka,aq_faith_steppe,aq_chief_3096,aq_saka
c_uchangidurga,aq_dravidian,aq_kadamba_early,aq_faith_dravidian,aq_chief_3097,aq_kadamba_early
c_uchkul,aq_saka,aq_saka,aq_faith_steppe,aq_chief_3098,aq_saka
c_ucinaa,aq_austronesian,aq_austronesian,aq_faith_asian,aq_chief_3099,aq_austronesian
c_udabhanda,aq_indo_aryan,aq_gandharan,aq_faith_rigvedic,aq_chief_3100,aq_gandharan
c_ufa,aq_uralic,aq_uralic,finnish_pagan,aq_chief_3101,aq_uralic
c_uiju,aq_korean,aq_korean,aq_faith_asian,aq_chief_3102,aq_korean
c_uiska,aq_uralic,aq_uralic,finnish_pagan,aq_chief_3103,aq_uralic
c_ujjayini,aq_indo_aryan,aq_avanti,aq_faith_samavedic,aq_chief_3104,aq_avanti
c_ukek,aq_sarmatian,aq_sarmatian,aq_faith_steppe,aq_chief_3105,aq_sarmatian
c_ulaanbaatar,aq_steppe_eastern,aq_steppe_eastern,tengri_pagan,aq_chief_3106,aq_steppe_eastern
c_ulaangom,aq_steppe_eastern,aq_steppe_eastern,tengri_pagan,aq_chief_3107,aq_steppe_eastern
c_ulam,aq_tibetan,aq_tibetan,bon,aq_chief_3108,aq_tibetan
c_ulan_chuzir,aq_saka,aq_saka,aq_faith_steppe,aq_chief_3109,aq_saka
c_ulan_ude,aq_steppe_eastern,aq_steppe_eastern,tengri_pagan,aq_chief_3110,aq_steppe_eastern
c_ulantaiga,aq_steppe_eastern,aq_steppe_eastern,tengri_pagan,aq_chief_3111,aq_steppe_eastern
c_uliastai,aq_steppe_eastern,aq_steppe_eastern,tengri_pagan,aq_chief_3112,aq_steppe_eastern
c_uliuty,aq_saka,aq_saka,aq_faith_steppe,aq_chief_3113,aq_saka
c_ulju,aq_korean,aq_korean,aq_faith_asian,aq_chief_3114,aq_korean
c_ulleong,aq_korean,aq_korean,aq_faith_asian,aq_chief_3115,aq_korean
c_ulm,aq_gaulish,aq_vindelician,aq_faith_celtic,aq_chief_3116,aq_vindelician
c_ulster,aq_goidelic,aq_voluntian,aq_faith_celtic,aq_chief_3117,aq_voluntian
c_ulu_jitanjik,aq_saka,aq_saka,aq_faith_steppe,aq_chief_3118,aq_saka
c_ulytau,aq_saka,aq_saka,aq_faith_steppe,aq_chief_3119,aq_saka
c_uman,aq_scythian,aq_scythian,aq_faith_steppe,aq_chief_3120,aq_scythian
c_umiai,aq_uralic,aq_uralic,finnish_pagan,aq_chief_3121,aq_uralic
c_ungvar,aq_gaulish,aq_gaulish,aq_faith_celtic,aq_chief_3122,aq_gaulish
c_upland,aq_germanic,aq_suionian,aq_faith_germanic,aq_chief_3123,aq_suionian
c_upper_bono,aq_forest_african,aq_forest_african,west_african_roog_pagan,aq_chief_3124,aq_forest_african
c_upper_ghur,aq_bactrian,aq_bactrian,mazdayasna,aq_chief_3125,aq_bactrian
c_upper_gurma,aq_west_african,aq_west_african,west_african_pagan,aq_chief_3126,aq_west_african
c_upper_khabur,aq_aramaic,aq_aramaic,aq_faith_mesopotamian,aq_chief_3127,aq_aramaic
c_uqayr,aq_arabian,aq_arabian,aq_faith_arabian,aq_chief_3128,aq_arabian
c_uraiyur,aq_dravidian,aq_pandya,aq_faith_murukan,aq_chief_3129,aq_pandya
c_ural,aq_uralic,aq_uralic,finnish_pagan,aq_chief_3130,aq_uralic
c_uraltau,aq_uralic,aq_uralic,finnish_pagan,aq_chief_3131,aq_uralic
c_urbino,aq_italic,aq_picene,aq_faith_italic,aq_chief_3132,aq_picene
c_urgamal,aq_steppe_eastern,aq_steppe_eastern,tengri_pagan,aq_chief_3133,aq_steppe_eastern
c_urgell,aq_iberian,aq_ilercavonian,aq_faith_iberian,aq_chief_3134,aq_ilercavonian
c_urgun,aq_indo_aryan,aq_gandharan,aq_faith_rigvedic,aq_chief_3135,aq_gandharan
c_urmiya,aq_persian,aq_persian,mazdayasna,aq_chief_3136,aq_persian
c_uses,aq_gaulish,aq_volcian,aq_faith_celtic,aq_chief_3137,aq_volcian
c_ushara,aq_kushite,aq_kushite,kushitism_pagan,aq_chief_3138,aq_kushite
c_ushmun,aq_egyptian,aq_egyptian,aq_faith_kemetic,aq_chief_3139,aq_egyptian
c_ushytsia,aq_slavic,aq_slavic,slavic_pagan,aq_chief_3140,aq_slavic
c_uskes,aq_ainu,aq_ainu,aq_faith_asian,aq_chief_3141,aq_ainu
c_usora,aq_illyrian,aq_delmatian,aq_faith_balkan,aq_chief_3142,aq_delmatian
c_ustyug,aq_finnic,aq_finnic,finnish_pagan,aq_chief_3143,aq_finnic
c_uul_chors,aq_tagar,aq_tagar,aq_faith_steppe,aq_chief_3144,aq_tagar
c_uulynkhol,aq_steppe_eastern,aq_steppe_eastern,tengri_pagan,aq_chief_3145,aq_steppe_eastern
c_uvs_nuur,aq_steppe_eastern,aq_steppe_eastern,tengri_pagan,aq_chief_3146,aq_steppe_eastern
c_uwal,aq_arabian,aq_arabian,aq_faith_arabian,aq_chief_3147,aq_arabian
c_uzboy,aq_sogdian,aq_sogdian,mazdayasna,aq_chief_3148,aq_sogdian
c_uzen,aq_sarmatian,aq_sarmatian,aq_faith_steppe,aq_chief_3149,aq_sarmatian
c_uzgend,aq_sogdian,aq_sogdian,mazdayasna,aq_chief_3150,aq_sogdian
c_uzgend_KARA,aq_saka,aq_saka,aq_faith_steppe,aq_chief_3151,aq_saka
c_vadodara,aq_indo_aryan,aq_lata,aq_faith_atharvavedic,aq_chief_3152,aq_lata
c_vaihingen,aq_germanic,aq_suebian,aq_faith_germanic,aq_chief_3153,aq_suebian
c_vaijayanti,aq_dravidian,aq_kadamba_early,aq_faith_dravidian,aq_chief_3154,aq_kadamba_early
c_vairagara,aq_dravidian,aq_vidarbha,aq_faith_atharvavedic,aq_chief_3155,aq_vidarbha
c_vairata,aq_indo_aryan,aq_matsya,aq_faith_rigvedic,aq_chief_3156,aq_matsya
c_vaisali,aq_burman,aq_burman,aq_faith_asian,aq_chief_3157,aq_burman
c_valabhi,aq_indo_aryan,aq_saurashtra,aq_faith_samavedic,aq_chief_3158,aq_saurashtra
c_valdai,aq_finnic,aq_finnic,finnish_pagan,aq_chief_3159,aq_finnic
c_valencia,aq_iberian,aq_contestanian,aq_faith_iberian,aq_chief_3160,aq_contestanian
c_valentinois,aq_gaulish,aq_allobrogian,aq_faith_celtic,aq_chief_3161,aq_allobrogian
c_valladolid,aq_celtiberian,aq_celtiberian_arevaci,aq_faith_celtic,aq_chief_3162,aq_celtiberian_arevaci
c_valois,aq_gaulish,aq_parisian,aq_faith_celtic,aq_chief_3163,aq_parisian
c_vanand,aq_armenian,aq_armenian,aq_faith_anatolian,aq_chief_3164,aq_armenian
c_vanemane,aq_baltic,aq_baltic,baltic_pagan,aq_chief_3165,aq_baltic
c_vannes,aq_gaulish,aq_venetian_gaul,aq_faith_celtic,aq_chief_3166,aq_venetian_gaul
c_varanasi,aq_magadhan,aq_kasi,aq_faith_shukla_yajurvedic,aq_chief_3167,aq_kasi
c_vardhamana,aq_indo_aryan,aq_saurashtra,aq_faith_samavedic,aq_chief_3168,aq_saurashtra
c_varend,aq_germanic,aq_gautish,aq_faith_germanic,aq_chief_3169,aq_gautish
c_vargashi,aq_saka,aq_saka,aq_faith_steppe,aq_chief_3170,aq_saka
c_varmland,aq_germanic,aq_suionian,aq_faith_germanic,aq_chief_3171,aq_suionian
c_vas,aq_gaulish,aq_gaulish,aq_faith_celtic,aq_chief_3172,aq_gaulish
c_vaspurakan,aq_armenian,aq_armenian,aq_faith_anatolian,aq_orontes,aq_armenian
c_vastergotland,aq_germanic,aq_gautish,aq_faith_germanic,aq_chief_3174,aq_gautish
c_vastmanland,aq_germanic,aq_suionian,aq_faith_germanic,aq_chief_3175,aq_suionian
c_vastvag,aq_germanic,aq_germanic,aq_faith_germanic,aq_chief_3176,aq_germanic
c_vasyugan,aq_uralic,aq_uralic,finnish_pagan,aq_chief_3177,aq_uralic
c_vatapi,aq_dravidian,aq_kadamba_early,aq_faith_dravidian,aq_chief_3178,aq_kadamba_early
c_vatsagulma,aq_dravidian,aq_asmaka,aq_faith_krishna_yajurvedic,aq_chief_3179,aq_asmaka
c_vaucouleurs,aq_germanic,aq_mediomatrician,aq_faith_celtic,aq_chief_3180,aq_mediomatrician
c_vecchio,aq_italic,aq_corsican,aq_faith_nuragic,aq_chief_3181,aq_corsican
c_velay,aq_gaulish,aq_arvernian,aq_faith_celtic,aq_chief_3182,aq_arvernian
c_velbazhd,aq_thracian,aq_bessian,aq_faith_balkan,aq_chief_3183,aq_bessian
c_velsk,aq_finnic,aq_finnic,finnish_pagan,aq_chief_3184,aq_finnic
c_venadu,aq_dravidian,aq_chera,aq_faith_murukan,aq_chief_3185,aq_chera
c_venaissin,aq_gaulish,aq_saluvian,aq_faith_celtic,aq_chief_3186,aq_saluvian
c_vendome,aq_gaulish,aq_carnutian,aq_faith_celtic,aq_chief_3187,aq_carnutian
c_veneto,aq_venetic,aq_venetic,aq_faith_italic,aq_chief_3188,aq_venetic
c_venezia,aq_venetic,aq_venetic,aq_faith_italic,aq_chief_3189,aq_venetic
c_vengipura,aq_dravidian,aq_andhra,aq_faith_dravidian,aq_chief_3190,aq_andhra
c_veria,aq_macedonian,aq_macedonian,hellenic_pagan,aq_macedon,aq_macedonian
c_vermandois,aq_gaulish,aq_parisian,aq_faith_celtic,aq_chief_3192,aq_parisian
c_verona,aq_venetic,aq_venetic,aq_faith_italic,aq_chief_3193,aq_venetic
c_vestfold,aq_germanic,aq_rugian,aq_faith_germanic,aq_chief_3194,aq_rugian
c_vestisland,aq_germanic,aq_germanic,aq_faith_germanic,aq_chief_3195,aq_germanic
c_veszprem,aq_gaulish,aq_gaulish,aq_faith_celtic,aq_chief_3196,aq_gaulish
c_vhrbosna,aq_illyrian,aq_delmatian,aq_faith_balkan,aq_chief_3197,aq_delmatian
c_viborg,aq_germanic,aq_cimbrian,aq_faith_germanic,aq_chief_3198,aq_cimbrian
c_vidin,aq_thracian,aq_triballian,aq_faith_balkan,aq_chief_3199,aq_triballian
c_vidisa,aq_indo_aryan,aq_avanti,aq_faith_samavedic,aq_chief_3200,aq_avanti
c_vidzeme,aq_finnic,aq_finnic,finnish_pagan,aq_chief_3201,aq_finnic
c_vien_chan,aq_mon_khmer,aq_mon_khmer,aq_faith_asian,aq_chief_3202,aq_mon_khmer
c_viena,aq_finnic,aq_finnic,finnish_pagan,aq_chief_3203,aq_finnic
c_vienna,aq_gaulish,aq_noric,aq_faith_celtic,aq_chief_3204,aq_noric
c_viennois,aq_gaulish,aq_allobrogian,aq_faith_celtic,aq_chief_3205,aq_allobrogian
c_viipuri,aq_finnic,aq_finnic,finnish_pagan,aq_chief_3206,aq_finnic
c_vijaya,aq_mon_khmer,aq_mon_khmer,aq_faith_asian,aq_chief_3207,aq_mon_khmer
c_vijayapura,aq_gangetic,aq_vanga,aq_faith_yaksha_naga,aq_chief_3208,aq_vanga
c_vijnot,aq_indo_aryan,aq_saindhava,aq_faith_atharvavedic,aq_chief_3209,aq_saindhava
c_vikramapura,aq_indo_aryan,aq_salva,aq_faith_rigvedic,aq_chief_3210,aq_salva
c_villach,aq_gaulish,aq_tauriscian,aq_faith_celtic,aq_chief_3211,aq_tauriscian
c_vingulmork,aq_germanic,aq_rugian,aq_faith_germanic,aq_chief_3212,aq_rugian
c_viraja,aq_indo_aryan,aq_kalinga,aq_faith_nirgrantha,aq_chief_3213,aq_kalinga
c_viscaya,aq_iberian,aq_vasconian,aq_faith_iberian,aq_chief_3214,aq_vasconian
c_visegrad,aq_gaulish,aq_gaulish,aq_faith_celtic,aq_chief_3215,aq_gaulish
c_viseu,aq_celtiberian,aq_lusitanian,aq_faith_lusitanian,aq_chief_3216,aq_lusitanian
c_vitebsk,aq_slavic,aq_slavic,slavic_pagan,aq_chief_3217,aq_slavic
c_viterbo,aq_etruscan,aq_etruscan,aq_faith_etruscan,aq_chief_3218,aq_etruscan
c_vitim,aq_steppe_eastern,aq_steppe_eastern,tengri_pagan,aq_chief_3219,aq_steppe_eastern
c_viviers,aq_gaulish,aq_allobrogian,aq_faith_celtic,aq_chief_3220,aq_allobrogian
c_vizagipatam,aq_indo_aryan,aq_kalinga,aq_faith_nirgrantha,aq_chief_3221,aq_kalinga
c_vladimir,aq_slavic,aq_slavic,slavic_pagan,aq_chief_3222,aq_slavic
c_vodamayutja,aq_indo_aryan,aq_panchala,aq_faith_shukla_yajurvedic,aq_chief_3223,aq_panchala
c_vodi,aq_finnic,aq_finnic,finnish_pagan,aq_chief_3224,aq_finnic
c_vodica,aq_illyrian,aq_delmatian,aq_faith_balkan,aq_chief_3225,aq_delmatian
c_vogtland,aq_slavic,aq_slavic,slavic_pagan,aq_chief_3226,aq_slavic
c_voin,aq_slavic,aq_slavic,slavic_pagan,aq_chief_3227,aq_slavic
c_volkovysk,aq_slavic,aq_slavic,slavic_pagan,aq_chief_3228,aq_slavic
c_volodymyr,aq_slavic,aq_slavic,slavic_pagan,aq_chief_3229,aq_slavic
c_vologda,aq_finnic,aq_finnic,finnish_pagan,aq_chief_3230,aq_finnic
c_vorbasse,aq_germanic,aq_teutonian,aq_faith_germanic,aq_chief_3231,aq_teutonian
c_voronezh,aq_uralic,aq_uralic,finnish_pagan,aq_chief_3232,aq_uralic
c_votkinsk,aq_uralic,aq_uralic,finnish_pagan,aq_chief_3233,aq_uralic
c_vratsa,aq_thracian,aq_triballian,aq_faith_balkan,aq_chief_3234,aq_triballian
c_vrbas,aq_illyrian,aq_delmatian,aq_faith_balkan,aq_chief_3235,aq_delmatian
c_vukovar,aq_illyrian,aq_pannonian,aq_faith_balkan,aq_chief_3236,aq_pannonian
c_vyadhapura,aq_mon_khmer,aq_mon_khmer,aq_faith_asian,aq_chief_3237,aq_mon_khmer
c_vyangi,aq_finnic,aq_finnic,finnish_pagan,aq_chief_3238,aq_finnic
c_wa,aq_forest_african,aq_forest_african,west_african_roog_pagan,aq_chief_3239,aq_forest_african
c_wabar,aq_sabaean,aq_sabaean,aq_faith_arabian,aq_chief_3240,aq_sabaean
c_wadai,aq_central_african,aq_central_african,west_african_bori_pagan,aq_chief_3241,aq_central_african
c_wadan,aq_saharan,aq_saharan,aq_faith_libyan,aq_chief_3242,aq_saharan
c_waddan,aq_punic,aq_nasamonian,aq_faith_libyan,aq_chief_3243,aq_nasamonian
c_wadi_amur,aq_cushitic,aq_cushitic,aq_faith_african,aq_chief_3244,aq_cushitic
c_wadi_el-milk,aq_kushite,aq_kushite,kushitism_pagan,aq_chief_3245,aq_kushite
c_wagadugu,aq_forest_african,aq_forest_african,west_african_roog_pagan,aq_chief_3246,aq_forest_african
c_waj,aq_ethiopian,aq_ethiopian,aq_faith_african,aq_chief_3247,aq_ethiopian
c_wajda,aq_berber,aq_numidian_masaesylian,aq_faith_libyan,aq_chief_3248,aq_numidian_masaesylian
c_wajh,aq_arabian,aq_arabian,aq_faith_arabian,aq_chief_3249,aq_arabian
c_wakhan,aq_sogdian,aq_sogdian,mazdayasna,aq_chief_3250,aq_sogdian
c_wakhsh,aq_sogdian,aq_sogdian,mazdayasna,aq_chief_3251,aq_sogdian
c_walata,aq_west_african,aq_west_african,west_african_pagan,aq_chief_3252,aq_west_african
c_waldeck,aq_germanic,aq_cheruscan,aq_faith_germanic,aq_chief_3253,aq_cheruscan
c_wanan,aq_baiyue,aq_baiyue,aq_faith_asian,aq_chief_3254,aq_baiyue
c_wandala,aq_central_african,aq_central_african,west_african_bori_pagan,aq_chief_3255,aq_central_african
c_wanzhou,aq_sinitic,aq_sinitic,aq_faith_chinese,aq_chief_3256,aq_sinitic
c_waqisa,aq_aramaic,aq_aramaic,aq_faith_mesopotamian,aq_chief_3257,aq_aramaic
c_wargla,aq_berber,aq_gaetulian,aq_faith_libyan,aq_chief_3258,aq_gaetulian
c_warwickshire,aq_brythonic,aq_cornovian,aq_faith_celtic,aq_chief_3259,aq_cornovian
c_wasit,aq_aramaic,aq_aramaic,aq_faith_mesopotamian,aq_chief_3260,aq_aramaic
c_wassa,aq_forest_african,aq_forest_african,west_african_roog_pagan,aq_chief_3261,aq_forest_african
c_weichu,aq_baiyue,aq_baiyue,aq_faith_asian,aq_chief_3262,aq_baiyue
c_weiyuan,aq_baiyue,aq_baiyue,aq_faith_asian,aq_chief_3263,aq_baiyue
c_weizhou,aq_sinitic,aq_sinitic,aq_faith_chinese,aq_chief_3264,aq_sinitic
c_weizhou_1,aq_sinitic,aq_sinitic,aq_faith_chinese,aq_chief_3265,aq_sinitic
c_weizhou_2,aq_sinitic,aq_sinitic,aq_faith_chinese,aq_chief_3266,aq_sinitic
c_weizhou_3,aq_sinitic,aq_sinitic,aq_faith_chinese,aq_chief_3267,aq_sinitic
c_weizhou_4,aq_sinitic,aq_sinitic,aq_faith_chinese,aq_chief_3268,aq_sinitic
c_welamo,aq_ethiopian,aq_ethiopian,aq_faith_african,aq_chief_3269,aq_ethiopian
c_wellega,aq_ethiopian,aq_ethiopian,aq_faith_african,aq_chief_3270,aq_ethiopian
c_wentugaole,aq_sinitic,aq_sinitic,aq_faith_chinese,aq_chief_3271,aq_sinitic
c_wenyon,aq_forest_african,aq_forest_african,west_african_roog_pagan,aq_chief_3272,aq_forest_african
c_wenzhou,aq_sinitic,aq_sinitic,aq_faith_chinese,aq_chief_3273,aq_sinitic
c_wenzhou_2,aq_sinitic,aq_sinitic,aq_faith_chinese,aq_chief_3274,aq_sinitic
c_werle,aq_germanic,aq_suebian,aq_faith_germanic,aq_chief_3275,aq_suebian
c_west-tokharestan,aq_bactrian,aq_bactrian,mazdayasna,aq_chief_3276,aq_bactrian
c_west_kordofan,aq_central_african,aq_central_african,west_african_bori_pagan,aq_chief_3277,aq_central_african
c_west_qamuda,aq_punic,aq_punic,aq_faith_punic,aq_chief_3278,aq_punic
c_west_riding,aq_brythonic,aq_brigantian,aq_faith_celtic,aq_chief_3279,aq_brigantian
c_western_tannu,aq_tagar,aq_tagar,aq_faith_steppe,aq_chief_3280,aq_tagar
c_westfriesland,aq_germanic,aq_chaucan,aq_faith_germanic,aq_chief_3281,aq_chaucan
c_westmorland,aq_brythonic,aq_brigantian,aq_faith_celtic,aq_chief_3282,aq_brigantian
c_wiek,aq_finnic,aq_finnic,finnish_pagan,aq_chief_3283,aq_finnic
c_wielunska,aq_slavic,aq_slavic,slavic_pagan,aq_chief_3284,aq_slavic
c_wiltberg,aq_germanic,aq_suebian,aq_faith_germanic,aq_chief_3285,aq_suebian
c_wiltshire,aq_brythonic,aq_dobunnian,aq_faith_celtic,aq_chief_3286,aq_dobunnian
c_wittenberg,aq_slavic,aq_slavic,slavic_pagan,aq_chief_3287,aq_slavic
c_wolgast,aq_germanic,aq_suebian,aq_faith_germanic,aq_chief_3288,aq_suebian
c_wolkenstein,aq_slavic,aq_slavic,slavic_pagan,aq_chief_3289,aq_slavic
c_wolpe,aq_germanic,aq_cheruscan,aq_faith_germanic,aq_chief_3290,aq_cheruscan
c_wolqayt,aq_cushitic,aq_cushitic,aq_faith_african,aq_chief_3291,aq_cushitic
c_wonju,aq_korean,aq_korean,aq_faith_asian,aq_chief_3292,aq_korean
c_worcestershire,aq_brythonic,aq_cornovian,aq_faith_celtic,aq_chief_3293,aq_cornovian
c_wormditt,aq_baltic,aq_baltic,baltic_pagan,aq_chief_3294,aq_baltic
c_worms,aq_germanic,aq_suebian,aq_faith_germanic,aq_chief_3295,aq_suebian
c_worodugu,aq_forest_african,aq_forest_african,west_african_roog_pagan,aq_chief_3296,aq_forest_african
c_woye,aq_tungusic,aq_tungusic,tengri_pagan,aq_chief_3297,aq_tungusic
c_wschowska,aq_slavic,aq_slavic,slavic_pagan,aq_chief_3298,aq_slavic
c_wulan,aq_sinitic,aq_sinitic,aq_faith_chinese,aq_chief_3299,aq_sinitic
c_wuli,aq_west_african,aq_west_african,west_african_pagan,aq_chief_3300,aq_west_african
c_wulong,aq_baiyue,aq_baiyue,aq_faith_asian,aq_chief_3301,aq_baiyue
c_wurttemberg,aq_gaulish,aq_vindelician,aq_faith_celtic,aq_chief_3302,aq_vindelician
c_wurzburg,aq_germanic,aq_suebian,aq_faith_germanic,aq_chief_3303,aq_suebian
c_wuyuan,aq_sinitic,aq_sinitic,aq_faith_chinese,aq_chief_3304,aq_sinitic
c_wuzhou,aq_sinitic,aq_sinitic,aq_faith_chinese,aq_chief_3305,aq_sinitic
c_wuzhou_1,aq_baiyue,aq_baiyue,aq_faith_asian,aq_chief_3306,aq_baiyue
c_xainza,aq_tibetan,aq_tibetan,bon,aq_chief_3307,aq_tibetan
c_xaitongmoin,aq_tibetan,aq_tibetan,bon,aq_chief_3308,aq_tibetan
c_xiangcheng,aq_baiyue,aq_baiyue,aq_faith_asian,aq_chief_3309,aq_baiyue
c_xiangshan,aq_baiyue,aq_baiyue,aq_faith_asian,aq_chief_3310,aq_baiyue
c_xiangyang,aq_sinitic,aq_sinitic,aq_faith_chinese,aq_chief_3311,aq_sinitic
c_xiangzhou,aq_sinitic,aq_sinitic,aq_faith_chinese,aq_chief_3312,aq_sinitic
c_xiaoguan,aq_sinitic,aq_sinitic,aq_faith_chinese,aq_chief_3313,aq_sinitic
c_xiazhou,aq_sinitic,aq_sinitic,aq_faith_chinese,aq_chief_3314,aq_sinitic
c_xiazhou_1,aq_sinitic,aq_sinitic,aq_faith_chinese,aq_chief_3315,aq_sinitic
c_xigaze,aq_tibetan,aq_tibetan,bon,aq_chief_3316,aq_tibetan
c_xigortang,aq_tibetan,aq_tibetan,bon,aq_chief_3317,aq_tibetan
c_xin_an,aq_sinitic,aq_sinitic,aq_faith_chinese,aq_chief_3318,aq_sinitic
c_xincheng,aq_sinitic,aq_sinitic,aq_faith_chinese,aq_chief_3319,aq_sinitic
c_xinghua,aq_baiyue,aq_baiyue,aq_faith_asian,aq_chief_3320,aq_baiyue
c_xingqing,aq_sinitic,aq_sinitic,aq_faith_chinese,aq_chief_3321,aq_sinitic
c_xingyuan,aq_sinitic,aq_sinitic,aq_faith_chinese,aq_chief_3322,aq_sinitic
c_xingzhou,aq_sinitic,aq_sinitic,aq_faith_chinese,aq_zhao,aq_sinitic
c_xinhzou,aq_sinitic,aq_sinitic,aq_faith_chinese,aq_chief_3324,aq_sinitic
c_xining,aq_tibetan,aq_tibetan,bon,aq_chief_3325,aq_tibetan
c_xiningzhou,aq_sinitic,aq_sinitic,aq_faith_chinese,aq_chief_3326,aq_sinitic
c_xinzhou,aq_sinitic,aq_sinitic,aq_faith_chinese,aq_chief_3327,aq_sinitic
c_xinzhou_1,aq_baiyue,aq_baiyue,aq_faith_asian,aq_chief_3328,aq_baiyue
c_xiongzhou,aq_sinitic,aq_sinitic,aq_faith_chinese,aq_chief_3329,aq_sinitic
c_xiuzhou,aq_sinitic,aq_sinitic,aq_faith_chinese,aq_chief_3330,aq_sinitic
c_xizhou,aq_sinitic,aq_sinitic,aq_faith_chinese,aq_chief_3331,aq_sinitic
c_xuanzhou,aq_sinitic,aq_sinitic,aq_faith_chinese,aq_chief_3332,aq_sinitic
c_xunzhou,aq_baiyue,aq_baiyue,aq_faith_asian,aq_chief_3333,aq_baiyue
c_xunzhou_2,aq_baiyue,aq_baiyue,aq_faith_asian,aq_chief_3334,aq_baiyue
c_xuzhou_1,aq_sinitic,aq_sinitic,aq_faith_chinese,aq_chief_3335,aq_sinitic
c_yabrin,aq_arabian,aq_arabian,aq_faith_arabian,aq_chief_3336,aq_arabian
c_yagba,aq_forest_african,aq_forest_african,west_african_roog_pagan,aq_chief_3337,aq_forest_african
c_yaitsk,aq_sarmatian,aq_sarmatian,aq_faith_steppe,aq_chief_3338,aq_sarmatian
c_yalala,aq_berber,aq_numidian_masaesylian,aq_faith_libyan,aq_chief_3339,aq_numidian_masaesylian
c_yalong,aq_sinitic,aq_sinitic,aq_faith_chinese,aq_chief_3340,aq_sinitic
c_yamama,aq_arabian,aq_arabian,aq_faith_arabian,aq_chief_3341,aq_arabian
c_yamashiro,aq_yayoi,aq_yayoi,aq_faith_asian,aq_chief_3342,aq_yayoi
c_yamato,aq_yayoi,aq_yayoi,aq_faith_asian,aq_chief_3343,aq_yayoi
c_yamethin,aq_burman,aq_burman,aq_faith_asian,aq_chief_3344,aq_burman
c_yan_an,aq_sinitic,aq_sinitic,aq_faith_chinese,aq_chief_3345,aq_sinitic
c_yanbu,aq_arabian,aq_arabian,aq_faith_arabian,aq_chief_3346,aq_arabian
c_yanchuan,aq_baiyue,aq_baiyue,aq_faith_asian,aq_chief_3347,aq_baiyue
c_yangcheng,aq_sinitic,aq_sinitic,aq_faith_chinese,aq_chief_3348,aq_sinitic
c_yangikent,aq_saka,aq_saka,aq_faith_steppe,aq_chief_3349,aq_saka
c_yangjibaliq,aq_saka,aq_saka,aq_faith_steppe,aq_chief_3350,aq_saka
c_yangju,aq_korean,aq_korean,aq_faith_asian,aq_chief_3351,aq_korean
c_yangwarok,aq_himalayan,aq_kirata,aq_faith_himalayan,aq_chief_3352,aq_kirata
c_yangzhou,aq_sinitic,aq_sinitic,aq_faith_chinese,aq_chief_3353,aq_sinitic
c_yangzhou_1,aq_sinitic,aq_sinitic,aq_faith_chinese,aq_chief_3354,aq_sinitic
c_yanokul,aq_uralic,aq_uralic,finnish_pagan,aq_chief_3355,aq_uralic
c_yanzhou,aq_sinitic,aq_sinitic,aq_faith_chinese,aq_chief_3356,aq_sinitic
c_yanzhou_3,aq_baiyue,aq_baiyue,aq_faith_asian,aq_chief_3357,aq_baiyue
c_yaozhou,aq_sinitic,aq_sinitic,aq_faith_chinese,aq_chief_3358,aq_sinitic
c_yar-calli,aq_uralic,aq_uralic,finnish_pagan,aq_chief_3359,aq_uralic
c_yarkand,aq_tocharian,aq_tocharian,aq_faith_steppe,aq_chief_3360,aq_tocharian
c_yaroslavl,aq_slavic,aq_slavic,slavic_pagan,aq_chief_3361,aq_slavic
c_yasin,aq_indo_aryan,aq_kambojan,aq_faith_steppe,aq_chief_3362,aq_kambojan
c_yatenga,aq_west_african,aq_west_african,west_african_pagan,aq_chief_3363,aq_west_african
c_yatvyagi,aq_baltic,aq_baltic,baltic_pagan,aq_chief_3364,aq_baltic
c_yau,aq_central_african,aq_central_african,west_african_bori_pagan,aq_chief_3365,aq_central_african
c_yauri,aq_central_african,aq_central_african,west_african_bori_pagan,aq_chief_3366,aq_central_african
c_yazd,aq_persian,aq_persian,mazdayasna,aq_chief_3367,aq_persian
c_yazhou,aq_baiyue,aq_baiyue,aq_faith_asian,aq_chief_3368,aq_baiyue
c_yazhou_1,aq_baiyue,aq_baiyue,aq_faith_asian,aq_chief_3369,aq_baiyue
c_yazhou_2,aq_sinitic,aq_sinitic,aq_faith_chinese,aq_chief_3370,aq_sinitic
c_yekaterinburg,aq_uralic,aq_uralic,finnish_pagan,aq_chief_3371,aq_uralic
c_yelimane,aq_west_african,aq_west_african,west_african_pagan,aq_chief_3372,aq_west_african
c_yenisei,aq_uralic,aq_uralic,finnish_pagan,aq_chief_3373,aq_uralic
c_yenshipin,aq_tibetan,aq_tibetan,bon,aq_chief_3374,aq_tibetan
c_yeongwon,aq_korean,aq_korean,aq_faith_asian,aq_chief_3375,aq_korean
c_yera,aq_steppe_eastern,aq_steppe_eastern,tengri_pagan,aq_chief_3376,aq_steppe_eastern
c_yezhou,aq_sinitic,aq_sinitic,aq_faith_chinese,aq_chief_3377,aq_sinitic
c_yingchuan,aq_sinitic,aq_sinitic,aq_faith_chinese,aq_chief_3378,aq_sinitic
c_yingde,aq_baiyue,aq_baiyue,aq_faith_asian,aq_chief_3379,aq_baiyue
c_yingzhou,aq_sinitic,aq_sinitic,aq_faith_chinese,aq_chief_3380,aq_sinitic
c_yingzhou_2,aq_sinitic,aq_sinitic,aq_faith_chinese,aq_chief_3381,aq_sinitic
c_yingzhou_4,aq_baiyue,aq_baiyue,aq_faith_asian,aq_chief_3382,aq_baiyue
c_yingzhou_5,aq_sinitic,aq_sinitic,aq_faith_chinese,aq_chief_3383,aq_sinitic
c_yinsheng,aq_baiyue,aq_baiyue,aq_faith_asian,aq_chief_3384,aq_baiyue
c_yinzhou,aq_sinitic,aq_sinitic,aq_faith_chinese,aq_chief_3385,aq_sinitic
c_yinzhou_1,aq_baiyue,aq_baiyue,aq_faith_asian,aq_chief_3386,aq_baiyue
c_yizhou_1,aq_sinitic,aq_sinitic,aq_faith_chinese,aq_chief_3387,aq_sinitic
c_yizhou_3,aq_sinitic,aq_sinitic,aq_faith_chinese,aq_chief_3388,aq_sinitic
c_yongchang_jingmadian,aq_burman,aq_burman,aq_faith_asian,aq_chief_3389,aq_burman
c_yongchang_yongchang,aq_burman,aq_burman,aq_faith_asian,aq_chief_3390,aq_burman
c_yongxing,aq_sinitic,aq_sinitic,aq_faith_chinese,aq_chief_3391,aq_sinitic
c_yongzhou,aq_sinitic,aq_sinitic,aq_faith_chinese,aq_chief_3392,aq_sinitic
c_yongzhou_1,aq_baiyue,aq_baiyue,aq_faith_asian,aq_chief_3393,aq_baiyue
c_yoshkar-ola,aq_uralic,aq_uralic,finnish_pagan,aq_chief_3394,aq_uralic
c_youzhou,aq_sinitic,aq_sinitic,aq_faith_chinese,aq_yan,aq_sinitic
c_youzhou_2,aq_sinitic,aq_sinitic,aq_faith_chinese,aq_chief_3396,aq_sinitic
c_yperen,aq_gaulish,aq_menapian,aq_faith_celtic,aq_chief_3397,aq_menapian
c_yuanzhou,aq_sinitic,aq_sinitic,aq_faith_chinese,aq_chief_3398,aq_sinitic
c_yuanzhou_2,aq_sinitic,aq_sinitic,aq_faith_chinese,aq_chief_3399,aq_sinitic
c_yuezhou,aq_sinitic,aq_sinitic,aq_faith_chinese,aq_yue,aq_sinitic
c_yuezhou_1,aq_sinitic,aq_sinitic,aq_faith_chinese,aq_chief_3401,aq_sinitic
c_yulin,aq_baiyue,aq_baiyue,aq_faith_asian,aq_chief_3402,aq_baiyue
c_yumen,aq_sinitic,aq_sinitic,aq_faith_chinese,aq_chief_3403,aq_sinitic
c_yunyang,aq_sinitic,aq_sinitic,aq_faith_chinese,aq_chief_3404,aq_sinitic
c_yunzhou,aq_sinitic,aq_sinitic,aq_faith_chinese,aq_chief_3405,aq_sinitic
c_yunzhou_2,aq_sinitic,aq_sinitic,aq_faith_chinese,aq_chief_3406,aq_sinitic
c_yuzhou,aq_sinitic,aq_sinitic,aq_faith_chinese,aq_chief_3407,aq_sinitic
c_yuzhou_2,aq_sinitic,aq_sinitic,aq_faith_chinese,aq_chief_3408,aq_sinitic
c_zabid,aq_sabaean,aq_sabaean,aq_faith_arabian,aq_chief_3409,aq_sabaean
c_zabulistan,aq_bactrian,aq_bactrian,mazdayasna,aq_chief_3410,aq_bactrian
c_zachlumia,aq_illyrian,aq_pannonian,aq_faith_balkan,aq_chief_3411,aq_pannonian
c_zadar,aq_illyrian,aq_delmatian,aq_faith_balkan,aq_chief_3412,aq_delmatian
c_zadoi,aq_tibetan,aq_tibetan,bon,aq_chief_3413,aq_tibetan
c_zagorje,aq_illyrian,aq_pannonian,aq_faith_balkan,aq_chief_3414,aq_pannonian
c_zagreb,aq_illyrian,aq_pannonian,aq_faith_balkan,aq_chief_3415,aq_pannonian
c_zaila,aq_cushitic,aq_cushitic,aq_faith_african,aq_chief_3416,aq_cushitic
c_zakroczymska,aq_slavic,aq_slavic,slavic_pagan,aq_chief_3417,aq_slavic
c_zamakhshar,aq_sogdian,aq_sogdian,mazdayasna,aq_chief_3418,aq_sogdian
c_zamindawar,aq_bactrian,aq_bactrian,mazdayasna,aq_chief_3419,aq_bactrian
c_zamm,aq_bactrian,aq_bactrian,mazdayasna,aq_chief_3420,aq_bactrian
c_zammour,aq_saharan,aq_saharan,aq_faith_libyan,aq_chief_3421,aq_saharan
c_zamora,aq_celtiberian,aq_vaccaean,aq_faith_celtic,aq_chief_3422,aq_vaccaean
c_zanjan,aq_persian,aq_persian,mazdayasna,aq_chief_3423,aq_persian
c_zanzibar,aq_bantu,aq_bantu,aq_faith_african,aq_chief_3424,aq_bantu
c_zarafshan,aq_sogdian,aq_sogdian,mazdayasna,aq_chief_3425,aq_sogdian
c_zaragoza,aq_iberian,aq_edetanian,aq_faith_iberian,aq_chief_3426,aq_edetanian
c_zarand,aq_gaulish,aq_dacian,aq_faith_zalmonian,aq_chief_3427,aq_dacian
c_zaranj,aq_persian,aq_persian,mazdayasna,aq_chief_3428,aq_persian
c_zaria,aq_central_african,aq_central_african,west_african_bori_pagan,aq_chief_3429,aq_central_african
c_zarma,aq_west_african,aq_west_african,west_african_pagan,aq_chief_3430,aq_west_african
c_zarman,aq_steppe_eastern,aq_steppe_eastern,tengri_pagan,aq_chief_3431,aq_steppe_eastern
c_zaslavl,aq_slavic,aq_slavic,slavic_pagan,aq_chief_3432,aq_slavic
c_zatec,aq_gaulish,aq_boian_danube,aq_faith_celtic,aq_chief_3433,aq_boian_danube
c_zavrsje,aq_illyrian,aq_pannonian,aq_faith_balkan,aq_chief_3434,aq_pannonian
c_zawila,aq_saharan,aq_garamantian,aq_faith_libyan,aq_chief_3435,aq_garamantian
c_zeeland,aq_germanic,aq_chaucan,aq_faith_germanic,aq_chief_3436,aq_chaucan
c_zekog,aq_tibetan,aq_tibetan,bon,aq_chief_3437,aq_tibetan
c_zela,aq_anatolian,aq_cappadocian,aq_faith_ma,aq_chief_3438,aq_cappadocian
c_zelengora,aq_illyrian,aq_pannonian,aq_faith_balkan,aq_chief_3439,aq_pannonian
c_zemigalians,aq_baltic,aq_baltic,baltic_pagan,aq_chief_3440,aq_baltic
c_zemplen,aq_gaulish,aq_gaulish,aq_faith_celtic,aq_chief_3441,aq_gaulish
c_zetang,aq_tibetan,aq_tibetan,bon,aq_chief_3442,aq_tibetan
c_zezhou,aq_sinitic,aq_sinitic,aq_faith_chinese,aq_chief_3443,aq_sinitic
c_zhagyab,aq_tibetan,aq_tibetan,bon,aq_chief_3444,aq_tibetan
c_zhangzhou,aq_baiyue,aq_baiyue,aq_faith_asian,aq_chief_3445,aq_baiyue
c_zhanyin,aq_sinitic,aq_sinitic,aq_faith_chinese,aq_chief_3446,aq_sinitic
c_zhaozhou,aq_sinitic,aq_sinitic,aq_faith_chinese,aq_chief_3447,aq_sinitic
c_zhaozhou_1,aq_baiyue,aq_baiyue,aq_faith_asian,aq_chief_3448,aq_baiyue
c_zhenfan,aq_sinitic,aq_sinitic,aq_faith_chinese,aq_chief_3449,aq_sinitic
c_zhengzhou,aq_sinitic,aq_sinitic,aq_faith_chinese,aq_han,aq_sinitic
c_zhenwu_1,aq_sinitic,aq_sinitic,aq_faith_chinese,aq_chief_3451,aq_sinitic
c_zhenxi,aq_sinitic,aq_sinitic,aq_faith_chinese,aq_chief_3452,aq_sinitic
c_zhenzhou,aq_sinitic,aq_sinitic,aq_faith_chinese,aq_chief_3453,aq_sinitic
c_zherkovo,aq_thracian,aq_odrysian,aq_faith_balkan,aq_chief_3454,aq_odrysian
c_zhidoi,aq_tibetan,aq_tibetan,bon,aq_chief_3455,aq_tibetan
c_zhongba,aq_tibetan,aq_tibetan,bon,aq_chief_3456,aq_tibetan
c_zhongzhou,aq_sinitic,aq_sinitic,aq_faith_chinese,aq_chief_3457,aq_sinitic
c_zhuozhou,aq_sinitic,aq_sinitic,aq_faith_chinese,aq_chief_3458,aq_sinitic
c_zhytomyr,aq_slavic,aq_slavic,slavic_pagan,aq_chief_3459,aq_slavic
c_zichia,aq_sarmatian,aq_sarmatian,aq_faith_steppe,aq_chief_3460,aq_sarmatian
c_zichuan,aq_sinitic,aq_sinitic,aq_faith_chinese,aq_chief_3461,aq_sinitic
c_zirkuh,aq_bactrian,aq_bactrian,mazdayasna,aq_chief_3462,aq_bactrian
c_ziting,aq_sinitic,aq_sinitic,aq_faith_chinese,aq_chief_3463,aq_sinitic
c_ziz,aq_berber,aq_maurian,aq_faith_libyan,aq_chief_3464,aq_maurian
c_zizhou_2,aq_sinitic,aq_sinitic,aq_faith_chinese,aq_chief_3465,aq_sinitic
c_zlatibor,aq_illyrian,aq_dardanian,aq_faith_balkan,aq_chief_3466,aq_dardanian
c_znojmo,aq_gaulish,aq_boian_danube,aq_faith_celtic,aq_chief_3467,aq_boian_danube
c_zogang,aq_tibetan,aq_tibetan,bon,aq_chief_3468,aq_tibetan
c_zoige,aq_tibetan,aq_tibetan,bon,aq_chief_3469,aq_tibetan
c_zollern,aq_gaulish,aq_vindelician,aq_faith_celtic,aq_chief_3470,aq_vindelician
c_zolyom,aq_gaulish,aq_gaulish,aq_faith_celtic,aq_chief_3471,aq_gaulish
c_zongzhou,aq_baiyue,aq_baiyue,aq_faith_asian,aq_chief_3472,aq_baiyue
c_zuining,aq_baiyue,aq_baiyue,aq_faith_asian,aq_chief_3473,aq_baiyue
c_zurich,aq_gaulish,aq_rhaetian,aq_faith_rhaetian,aq_chief_3474,aq_rhaetian
c_zutphen,aq_germanic,aq_chaucan,aq_faith_germanic,aq_chief_3475,aq_chaucan
c_zvyahel,aq_slavic,aq_slavic,slavic_pagan,aq_chief_3476,aq_slavic
