county,old_culture,culture,faith,government,holder,former_liege
c_BAL_anbyeon,aq_tungusic,aq_tungusic,tengri_pagan,tribal_government,aq_chief_1,0
c_BAL_central_hoewon,aq_tungusic,aq_tungusic,tengri_pagan,tribal_government,aq_chief_2,0
c_BAL_changchun,aq_tungusic,aq_tungusic,tengri_pagan,tribal_government,aq_chief_3,0
c_BAL_dazhou,aq_tungusic,aq_tungusic,tengri_pagan,tribal_government,aq_chief_4,d_BAL_hoewon
c_BAL_delizhen,aq_tungusic,aq_tungusic,tengri_pagan,tribal_government,aq_chief_5,0
c_BAL_dongju,aq_tungusic,aq_tungusic,tengri_pagan,tribal_government,aq_chief_6,0
c_BAL_dongpyeong_yizhou,aq_tungusic,aq_tungusic,tengri_pagan,tribal_government,aq_chief_7,0
c_BAL_east_amnok,aq_tungusic,aq_tungusic,tengri_pagan,tribal_government,aq_chief_8,0
c_BAL_east_hoewon,aq_tungusic,aq_tungusic,tengri_pagan,tribal_government,aq_chief_9,d_BAL_hoewon
c_BAL_east_hyeondeok,aq_tungusic,aq_tungusic,tengri_pagan,tribal_government,aq_chief_10,d_BAL_parhae
c_BAL_east_jangryeong,aq_tungusic,aq_tungusic,tengri_pagan,tribal_government,aq_chief_11,d_BAL_amnok_jangryeong
c_BAL_fengzhou,aq_tungusic,aq_tungusic,tengri_pagan,tribal_government,aq_chief_12,0
c_BAL_fuzhou,aq_tungusic,aq_tungusic,tengri_pagan,tribal_government,aq_chief_13,d_BAL_buyeo
c_BAL_heuksu_anwon,aq_tungusic,aq_tungusic,tengri_pagan,tribal_government,aq_chief_14,0
c_BAL_huligai,aq_tungusic,aq_tungusic,tengri_pagan,tribal_government,aq_chief_15,d_BAL_cheolli
c_BAL_ilanshan,aq_tungusic,aq_tungusic,tengri_pagan,tribal_government,aq_chief_16,d_BAL_hoewon
c_BAL_jeongni,aq_tungusic,aq_tungusic,tengri_pagan,tribal_government,aq_chief_17,d_BAL_yeojintang
c_BAL_jixi,aq_tungusic,aq_tungusic,tengri_pagan,tribal_government,aq_chief_18,d_BAL_dongpyeong
c_BAL_makhil,aq_tungusic,aq_tungusic,tengri_pagan,tribal_government,aq_chief_19,0
c_BAL_namhae,aq_tungusic,aq_tungusic,tengri_pagan,tribal_government,aq_chief_20,d_BAL_southern_balhae
c_BAL_ningzhou,aq_tungusic,aq_tungusic,tengri_pagan,tribal_government,aq_chief_21,d_BAL_anwon
c_BAL_north_anbyeon,aq_tungusic,aq_tungusic,tengri_pagan,tribal_government,aq_chief_22,d_BAL_yeojintang
c_BAL_north_anwon,aq_tungusic,aq_tungusic,tengri_pagan,tribal_government,aq_chief_23,d_BAL_anwon
c_BAL_northyongwon,aq_tungusic,aq_tungusic,tengri_pagan,tribal_government,aq_chief_24,d_BAL_southern_balhae
c_BAL_sokju,aq_tungusic,aq_tungusic,tengri_pagan,tribal_government,aq_chief_25,d_BAL_moe_su
c_BAL_solbin,aq_tungusic,aq_tungusic,tengri_pagan,tribal_government,aq_chief_26,d_BAL_yeojintang
c_BAL_south_hoewon,aq_tungusic,aq_tungusic,tengri_pagan,tribal_government,aq_chief_27,d_BAL_hoewon
c_BAL_southyongwon,aq_tungusic,aq_tungusic,tengri_pagan,tribal_government,aq_chief_28,d_BAL_southern_balhae
c_BAL_supin,aq_tungusic,aq_tungusic,tengri_pagan,tribal_government,aq_chief_29,d_BAL_anwon
c_BAL_west_amnok,aq_tungusic,aq_tungusic,tengri_pagan,tribal_government,aq_chief_30,d_BAL_amnok_jangryeong
c_BAL_west_cheolli,aq_tungusic,aq_tungusic,tengri_pagan,tribal_government,aq_chief_31,d_BAL_cheolli
c_BAL_west_hyeondeok,aq_tungusic,aq_tungusic,tengri_pagan,tribal_government,aq_chief_32,d_BAL_parhae
c_BAL_west_jangryeong,aq_tungusic,aq_tungusic,tengri_pagan,tribal_government,aq_chief_33,d_BAL_amnok_jangryeong
c_BAL_west_makhil,aq_tungusic,aq_tungusic,tengri_pagan,tribal_government,aq_chief_34,d_BAL_moe_su
c_BAL_xinzhou,aq_tungusic,aq_tungusic,tengri_pagan,tribal_government,aq_chief_35,d_BAL_buyeo
c_BAL_yeongju,aq_tungusic,aq_tungusic,tengri_pagan,tribal_government,aq_chief_36,d_BAL_parhae
c_BAL_yizhou,aq_tungusic,aq_tungusic,tengri_pagan,tribal_government,aq_chief_37,d_BAL_buyeo
c_BAL_yongcheon,aq_tungusic,aq_tungusic,tengri_pagan,tribal_government,aq_chief_38,d_BAL_parhae
c_BOR_banjar,aq_austronesian,aq_austronesian,aq_faith_asian,tribal_government,aq_chief_39,0
c_BOR_berau,aq_austronesian,aq_austronesian,aq_faith_asian,tribal_government,aq_chief_40,0
c_BOR_brunei,aq_austronesian,aq_austronesian,aq_faith_asian,tribal_government,aq_chief_41,0
c_BOR_iban,aq_austronesian,aq_austronesian,aq_faith_asian,tribal_government,aq_chief_42,0
c_BOR_kudat,aq_austronesian,aq_austronesian,aq_faith_asian,tribal_government,aq_chief_43,d_BOR_barune
c_BOR_kutai_jauh,aq_austronesian,aq_austronesian,aq_faith_asian,tribal_government,aq_chief_44,d_BOR_kutai
c_BOR_kutai_utara,aq_austronesian,aq_austronesian,aq_faith_asian,tribal_government,aq_chief_45,d_BOR_kutai
c_BOR_lahad_datu,aq_austronesian,aq_austronesian,aq_faith_asian,tribal_government,aq_chief_46,d_BOR_barune
c_BOR_martapura,aq_austronesian,aq_austronesian,aq_faith_asian,tribal_government,aq_chief_47,d_BOR_kutai
c_BOR_menjelutung,aq_austronesian,aq_austronesian,aq_faith_asian,tribal_government,aq_chief_48,d_BOR_barune
c_BOR_nabawan,aq_austronesian,aq_austronesian,aq_faith_asian,tribal_government,aq_chief_49,d_BOR_barune
c_BOR_rajang,aq_austronesian,aq_austronesian,aq_faith_asian,tribal_government,aq_chief_50,d_BOR_santubong
c_BOR_sambas,aq_austronesian,aq_austronesian,aq_faith_asian,tribal_government,aq_chief_51,0
c_BOR_sampit,aq_austronesian,aq_austronesian,aq_faith_asian,tribal_government,aq_chief_52,d_BOR_nan_sarunai
c_BOR_santubong,aq_austronesian,aq_austronesian,aq_faith_asian,tribal_government,aq_chief_53,d_BOR_santubong
c_BOR_sintang,aq_austronesian,aq_austronesian,aq_faith_asian,tribal_government,aq_chief_54,d_BOR_tanjungpura
c_BOR_sukadana,aq_austronesian,aq_austronesian,aq_faith_asian,tribal_government,aq_chief_55,d_BOR_tanjungpura
c_BOR_tabalung,aq_austronesian,aq_austronesian,aq_faith_asian,tribal_government,aq_chief_56,d_BOR_nan_sarunai
c_BOR_taiao,aq_austronesian,aq_austronesian,aq_faith_asian,tribal_government,aq_chief_57,d_BOR_nan_sarunai
c_BOR_tanah_taman,aq_austronesian,aq_austronesian,aq_faith_asian,tribal_government,aq_chief_58,d_BOR_santubong
c_BOR_waringin,aq_austronesian,aq_austronesian,aq_faith_asian,tribal_government,aq_chief_59,d_BOR_tanjungpura
c_EM_doodonon,aq_steppe_eastern,aq_donghu,aq_faith_asian,nomad_government,aq_chief_60,0
c_EM_jiangbian,aq_steppe_eastern,aq_donghu,aq_faith_asian,nomad_government,aq_chief_61,d_EM_onon
c_EM_khaldun,aq_steppe_eastern,aq_steppe_eastern,aq_faith_asian,nomad_government,aq_chief_62,0
c_EM_khiltsaiz,aq_steppe_eastern,aq_donghu,aq_faith_asian,nomad_government,aq_chief_63,0
c_EM_khoyorgol,aq_steppe_eastern,aq_donghu,aq_faith_asian,nomad_government,aq_chief_64,d_EM_wajiezi
c_EM_kizilkhentii,aq_steppe_eastern,aq_donghu,aq_faith_asian,nomad_government,aq_chief_65,d_EM_onon
c_EM_ononum,aq_steppe_eastern,aq_donghu,aq_faith_asian,nomad_government,aq_chief_66,d_EM_onon
c_EM_shilka,aq_steppe_eastern,aq_donghu,aq_faith_asian,nomad_government,aq_chief_67,d_EM_wajiezi
c_EM_tsetsen,aq_steppe_eastern,aq_donghu,aq_faith_asian,nomad_government,aq_chief_68,0
c_EM_urtolgod,aq_steppe_eastern,aq_donghu,aq_faith_asian,nomad_government,aq_chief_69,d_EM_yujuelu
c_EM_yujuelu,aq_steppe_eastern,aq_donghu,aq_faith_asian,nomad_government,aq_chief_70,d_EM_yujuelu
c_IDO_bali,aq_austronesian,aq_austronesian,aq_faith_asian,tribal_government,aq_chief_71,0
c_IDO_barat_daya,aq_austronesian,aq_austronesian,aq_faith_asian,tribal_government,aq_chief_72,0
c_IDO_galiyao,aq_austronesian,aq_austronesian,aq_faith_asian,tribal_government,aq_chief_73,0
c_IDO_humba,aq_austronesian,aq_austronesian,aq_faith_asian,tribal_government,aq_chief_74,d_IDO_lesser_sunda
c_IDO_lombok_and_sumbawa,aq_austronesian,aq_austronesian,aq_faith_asian,tribal_government,aq_chief_75,d_IDO_bali
c_IDO_nusa_nipa,aq_austronesian,aq_austronesian,aq_faith_asian,tribal_government,aq_chief_76,d_IDO_lesser_sunda
c_IDO_sonba_i,aq_austronesian,aq_austronesian,aq_faith_asian,tribal_government,aq_chief_77,d_IDO_timor
c_IDO_wehale,aq_austronesian,aq_austronesian,aq_faith_asian,tribal_government,aq_chief_78,d_IDO_timor
c_JAV_cimanuk,aq_austronesian,aq_austronesian,aq_faith_asian,tribal_government,aq_chief_79,0
c_JAV_galuh,aq_austronesian,aq_austronesian,aq_faith_asian,tribal_government,aq_chief_80,d_JAV_taruma
c_JAV_janggala,aq_austronesian,aq_austronesian,aq_faith_asian,tribal_government,aq_chief_81,0
c_JAV_kalingga,aq_austronesian,aq_austronesian,aq_faith_asian,tribal_government,aq_chief_82,d_JAV_mataram
c_JAV_lumajang,aq_austronesian,aq_austronesian,aq_faith_asian,tribal_government,aq_chief_83,d_JAV_mataram
c_JAV_madura,aq_austronesian,aq_austronesian,aq_faith_asian,tribal_government,aq_chief_84,d_IDO_bali
c_JAV_mataram,aq_austronesian,aq_austronesian,aq_faith_asian,tribal_government,aq_chief_85,d_JAV_mataram
c_JAV_sunda,aq_austronesian,aq_austronesian,aq_faith_asian,tribal_government,aq_chief_86,d_JAV_taruma
c_LIAO_changchun,aq_tungusic,aq_tungusic,tengri_pagan,tribal_government,aq_chief_87,0
c_LIAO_chaoyang,aq_tungusic,aq_tungusic,tengri_pagan,tribal_government,aq_chief_88,0
c_LIAO_dading,aq_tungusic,aq_tungusic,tengri_pagan,tribal_government,aq_chief_89,0
c_LIAO_dalian,aq_tungusic,aq_tungusic,tengri_pagan,tribal_government,aq_chief_90,0
c_LIAO_diezhou,aq_tungusic,aq_tungusic,tengri_pagan,tribal_government,aq_chief_91,0
c_LIAO_guidezhou,aq_tungusic,aq_tungusic,tengri_pagan,tribal_government,aq_chief_92,d_LIAO_dongjing
c_LIAO_heicaoan,aq_tungusic,aq_tungusic,tengri_pagan,tribal_government,aq_chief_93,d_LIAO_linhuang
c_LIAO_horqinan,aq_tungusic,aq_tungusic,tengri_pagan,tribal_government,aq_chief_94,d_LIAO_shangjing
c_LIAO_jinzhou,aq_tungusic,aq_tungusic,tengri_pagan,tribal_government,aq_chief_95,d_liaoxi
c_LIAO_liaozhou,aq_tungusic,aq_tungusic,tengri_pagan,tribal_government,aq_chief_96,d_liaoxi
c_LIAO_linhuang,aq_tungusic,aq_tungusic,tengri_pagan,tribal_government,aq_chief_97,d_LIAO_linhuang
c_LIAO_longhuazhou,aq_tungusic,aq_tungusic,tengri_pagan,tribal_government,aq_chief_98,d_LIAO_linhuang
c_LIAO_ningzhou,aq_tungusic,aq_tungusic,tengri_pagan,tribal_government,aq_chief_99,d_LIAO_shangjing
c_LIAO_raozhou,aq_tungusic,aq_tungusic,tengri_pagan,tribal_government,aq_chief_100,d_LIAO_linhuang
c_LIAO_shenyang,aq_tungusic,aq_tungusic,tengri_pagan,tribal_government,aq_chief_101,d_LIAO_dongjing
c_LIAO_taizhou,aq_tungusic,aq_tungusic,tengri_pagan,tribal_government,aq_chief_102,d_LIAO_shangjing
c_LIAO_ulagaian,aq_tungusic,aq_tungusic,tengri_pagan,tribal_government,aq_chief_103,d_LIAO_linhuang
c_LIAO_wuzhou,aq_tungusic,aq_tungusic,tengri_pagan,tribal_government,aq_chief_104,d_LIAO_shangjing
c_LIAO_xianzhou,aq_tungusic,aq_tungusic,tengri_pagan,tribal_government,aq_chief_105,d_liaoxi
c_LIAO_yinzhou,aq_tungusic,aq_tungusic,tengri_pagan,tribal_government,aq_chief_106,d_LIAO_dongjing
c_LIAO_zhenzhou,aq_tungusic,aq_tungusic,tengri_pagan,tribal_government,aq_chief_107,d_LIAO_dongjing
c_MAL_gangganegara,aq_austronesian,aq_austronesian,aq_faith_asian,tribal_government,aq_chief_108,0
c_MAL_gelanggi,aq_austronesian,aq_austronesian,aq_faith_asian,tribal_government,aq_chief_109,d_MAL_pahang
c_MAL_johor,aq_austronesian,aq_austronesian,aq_faith_asian,tribal_government,aq_chief_110,d_MAL_pahang
c_MAL_kedah,aq_austronesian,aq_austronesian,aq_faith_asian,tribal_government,aq_chief_111,0
c_MAL_kelantan,aq_austronesian,aq_austronesian,aq_faith_asian,tribal_government,aq_chief_112,d_MAL_langkasuka
c_MAL_pahang,aq_austronesian,aq_austronesian,aq_faith_asian,tribal_government,aq_chief_113,d_MAL_pahang
c_MAL_patani,aq_austronesian,aq_austronesian,aq_faith_asian,tribal_government,aq_chief_114,d_MAL_langkasuka
c_MAL_semantan,aq_austronesian,aq_austronesian,aq_faith_asian,tribal_government,aq_chief_115,d_MAL_pahang
c_PHI_bool_and_cebu,aq_austronesian,aq_austronesian,aq_faith_asian,tribal_government,aq_chief_116,0
c_PHI_buglas,aq_austronesian,aq_austronesian,aq_faith_asian,tribal_government,aq_chief_117,d_PHI_visayas
c_PHI_butuan,aq_austronesian,aq_austronesian,aq_faith_asian,tribal_government,aq_chief_118,0
c_PHI_cagayan_valley,aq_austronesian,aq_austronesian,aq_faith_asian,tribal_government,aq_chief_119,0
c_PHI_calagan,aq_austronesian,aq_austronesian,aq_faith_asian,tribal_government,aq_chief_120,d_PHI_butuan
c_PHI_cotabato,aq_austronesian,aq_austronesian,aq_faith_asian,tribal_government,aq_chief_121,0
c_PHI_ibalong,aq_austronesian,aq_austronesian,aq_faith_asian,tribal_government,aq_chief_122,0
c_PHI_igorot,aq_austronesian,aq_austronesian,aq_faith_asian,tribal_government,aq_chief_123,0
c_PHI_ivatan,aq_austronesian,aq_austronesian,aq_faith_asian,tribal_government,aq_chief_124,d_PHI_ilocana
c_PHI_kalilayan,aq_austronesian,aq_austronesian,aq_faith_asian,tribal_government,aq_chief_125,d_PHI_tondo
c_PHI_kasiguranin,aq_austronesian,aq_austronesian,aq_faith_asian,tribal_government,aq_chief_126,d_PHI_cagayan
c_PHI_lanao,aq_austronesian,aq_austronesian,aq_faith_asian,tribal_government,aq_chief_127,d_PHI_maguindanao
c_PHI_ma-i,aq_austronesian,aq_austronesian,aq_faith_asian,tribal_government,aq_chief_128,d_PHI_tondo
c_PHI_maguindanao,aq_austronesian,aq_austronesian,aq_faith_asian,tribal_government,aq_chief_129,d_PHI_maguindanao
c_PHI_mandaya,aq_austronesian,aq_austronesian,aq_faith_asian,tribal_government,aq_chief_130,d_PHI_butuan
c_PHI_masbate,aq_austronesian,aq_austronesian,aq_faith_asian,tribal_government,aq_chief_131,d_PHI_tondo
c_PHI_panay,aq_austronesian,aq_austronesian,aq_faith_asian,tribal_government,aq_chief_132,d_PHI_visayas
c_PHI_pangasinan,aq_austronesian,aq_austronesian,aq_faith_asian,tribal_government,aq_chief_133,d_PHI_ilocana
c_PHI_samar,aq_austronesian,aq_austronesian,aq_faith_asian,tribal_government,aq_chief_134,d_PHI_visayas
c_PHI_samtoy,aq_austronesian,aq_austronesian,aq_faith_asian,tribal_government,aq_chief_135,d_PHI_ilocana
c_PHI_sarangani,aq_austronesian,aq_austronesian,aq_faith_asian,tribal_government,aq_chief_136,d_PHI_butuan
c_PHI_south_palawan,aq_austronesian,aq_austronesian,aq_faith_asian,tribal_government,aq_chief_137,0
c_PHI_sulu,aq_austronesian,aq_austronesian,aq_faith_asian,tribal_government,aq_chief_138,d_PHI_maguindanao
c_PHI_tandaya,aq_austronesian,aq_austronesian,aq_faith_asian,tribal_government,aq_chief_139,d_PHI_visayas
c_PHI_taytay,aq_austronesian,aq_austronesian,aq_faith_asian,tribal_government,aq_chief_140,d_PHI_sandao
c_PHI_tondo,aq_austronesian,aq_austronesian,aq_faith_asian,tribal_government,aq_chief_141,d_PHI_tondo
c_PHI_zamboanga,aq_austronesian,aq_austronesian,aq_faith_asian,tribal_government,aq_chief_142,d_PHI_maguindanao
c_SUM_bangka-belitung,aq_austronesian,aq_austronesian,aq_faith_asian,tribal_government,aq_chief_143,0
c_SUM_barus,aq_austronesian,aq_austronesian,aq_faith_asian,tribal_government,aq_chief_144,0
c_SUM_bengkulu,aq_austronesian,aq_austronesian,aq_faith_asian,tribal_government,aq_chief_145,0
c_SUM_dharmasraya,aq_austronesian,aq_austronesian,aq_faith_asian,tribal_government,aq_chief_146,0
c_SUM_east_sumatra,aq_austronesian,aq_austronesian,aq_faith_asian,tribal_government,aq_chief_147,d_SUM_palembang
c_SUM_indragiri,aq_austronesian,aq_austronesian,aq_faith_asian,tribal_government,aq_chief_148,d_SUM_jambi
c_SUM_jambi,aq_austronesian,aq_austronesian,aq_faith_asian,tribal_government,aq_chief_149,d_SUM_jambi
c_SUM_kampar,aq_austronesian,aq_austronesian,aq_faith_asian,tribal_government,aq_chief_150,0
c_SUM_karang_brahi,aq_austronesian,aq_austronesian,aq_faith_asian,tribal_government,aq_chief_151,d_SUM_jambi
c_SUM_lambri,aq_austronesian,aq_austronesian,aq_faith_asian,tribal_government,aq_chief_152,d_SUM_aceh
c_SUM_lampung,aq_austronesian,aq_austronesian,aq_faith_asian,tribal_government,aq_chief_153,d_SUM_palembang
c_SUM_lingga,aq_austronesian,aq_austronesian,aq_faith_asian,tribal_government,aq_chief_154,d_SUM_jambi
c_SUM_meranti,aq_austronesian,aq_austronesian,aq_faith_asian,tribal_government,aq_chief_155,d_SUM_riau
c_SUM_minangkabau,aq_austronesian,aq_austronesian,aq_faith_asian,tribal_government,aq_chief_156,d_SUM_minangkabau
c_SUM_muara_takus,aq_austronesian,aq_austronesian,aq_faith_asian,tribal_government,aq_chief_157,d_SUM_riau
c_SUM_palembang,aq_austronesian,aq_austronesian,aq_faith_asian,tribal_government,aq_chief_158,d_SUM_palembang
c_SUM_panai,aq_austronesian,aq_austronesian,aq_faith_asian,tribal_government,aq_chief_159,d_SUM_aceh
c_SUM_pasemah,aq_austronesian,aq_austronesian,aq_faith_asian,tribal_government,aq_chief_160,d_SUM_palembang
c_SUM_pekanbaru,aq_austronesian,aq_austronesian,aq_faith_asian,tribal_government,aq_chief_161,d_SUM_riau
c_SUM_perlak,aq_austronesian,aq_austronesian,aq_faith_asian,tribal_government,aq_chief_162,d_SUM_aceh
c_SUM_riak_nan_berbedur,aq_austronesian,aq_austronesian,aq_faith_asian,tribal_government,aq_chief_163,d_SUM_minangkabau
c_SUM_rokan,aq_austronesian,aq_austronesian,aq_faith_asian,tribal_government,aq_chief_164,d_SUM_riau
c_SW_damoguo,aq_tungusic,aq_tungusic,tengri_pagan,tribal_government,aq_chief_165,0
c_SW_dongcheziguo,aq_tungusic,aq_tungusic,tengri_pagan,tribal_government,aq_chief_166,0
c_SW_dongruzhe,aq_tungusic,aq_tungusic,tengri_pagan,tribal_government,aq_chief_167,0
c_SW_ergunia,aq_tungusic,aq_tungusic,tengri_pagan,tribal_government,aq_chief_168,0
c_SW_fancao,aq_tungusic,aq_tungusic,tengri_pagan,tribal_government,aq_chief_169,0
c_SW_gonghejiang,aq_tungusic,aq_tungusic,tengri_pagan,tribal_government,aq_chief_170,d_SW_sushenguo
c_SW_hailar,aq_tungusic,aq_tungusic,tengri_pagan,tribal_government,aq_chief_171,d_SW_dashiweiguo
c_SW_heiergun,aq_tungusic,aq_tungusic,tengri_pagan,tribal_government,aq_chief_172,d_SW_dashiweiguo
c_SW_heiheguo,aq_tungusic,aq_tungusic,tengri_pagan,tribal_government,aq_chief_173,0
c_SW_heilonghean,aq_tungusic,aq_tungusic,tengri_pagan,tribal_government,aq_chief_174,d_SW_puyudao
c_SW_heilonglin,aq_tungusic,aq_tungusic,tengri_pagan,tribal_government,aq_chief_175,d_SW_sushenguo
c_SW_hongxingan,aq_tungusic,aq_tungusic,tengri_pagan,tribal_government,aq_chief_176,d_SW_heicheziguo
c_SW_huangtouguo,aq_tungusic,aq_tungusic,tengri_pagan,tribal_government,aq_chief_177,0
c_SW_hulunbuir,aq_tungusic,aq_tungusic,tengri_pagan,tribal_government,aq_chief_178,d_SW_heicheziguo
c_SW_jiqin_hari,aq_tungusic,aq_tungusic,tengri_pagan,tribal_government,aq_chief_179,d_SW_ruzheguo
c_SW_lingxiguo,aq_tungusic,aq_tungusic,tengri_pagan,tribal_government,aq_chief_180,d_SW_lingxiguo
c_SW_luotuoguo,aq_tungusic,aq_tungusic,tengri_pagan,tribal_government,aq_chief_181,d_SW_qingxingan
c_SW_lupingyuan,aq_tungusic,aq_tungusic,tengri_pagan,tribal_government,aq_chief_182,d_SW_sushenguo
c_SW_mengwuo,aq_tungusic,aq_tungusic,tengri_pagan,tribal_government,aq_chief_183,d_SW_dashiweiguo
c_SW_nabeiguo,aq_tungusic,aq_tungusic,tengri_pagan,tribal_government,aq_chief_184,d_SW_qingxingan
c_SW_pibeihe,aq_tungusic,aq_tungusic,tengri_pagan,tribal_government,aq_chief_185,d_SW_dashiweiguo
c_SW_powoguo,aq_tungusic,aq_tungusic,tengri_pagan,tribal_government,aq_chief_186,d_SW_lingxiguo
c_SW_puyuzhou,aq_tungusic,aq_tungusic,tengri_pagan,tribal_government,aq_chief_187,d_SW_puyudao
c_SW_ruzhejiang,aq_tungusic,aq_tungusic,tengri_pagan,tribal_government,aq_chief_188,d_SW_ruzheguo
c_SW_shanbeiguo,aq_tungusic,aq_tungusic,tengri_pagan,tribal_government,aq_chief_189,d_SW_puyudao
c_SW_suihua,aq_tungusic,aq_tungusic,tengri_pagan,tribal_government,aq_chief_190,d_SW_sushenguo
c_SW_talbai,aq_steppe_eastern,aq_donghu,aq_faith_asian,nomad_government,aq_chief_191,d_EM_wajiezi
c_SW_xinghuangtou,aq_tungusic,aq_tungusic,tengri_pagan,tribal_government,aq_chief_192,d_SW_qingxingan
c_SW_xingnabei,aq_tungusic,aq_tungusic,tengri_pagan,tribal_government,aq_chief_193,d_SW_qingxingan
c_SW_zhongcheziguo,aq_tungusic,aq_tungusic,tengri_pagan,tribal_government,aq_chief_194,d_SW_heicheziguo
c_SuMa_ajatappareng,aq_austronesian,aq_austronesian,aq_faith_asian,tribal_government,aq_chief_195,0
c_SuMa_bacan,aq_austronesian,aq_austronesian,aq_faith_asian,tribal_government,aq_chief_196,0
c_SuMa_banawa,aq_austronesian,aq_austronesian,aq_faith_asian,tribal_government,aq_chief_197,0
c_SuMa_banggai,aq_austronesian,aq_austronesian,aq_faith_asian,tribal_government,aq_chief_198,0
c_SuMa_banggai_utara,aq_austronesian,aq_austronesian,aq_faith_asian,tribal_government,aq_chief_199,d_SuMa_tompotika
c_SuMa_buru-sula,aq_austronesian,aq_austronesian,aq_faith_asian,tribal_government,aq_chief_200,0
c_SuMa_butun,aq_austronesian,aq_austronesian,aq_faith_asian,tribal_government,aq_chief_201,0
c_SuMa_gorontalo,aq_austronesian,aq_austronesian,aq_faith_asian,tribal_government,aq_chief_202,d_SuMa_minahasa
c_SuMa_konawe,aq_austronesian,aq_austronesian,aq_faith_asian,tribal_government,aq_chief_203,d_SuMa_konawe
c_SuMa_luwu,aq_austronesian,aq_austronesian,aq_faith_asian,tribal_government,aq_chief_204,d_SuMa_luwu
c_SuMa_mori,aq_austronesian,aq_austronesian,aq_faith_asian,tribal_government,aq_chief_205,d_SuMa_tompotika
c_SuMa_moronene,aq_austronesian,aq_austronesian,aq_faith_asian,tribal_government,aq_chief_206,d_SuMa_konawe
c_SuMa_raja_ampat,aq_austronesian,aq_austronesian,aq_faith_asian,tribal_government,aq_chief_207,d_SuMa_maluku
c_SuMa_sampaga,aq_austronesian,aq_austronesian,aq_faith_asian,tribal_government,aq_chief_208,d_SuMa_luwu
c_SuMa_seram,aq_austronesian,aq_austronesian,aq_faith_asian,tribal_government,aq_chief_209,d_SuMa_maluku
c_SuMa_siang,aq_austronesian,aq_austronesian,aq_faith_asian,tribal_government,aq_chief_210,d_SuMa_luwu
c_SuMa_tamboeko,aq_austronesian,aq_austronesian,aq_faith_asian,tribal_government,aq_chief_211,d_SuMa_konawe
c_SuMa_ternate,aq_austronesian,aq_austronesian,aq_faith_asian,tribal_government,aq_chief_212,d_SuMa_halmahera
c_SuMa_tidore,aq_austronesian,aq_austronesian,aq_faith_asian,tribal_government,aq_chief_213,d_SuMa_halmahera
c_SuMa_wenang,aq_austronesian,aq_austronesian,aq_faith_asian,tribal_government,aq_chief_214,d_SuMa_minahasa
c_THAI_phetchaburi,aq_tai,aq_tai,aq_faith_asian,tribal_government,aq_chief_215,0
c_THAI_takua_pa,aq_austronesian,aq_austronesian,aq_faith_asian,tribal_government,aq_chief_216,d_MAL_langkasuka
c_THAI_tambralinga,aq_austronesian,aq_austronesian,aq_faith_asian,tribal_government,aq_chief_217,d_MAL_langkasuka
c_THAI_tenasserim,aq_tai,aq_tai,aq_faith_asian,tribal_government,aq_chief_218,d_tun_sun
c_aachen,aq_germanic,aq_ubian,aq_faith_germanic,tribal_government,aq_chief_219,0
c_aalborg,aq_cimbrian,aq_cimbrian,aq_faith_germanic,tribal_government,aq_chief_220,0
c_aargau,aq_helvetian,aq_helvetian,aq_faith_celtic,tribal_government,aq_chief_221,0
c_aarhus,aq_cimbrian,aq_cimbrian,aq_faith_germanic,tribal_government,aq_chief_222,d_jylland
c_abakan,aq_tagar,aq_tagar,aq_faith_steppe,tribal_government,aq_chief_223,0
c_abauj,aq_gaulish,aq_gaulish,aq_faith_celtic,tribal_government,aq_chief_224,0
c_abbadan,persian,aq_elamite,aq_faith_mesopotamian,tribal_government,aq_chief_225,d_khuzestan
c_abivard,aq_bactrian,aq_parthian_early,mazdayasna,tribal_government,aq_chief_226,e_aq_persia
c_abkhazia,aq_colchian,aq_colchian,aq_faith_anatolian,tribal_government,aq_chief_227,0
c_ablastha,aq_cappadocian,aq_cappadocian,aq_faith_ma,tribal_government,aq_chief_228,d_sebasteia
c_abomey,aq_forest_african,aq_forest_african,west_african_roog_pagan,tribal_government,aq_chief_229,0
c_abruzzi,aq_sabine,aq_sabine,aq_faith_italic,tribal_government,aq_chief_230,0
c_abu_hammad,aq_kushite,aq_kushite,kushitism_pagan,tribal_government,aq_chief_231,d_shamir
c_abugan,aq_saka,aq_saka,aq_faith_steppe,nomad_government,aq_chief_232,0
c_abwab,aq_kushite,aq_kushite,kushitism_pagan,tribal_government,aq_chief_233,d_makuria
c_abydos,aq_hellenic,aq_hellenic,hellenic_pagan,tribal_government,aq_chief_234,0
c_acalapura,aq_vidarbha,aq_vidarbha,aq_faith_atharvavedic,tribal_government,aq_chief_235,0
c_acampse,aq_kartvelian,aq_kartvelian,aq_faith_anatolian,tribal_government,aq_chief_236,0
c_achaia,aq_hellenic,aq_hellenic,hellenic_pagan,tribal_government,aq_chief_237,0
c_achu,aq_saka,aq_saka,aq_faith_steppe,nomad_government,aq_chief_238,0
c_acre,aq_aramaic,aq_aramaic,aq_faith_mesopotamian,tribal_government,aq_chief_239,d_urdunn
c_adanse,aq_forest_african,aq_forest_african,west_african_roog_pagan,tribal_government,aq_chief_240,0
c_adoni,aq_kadamba_early,aq_kadamba_early,aq_faith_dravidian,tribal_government,aq_chief_241,0
c_adrianopolis,aq_odrysian,aq_odrysian,aq_faith_balkan,tribal_government,aq_thrace,0
c_aeolis,aq_aeolian,aq_aeolian,hellenic_pagan,tribal_government,aq_chief_243,d_ephese
c_aetolia,aq_hellenic,aq_hellenic,hellenic_pagan,tribal_government,aq_chief_244,d_epirus
c_afar,aq_cushitic,aq_cushitic,aq_faith_african,tribal_government,aq_chief_245,0
c_afram,aq_forest_african,aq_forest_african,west_african_roog_pagan,tribal_government,aq_chief_246,0
c_agadir,aq_maurian,aq_maurian,aq_faith_libyan,tribal_government,aq_chief_247,0
c_agairik,aq_saka,aq_pazyryk,aq_faith_steppe,nomad_government,aq_chief_248,0
c_agaw_meder,aq_ethiopian,aq_ethiopian,aq_faith_african,tribal_government,aq_chief_249,0
c_agdeside,aq_rugian,aq_rugian,aq_faith_germanic,tribal_government,aq_chief_250,0
c_agenais,aq_aquitani,aq_aquitani,aq_faith_iberian,tribal_government,aq_chief_251,0
c_agrigento,aq_sicanian,aq_sicanian,aq_faith_sicanian,tribal_government,aq_chief_252,d_sicily
c_ahqaf,aq_sabaean,aq_sabaean,aq_faith_arabian,tribal_government,aq_chief_253,0
c_ahvaz,persian,aq_elamite,aq_faith_mesopotamian,tribal_government,aq_chief_254,k_aq_persia_persia
c_aigun,aq_saka,aq_saka,aq_faith_steppe,nomad_government,aq_chief_255,0
c_ailech,aq_voluntian,aq_voluntian,aq_faith_celtic,tribal_government,aq_chief_256,0
c_ain_galakka,aq_saharan,aq_saharan,aq_faith_libyan,tribal_government,aq_chief_257,0
c_aintab,aq_aramaic,aq_aramaic,aq_faith_mesopotamian,tribal_government,aq_chief_258,d_edessa
c_air,aq_saharan,aq_saharan,aq_faith_libyan,tribal_government,aq_chief_259,0
c_airyuk,aq_saka,aq_massagetan,aq_faith_steppe,nomad_government,aq_chief_260,0
c_ajaccio,aq_corsican,aq_corsican,aq_faith_nuragic,tribal_government,aq_chief_261,0
c_ajayameru,aq_matsya,aq_matsya,aq_faith_rigvedic,tribal_government,aq_chief_262,0
c_ak-dzulpas,aq_saka,aq_massagetan,aq_faith_steppe,nomad_government,aq_chief_263,0
c_ak-taylak,aq_saka,aq_saka,aq_faith_steppe,nomad_government,aq_chief_264,0
c_akhadid,aq_aramaic,aq_aramaic,aq_faith_mesopotamian,tribal_government,aq_chief_265,d_kufa
c_aki,aq_yayoi,aq_yayoi,aq_faith_asian,tribal_government,aq_chief_266,0
c_akkel,aq_sami,aq_sami,finnish_pagan,tribal_government,aq_chief_267,0
c_akkityk,aq_saka,aq_saka,aq_faith_steppe,nomad_government,aq_chief_268,0
c_aksay,aq_tibetan,aq_tibetan,bon,tribal_government,aq_chief_269,0
c_aksu,aq_tocharian,aq_tocharian,aq_faith_steppe,tribal_government,aq_chief_270,0
c_aksuyek,aq_saka,aq_tigraxauda,aq_faith_steppe,nomad_government,aq_chief_271,0
c_al-arid,bedouin,bedouin,aq_faith_arabian,tribal_government,aq_chief_272,0
c_al-asa,aq_sabaean,aq_sabaean,aq_faith_arabian,tribal_government,aq_chief_273,0
c_al-buhaira,egyptian,egyptian,aq_faith_kemetic,tribal_government,aq_chief_274,d_delta
c_al-gharbiya,egyptian,egyptian,aq_faith_kemetic,tribal_government,aq_chief_275,d_delta
c_al-haditha,aq_aramaic,aq_aramaic,aq_faith_mesopotamian,tribal_government,aq_chief_276,d_euphrates
c_al-hasa,bedouin,bedouin,aq_faith_arabian,tribal_government,aq_chief_277,0
c_al_aqabah,bedouin,bedouin,aq_faith_arabian,tribal_government,aq_chief_278,0
c_al_jawf,bedouin,bedouin,aq_faith_arabian,tribal_government,aq_chief_279,0
c_aland,aq_suionian,aq_suionian,aq_faith_germanic,tribal_government,aq_chief_280,0
c_alarcon,aq_bastetanian,aq_bastetanian,aq_faith_iberian,tribal_government,aq_chief_281,0
c_albarracin,aq_edetanian,aq_edetanian,aq_faith_iberian,tribal_government,aq_chief_282,0
c_albi,aq_volcian,aq_volcian,aq_faith_celtic,tribal_government,aq_chief_283,0
c_albret,aq_aquitani,aq_aquitani,aq_faith_iberian,tribal_government,aq_chief_284,d_gascogne
c_alcacer_do_sal,aq_lusitanian,aq_lusitanian,aq_faith_lusitanian,tribal_government,aq_chief_285,0
c_alcaniz,aq_edetanian,aq_edetanian,aq_faith_iberian,tribal_government,aq_chief_286,d_aragon
c_alcaraz,aq_bastetanian,aq_bastetanian,aq_faith_iberian,tribal_government,aq_chief_287,d_murcia
c_alencon,aq_aulercian,aq_aulercian,aq_faith_celtic,tribal_government,aq_chief_288,0
c_aleppo,aq_aramaic,aq_aramaic,aq_faith_mesopotamian,tribal_government,aq_chief_289,k_aq_persia_syria
c_alexandretta,aq_aramaic,aq_aramaic,aq_faith_mesopotamian,tribal_government,aq_chief_290,d_antioch
c_alexandria,egyptian,egyptian,aq_faith_kemetic,tribal_government,aq_chief_291,k_aq_egypt
c_aley,aq_uralic,aq_uralic,finnish_pagan,tribal_government,aq_chief_292,0
c_algeciras,aq_turdetanian,aq_turdetanian,aq_faith_iberian,tribal_government,aq_chief_293,0
c_algier,aq_numidian_masaesylian,aq_numidian_masaesylian,aq_faith_libyan,tribal_government,aq_chief_294,0
c_alicante,aq_contestanian,aq_contestanian,aq_faith_iberian,tribal_government,aq_chief_295,0
c_allai,aq_kasmira,aq_kasmira,aq_faith_atharvavedic,tribal_government,aq_chief_296,0
c_allaqi,aq_cushitic,aq_cushitic,aq_faith_african,tribal_government,aq_chief_297,0
c_allenstein,aq_baltic,aq_baltic,baltic_pagan,tribal_government,aq_chief_298,0
c_almader,aq_turdetanian,aq_turdetanian,aq_faith_iberian,tribal_government,aq_chief_299,0
c_almaty,aq_saka,aq_tigraxauda,aq_faith_steppe,nomad_government,aq_chief_300,d_zhetysu
c_almeria,aq_bastetanian,aq_bastetanian,aq_faith_iberian,tribal_government,aq_chief_301,0
c_alodia,aq_kushite,aq_kushite,kushitism_pagan,tribal_government,aq_chief_302,k_aq_kush
c_along,aq_tibetan,aq_tibetan,bon,tribal_government,aq_chief_303,0
c_alpsee,aq_vindelician,aq_vindelician,aq_faith_celtic,tribal_government,aq_chief_304,0
c_altay,aq_saka,aq_pazyryk,aq_faith_steppe,nomad_government,aq_chief_305,0
c_alto_aragon,aq_edetanian,aq_edetanian,aq_faith_iberian,tribal_government,aq_chief_306,d_aragon
c_aluksne,aq_baltic,aq_baltic,baltic_pagan,tribal_government,aq_chief_307,0
c_alupa,aq_chera,aq_chera,aq_faith_murukan,tribal_government,aq_chief_308,0
c_alxa,aq_sinitic,aq_yuezhi_early,aq_faith_steppe,nomad_government,aq_chief_309,0
c_amami,aq_austronesian,aq_austronesian,aq_faith_asian,tribal_government,aq_chief_310,0
c_amatlus,aq_saharan,aq_saharan,aq_faith_libyan,tribal_government,aq_chief_311,0
c_amaya,aq_cantabrian,aq_cantabrian,aq_faith_celtic,tribal_government,aq_chief_312,0
c_amdo,aq_tibetan,aq_tibetan,bon,tribal_government,aq_chief_313,0
c_amhara,aq_ethiopian,aq_ethiopian,aq_faith_african,tribal_government,aq_chief_314,0
c_amida,aq_aramaic,aq_aramaic,aq_faith_mesopotamian,tribal_government,aq_chief_315,k_aq_persia_jazira
c_amiens,aq_parisian,aq_parisian,aq_faith_celtic,tribal_government,aq_chief_316,0
c_amis,aq_austronesian,aq_austronesian,aq_faith_asian,tribal_government,aq_chief_317,0
c_amol,aq_bactrian,aq_margian,mazdayasna,tribal_government,aq_chief_318,d_merv
c_amstetten,aq_noric,aq_noric,aq_faith_celtic,tribal_government,aq_chief_319,0
c_anbar,aq_aramaic,aq_aramaic,aq_faith_mesopotamian,tribal_government,aq_chief_320,d_baghdad
c_ancona,aq_picene,aq_picene,aq_faith_italic,tribal_government,aq_chief_321,0
c_andamans,aq_austronesian,aq_austronesian,aq_faith_asian,tribal_government,aq_chief_322,0
c_andong,aq_korean,aq_korean,aq_faith_asian,tribal_government,aq_chief_323,0
c_andujar,aq_turdetanian,aq_turdetanian,aq_faith_iberian,tribal_government,aq_chief_324,d_cordoba
c_angerburg,aq_baltic,aq_baltic,baltic_pagan,tribal_government,aq_chief_325,d_masuria
c_angermanland,aq_germanic,aq_haelsingian,aq_faith_germanic,tribal_government,aq_chief_326,0
c_angkor,aq_mon_khmer,aq_mon_khmer,aq_faith_asian,tribal_government,aq_chief_327,0
c_angkor_borey,aq_mon_khmer,aq_mon_khmer,aq_faith_asian,tribal_government,aq_chief_328,0
c_anglesey,aq_ordovician,aq_ordovician,aq_faith_celtic,tribal_government,aq_chief_329,0
c_angot,aq_ethiopian,aq_ethiopian,aq_faith_african,tribal_government,aq_chief_330,d_lasta
c_angouleme,aq_santonian,aq_santonian,aq_faith_celtic,tribal_government,aq_chief_331,0
c_angus,aq_caledonian,aq_caledonian,aq_faith_celtic,tribal_government,aq_chief_332,0
c_anja,aq_tagar,aq_tagar,aq_faith_steppe,tribal_government,aq_chief_333,0
c_anjou,aq_andecavian,aq_andecavian,aq_faith_celtic,tribal_government,aq_chief_334,0
c_anket,aq_sarmatian,aq_sarmatian,aq_faith_steppe,nomad_government,aq_chief_335,0
c_annaba,aq_numidian_massylian,aq_numidian_massylian,aq_faith_libyan,tribal_government,aq_chief_336,d_kroumerie
c_annandale,aq_novantian,aq_novantian,aq_faith_celtic,tribal_government,aq_chief_337,0
c_ansbach,aq_suebian,aq_hermundurian,aq_faith_germanic,tribal_government,aq_chief_338,0
c_ansongo,aq_west_african,aq_west_african,west_african_pagan,tribal_government,aq_chief_339,0
c_antiocheia,aq_aramaic,aq_aramaic,aq_faith_mesopotamian,tribal_government,aq_chief_340,k_aq_persia_syria
c_antipatreia,aq_taulantian,aq_taulantian,aq_faith_balkan,tribal_government,aq_chief_341,d_dyrrachion
c_antwerpen,aq_menapian,aq_menapian,aq_faith_celtic,tribal_government,aq_chief_342,0
c_anzhou,aq_sinitic,aq_chu,aq_faith_chinese,tribal_government,aq_chief_343,d_eyue
c_aosta,aq_allobrogian,aq_allobrogian,aq_faith_celtic,tribal_government,aq_chief_344,0
c_aowin,aq_forest_african,aq_forest_african,west_african_roog_pagan,tribal_government,aq_chief_345,0
c_apahunik,aq_armenian,aq_armenian,aq_faith_anatolian,tribal_government,aq_chief_346,d_vaspurakan
c_apulia,aq_iapygian,aq_iapygian,aq_faith_italic,tribal_government,aq_chief_347,0
c_aqenganggyai,aq_tibetan,aq_tibetan,bon,tribal_government,aq_chief_348,d_amdo
c_aqiq,bedouin,bedouin,aq_faith_arabian,tribal_government,aq_chief_349,0
c_aqtobe,aq_sarmatian,aq_sarmatian,aq_faith_steppe,nomad_government,aq_chief_350,0
c_aquileia,aq_venetic,aq_venetic,aq_faith_italic,tribal_government,aq_chief_351,0
c_arad,aq_scordiscian,aq_scordiscian,aq_faith_celtic,tribal_government,aq_chief_352,0
c_aral_karakum,aq_saka,aq_massagetan,aq_faith_steppe,nomad_government,aq_chief_353,0
c_aralkizil,aq_saka,aq_massagetan,aq_faith_steppe,nomad_government,aq_chief_354,d_aral_il
c_aran,persian,aq_cadusian,mazdayasna,tribal_government,aq_chief_355,d_shirvan
c_arawan,aq_west_african,aq_west_african,west_african_pagan,tribal_government,aq_chief_356,0
c_arbanon,aq_taulantian,aq_taulantian,aq_faith_balkan,tribal_government,aq_chief_357,d_dyrrachion
c_arborea,aq_nuragic,aq_nuragic,aq_faith_nuragic,tribal_government,aq_chief_358,d_sardinia
c_ardabil,persian,aq_median,mazdayasna,tribal_government,aq_chief_359,d_azerbaijan
c_ardestan,persian,persian,mazdayasna,tribal_government,aq_chief_360,d_isfahan
c_arezzo,aq_etruscan,aq_etruscan,aq_faith_etruscan,tribal_government,aq_chief_361,d_toscana
c_argyll,aq_epidian,aq_epidian,aq_faith_celtic,tribal_government,aq_chief_362,0
c_arigh,aq_gaetulian,aq_gaetulian,aq_faith_libyan,tribal_government,aq_chief_363,0
c_ariksar,aq_tibetan,aq_tibetan,bon,tribal_government,aq_chief_364,0
c_arkalyk,aq_saka,aq_saka,aq_faith_steppe,nomad_government,aq_chief_365,0
c_arkat,aq_saka,aq_saka,aq_faith_steppe,nomad_government,aq_chief_366,d_degelen
c_armagnac,aq_aquitani,aq_aquitani,aq_faith_iberian,tribal_government,aq_chief_367,0
c_arnhem,aq_chaucan,aq_chaucan,aq_faith_germanic,tribal_government,aq_chief_368,0
c_arnsberg,aq_treverian,aq_treverian,aq_faith_celtic,tribal_government,aq_chief_369,0
c_aror,aq_saindhava,aq_saindhava,aq_faith_atharvavedic,tribal_government,aq_chief_370,d_bhakkar
c_arrajan,persian,persian,mazdayasna,tribal_government,aq_chief_371,d_fars
c_aru,aq_austronesian,aq_austronesian,aq_faith_asian,tribal_government,aq_chief_372,0
c_arusi,aq_cushitic,aq_cushitic,aq_faith_african,tribal_government,aq_chief_373,0
c_arzhan,aq_tagar,aq_tagar,aq_faith_steppe,tribal_government,aq_chief_374,0
c_asfi,aq_maurian,aq_maurian,aq_faith_libyan,tribal_government,aq_chief_375,0
c_ashir,aq_numidian_masaesylian,aq_numidian_masaesylian,aq_faith_libyan,tribal_government,aq_chief_376,0
c_ashli,aq_uralic,aq_uralic,finnish_pagan,tribal_government,aq_chief_377,0
c_ashmaka,aq_kadamba_early,aq_kadamba_early,aq_faith_dravidian,tribal_government,aq_chief_378,0
c_asir,bedouin,bedouin,aq_faith_arabian,tribal_government,aq_chief_379,d_asir
c_asirgarh,aq_anupa,aq_anupa,aq_faith_yaksha_naga,tribal_government,aq_chief_380,0
c_asni,aq_vatsa,aq_vatsa,aq_faith_krishna_yajurvedic,tribal_government,aq_chief_381,d_kanyakubja
c_aso,aq_tibetan,aq_tibetan,bon,tribal_government,aq_chief_382,0
c_astana,aq_saka,aq_saka,aq_faith_steppe,nomad_government,aq_chief_383,0
c_astore,aq_kasmira,aq_kasmira,aq_faith_atharvavedic,tribal_government,aq_chief_384,d_kasmira
c_astorga,aq_gallaecian,aq_gallaecian,aq_faith_celtic,tribal_government,aq_chief_385,0
c_astrakhan,aq_sarmatian,aq_sarmatian,aq_faith_steppe,nomad_government,aq_chief_386,0
c_astrakhanka,aq_saka,aq_saka,aq_faith_steppe,nomad_government,aq_chief_387,d_kazakh
c_asturias_de_oviedo,aq_asturian_ancient,aq_asturian_ancient,aq_faith_celtic,tribal_government,aq_chief_388,0
c_asturias_de_santillana,aq_cantabrian,aq_cantabrian,aq_faith_celtic,tribal_government,aq_chief_389,d_cantabria
c_aswan,egyptian,egyptian,aq_faith_kemetic,tribal_government,aq_chief_390,d_al-said
c_asyut,egyptian,egyptian,aq_faith_kemetic,tribal_government,aq_chief_391,d_al-said
c_atamansku,aq_sarmatian,aq_sarmatian,aq_faith_steppe,nomad_government,aq_chief_392,d_aqtobe
c_atbara,aq_kushite,aq_kushite,kushitism_pagan,tribal_government,aq_chief_393,d_makuria
c_atbasar,aq_saka,aq_saka,aq_faith_steppe,nomad_government,aq_chief_394,0
c_athlone,aq_eblanian,aq_eblanian,aq_faith_celtic,tribal_government,aq_chief_395,0
c_atholl,aq_caledonian,aq_caledonian,aq_faith_celtic,tribal_government,aq_chief_396,d_albany
c_atkarsk,aq_uralic,aq_uralic,finnish_pagan,tribal_government,aq_chief_397,0
c_attica,aq_hellenic,aq_hellenic,hellenic_pagan,tribal_government,aq_athens,0
c_attie,aq_forest_african,aq_forest_african,west_african_roog_pagan,tribal_government,aq_chief_399,d_adiukru
c_atyrau,aq_sarmatian,aq_sarmatian,aq_faith_steppe,nomad_government,aq_chief_400,0
c_augsburg,aq_vindelician,aq_vindelician,aq_faith_celtic,tribal_government,aq_chief_401,d_augsburg
c_aunis,aq_santonian,aq_santonian,aq_faith_celtic,tribal_government,aq_chief_402,d_aquitaine
c_austisland,aq_germanic,aq_germanic,aq_faith_germanic,tribal_government,aq_chief_403,0
c_auvergne,aq_arvernian,aq_arvernian,aq_faith_celtic,tribal_government,aq_chief_404,0
c_auxerre,aq_aeduian,aq_aeduian,aq_faith_celtic,tribal_government,aq_chief_405,0
c_ava,aq_burman,aq_burman,aq_faith_asian,tribal_government,aq_chief_406,0
c_avalois,aq_aeduian,aq_aeduian,aq_faith_celtic,tribal_government,aq_chief_407,d_burgundy
c_aveiro,aq_lusitanian,aq_lusitanian,aq_faith_lusitanian,tribal_government,aq_chief_408,0
c_avila,aq_vaccaean,aq_vaccaean,aq_faith_celtic,tribal_government,aq_chief_409,0
c_aviovara,aq_sami,aq_sami,finnish_pagan,tribal_government,aq_chief_410,0
c_avlonas,aq_taulantian,aq_taulantian,aq_faith_balkan,tribal_government,aq_chief_411,d_dyrrachion
c_avranches,aq_aulercian,aq_aulercian,aq_faith_celtic,tribal_government,aq_chief_412,d_normandy
c_awa,aq_yayoi,aq_yayoi,aq_faith_asian,tribal_government,aq_chief_413,0
c_awaji,aq_yayoi,aq_yayoi,aq_faith_asian,tribal_government,aq_chief_414,d_nankaido
c_awjila,egyptian,egyptian,aq_faith_kemetic,tribal_government,aq_chief_415,d_cyrenaica
c_awkar,aq_west_african,aq_west_african,west_african_pagan,tribal_government,aq_chief_416,0
c_awssa,aq_cushitic,aq_cushitic,aq_faith_african,tribal_government,aq_chief_417,0
c_aydhab,aq_cushitic,aq_cushitic,aq_faith_african,tribal_government,aq_chief_418,d_naqis
c_ayn_farah,aq_central_african,aq_central_african,west_african_bori_pagan,tribal_government,aq_chief_419,0
c_ayodhya,aq_kosalan,aq_kosalan,aq_faith_shukla_yajurvedic,tribal_government,aq_chief_420,k_aq_nanda
c_ayrshire,aq_novantian,aq_novantian,aq_faith_celtic,tribal_government,aq_chief_421,d_galloway
c_aytos,aq_triballian,aq_triballian,aq_faith_balkan,tribal_government,aq_chief_422,0
c_az-dhahira,bedouin,bedouin,aq_faith_arabian,tribal_government,aq_chief_423,0
c_azas,aq_tagar,aq_tagar,aq_faith_steppe,tribal_government,aq_chief_424,d_togina
c_azov,aq_sarmatian,aq_sarmatian,aq_faith_steppe,nomad_government,aq_chief_425,0
c_azukki,aq_saharan,aq_saharan,aq_faith_libyan,tribal_government,aq_chief_426,d_adrar
c_azysia,aq_cappadocian,aq_cappadocian,aq_faith_ma,tribal_government,aq_chief_427,d_sebasteia
c_baalbek,aq_aramaic,aq_aramaic,aq_faith_mesopotamian,tribal_government,aq_chief_428,d_damascus
c_babruysk,aq_slavic,aq_pripyatian,slavic_pagan,tribal_government,aq_chief_429,0
c_bacs,aq_pannonian,aq_pannonian,aq_faith_balkan,tribal_government,aq_chief_430,0
c_badajoz,aq_vettonian,aq_vettonian,aq_faith_lusitanian,tribal_government,aq_chief_431,0
c_badakhshan,aq_sogdian,aq_sogdian,mazdayasna,tribal_government,aq_chief_432,e_aq_persia
c_badaraya,aq_aramaic,aq_aramaic,aq_faith_mesopotamian,tribal_government,aq_chief_433,d_baghdad
c_baden,aq_vindelician,aq_vindelician,aq_faith_celtic,tribal_government,aq_chief_434,0
c_badghis,aq_bactrian,aq_arian_early,mazdayasna,tribal_government,aq_chief_435,d_herat
c_badi,aq_cushitic,aq_cushitic,aq_faith_african,tribal_government,aq_chief_436,0
c_baduspan,persian,aq_hyrcanian,mazdayasna,tribal_government,aq_chief_437,d_tabaristan
c_baghdad,aq_aramaic,aq_aramaic,aq_faith_mesopotamian,tribal_government,aq_chief_438,k_aq_persia_mesopotamia
c_bagrewand,aq_armenian,aq_armenian,aq_faith_anatolian,tribal_government,aq_chief_439,d_greater_armenia
c_baguirmi,aq_central_african,aq_central_african,west_african_bori_pagan,tribal_government,aq_chief_440,0
c_bahnasa,egyptian,egyptian,aq_faith_kemetic,tribal_government,aq_chief_441,d_al-said
c_bahriya,egyptian,egyptian,aq_faith_kemetic,tribal_government,aq_chief_442,k_aq_egypt
c_baibalik,aq_steppe_eastern,aq_steppe_eastern,aq_faith_asian,nomad_government,aq_chief_443,0
c_baigaluuls,aq_steppe_eastern,aq_steppe_eastern,aq_faith_asian,nomad_government,aq_chief_444,0
c_baigaur,aq_mon_khmer,aq_mon_khmer,aq_faith_asian,tribal_government,aq_chief_445,0
c_baihaq,aq_bactrian,aq_parthian_early,mazdayasna,tribal_government,aq_chief_446,d_nishapur
c_bailaqan,persian,aq_median,mazdayasna,tribal_government,aq_chief_447,d_azerbaijan
c_baima,aq_tibetan,aq_tibetan,bon,tribal_government,aq_chief_448,0
c_baingoin,aq_tibetan,aq_tibetan,bon,tribal_government,aq_chief_449,0
c_baisary,aq_sarmatian,aq_sarmatian,aq_faith_steppe,nomad_government,aq_chief_450,d_atyrau
c_baishan,aq_sinitic,aq_sinitic,aq_faith_chinese,tribal_government,aq_chief_451,0
c_baizhou,aq_baiyue,aq_nanyue_early,aq_faith_asian,tribal_government,aq_chief_452,0
c_bajura,aq_kirata,aq_kirata,aq_faith_himalayan,tribal_government,aq_chief_453,0
c_bakharz,aq_bactrian,aq_arian_early,mazdayasna,tribal_government,aq_chief_454,d_herat
c_bakhmut,aq_scythian,aq_scythian,aq_faith_steppe,nomad_government,aq_chief_455,0
c_bakriya,aq_aramaic,aq_aramaic,aq_faith_mesopotamian,tribal_government,aq_chief_456,d_diyarbakr
c_balachev,aq_uralic,aq_uralic,finnish_pagan,tribal_government,aq_chief_457,0
c_balashagun,aq_saka,aq_tigraxauda,aq_faith_steppe,nomad_government,aq_chief_458,0
c_balgun,aq_saka,aq_saka,aq_faith_steppe,nomad_government,aq_chief_459,0
c_bali,aq_cushitic,aq_cushitic,aq_faith_african,tribal_government,aq_chief_460,0
c_balkh,aq_bactrian,aq_bactrian,mazdayasna,tribal_government,aq_chief_461,k_aq_persia_khorasan
c_balkonda,aq_andhra,aq_andhra,aq_faith_dravidian,tribal_government,aq_chief_462,0
c_balqa,bedouin,bedouin,aq_faith_arabian,tribal_government,aq_chief_463,0
c_bam,persian,persian,mazdayasna,tribal_government,aq_chief_464,d_kirman
c_bamberg,aq_suebian,aq_hermundurian,aq_faith_germanic,tribal_government,aq_chief_465,d_east_franconia
c_bambuk,aq_west_african,aq_west_african,west_african_pagan,tribal_government,aq_chief_466,0
c_bamian,aq_kambojan,aq_kambojan,aq_faith_steppe,tribal_government,aq_chief_467,d_kabul
c_bampur,persian,persian,mazdayasna,tribal_government,aq_chief_468,e_aq_persia
c_banavasi,aq_kadamba_early,aq_kadamba_early,aq_faith_dravidian,tribal_government,aq_chief_469,d_nulambavadi
c_banbar,aq_tibetan,aq_tibetan,bon,tribal_government,aq_chief_470,0
c_bandhugadha,aq_atavi,aq_atavi,aq_faith_forest_indian,tribal_government,aq_chief_471,d_ratanpur
c_bandiagara,aq_west_african,aq_west_african,west_african_pagan,tribal_government,aq_chief_472,0
c_bangaon,aq_videha,aq_videha,aq_faith_shukla_yajurvedic,tribal_government,aq_chief_473,d_tirabhukti
c_bannu,aq_gandharan,aq_gandharan,aq_faith_rigvedic,tribal_government,aq_chief_474,d_gandhara
c_banre,aq_central_african,aq_central_african,west_african_bori_pagan,tribal_government,aq_chief_475,d_baguirmi
c_baol,aq_west_african,aq_west_african,west_african_pagan,tribal_government,aq_chief_476,0
c_baqen,aq_tibetan,aq_tibetan,bon,tribal_government,aq_chief_477,d_qamdo
c_baqlin,aq_cushitic,aq_cushitic,aq_faith_african,tribal_government,aq_chief_478,0
c_bar,aq_mediomatrician,aq_mediomatrician,aq_faith_celtic,tribal_government,aq_chief_479,0
c_baranya,aq_scordiscian,aq_scordiscian,aq_faith_celtic,tribal_government,aq_chief_480,0
c_barasuru,aq_atavi,aq_atavi,aq_faith_forest_indian,tribal_government,aq_chief_481,0
c_barbacadle,aq_cushitic,aq_cushitic,aq_faith_african,tribal_government,aq_chief_482,0
c_barcasag,aq_dacian,aq_dacian,aq_faith_zalmonian,tribal_government,aq_chief_483,0
c_barcelona,aq_ilercavonian,aq_ilercavonian,aq_faith_iberian,tribal_government,aq_chief_484,0
c_bardak,aq_uralic,aq_uralic,finnish_pagan,tribal_government,aq_chief_485,0
c_bargajan,aq_steppe_eastern,aq_donghu,aq_faith_asian,nomad_government,aq_chief_486,0
c_bari,aq_iapygian,aq_iapygian,aq_faith_italic,tribal_government,aq_chief_487,d_apulia
c_barkam,aq_tibetan,aq_tibetan,bon,tribal_government,aq_chief_488,0
c_barkul,aq_saka,aq_saka,aq_faith_steppe,nomad_government,aq_chief_489,0
c_barlad,aq_getian,aq_getian,aq_faith_zalmonian,tribal_government,aq_chief_490,0
c_barma,aq_central_african,aq_central_african,west_african_bori_pagan,tribal_government,aq_chief_491,d_baguirmi
c_barnaul,aq_uralic,aq_uralic,finnish_pagan,tribal_government,aq_chief_492,0
c_barqa,egyptian,egyptian,aq_faith_kemetic,tribal_government,aq_chief_493,k_aq_egypt
c_bars,aq_gaulish,aq_gaulish,aq_faith_celtic,tribal_government,aq_chief_494,0
c_barsuki,aq_saka,aq_massagetan,aq_faith_steppe,nomad_government,aq_chief_495,d_barsuki
c_bartenstein,aq_baltic,aq_baltic,baltic_pagan,tribal_government,aq_chief_496,0
c_basagha,aq_sarmatian,aq_sarmatian,aq_faith_steppe,nomad_government,aq_chief_497,0
c_basra,aq_aramaic,aq_aramaic,aq_faith_mesopotamian,tribal_government,aq_chief_498,k_aq_persia_mesopotamia
c_bassa,aq_forest_african,aq_forest_african,west_african_roog_pagan,tribal_government,aq_chief_499,0
c_bastia,aq_corsican,aq_corsican,aq_faith_nuragic,tribal_government,aq_chief_500,d_corsica
c_batang,aq_tibetan,aq_tibetan,bon,tribal_government,aq_chief_501,0
c_batiha,aq_aramaic,aq_aramaic,aq_faith_mesopotamian,tribal_government,aq_chief_502,d_kufa
c_batina,bedouin,bedouin,aq_faith_arabian,tribal_government,aq_chief_503,d_oman
c_batn_al-hajar,aq_kushite,aq_kushite,kushitism_pagan,tribal_government,aq_chief_504,d_nobatia
c_batticaloa,aq_lankan,aq_lankan,aq_faith_rigvedic,tribal_government,aq_chief_505,d_ruhunu
c_bauchi,aq_forest_african,aq_forest_african,west_african_roog_pagan,tribal_government,aq_chief_506,0
c_baxoi,aq_tibetan,aq_tibetan,bon,tribal_government,aq_chief_507,0
c_baydhabo,aq_cushitic,aq_cushitic,aq_faith_african,tribal_government,aq_chief_508,0
c_bayeux,aq_aulercian,aq_aulercian,aq_faith_celtic,tribal_government,aq_chief_509,d_normandy
c_bazarka,aq_saka,aq_saka,aq_faith_steppe,nomad_government,aq_chief_510,0
c_bazhou,aq_sinitic,aq_ba,aq_faith_chinese,tribal_government,aq_chief_511,0
c_bazin,aq_cushitic,aq_cushitic,aq_faith_african,tribal_government,aq_chief_512,d_bazin
c_bearn,aq_aquitani,aq_aquitani,aq_faith_iberian,tribal_government,aq_chief_513,d_armagnac
c_beaumont,aq_parisian,aq_parisian,aq_faith_celtic,tribal_government,aq_chief_514,d_valois
c_bedford,aq_trinovantian,aq_trinovantian,aq_faith_celtic,tribal_government,aq_chief_515,0
c_begemder,aq_ethiopian,aq_ethiopian,aq_faith_african,tribal_government,aq_chief_516,0
c_begho,aq_forest_african,aq_forest_african,west_african_roog_pagan,tribal_government,aq_chief_517,0
c_behabad,persian,persian,mazdayasna,tribal_government,aq_chief_518,d_kirman
c_beirut,aq_punic,aq_punic,aq_faith_punic,tribal_government,aq_straton,k_aq_persia_syria
c_beizhou,aq_sinitic,aq_qi,aq_faith_chinese,tribal_government,aq_chief_520,d_weibo
c_beja,aq_lusitanian,aq_lusitanian,aq_faith_lusitanian,tribal_government,aq_chief_521,d_beja
c_bejaia,aq_numidian_massylian,aq_numidian_massylian,aq_faith_libyan,tribal_government,aq_chief_522,0
c_bekdas,aq_saka,aq_dahaean,aq_faith_steppe,nomad_government,aq_chief_523,0
c_bekes,aq_dacian,aq_dacian,aq_faith_zalmonian,tribal_government,aq_chief_524,0
c_beksima,aq_sarmatian,aq_sarmatian,aq_faith_steppe,nomad_government,aq_chief_525,d_khazaria
c_belebey,aq_uralic,aq_uralic,finnish_pagan,tribal_government,aq_chief_526,0
c_bellac,aq_aeduian,aq_aeduian,aq_faith_celtic,tribal_government,aq_chief_527,0
c_belogorje,aq_uralic,aq_uralic,finnish_pagan,tribal_government,aq_chief_528,d_sibir
c_beloozero,aq_finnic,aq_finnic,finnish_pagan,tribal_government,aq_chief_529,0
c_belz,aq_slavic,aq_bugian_early,slavic_pagan,tribal_government,aq_chief_530,0
c_bena,aq_west_african,aq_west_african,west_african_pagan,tribal_government,aq_chief_531,0
c_benavente,aq_vaccaean,aq_vaccaean,aq_faith_celtic,tribal_government,aq_chief_532,d_leon
c_benevento,aq_samnite,aq_samnite,aq_faith_mefitis,tribal_government,aq_chief_533,0
c_benin,aq_forest_african,aq_forest_african,west_african_roog_pagan,tribal_government,aq_chief_534,0
c_beograd,aq_dardanian,aq_dardanian,aq_faith_balkan,tribal_government,aq_chief_535,0
c_berbera,aq_cushitic,aq_cushitic,aq_faith_african,tribal_government,aq_chief_536,0
c_berchtesgaden,aq_noric,aq_noric,aq_faith_celtic,tribal_government,aq_chief_537,0
c_bereg,aq_gaulish,aq_gaulish,aq_faith_celtic,tribal_government,aq_chief_538,0
c_berent,aq_gutnian,aq_gutnian,aq_faith_germanic,tribal_government,aq_chief_539,0
c_berestye,aq_slavic,aq_bugian_early,slavic_pagan,tribal_government,aq_chief_540,0
c_bergh,aq_treverian,aq_treverian,aq_faith_celtic,tribal_government,aq_chief_541,d_lower_lorraine
c_berkshire,aq_dobunnian,aq_dobunnian,aq_faith_celtic,tribal_government,aq_chief_542,0
c_berlin,aq_suebian,aq_lemovian,aq_faith_germanic,tribal_government,aq_chief_543,0
c_bern,aq_helvetian,aq_helvetian,aq_faith_celtic,tribal_government,aq_chief_544,d_transjurania
c_beroe,aq_odrysian,aq_odrysian,aq_faith_balkan,tribal_government,aq_chief_545,d_philippopolis
c_berry,aq_biturigian,aq_biturigian,aq_faith_celtic,tribal_government,aq_chief_546,0
c_berta,aq_ethiopian,aq_ethiopian,aq_faith_african,tribal_government,aq_chief_547,0
c_besancon,aq_helvetian,aq_helvetian,aq_faith_celtic,tribal_government,aq_chief_548,0
c_beshbalik,aq_saka,aq_saka,aq_faith_steppe,nomad_government,aq_chief_549,0
c_besinada,aq_sarmatian,aq_sarmatian,aq_faith_steppe,nomad_government,aq_chief_550,0
c_beszterce,aq_dacian,aq_dacian,aq_faith_zalmonian,tribal_government,aq_chief_551,d_transylvania
c_bethen,aq_slavic,aq_vistulan_early,slavic_pagan,tribal_government,aq_chief_552,0
c_betpa,aq_saka,aq_issedonian,aq_faith_steppe,nomad_government,aq_chief_553,0
c_bezichi,aq_finnic,aq_finnic,finnish_pagan,tribal_government,aq_chief_554,0
c_beziers,aq_volcian,aq_volcian,aq_faith_celtic,tribal_government,aq_chief_555,d_languedoc
c_bhakkar,aq_saindhava,aq_saindhava,aq_faith_atharvavedic,tribal_government,aq_chief_556,k_aq_persia_sindh
c_bhaktapur,aq_kirata,aq_kirata,aq_faith_himalayan,tribal_government,aq_chief_557,0
c_bhera,aq_madra,aq_madra,aq_faith_rigvedic,tribal_government,aq_chief_558,0
c_bhumilka,aq_saurashtra,aq_saurashtra,aq_faith_samavedic,tribal_government,aq_chief_559,0
c_bianzhou,aq_sinitic,aq_song,aq_faith_chinese,tribal_government,aq_wei,0
c_bigorre,aq_aquitani,aq_aquitani,aq_faith_iberian,tribal_government,aq_chief_561,d_armagnac
c_bihar,aq_dacian,aq_dacian,aq_faith_zalmonian,tribal_government,aq_chief_562,d_bihar
c_biia,aq_uralic,aq_uralic,finnish_pagan,tribal_government,aq_chief_563,0
c_bikrampur,aq_vanga,aq_vanga,aq_faith_yaksha_naga,tribal_government,aq_chief_564,k_aq_nanda
c_bilizma,aq_numidian_massylian,aq_numidian_massylian,aq_faith_libyan,tribal_government,aq_chief_565,0
c_bilma,aq_saharan,aq_saharan,aq_faith_libyan,tribal_government,aq_chief_566,0
c_bindugu,aq_west_african,aq_west_african,west_african_pagan,tribal_government,aq_chief_567,0
c_bingo,aq_yayoi,aq_yayoi,aq_faith_asian,tribal_government,aq_chief_568,d_west_sanyodo
c_binh_dai,aq_mon_khmer,aq_mon_khmer,aq_faith_asian,tribal_government,aq_chief_569,d_baigaur
c_binh_long,aq_mon_khmer,aq_mon_khmer,aq_faith_asian,tribal_government,aq_chief_570,0
c_binh_nguyen,aq_baiyue,aq_luoyue,aq_faith_asian,tribal_government,aq_chief_571,0
c_binzhou,aq_sinitic,aq_qin,aq_faith_chinese,tribal_government,aq_chief_572,k_aq_qin
c_binzhou_1,aq_baiyue,aq_nanyue_early,aq_faith_asian,tribal_government,aq_chief_573,0
c_bir_amir,aq_gaetulian,aq_gaetulian,aq_faith_libyan,tribal_government,aq_chief_574,0
c_birsk,aq_uralic,aq_uralic,finnish_pagan,tribal_government,aq_chief_575,0
c_bisha,bedouin,bedouin,aq_faith_arabian,tribal_government,aq_chief_576,0
c_biskra,aq_numidian_massylian,aq_numidian_massylian,aq_faith_libyan,tribal_government,aq_chief_577,d_zab
c_bitchu,aq_yayoi,aq_yayoi,aq_faith_asian,tribal_government,aq_chief_578,0
c_bithynia,aq_bithynian,aq_bithynian,aq_faith_balkan,tribal_government,aq_chief_579,k_aq_persia_nikaea
c_biton,aq_sami,aq_sami,finnish_pagan,tribal_government,aq_chief_580,0
c_biun,aq_west_african,aq_west_african,west_african_pagan,tribal_government,aq_chief_581,0
c_bizen,aq_yayoi,aq_yayoi,aq_faith_asian,tribal_government,aq_chief_582,d_east_sanyodo
c_bizhou,aq_sinitic,aq_shu,aq_faith_chinese,tribal_government,aq_chief_583,0
c_blankenburg,aq_suebian,aq_semnonian,aq_faith_germanic,tribal_government,aq_chief_584,0
c_blekinge,aq_harudian,aq_harudian,aq_faith_germanic,tribal_government,aq_chief_585,0
c_blois,aq_biturigian,aq_biturigian,aq_faith_celtic,tribal_government,aq_chief_586,d_berry
c_bochuan,aq_sinitic,aq_yelang,aq_faith_asian,tribal_government,aq_chief_587,0
c_bodele,aq_saharan,aq_saharan,aq_faith_libyan,tribal_government,aq_chief_588,d_tibesti
c_bodrog,aq_pannonian,aq_pannonian,aq_faith_balkan,tribal_government,aq_chief_589,d_bacs
c_boeotia,aq_hellenic,aq_hellenic,hellenic_pagan,tribal_government,aq_thebes,0
c_boleslav,aq_boian_danube,aq_boian_danube,aq_faith_celtic,tribal_government,aq_chief_591,0
c_bolghar,aq_uralic,aq_uralic,finnish_pagan,tribal_government,aq_chief_592,d_volga_bulgaria
c_bologna,aq_boian,aq_boian,aq_faith_celtic,tribal_government,aq_chief_593,0
c_bombogor,aq_steppe_eastern,aq_steppe_eastern,aq_faith_asian,nomad_government,aq_chief_594,0
c_bome,aq_tibetan,aq_tibetan,bon,tribal_government,aq_chief_595,d_boyul
c_bonduku,aq_forest_african,aq_forest_african,west_african_roog_pagan,tribal_government,aq_chief_596,0
c_bono,aq_forest_african,aq_forest_african,west_african_roog_pagan,tribal_government,aq_chief_597,d_brong
c_bonoso,aq_forest_african,aq_forest_african,west_african_roog_pagan,tribal_government,aq_chief_598,d_brong
c_bordeaux,aq_aquitani,aq_aquitani,aq_faith_iberian,tribal_government,aq_chief_599,d_gascogne
c_bornholm,aq_harudian,aq_harudian,aq_faith_germanic,tribal_government,aq_chief_600,d_skane
c_bornu,aq_central_african,aq_central_african,west_african_bori_pagan,tribal_government,aq_chief_601,0
c_boro_burgasu,aq_saka,aq_saka,aq_faith_steppe,nomad_government,aq_chief_602,d_naiman_gobi
c_boron,aq_forest_african,aq_forest_african,west_african_roog_pagan,tribal_government,aq_chief_603,0
c_borsod,aq_gaulish,aq_gaulish,aq_faith_celtic,tribal_government,aq_chief_604,d_ungvar
c_boseong,aq_korean,aq_korean,aq_faith_asian,tribal_government,aq_chief_605,0
c_bost,persian,persian,mazdayasna,tribal_government,aq_chief_606,d_sistan
c_bothin,aq_germanic,aq_germanic,aq_faith_germanic,tribal_government,aq_chief_607,0
c_botum_sakor,aq_mon_khmer,aq_mon_khmer,aq_faith_asian,tribal_government,aq_chief_608,d_angkor_borey
c_boubo,aq_forest_african,aq_forest_african,west_african_roog_pagan,tribal_government,aq_chief_609,0
c_bouillon,aq_treverian,aq_treverian,aq_faith_celtic,tribal_government,aq_chief_610,0
c_boulogne,aq_menapian,aq_menapian,aq_faith_celtic,tribal_government,aq_chief_611,0
c_bourbon,aq_aeduian,aq_aeduian,aq_faith_celtic,tribal_government,aq_chief_612,d_bourbon
c_bozhou,aq_sinitic,aq_song,aq_faith_chinese,tribal_government,aq_chief_613,d_biansong
c_bozhou_1,aq_sinitic,aq_qi,aq_faith_chinese,tribal_government,aq_chief_614,d_weibo
c_brabant,aq_menapian,aq_menapian,aq_faith_celtic,tribal_government,aq_chief_615,d_brabant
c_braganza,aq_gallaecian,aq_gallaecian,aq_faith_celtic,tribal_government,aq_chief_616,0
c_braila,aq_getian,aq_getian,aq_faith_zalmonian,tribal_government,aq_chief_617,0
c_brandenburg,aq_suebian,aq_lemovian,aq_faith_germanic,tribal_government,aq_chief_618,d_ostmark
c_branicevo,aq_triballian,aq_triballian,aq_faith_balkan,tribal_government,aq_chief_619,0
c_braslau,aq_baltic,aq_baltic,baltic_pagan,tribal_government,aq_chief_620,0
c_bratsk,aq_steppe_eastern,aq_steppe_eastern,aq_faith_asian,nomad_government,aq_chief_621,0
c_brecknockshire,aq_demetian,aq_demetian,aq_faith_celtic,tribal_government,aq_chief_622,0
c_breifne,aq_nagnatian,aq_nagnatian,aq_faith_celtic,tribal_government,aq_chief_623,0
c_breisgau,aq_sequanian,aq_sequanian,aq_faith_celtic,tribal_government,aq_chief_624,0
c_bremen,aq_cheruscan,aq_cheruscan,aq_faith_germanic,tribal_government,aq_chief_625,0
c_brene,aq_slavic,aq_odra_early,slavic_pagan,tribal_government,aq_chief_626,0
c_brescia,aq_cenomanian,aq_cenomanian,aq_faith_celtic,tribal_government,aq_chief_627,0
c_breslau,aq_slavic,aq_odra_early,slavic_pagan,tribal_government,aq_chief_628,0
c_bresse,aq_helvetian,aq_helvetian,aq_faith_celtic,tribal_government,aq_chief_629,d_upper_burgundy
c_brie_francaise,aq_parisian,aq_parisian,aq_faith_celtic,tribal_government,aq_chief_630,d_valois
c_briey,aq_mediomatrician,aq_mediomatrician,aq_faith_celtic,tribal_government,aq_chief_631,d_bar
c_brixen,aq_rhaetian,aq_rhaetian,aq_faith_rhaetian,tribal_government,aq_chief_632,0
c_brno,aq_boian_danube,aq_boian_danube,aq_faith_celtic,tribal_government,aq_chief_633,0
c_brugge,aq_menapian,aq_menapian,aq_faith_celtic,tribal_government,aq_chief_634,d_flanders
c_brunswick,aq_cheruscan,aq_langobardic_early,aq_faith_germanic,tribal_government,aq_chief_635,0
c_brysis,aq_odrysian,aq_odrysian,aq_faith_balkan,tribal_government,aq_chief_636,d_thrace
c_brzeg,aq_slavic,aq_vistulan_early,slavic_pagan,tribal_government,aq_chief_637,d_upper_silesia
c_buchan,aq_caledonian,aq_caledonian,aq_faith_celtic,tribal_government,aq_chief_638,0
c_buckinghamshire,aq_trinovantian,aq_trinovantian,aq_faith_celtic,tribal_government,aq_chief_639,d_bedford
c_bucuresti,aq_getian,aq_getian,aq_faith_zalmonian,tribal_government,aq_chief_640,d_muntenia
c_bugur,aq_saka,aq_saka,aq_faith_steppe,nomad_government,aq_chief_641,d_beshbalik
c_bugurslan,aq_uralic,aq_uralic,finnish_pagan,tribal_government,aq_chief_642,0
c_bukhara,aq_sogdian,aq_sogdian,mazdayasna,tribal_government,aq_chief_643,k_aq_persia_transoxiana
c_bulat,aq_saka,aq_issedonian,aq_faith_steppe,nomad_government,aq_chief_644,d_betpa
c_bumthang,aq_tibetan,aq_tibetan,bon,tribal_government,aq_chief_645,0
c_bundu,aq_west_african,aq_west_african,west_african_pagan,tribal_government,aq_chief_646,d_bambuk
c_bungo,aq_yayoi,aq_yayoi,aq_faith_asian,tribal_government,aq_chief_647,0
c_bur,aq_ethiopian,aq_ethiopian,aq_faith_african,tribal_government,aq_chief_648,0
c_bura,aq_west_african,aq_west_african,west_african_pagan,tribal_government,aq_chief_649,d_lower_gurma
c_bure,aq_west_african,aq_west_african,west_african_pagan,tribal_government,aq_chief_650,0
c_burgas,aq_odrysian,aq_odrysian,aq_faith_balkan,tribal_government,aq_chief_651,d_philippopolis
c_burgasutai,aq_saka,aq_saka,aq_faith_steppe,nomad_government,aq_chief_652,d_kara_khoja
c_burgau,aq_vindelician,aq_vindelician,aq_faith_celtic,tribal_government,aq_chief_653,d_augsburg
c_burgos,aq_celtiberian_arevaci,aq_celtiberian_arevaci,aq_faith_celtic,tribal_government,aq_chief_654,0
c_burhanpur,aq_anupa,aq_anupa,aq_faith_yaksha_naga,tribal_government,aq_chief_655,d_anupa
c_buri,aq_baiyue,aq_dian,aq_faith_asian,tribal_government,aq_chief_656,0
c_burji,aq_ethiopian,aq_ethiopian,aq_faith_african,tribal_government,aq_chief_657,0
c_burqin,aq_saka,aq_pazyryk,aq_faith_steppe,nomad_government,aq_chief_658,d_altay
c_burugu_aallar,aq_tagar,aq_tagar,aq_faith_steppe,tribal_government,aq_chief_659,0
c_busaso,aq_cushitic,aq_cushitic,aq_faith_african,tribal_government,aq_chief_660,0
c_bussa,aq_forest_african,aq_forest_african,west_african_roog_pagan,tribal_government,aq_chief_661,0
c_buthrotum,aq_hellenic,aq_hellenic,hellenic_pagan,tribal_government,aq_chief_662,d_cephalonia
c_buzachi,aq_saka,aq_dahaean,aq_faith_steppe,nomad_government,aq_chief_663,0
c_buzau,aq_getian,aq_getian,aq_faith_zalmonian,tribal_government,aq_chief_664,d_muntenia
c_buzen,aq_yayoi,aq_yayoi,aq_faith_asian,tribal_government,aq_chief_665,d_north_saikaido
c_byzantion,aq_odrysian,aq_odrysian,aq_faith_balkan,tribal_government,aq_chief_666,k_aq_thrace
c_ca_mau,aq_mon_khmer,aq_mon_khmer,aq_faith_asian,tribal_government,aq_chief_667,d_baigaur
c_cabardinia,aq_sarmatian,aq_sarmatian,aq_faith_steppe,nomad_government,aq_chief_668,d_alania
c_cabra,aq_bastetanian,aq_bastetanian,aq_faith_iberian,tribal_government,aq_chief_669,d_granada
c_caceres,aq_vettonian,aq_vettonian,aq_faith_lusitanian,tribal_government,aq_chief_670,d_badajoz
c_cadiz,aq_turdetanian,aq_turdetanian,aq_faith_iberian,tribal_government,aq_chief_671,d_sevilla
c_caernarfonshire,aq_ordovician,aq_ordovician,aq_faith_celtic,tribal_government,aq_chief_672,d_gwynedd
c_cagliari,aq_nuragic,aq_nuragic,aq_faith_nuragic,tribal_government,aq_chief_673,k_aq_carthage
c_cairo,egyptian,egyptian,aq_faith_kemetic,tribal_government,aq_egypt,0
c_caithness,aq_caledonian,aq_caledonian,aq_faith_celtic,tribal_government,aq_chief_675,d_moray
c_caizhou,aq_sinitic,aq_jin_han,aq_faith_chinese,tribal_government,aq_chief_676,d_chenxu
c_cakrakuta,aq_atavi,aq_atavi,aq_faith_forest_indian,tribal_government,aq_chief_677,d_dandakaranya
c_calafat,aq_getian,aq_getian,aq_faith_zalmonian,tribal_government,aq_chief_678,0
c_calarasi,aq_getian,aq_getian,aq_faith_zalmonian,tribal_government,aq_chief_679,d_muntenia
c_calatayud,aq_edetanian,aq_edetanian,aq_faith_iberian,tribal_government,aq_chief_680,d_aragon
c_calatrava,aq_turdetanian,aq_turdetanian,aq_faith_iberian,tribal_government,aq_chief_681,d_cordoba
c_camarda,aq_lucanian,aq_lucanian,aq_faith_mefitis,tribal_government,aq_chief_682,0
c_cambray,aq_menapian,aq_menapian,aq_faith_celtic,tribal_government,aq_chief_683,d_brabant
c_cambridgeshire,aq_iceni,aq_iceni,aq_faith_celtic,tribal_government,aq_chief_684,0
c_cammin,aq_suebian,aq_varinian,aq_faith_germanic,tribal_government,aq_chief_685,0
c_campulung,aq_dacian,aq_dacian,aq_faith_zalmonian,tribal_government,aq_chief_686,0
c_canarias,aq_maurian,aq_maurian,aq_faith_libyan,tribal_government,aq_chief_687,0
c_canasha,aq_mon_khmer,aq_mon_khmer,aq_faith_asian,tribal_government,aq_chief_688,0
c_canavese,aq_allobrogian,aq_allobrogian,aq_faith_celtic,tribal_government,aq_chief_689,d_savoie
c_canda,aq_vidarbha,aq_vidarbha,aq_faith_atharvavedic,tribal_government,aq_chief_690,d_vidharba
c_candhoba,aq_avanti,aq_avanti,aq_faith_samavedic,tribal_government,aq_chief_691,0
c_candradvipa,aq_vanga,aq_vanga,aq_faith_yaksha_naga,tribal_government,aq_chief_692,d_vanga
c_candragiri,aq_chola,aq_chola,aq_faith_murukan,tribal_government,aq_chief_693,0
c_cangzhou,aq_sinitic,aq_qi,aq_faith_chinese,tribal_government,aq_chief_694,k_aq_zhao
c_caozhou,aq_sinitic,aq_jin_wei,aq_faith_chinese,tribal_government,aq_chief_695,d_yuncao
c_cappadocia,aq_cappadocian,aq_cappadocian,aq_faith_ma,tribal_government,aq_chief_696,e_aq_persia
c_capua,aq_campanian,aq_campanian,aq_faith_italic,tribal_government,aq_chief_697,0
c_carcassonne,aq_volcian,aq_volcian,aq_faith_celtic,tribal_government,aq_chief_698,d_languedoc
c_cardiganshire,aq_ordovician,aq_ordovician,aq_faith_celtic,tribal_government,aq_chief_699,d_gwynedd
c_caria,aq_carian,aq_carian,aq_faith_labraundos,tribal_government,aq_chief_700,d_cibyrrhaeot
c_carmarthenshire,aq_demetian,aq_demetian,aq_faith_celtic,tribal_government,aq_chief_701,d_deheubarth
c_carrick,aq_novantian,aq_novantian,aq_faith_celtic,tribal_government,aq_chief_702,d_galloway
c_casentino,aq_italic,aq_italic,aq_faith_italic,tribal_government,aq_chief_703,d_romagna
c_caslav,aq_boian_danube,aq_boian_danube,aq_faith_celtic,tribal_government,aq_chief_704,d_bohemia
c_castellon,aq_contestanian,aq_contestanian,aq_faith_iberian,tribal_government,aq_chief_705,d_valencia
c_castelo_branco,aq_lusitanian,aq_lusitanian,aq_faith_lusitanian,tribal_government,aq_chief_706,d_coimbra
c_caze,aq_tibetan,aq_tibetan,bon,tribal_government,aq_chief_707,0
c_central_tannu,aq_tagar,aq_tagar,aq_faith_steppe,tribal_government,aq_chief_708,0
c_cephalonia,aq_hellenic,aq_hellenic,hellenic_pagan,tribal_government,aq_chief_709,k_aq_epirus
c_cerasus,aq_colchian,aq_colchian,aq_faith_anatolian,tribal_government,aq_chief_710,d_chaldia
c_cetatea_alba,aq_getian,aq_getian,aq_faith_zalmonian,tribal_government,aq_chief_711,0
c_cetina,aq_delmatian,aq_delmatian,aq_faith_balkan,tribal_government,aq_chief_712,0
c_ceuta,aq_maurian,aq_maurian,aq_faith_libyan,tribal_government,aq_chief_713,0
c_chadrinsk,aq_uralic,aq_uralic,finnish_pagan,tribal_government,aq_chief_714,0
c_chagdy_aallar,aq_tagar,aq_tagar,aq_faith_steppe,tribal_government,aq_chief_715,d_kargassia
c_chaghaniyan,aq_sogdian,aq_sogdian,mazdayasna,tribal_government,aq_chief_716,d_khuttal
c_chah,aq_saka,aq_haumavarga,aq_faith_steppe,tribal_government,aq_chief_717,0
c_chakangrao,aq_tai,aq_tai,aq_faith_asian,tribal_government,aq_chief_718,0
c_chakla,aq_tibetan,aq_tibetan,bon,tribal_government,aq_chief_719,0
c_chalkar,aq_saka,aq_massagetan,aq_faith_steppe,nomad_government,aq_chief_720,d_aral_karakum
c_chalkidike,aq_hellenic,aq_hellenic,hellenic_pagan,tribal_government,aq_chalcidice,0
c_chalon,aq_aeduian,aq_aeduian,aq_faith_celtic,tribal_government,aq_chief_722,d_burgundy
c_chalons,aq_remian,aq_remian,aq_faith_celtic,tribal_government,aq_chief_723,0
c_chamil,aq_saka,aq_saka,aq_faith_steppe,nomad_government,aq_chief_724,d_kara_khoja
c_chandax,aq_hellenic,aq_hellenic,hellenic_pagan,tribal_government,aq_chief_725,0
c_chanderi,aq_avanti,aq_avanti,aq_faith_samavedic,tribal_government,aq_chief_726,d_akara_dasarna
c_changzhou,aq_sinitic,aq_wu_early,aq_faith_chinese,tribal_government,aq_chief_727,d_jiangdong
c_changzhou_1,aq_sinitic,aq_ba,aq_faith_chinese,tribal_government,aq_chief_728,0
c_chania,aq_hellenic,aq_hellenic,hellenic_pagan,tribal_government,aq_chief_729,d_krete
c_chaozhou,aq_baiyue,aq_nanyue_early,aq_faith_asian,tribal_government,aq_chief_730,0
c_charaideo,aq_pragjyotisha,aq_pragjyotisha,aq_faith_yaksha_naga,tribal_government,aq_chief_731,0
c_charkliq,aq_tocharian,aq_tocharian,aq_faith_steppe,tribal_government,aq_chief_732,0
c_charsianon,aq_cappadocian,aq_cappadocian,aq_faith_ma,tribal_government,aq_chief_733,k_aq_persia_anatolia
c_chartres,aq_carnutian,aq_carnutian,aq_faith_celtic,tribal_government,aq_chief_734,0
c_chauragarh,aq_pulinda,aq_pulinda,aq_faith_forest_indian,tribal_government,aq_chief_735,d_dahala
c_cheboksary,aq_uralic,aq_uralic,finnish_pagan,tribal_government,aq_chief_736,0
c_chelabinsk,aq_uralic,aq_uralic,finnish_pagan,tribal_government,aq_chief_737,d_vogulia
c_chengdu,aq_sinitic,aq_shu,aq_faith_chinese,tribal_government,aq_chief_738,0
c_chengji,aq_baiyue,aq_baiyue,aq_faith_asian,tribal_government,aq_chief_739,0
c_chengzhou,aq_sinitic,aq_qin,aq_faith_chinese,tribal_government,aq_chief_740,d_qincheng
c_chenzhou_1,aq_sinitic,aq_chu,aq_faith_chinese,tribal_government,aq_chief_741,d_hunan
c_cheongju,aq_korean,aq_korean,aq_faith_asian,tribal_government,aq_chief_742,0
c_cherchen,aq_tocharian,aq_tocharian,aq_faith_steppe,tribal_government,aq_chief_743,0
c_cherik,aq_saka,aq_tigraxauda,aq_faith_steppe,nomad_government,aq_chief_744,d_talas_alatau
c_cherkassy,aq_scythian,aq_scythian,aq_faith_steppe,nomad_government,aq_chief_745,0
c_chernigov,aq_slavic,aq_desnian,slavic_pagan,tribal_government,aq_chief_746,0
c_cherso,aq_liburnian,aq_liburnian,aq_faith_balkan,tribal_government,aq_chief_747,0
c_cherven,aq_slavic,aq_bugian_early,slavic_pagan,tribal_government,aq_chief_748,d_cherven_cities
c_cheshire,aq_brigantian,aq_brigantian,aq_faith_celtic,tribal_government,aq_chief_749,0
c_chiang_khaeng,aq_tai,aq_tai,aq_faith_asian,tribal_government,aq_chief_750,0
c_chiang_rung,aq_tai,aq_tai,aq_faith_asian,tribal_government,aq_chief_751,0
c_chich,aq_uralic,aq_uralic,finnish_pagan,tribal_government,aq_chief_752,0
c_chikoy,aq_steppe_eastern,aq_steppe_eastern,aq_faith_asian,nomad_government,aq_chief_753,0
c_chikugo,aq_yayoi,aq_yayoi,aq_faith_asian,tribal_government,aq_chief_754,d_north_saikaido
c_chikuzen,aq_yayoi,aq_yayoi,aq_faith_asian,tribal_government,aq_chief_755,d_north_saikaido
c_chilia,aq_getian,aq_getian,aq_faith_zalmonian,tribal_government,aq_chief_756,d_bugeac
c_chindu,aq_tibetan,aq_tibetan,bon,tribal_government,aq_chief_757,0
c_chios,aq_hellenic,aq_hellenic,hellenic_pagan,tribal_government,aq_chief_758,d_aegean_islands
c_chitrakut,aq_sivi,aq_sivi,aq_faith_rigvedic,tribal_government,aq_chief_759,0
c_chitral,aq_kambojan,aq_kambojan,aq_faith_steppe,tribal_government,aq_chief_760,d_kabul
c_chizhou,aq_sinitic,aq_wu_early,aq_faith_chinese,tribal_government,aq_chief_761,d_xuanshe
c_choklema,aq_finnic,aq_finnic,finnish_pagan,tribal_government,aq_chief_762,0
c_cholamandalam,aq_chola,aq_chola,aq_faith_murukan,tribal_government,aq_chief_763,0
c_chonae,aq_lydian,aq_lydian,aq_faith_artimu,tribal_government,aq_chief_764,d_thracesia
c_chornobyl,aq_slavic,aq_dnieper_middle,slavic_pagan,tribal_government,aq_chief_765,0
c_chuguchak,aq_saka,aq_saka,aq_faith_steppe,nomad_government,aq_chief_766,d_alakol
c_chulym,aq_uralic,aq_uralic,finnish_pagan,tribal_government,aq_chief_767,0
c_chumarho,aq_tibetan,aq_tibetan,bon,tribal_government,aq_chief_768,d_amdo
c_chumkar_kia,aq_saka,aq_saka,aq_faith_steppe,nomad_government,aq_chief_769,0
c_chuna,aq_steppe_eastern,aq_steppe_eastern,aq_faith_asian,nomad_government,aq_chief_770,d_chuna_valley
c_chunar,aq_kasi,aq_kasi,aq_faith_shukla_yajurvedic,tribal_government,aq_chief_771,d_kasi
c_chungju,aq_korean,aq_korean,aq_faith_asian,tribal_government,aq_chief_772,d_chungju
c_chungthang,aq_tibetan,aq_tibetan,bon,tribal_government,aq_chief_773,0
c_chunju,aq_korean,aq_korean,aq_faith_asian,tribal_government,aq_chief_774,0
c_chunzhou,aq_baiyue,aq_nanyue_early,aq_faith_asian,tribal_government,aq_chief_775,0
c_chupka,aq_ainu,aq_ainu,aq_faith_asian,tribal_government,aq_chief_776,0
c_churuk,aq_saka,aq_saka,aq_faith_steppe,nomad_government,aq_chief_777,d_jemba
c_chuya,aq_steppe_eastern,aq_steppe_eastern,aq_faith_asian,nomad_government,aq_chief_778,0
c_chuzhou,aq_sinitic,aq_yue,aq_faith_chinese,tribal_government,aq_chief_779,d_zhedong
c_chuzhou_1,aq_sinitic,aq_chu,aq_faith_chinese,tribal_government,aq_chief_780,d_huainan
c_chuzhou_2,aq_sinitic,aq_chu,aq_faith_chinese,tribal_government,aq_chief_781,d_huainan
c_cieszyn,aq_slavic,aq_vistulan_early,slavic_pagan,tribal_government,aq_chief_782,d_upper_silesia
c_cilicia,aq_cilician,aq_cilician,aq_faith_sandas,tribal_government,aq_mazaeus,k_aq_persia_anatolia
c_cizhou,aq_sinitic,aq_jin_wei,aq_faith_chinese,tribal_government,aq_chief_784,d_hezhong
c_clermont,aq_parisian,aq_parisian,aq_faith_celtic,tribal_government,aq_chief_785,d_valois
c_clermont_sur_allier,aq_arvernian,aq_arvernian,aq_faith_celtic,tribal_government,aq_chief_786,d_auvergne
c_cleves,aq_germanic,aq_ubian,aq_faith_germanic,tribal_government,aq_chief_787,d_julich
c_coburg,aq_suebian,aq_hermundurian,aq_faith_germanic,tribal_government,aq_chief_788,d_east_franconia
c_coimbra,aq_lusitanian,aq_lusitanian,aq_faith_lusitanian,tribal_government,aq_chief_789,d_coimbra
c_colmar,aq_sequanian,aq_sequanian,aq_faith_celtic,tribal_government,aq_chief_790,d_alsace
c_cologne,aq_treverian,aq_treverian,aq_faith_celtic,tribal_government,aq_chief_791,d_lower_lorraine
c_colonea,aq_colchian,aq_colchian,aq_faith_anatolian,tribal_government,aq_chief_792,d_chaldia
c_comai,aq_tibetan,aq_tibetan,bon,tribal_government,aq_chief_793,0
c_comminges,aq_aquitani,aq_aquitani,aq_faith_iberian,tribal_government,aq_chief_794,d_armagnac
c_como,aq_insubrian,aq_insubrian,aq_faith_celtic,tribal_government,aq_chief_795,d_lombardia
c_cona,aq_tibetan,aq_tibetan,bon,tribal_government,aq_chief_796,0
c_connacht,aq_nagnatian,aq_nagnatian,aq_faith_celtic,tribal_government,aq_chief_797,d_connacht
c_constanta,aq_getian,aq_getian,aq_faith_zalmonian,tribal_government,aq_chief_798,0
c_constantine,aq_numidian_massylian,aq_numidian_massylian,aq_faith_libyan,tribal_government,aq_chief_799,k_aq_carthage
c_coqen,aq_tibetan,aq_tibetan,bon,tribal_government,aq_chief_800,0
c_cordoba,aq_turdetanian,aq_turdetanian,aq_faith_iberian,tribal_government,aq_chief_801,d_cordoba
c_cornouaille,aq_venetian_gaul,aq_venetian_gaul,aq_faith_celtic,tribal_government,aq_chief_802,0
c_cornwall,aq_dumnonian,aq_dumnonian,aq_faith_celtic,tribal_government,aq_chief_803,0
c_coruna,aq_gallaecian,aq_gallaecian,aq_faith_celtic,tribal_government,aq_chief_804,d_galicia
c_cosenza,aq_bruttian,aq_bruttian,aq_faith_mefitis,tribal_government,aq_chief_805,0
c_cottbus,aq_slavic,aq_odra_early,slavic_pagan,tribal_government,aq_chief_806,0
c_coulommiers,aq_remian,aq_remian,aq_faith_celtic,tribal_government,aq_chief_807,d_champagne
c_cozhelhoma,aq_tibetan,aq_tibetan,bon,tribal_government,aq_chief_808,0
c_craiova,aq_getian,aq_getian,aq_faith_zalmonian,tribal_government,aq_chief_809,d_oltenia
c_cremona,aq_cenomanian,aq_cenomanian,aq_faith_celtic,tribal_government,aq_chief_810,d_lombardia
c_csanad,aq_scordiscian,aq_scordiscian,aq_faith_celtic,tribal_government,aq_chief_811,d_temes
c_csongrad,aq_pannonian,aq_pannonian,aq_faith_balkan,tribal_government,aq_chief_812,d_bacs
c_cuellar,aq_celtiberian_arevaci,aq_celtiberian_arevaci,aq_faith_celtic,tribal_government,aq_chief_813,d_castilla
c_cuenca,aq_carpetanian,aq_carpetanian,aq_faith_celtic,tribal_government,aq_chief_814,0
c_cumberland,aq_votadinian,aq_votadinian,aq_faith_celtic,tribal_government,aq_chief_815,0
c_cumbum,aq_andhra,aq_andhra,aq_faith_dravidian,tribal_government,aq_chief_816,0
c_cuneo,aq_ligurian,aq_ligurian,aq_faith_ligurian,tribal_government,aq_chief_817,0
c_cuonaco,aq_tibetan,aq_tibetan,bon,tribal_government,aq_chief_818,d_purang
c_cykma,aq_uralic,aq_uralic,finnish_pagan,tribal_government,aq_chief_819,0
c_czerska,aq_slavic,aq_bugian_early,slavic_pagan,tribal_government,aq_chief_820,0
c_dabou,aq_forest_african,aq_forest_african,west_african_roog_pagan,tribal_government,aq_chief_821,d_adiukru
c_daboya,aq_forest_african,aq_forest_african,west_african_roog_pagan,tribal_government,aq_chief_822,0
c_dabusiya,aq_sogdian,aq_sogdian,mazdayasna,tribal_government,aq_chief_823,d_soghd
c_dadhipadra,aq_avanti,aq_avanti,aq_faith_samavedic,tribal_government,aq_chief_824,0
c_dafang,aq_tocharian,aq_tocharian,aq_faith_steppe,tribal_government,aq_chief_825,0
c_dagomba,aq_forest_african,aq_forest_african,west_african_roog_pagan,tribal_government,aq_chief_826,d_dagomba
c_dagon,aq_burman,aq_burman,aq_faith_asian,tribal_government,aq_chief_827,0
c_dahlak,aq_ethiopian,aq_ethiopian,aq_faith_african,tribal_government,aq_chief_828,d_dahlaks
c_daizhou,aq_sinitic,aq_zhao,aq_faith_chinese,tribal_government,aq_chief_829,k_aq_zhao
c_dakajalan,aq_west_african,aq_west_african,west_african_pagan,tribal_government,aq_chief_830,d_manding
c_dakhina_desa,aq_lankan,aq_lankan,aq_faith_rigvedic,tribal_government,aq_chief_831,k_aq_lanka
c_dakhla,egyptian,egyptian,aq_faith_kemetic,tribal_government,aq_chief_832,d_al-wahat
c_dakkar,aq_cushitic,aq_cushitic,aq_faith_african,tribal_government,aq_chief_833,0
c_dal,aq_gautish,aq_gautish,aq_faith_germanic,tribal_government,aq_chief_834,0
c_dalabergslagen,aq_suionian,aq_suionian,aq_faith_germanic,tribal_government,aq_chief_835,0
c_dalarna,aq_suionian,aq_suionian,aq_faith_germanic,tribal_government,aq_chief_836,d_bergslagen
c_dali,aq_baiyue,aq_baiyue,aq_faith_asian,tribal_government,aq_chief_837,0
c_daman,aq_lata,aq_lata,aq_faith_atharvavedic,tribal_government,aq_chief_838,0
c_damascus,aq_aramaic,aq_aramaic,aq_faith_mesopotamian,tribal_government,aq_chief_839,k_aq_persia_syria
c_damghan,aq_bactrian,aq_parthian_early,mazdayasna,tribal_government,aq_chief_840,d_nishapur
c_damietta,egyptian,egyptian,aq_faith_kemetic,tribal_government,aq_chief_841,k_aq_egypt
c_damin_i_koh,aq_atavi,aq_atavi,aq_faith_forest_indian,tribal_government,aq_chief_842,d_jharkand
c_damoh,aq_pulinda,aq_pulinda,aq_faith_forest_indian,tribal_government,aq_chief_843,d_jejakabhukti
c_damot,aq_ethiopian,aq_ethiopian,aq_faith_african,tribal_government,aq_chief_844,d_damot
c_damxung,aq_tibetan,aq_tibetan,bon,tribal_government,aq_chief_845,0
c_danakil,aq_cushitic,aq_cushitic,aq_faith_african,tribal_government,aq_chief_846,d_danakil
c_dang,aq_kirata,aq_kirata,aq_faith_himalayan,tribal_government,aq_chief_847,d_khasa
c_dangla,aq_tibetan,aq_tibetan,bon,tribal_government,aq_chief_848,d_amdo
c_dangseong,aq_korean,aq_korean,aq_faith_asian,tribal_government,aq_chief_849,0
c_dannenberg,aq_cheruscan,aq_langobardic_early,aq_faith_germanic,tribal_government,aq_chief_850,d_ostfalen
c_danzhou,aq_sinitic,aq_qiang_early,aq_faith_himalayan,tribal_government,aq_chief_851,d_fufang
c_danzhou_1,aq_baiyue,aq_baiyue,aq_faith_asian,tribal_government,aq_chief_852,0
c_danzig,aq_gutnian,aq_gutnian,aq_faith_germanic,tribal_government,aq_chief_853,d_pomerelia
c_daozhou,aq_sinitic,aq_chu,aq_faith_chinese,tribal_government,aq_chief_854,d_lingling
c_dar-al-rih,aq_central_african,aq_central_african,west_african_bori_pagan,tribal_government,aq_chief_855,0
c_dar_al-said,aq_central_african,aq_central_african,west_african_bori_pagan,tribal_government,aq_chief_856,d_darfur
c_dar_rashid,aq_central_african,aq_central_african,west_african_bori_pagan,tribal_government,aq_chief_857,0
c_dar_sila,aq_central_african,aq_central_african,west_african_bori_pagan,tribal_government,aq_chief_858,0
c_dara,aq_ethiopian,aq_ethiopian,aq_faith_african,tribal_government,aq_chief_859,d_sharka
c_darabjerd,persian,persian,mazdayasna,tribal_government,aq_chief_860,d_fars
c_daramdin,aq_tibetan,aq_tibetan,bon,tribal_government,aq_chief_861,d_paro
c_darcha,aq_tibetan,aq_tibetan,bon,tribal_government,aq_chief_862,0
c_darghan,aq_sogdian,aq_chorasmian,mazdayasna,tribal_government,aq_chief_863,0
c_darkhad_valley,aq_steppe_eastern,aq_steppe_eastern,aq_faith_asian,nomad_government,aq_chief_864,0
c_darmashan,aq_bactrian,aq_arian_early,mazdayasna,tribal_government,aq_chief_865,d_ghur
c_dasapura,aq_avanti,aq_avanti,aq_faith_samavedic,tribal_government,aq_chief_866,d_dadhipadra
c_dathina,aq_sabaean,aq_sabaean,aq_faith_arabian,tribal_government,aq_chief_867,d_taizz
c_datong,aq_tibetan,aq_tibetan,bon,tribal_government,aq_chief_868,0
c_datong_2,aq_sinitic,aq_yan,aq_faith_chinese,tribal_government,aq_chief_869,k_aq_zhao
c_daura,aq_central_african,aq_central_african,west_african_bori_pagan,tribal_government,aq_chief_870,0
c_dausar,aq_aramaic,aq_aramaic,aq_faith_mesopotamian,tribal_government,aq_chief_871,d_diyarmudar
c_dawaro,aq_cushitic,aq_cushitic,aq_faith_african,tribal_government,aq_chief_872,d_dawaro
c_dawraq,persian,aq_elamite,aq_faith_mesopotamian,tribal_government,aq_chief_873,d_khuzestan
c_dawu,aq_tibetan,aq_tibetan,bon,tribal_government,aq_chief_874,d_chakla
c_debar,aq_taulantian,aq_taulantian,aq_faith_balkan,tribal_government,aq_chief_875,d_dyrrachion
c_debul,aq_saindhava,aq_saindhava,aq_faith_atharvavedic,tribal_government,aq_chief_876,k_aq_persia_sindh
c_dege,aq_tibetan,aq_tibetan,bon,tribal_government,aq_chief_877,0
c_degelen,aq_saka,aq_saka,aq_faith_steppe,nomad_government,aq_chief_878,d_degelen
c_delhi,aq_kuru,aq_kuru,aq_faith_krishna_yajurvedic,tribal_government,aq_chief_879,0
c_dembiya,aq_ethiopian,aq_ethiopian,aq_faith_african,tribal_government,aq_chief_880,d_gondar
c_demchok,aq_tibetan,aq_tibetan,bon,tribal_government,aq_chief_881,0
c_demetrias,aq_hellenic,aq_hellenic,hellenic_pagan,tribal_government,aq_chief_882,0
c_denbighshire,aq_ordovician,aq_ordovician,aq_faith_celtic,tribal_government,aq_chief_883,d_gwynedd
c_dendi,aq_west_african,aq_west_african,west_african_pagan,tribal_government,aq_chief_884,0
c_dengqen,aq_tibetan,aq_tibetan,bon,tribal_government,aq_chief_885,d_qamdo
c_dengzhou,aq_sinitic,aq_qi,aq_faith_chinese,tribal_government,aq_chief_886,d_ziqing
c_dengzhou_1,aq_sinitic,aq_chu,aq_faith_chinese,tribal_government,aq_chief_887,d_xiangdeng
c_denia,aq_contestanian,aq_contestanian,aq_faith_iberian,tribal_government,aq_chief_888,d_valencia
c_deqen,aq_tibetan,aq_tibetan,bon,tribal_government,aq_chief_889,d_batang
c_derbent,aq_sarmatian,aq_sarmatian,aq_faith_steppe,nomad_government,aq_chief_890,d_ciscaucasia
c_derby,aq_brigantian,aq_brigantian,aq_faith_celtic,tribal_government,aq_chief_891,d_lancaster
c_derlenka,aq_tibetan,aq_tibetan,bon,tribal_government,aq_chief_892,0
c_derna,egyptian,egyptian,aq_faith_kemetic,tribal_government,aq_chief_893,d_cyrenaica
c_desmond,aq_ivernian,aq_ivernian,aq_faith_celtic,tribal_government,aq_chief_894,0
c_dessau,aq_suebian,aq_semnonian,aq_faith_germanic,tribal_government,aq_chief_895,d_anhalt
c_deungju,aq_korean,aq_korean,aq_faith_asian,tribal_government,aq_chief_896,0
c_devagiri,aq_asmaka,aq_asmaka,aq_faith_krishna_yajurvedic,tribal_government,aq_chief_897,0
c_devon,aq_dumnonian,aq_dumnonian,aq_faith_celtic,tribal_government,aq_chief_898,d_cornwall
c_dezhou,aq_sinitic,aq_qi,aq_faith_chinese,tribal_government,aq_chief_899,d_cangjing
c_dhafra,bedouin,bedouin,aq_faith_arabian,tribal_government,aq_chief_900,d_al-hasa
c_dhamalpur,aq_anarta,aq_anarta,aq_faith_samavedic,tribal_government,aq_chief_901,0
c_dhankar,aq_tibetan,aq_tibetan,bon,tribal_government,aq_chief_902,0
c_dhara,aq_avanti,aq_avanti,aq_faith_samavedic,tribal_government,aq_chief_903,d_dadhipadra
c_dhofar,aq_sabaean,aq_sabaean,aq_faith_arabian,tribal_government,aq_chief_904,d_mahra
c_dhraina,aq_west_african,aq_west_african,west_african_pagan,tribal_government,aq_chief_905,0
c_diamare,aq_central_african,aq_central_african,west_african_bori_pagan,tribal_government,aq_chief_906,0
c_dibri,aq_forest_african,aq_forest_african,west_african_roog_pagan,tribal_government,aq_chief_907,d_kru
c_dihistan,persian,aq_hyrcanian,mazdayasna,tribal_government,aq_chief_908,d_gurgan
c_dijon,aq_aeduian,aq_aeduian,aq_faith_celtic,tribal_government,aq_chief_909,d_burgundy
c_dimapur,aq_pragjyotisha,aq_pragjyotisha,aq_faith_yaksha_naga,tribal_government,aq_chief_910,0
c_dinawar,persian,aq_median,mazdayasna,tribal_government,aq_chief_911,d_hamadan
c_dingzhou,aq_sinitic,aq_qi,aq_faith_chinese,tribal_government,aq_chief_912,k_aq_yan
c_dipalpur,aq_madra,aq_madra,aq_faith_rigvedic,tribal_government,aq_chief_913,d_lahore
c_dirku,aq_saharan,aq_saharan,aq_faith_libyan,tribal_government,aq_chief_914,d_kawar
c_diskit,aq_tibetan,aq_tibetan,bon,tribal_government,aq_chief_915,d_ladakh
c_ditmarschen,aq_teutonian,aq_teutonian,aq_faith_germanic,tribal_government,aq_chief_916,0
c_dizhou,aq_sinitic,aq_qi,aq_faith_chinese,tribal_government,aq_chief_917,d_cangjing
c_djado,aq_saharan,aq_saharan,aq_faith_libyan,tribal_government,aq_chief_918,d_kawar
c_djanet,aq_garamantian,aq_garamantian,aq_faith_libyan,tribal_government,aq_chief_919,0
c_djarin,aq_cushitic,aq_cushitic,aq_faith_african,tribal_government,aq_chief_920,d_baqlin
c_djerba,aq_punic,aq_punic,aq_faith_punic,tribal_government,aq_chief_921,d_tripolitania
c_djugu,aq_forest_african,aq_forest_african,west_african_roog_pagan,tribal_government,aq_chief_922,d_borgu
c_dnipro,aq_scythian,aq_scythian,aq_faith_steppe,nomad_government,aq_chief_923,d_yedisan
c_dobrzynska,aq_slavic,aq_pomeranian_early,slavic_pagan,tribal_government,aq_chief_924,0
c_dodugu,aq_west_african,aq_west_african,west_african_pagan,tribal_government,aq_chief_925,d_jenne
c_dokkum,aq_chaucan,aq_chaucan,aq_faith_germanic,tribal_government,aq_chief_926,0
c_dole,aq_helvetian,aq_helvetian,aq_faith_celtic,tribal_government,aq_chief_927,d_upper_burgundy
c_dolgujar,aq_uralic,aq_uralic,finnish_pagan,tribal_government,aq_chief_928,0
c_dondan_oilik,aq_tocharian,aq_tocharian,aq_faith_steppe,tribal_government,aq_chief_929,d_khotan
c_dong_si_mahosot,aq_mon_khmer,aq_mon_khmer,aq_faith_asian,tribal_government,aq_chief_930,d_angkor
c_dongchuan,aq_baiyue,aq_dian,aq_faith_asian,tribal_government,aq_chief_931,0
c_dongguan,aq_baiyue,aq_nanyue_early,aq_faith_asian,tribal_government,aq_chief_932,d_huixun
c_dongju,aq_korean,aq_korean,aq_faith_asian,tribal_government,aq_chief_933,d_gyoju
c_dongola,aq_kushite,aq_kushite,kushitism_pagan,tribal_government,aq_chief_934,d_makuria
c_donjikraji,aq_delmatian,aq_delmatian,aq_faith_balkan,tribal_government,aq_chief_935,0
c_dorohoi,aq_getian,aq_getian,aq_faith_zalmonian,tribal_government,aq_chief_936,0
c_dorohychyn,aq_slavic,aq_bugian_early,slavic_pagan,tribal_government,aq_chief_937,d_volhynia
c_dorostorum,aq_triballian,aq_triballian,aq_faith_balkan,tribal_government,aq_chief_938,d_turnovo
c_dorpat,aq_finnic,aq_finnic,finnish_pagan,tribal_government,aq_chief_939,0
c_dorset,aq_dumnonian,aq_dumnonian,aq_faith_celtic,tribal_government,aq_chief_940,0
c_dortmund,aq_treverian,aq_treverian,aq_faith_celtic,tribal_government,aq_chief_941,d_lower_lorraine
c_doti,aq_kirata,aq_kirata,aq_faith_himalayan,tribal_government,aq_chief_942,0
c_doudleby,aq_boian_danube,aq_boian_danube,aq_faith_celtic,tribal_government,aq_chief_943,d_bohemia
c_draa,aq_maurian,aq_maurian,aq_faith_libyan,tribal_government,aq_chief_944,d_sous
c_dresden,aq_slavic,aq_odra_early,slavic_pagan,tribal_government,aq_chief_945,d_meissen
c_duanzhou,aq_baiyue,aq_nanyue_early,aq_faith_asian,tribal_government,aq_chief_946,d_lingnan
c_dublin,aq_eblanian,aq_eblanian,aq_faith_celtic,tribal_government,aq_chief_947,d_meath
c_dubrovytsia,aq_slavic,aq_pripyatian,slavic_pagan,tribal_government,aq_chief_948,0
c_duklja,aq_ardiaean,aq_ardiaean,aq_faith_balkan,tribal_government,aq_chief_949,k_aq_illyria
c_dunbar,aq_votadinian,aq_votadinian,aq_faith_celtic,tribal_government,aq_chief_950,0
c_dunhuang,aq_tocharian,aq_tocharian,aq_faith_steppe,tribal_government,aq_chief_951,d_charkliq
c_duqm,bedouin,bedouin,aq_faith_arabian,tribal_government,aq_chief_952,d_oman
c_durham,aq_votadinian,aq_votadinian,aq_faith_celtic,tribal_government,aq_chief_953,d_northumberland
c_durne,aq_suebian,aq_marcomannic_early,aq_faith_germanic,tribal_government,aq_chief_954,0
c_durovka,aq_uralic,aq_uralic,finnish_pagan,tribal_government,aq_chief_955,0
c_duvan,aq_uralic,aq_uralic,finnish_pagan,tribal_government,aq_chief_956,0
c_dvaraka,aq_anarta,aq_anarta,aq_faith_samavedic,tribal_government,aq_chief_957,d_anartta
c_dvin,aq_armenian,aq_armenian,aq_faith_anatolian,tribal_government,aq_chief_958,d_greater_armenia
c_dyamare,aq_west_african,aq_west_african,west_african_pagan,tribal_government,aq_chief_959,d_dendi
c_dyrrachion,aq_taulantian,aq_taulantian,aq_faith_balkan,tribal_government,aq_illyria,0
c_dyulaso,aq_forest_african,aq_forest_african,west_african_roog_pagan,tribal_government,aq_chief_961,0
c_east-tokharestan,aq_bactrian,aq_bactrian,mazdayasna,tribal_government,aq_chief_962,d_balkh
c_east_darfur,aq_central_african,aq_central_african,west_african_bori_pagan,tribal_government,aq_chief_963,d_darfur
c_east_kiilt,aq_sami,aq_sami,finnish_pagan,tribal_government,aq_chief_964,0
c_east_riding,aq_brigantian,aq_brigantian,aq_faith_celtic,tribal_government,aq_chief_965,0
c_eastern_tannu,aq_tagar,aq_tagar,aq_faith_steppe,tribal_government,aq_chief_966,d_tannu_ola
c_ebi-nor,aq_saka,aq_saka,aq_faith_steppe,nomad_government,aq_chief_967,0
c_echigo,aq_jomon,aq_jomon,aq_faith_asian,tribal_government,aq_chief_968,0
c_echizen,aq_jomon,aq_jomon,aq_faith_asian,tribal_government,aq_chief_969,d_hokurikudo
c_edd,aq_cushitic,aq_cushitic,aq_faith_african,tribal_government,aq_chief_970,d_danakil
c_edessa,aq_aramaic,aq_aramaic,aq_faith_mesopotamian,tribal_government,aq_chief_971,k_aq_persia_syria
c_edo,aq_forest_african,aq_forest_african,west_african_roog_pagan,tribal_government,aq_chief_972,d_benin
c_eghiz_kara,aq_saka,aq_issedonian,aq_faith_steppe,nomad_government,aq_chief_973,0
c_eichstadt,aq_boian_danube,aq_boian_danube,aq_faith_celtic,tribal_government,aq_chief_974,0
c_el_fasher,aq_central_african,aq_central_african,west_african_bori_pagan,tribal_government,aq_chief_975,d_darfur
c_el_waak,aq_cushitic,aq_cushitic,aq_faith_african,tribal_government,aq_chief_976,0
c_elabuga,aq_uralic,aq_uralic,finnish_pagan,tribal_government,aq_chief_977,0
c_eleila,aq_kushite,aq_kushite,kushitism_pagan,tribal_government,aq_chief_978,d_alwa
c_elvas,aq_lusitanian,aq_lusitanian,aq_faith_lusitanian,tribal_government,aq_chief_979,d_beja
c_em_akhulun,aq_steppe_eastern,aq_donghu,aq_faith_asian,nomad_government,aq_chief_980,0
c_em_dadaels,aq_steppe_eastern,aq_steppe_eastern,aq_faith_asian,nomad_government,aq_chief_981,0
c_em_dutulun,aq_steppe_eastern,aq_donghu,aq_faith_asian,nomad_government,aq_chief_982,0
c_em_gobidada,aq_steppe_eastern,aq_donghu,aq_faith_asian,nomad_government,aq_chief_983,d_em_tataria
c_em_hepung,aq_steppe_eastern,aq_donghu,aq_faith_asian,nomad_government,aq_chief_984,d_em_wuguguo
c_em_karakopi,aq_steppe_eastern,aq_donghu,aq_faith_asian,nomad_government,aq_chief_985,d_em_wuguguo
c_em_khartereg,aq_steppe_eastern,aq_donghu,aq_faith_asian,nomad_government,aq_chief_986,d_em_wuguguo
c_em_kherulendada,aq_steppe_eastern,aq_donghu,aq_faith_asian,nomad_government,aq_chief_987,d_em_tataria
c_em_zhen,aq_steppe_eastern,aq_donghu,aq_faith_asian,nomad_government,aq_chief_988,d_em_tataria
c_eman_amgun,aq_tungusic,aq_tungusic,tengri_pagan,tribal_government,aq_chief_989,0
c_eman_beihean,aq_tungusic,aq_tungusic,tengri_pagan,tribal_government,aq_chief_990,0
c_eman_birija,aq_tungusic,aq_tungusic,tengri_pagan,tribal_government,aq_chief_991,0
c_eman_boli,aq_tungusic,aq_tungusic,tengri_pagan,tribal_government,aq_chief_992,0
c_eman_choripi,aq_tungusic,aq_tungusic,tengri_pagan,tribal_government,aq_chief_993,d_eman_boli
c_eman_heishuiyang,aq_tungusic,aq_tungusic,tengri_pagan,tribal_government,aq_chief_994,d_eman_sikhotebei
c_eman_kerin,aq_tungusic,aq_tungusic,tengri_pagan,tribal_government,aq_chief_995,0
c_eman_khadul,aq_tungusic,aq_tungusic,tengri_pagan,tribal_government,aq_chief_996,d_eman_samagero
c_eman_mohean,aq_tungusic,aq_tungusic,tengri_pagan,tribal_government,aq_chief_997,d_eman_boli
c_eman_molihewen,aq_tungusic,aq_tungusic,tengri_pagan,tribal_government,aq_chief_998,d_eman_boli
c_eman_murkonno,aq_tungusic,aq_tungusic,tengri_pagan,tribal_government,aq_chief_999,0
c_eman_nimen,aq_tungusic,aq_tungusic,tengri_pagan,tribal_government,aq_chief_1000,d_eman_amar
c_eman_nurgan,aq_tungusic,aq_tungusic,tengri_pagan,tribal_government,aq_chief_1001,d_eman_nivkhia
c_eman_tudali,aq_tungusic,aq_tungusic,tengri_pagan,tribal_government,aq_chief_1002,d_eman_samagero
c_eman_tugur,aq_tungusic,aq_tungusic,tengri_pagan,tribal_government,aq_chief_1003,d_eman_nivkhia
c_eman_turma,aq_tungusic,aq_tungusic,tengri_pagan,tribal_government,aq_chief_1004,d_eman_bureya
c_eman_urehokto,aq_tungusic,aq_tungusic,tengri_pagan,tribal_government,aq_chief_1005,d_eman_bureya
c_eman_urmi,aq_tungusic,aq_tungusic,tengri_pagan,tribal_government,aq_chief_1006,d_eman_amar
c_eman_vanda,aq_tungusic,aq_tungusic,tengri_pagan,tribal_government,aq_chief_1007,d_eman_amar
c_eman_wuguihai,aq_tungusic,aq_tungusic,tengri_pagan,tribal_government,aq_chief_1008,d_eman_sikhotebei
c_eman_yam_alin,aq_tungusic,aq_tungusic,tengri_pagan,tribal_government,aq_chief_1009,d_eman_samagero
c_eman_yerenhe,aq_tungusic,aq_tungusic,tengri_pagan,tribal_government,aq_chief_1010,d_eman_sikhotebei
c_emil,aq_saka,aq_saka,aq_faith_steppe,nomad_government,aq_chief_1011,d_tarbagatai
c_ennis,aq_ivernian,aq_ivernian,aq_faith_celtic,tribal_government,aq_chief_1012,d_munster
c_enzhou,aq_baiyue,aq_nanyue_early,aq_faith_asian,tribal_government,aq_chief_1013,d_lingnan
c_epeiros,aq_hellenic,aq_hellenic,hellenic_pagan,tribal_government,aq_epirus,0
c_eranad,aq_chera,aq_chera,aq_faith_murukan,tribal_government,aq_chief_1015,d_chera_nadu
c_erbach,aq_suebian,aq_marcomannic_early,aq_faith_germanic,tribal_government,aq_chief_1016,d_west_franconia
c_eschenlohe,aq_vindelician,aq_vindelician,aq_faith_celtic,tribal_government,aq_chief_1017,0
c_essex,aq_trinovantian,aq_trinovantian,aq_faith_celtic,tribal_government,aq_chief_1018,d_bedford
c_esztergom,aq_gaulish,aq_gaulish,aq_faith_celtic,tribal_government,aq_chief_1019,0
c_etchu,aq_jomon,aq_jomon,aq_faith_asian,tribal_government,aq_chief_1020,d_hokurikudo
c_eu,aq_aulercian,aq_aulercian,aq_faith_celtic,tribal_government,aq_chief_1021,d_normandy
c_euboea,aq_hellenic,aq_hellenic,hellenic_pagan,tribal_government,aq_chief_1022,d_athens
c_euchaita,aq_cappadocian,aq_cappadocian,aq_faith_ma,tribal_government,aq_chief_1023,d_armeniac
c_evreux,aq_aulercian,aq_aulercian,aq_faith_celtic,tribal_government,aq_chief_1024,d_normandy
c_ewaso_ngiro,aq_bantu,aq_bantu,aq_faith_african,tribal_government,aq_chief_1025,0
c_ewe,aq_forest_african,aq_forest_african,west_african_roog_pagan,tribal_government,aq_chief_1026,d_eweland
c_eystridalir,aq_germanic,aq_raumarician,aq_faith_germanic,tribal_government,aq_chief_1027,0
c_ezhou,aq_sinitic,aq_chu,aq_faith_chinese,tribal_government,aq_chief_1028,k_aq_chu
c_faereyar,aq_germanic,aq_germanic,aq_faith_germanic,tribal_government,aq_chief_1029,0
c_fafan,aq_cushitic,aq_cushitic,aq_faith_african,tribal_government,aq_chief_1030,d_adal
c_falaj,bedouin,bedouin,aq_faith_arabian,tribal_government,aq_chief_1031,d_yamama
c_falkenstein,aq_vindelician,aq_vindelician,aq_faith_celtic,tribal_government,aq_chief_1032,d_bavaria
c_famagusta,aq_hellenic,aq_hellenic,hellenic_pagan,tribal_government,aq_chief_1033,d_cyprus
c_fangzhou,aq_sinitic,aq_qiang_early,aq_faith_himalayan,tribal_government,aq_chief_1034,d_fufang
c_fangzhou_1,aq_sinitic,aq_chu,aq_faith_chinese,tribal_government,aq_chief_1035,d_xiangdeng
c_fanhe,aq_sinitic,aq_sinitic,aq_faith_chinese,tribal_government,aq_chief_1036,d_hexi
c_fante,aq_forest_african,aq_forest_african,west_african_roog_pagan,tribal_government,aq_chief_1037,d_ashanti
c_farafra,egyptian,egyptian,aq_faith_kemetic,tribal_government,aq_chief_1038,d_al-wahat
c_farah,persian,persian,mazdayasna,tribal_government,aq_chief_1039,d_sistan
c_farama,egyptian,egyptian,aq_faith_kemetic,tribal_government,aq_chief_1040,k_aq_egypt
c_faras,aq_kushite,aq_kushite,kushitism_pagan,tribal_government,aq_chief_1041,d_nobatia
c_farava,aq_bactrian,aq_parthian_early,mazdayasna,tribal_government,aq_chief_1042,d_nasa
c_faro,aq_celtician,aq_celtician,aq_faith_celtic,tribal_government,aq_chief_1043,0
c_fayyum,egyptian,egyptian,aq_faith_kemetic,tribal_government,aq_chief_1044,d_cairo
c_fazaz,aq_maurian,aq_maurian,aq_faith_libyan,tribal_government,aq_chief_1045,d_marrakesh
c_fazughli,aq_kushite,aq_kushite,kushitism_pagan,tribal_government,aq_chief_1046,d_sennar
c_feher,aq_dacian,aq_dacian,aq_faith_zalmonian,tribal_government,aq_chief_1047,d_transylvania
c_fellata,aq_central_african,aq_central_african,west_african_bori_pagan,tribal_government,aq_chief_1048,d_wadai
c_fengxiang,aq_sinitic,aq_qin,aq_faith_chinese,tribal_government,aq_chief_1049,k_aq_qin
c_fengzhou,aq_sinitic,aq_sinitic,aq_faith_chinese,tribal_government,aq_chief_1050,d_xingfeng
c_fenzhou,aq_sinitic,aq_zhao,aq_faith_chinese,tribal_government,aq_chief_1051,d_hedong
c_ferghana,aq_sogdian,aq_haumavarga,mazdayasna,tribal_government,aq_chief_1052,0
c_fermo,aq_senonian,aq_senonian,aq_faith_celtic,tribal_government,aq_chief_1053,d_ancona
c_ferrara,aq_italic,aq_italic,aq_faith_italic,tribal_government,aq_chief_1054,d_romagna
c_fes,aq_maurian,aq_maurian,aq_faith_libyan,tribal_government,aq_chief_1055,0
c_fetegar,aq_ethiopian,aq_ethiopian,aq_faith_african,tribal_government,aq_chief_1056,0
c_fife,aq_caledonian,aq_caledonian,aq_faith_celtic,tribal_government,aq_chief_1057,d_albany
c_figuig,aq_numidian_masaesylian,aq_numidian_masaesylian,aq_faith_libyan,tribal_government,aq_chief_1058,d_tahert
c_fika,aq_central_african,aq_central_african,west_african_bori_pagan,tribal_government,aq_chief_1059,0
c_finland,aq_finnic,aq_finnic,finnish_pagan,tribal_government,aq_chief_1060,0
c_finnveden,aq_gautish,aq_gautish,aq_faith_germanic,tribal_government,aq_chief_1061,0
c_firabr,aq_sogdian,aq_sogdian,mazdayasna,tribal_government,aq_chief_1062,d_soghd
c_firaun,egyptian,egyptian,aq_faith_kemetic,tribal_government,aq_chief_1063,d_sinai
c_firdafylki,aq_germanic,aq_rani_early,aq_faith_germanic,tribal_government,aq_chief_1064,0
c_firenze,aq_etruscan,aq_etruscan,aq_faith_etruscan,tribal_government,aq_etruria,0
c_fitri,aq_central_african,aq_central_african,west_african_bori_pagan,tribal_government,aq_chief_1066,d_wadai
c_fogaras,aq_dacian,aq_dacian,aq_faith_zalmonian,tribal_government,aq_chief_1067,d_transylvania
c_foggia,aq_daunian,aq_daunian,aq_faith_italic,tribal_government,aq_chief_1068,d_benevento
c_foix,aq_volcian,aq_volcian,aq_faith_celtic,tribal_government,aq_chief_1069,d_languedoc
c_forcalquier,aq_saluvian,aq_saluvian,aq_faith_celtic,tribal_government,aq_chief_1070,0
c_forez,aq_allobrogian,aq_allobrogian,aq_faith_celtic,tribal_government,aq_chief_1071,0
c_fraga,aq_edetanian,aq_edetanian,aq_faith_iberian,tribal_government,aq_chief_1072,d_aragon
c_frankfurt,aq_suebian,aq_marcomannic_early,aq_faith_germanic,tribal_government,aq_chief_1073,d_west_franconia
c_freistadt,aq_noric,aq_noric,aq_faith_celtic,tribal_government,aq_chief_1074,d_osterreich
c_french_leon,aq_venetian_gaul,aq_venetian_gaul,aq_faith_celtic,tribal_government,aq_chief_1075,d_brittany
c_frisia,aq_chaucan,aq_chaucan,aq_faith_germanic,tribal_government,aq_chief_1076,d_frisia
c_friuli,aq_carnian,aq_carnian,aq_faith_celtic,tribal_government,aq_chief_1077,d_friuli
c_frontenhausen,aq_vindelician,aq_vindelician,aq_faith_celtic,tribal_government,aq_chief_1078,d_bavaria
c_fudalhi,aq_cushitic,aq_cushitic,aq_faith_african,tribal_government,aq_chief_1079,d_samalo
c_fuerteventura,aq_maurian,aq_maurian,aq_faith_libyan,tribal_government,aq_chief_1080,d_canarias
c_fulda,aq_suebian,aq_chattian,aq_faith_germanic,tribal_government,aq_chief_1081,0
c_funing,aq_baiyue,aq_minyue,aq_faith_asian,tribal_government,aq_chief_1082,0
c_fuqi,aq_tibetan,aq_tibetan,bon,tribal_government,aq_chief_1083,d_tuyuhun
c_furstenberg,aq_vindelician,aq_vindelician,aq_faith_celtic,tribal_government,aq_chief_1084,d_swabia
c_futa_jalon,aq_west_african,aq_west_african,west_african_pagan,tribal_government,aq_chief_1085,0
c_fuzhou,aq_sinitic,aq_zhou,aq_faith_chinese,tribal_government,aq_chief_1086,d_xinan
c_fuzhou_1,aq_baiyue,aq_minyue,aq_faith_asian,tribal_government,aq_chief_1087,d_weiwu
c_fuzhou_2,aq_sinitic,aq_chu,aq_faith_chinese,tribal_government,aq_chief_1088,d_jiangxi
c_fuzhou_3,aq_sinitic,aq_chu,aq_faith_chinese,tribal_government,aq_chief_1089,d_jingnan
c_fuzhou_4,aq_sinitic,aq_ba,aq_faith_chinese,tribal_government,aq_chief_1090,0
c_fuzhou_5,aq_sinitic,aq_qiang_early,aq_faith_himalayan,tribal_government,aq_chief_1091,k_aq_qin
c_fyn,aq_harudian,aq_harudian,aq_faith_germanic,tribal_government,aq_chief_1092,0
c_gabal,aq_cushitic,aq_cushitic,aq_faith_african,tribal_government,aq_chief_1093,d_dawaro
c_gabes,aq_punic,aq_punic,aq_faith_punic,tribal_government,aq_chief_1094,k_aq_carthage
c_gacka,aq_liburnian,aq_liburnian,aq_faith_balkan,tribal_government,aq_chief_1095,d_croatia
c_gaeseong,aq_korean,aq_korean,aq_faith_asian,tribal_government,aq_chief_1096,0
c_gafat,aq_ethiopian,aq_ethiopian,aq_faith_african,tribal_government,aq_chief_1097,d_gojjam
c_galam,aq_west_african,aq_west_african,west_african_pagan,tribal_government,aq_chief_1098,0
c_galati,aq_getian,aq_getian,aq_faith_zalmonian,tribal_government,aq_chief_1099,d_moldova
c_galatia,aq_phrygian,aq_phrygian,aq_faith_matar,tribal_government,aq_chief_1100,d_bucellaria
c_galatia_salutaris,aq_lycaonian,aq_lycaonian,aq_faith_sandas,tribal_government,aq_chief_1101,d_anatolia
c_galloway,aq_novantian,aq_novantian,aq_faith_celtic,tribal_government,aq_chief_1102,d_galloway
c_gallura,aq_nuragic,aq_nuragic,aq_faith_nuragic,tribal_government,aq_chief_1103,d_sardinia
c_gamo,aq_ethiopian,aq_ethiopian,aq_faith_african,tribal_government,aq_chief_1104,0
c_ganale,aq_cushitic,aq_cushitic,aq_faith_african,tribal_government,aq_chief_1105,0
c_gangaran,aq_west_african,aq_west_african,west_african_pagan,tribal_government,aq_chief_1106,d_bambuk
c_ganzhou,aq_sinitic,aq_yuezhi_early,aq_faith_steppe,nomad_government,aq_chief_1107,0
c_gao,aq_west_african,aq_west_african,west_african_pagan,tribal_government,aq_chief_1108,d_kawkaw
c_gaozhou,aq_baiyue,aq_nanyue_early,aq_faith_asian,tribal_government,aq_chief_1109,0
c_gar,aq_tibetan,aq_tibetan,bon,tribal_government,aq_chief_1110,0
c_garabogazkol,aq_saka,aq_dahaean,aq_faith_steppe,nomad_government,aq_chief_1111,d_garabogazkol
c_garco,aq_tibetan,aq_tibetan,bon,tribal_government,aq_chief_1112,d_conyi
c_garkung,aq_tibetan,aq_tibetan,bon,tribal_government,aq_chief_1113,d_conyi
c_garoua,aq_central_african,aq_central_african,west_african_bori_pagan,tribal_government,aq_chief_1114,d_wandala
c_garumele,aq_central_african,aq_central_african,west_african_bori_pagan,tribal_government,aq_chief_1115,d_bornu
c_garwhal,aq_kirata,aq_kirata,aq_faith_himalayan,tribal_government,aq_chief_1116,d_kurmanchal
c_garze,aq_tibetan,aq_tibetan,bon,tribal_government,aq_chief_1117,d_dege
c_gastrikland,aq_suionian,aq_suionian,aq_faith_germanic,tribal_government,aq_chief_1118,d_svealand
c_gatsuurgazar,aq_steppe_eastern,aq_steppe_eastern,aq_faith_asian,nomad_government,aq_chief_1119,0
c_gauda,aq_pundra,aq_pundra,aq_faith_yaksha_naga,tribal_government,aq_chief_1120,d_gauda
c_gauldala,aq_germanic,aq_trondish_early,aq_faith_germanic,tribal_government,aq_chief_1121,d_dalir
c_gaya,aq_magadhan,aq_magadhan,aq_faith_buddha,tribal_government,aq_chief_1122,d_magadha
c_geba,aq_west_african,aq_west_african,west_african_pagan,tribal_government,aq_chief_1123,0
c_gegyai,aq_tibetan,aq_tibetan,bon,tribal_government,aq_chief_1124,d_ngari
c_geisenhausen,aq_vindelician,aq_vindelician,aq_faith_celtic,tribal_government,aq_chief_1125,d_bavaria
c_gemer,aq_gaulish,aq_gaulish,aq_faith_celtic,tribal_government,aq_chief_1126,d_nyitra
c_geneva,aq_allobrogian,aq_allobrogian,aq_faith_celtic,tribal_government,aq_chief_1127,d_savoie
c_genoa,aq_ligurian,aq_ligurian,aq_faith_ligurian,tribal_government,aq_chief_1128,0
c_germa,aq_garamantian,aq_garamantian,aq_faith_libyan,tribal_government,aq_chief_1129,0
c_gerqen,aq_tibetan,aq_tibetan,bon,tribal_government,aq_chief_1130,d_tuyuhun
c_gerze,aq_tibetan,aq_tibetan,bon,tribal_government,aq_chief_1131,d_ngari
c_gevaudan,aq_volcian,aq_volcian,aq_faith_celtic,tribal_government,aq_chief_1132,0
c_gezira,aq_kushite,aq_kushite,kushitism_pagan,tribal_government,aq_chief_1133,d_alwa
c_ghadames,aq_gaetulian,aq_gaetulian,aq_faith_libyan,tribal_government,aq_chief_1134,d_jerid
c_gharb,aq_maurian,aq_maurian,aq_faith_libyan,tribal_government,aq_chief_1135,d_fes
c_ghardaia,aq_gaetulian,aq_gaetulian,aq_faith_libyan,tribal_government,aq_chief_1136,d_mzab
c_ghardaman,aq_sogdian,aq_chorasmian,mazdayasna,tribal_government,aq_chief_1137,d_khorezm
c_ghat,aq_garamantian,aq_garamantian,aq_faith_libyan,tribal_government,aq_chief_1138,d_ghat
c_ghazna,aq_bactrian,aq_bactrian,mazdayasna,tribal_government,aq_chief_1139,k_aq_persia_kabulistan
c_ghazza,aq_aramaic,aq_aramaic,aq_faith_mesopotamian,tribal_government,aq_chief_1140,d_palestine
c_ghazzal,aq_central_african,aq_central_african,west_african_bori_pagan,tribal_government,aq_chief_1141,d_wadai
c_ghulja,aq_saka,aq_tigraxauda,aq_faith_steppe,nomad_government,aq_chief_1142,0
c_ghur,aq_bactrian,aq_arian_early,mazdayasna,tribal_government,aq_chief_1143,k_aq_persia_khorasan
c_gidaya,aq_cushitic,aq_cushitic,aq_faith_african,tribal_government,aq_chief_1144,d_shabelle
c_gilan,persian,aq_cadusian,mazdayasna,tribal_government,aq_chief_1145,k_aq_persia_daylam
c_gilgit,aq_kambojan,aq_kambojan,aq_faith_steppe,tribal_government,aq_chief_1146,0
c_girona,aq_ilercavonian,aq_ilercavonian,aq_faith_iberian,tribal_government,aq_chief_1147,d_barcelona
c_giurgiu,aq_getian,aq_getian,aq_faith_zalmonian,tribal_government,aq_chief_1148,d_muntenia
c_giza,egyptian,egyptian,aq_faith_kemetic,tribal_government,aq_chief_1149,d_cairo
c_glamorgan,aq_demetian,aq_demetian,aq_faith_celtic,tribal_government,aq_chief_1150,d_deheubarth
c_glazov,aq_uralic,aq_uralic,finnish_pagan,tribal_government,aq_chief_1151,0
c_gleichenstein,aq_suebian,aq_hermundurian,aq_faith_germanic,tribal_government,aq_chief_1152,0
c_gloucestershire,aq_dobunnian,aq_dobunnian,aq_faith_celtic,tribal_government,aq_chief_1153,d_gloucester
c_gnezdovo,aq_slavic,aq_dnieper_upper,slavic_pagan,tribal_government,aq_chief_1154,0
c_gnieznienska,aq_slavic,aq_pomeranian_early,slavic_pagan,tribal_government,aq_chief_1155,0
c_goalpara,aq_pragjyotisha,aq_pragjyotisha,aq_faith_yaksha_naga,tribal_government,aq_chief_1156,d_para_lauhitya
c_gobi_abakhai,aq_steppe_eastern,aq_steppe_eastern,aq_faith_asian,nomad_government,aq_chief_1157,0
c_gobi_abga,aq_steppe_eastern,aq_steppe_eastern,aq_faith_asian,nomad_government,aq_chief_1158,d_gobi_shatuoguo
c_gobi_dorngovi,aq_steppe_eastern,aq_steppe_eastern,aq_faith_asian,nomad_government,aq_chief_1159,d_gobi_shatuoguo
c_gobi_gurvan_saikhan,aq_steppe_eastern,aq_steppe_eastern,aq_faith_asian,nomad_government,aq_chief_1160,d_ovorkhangai
c_gobi_maominggan,aq_steppe_eastern,aq_steppe_eastern,aq_faith_asian,nomad_government,aq_chief_1161,d_gobi_shatuoguo
c_gobi_ongi_gol,aq_steppe_eastern,aq_steppe_eastern,aq_faith_asian,nomad_government,aq_chief_1162,0
c_gobi_sonkhot,aq_steppe_eastern,aq_steppe_eastern,aq_faith_asian,nomad_government,aq_chief_1163,d_gobi_shatuoguo
c_gobi_ulaan_govi,aq_steppe_eastern,aq_steppe_eastern,aq_faith_asian,nomad_government,aq_chief_1164,d_gobi_ongi
c_gobi_ulaan_nuur,aq_steppe_eastern,aq_steppe_eastern,aq_faith_asian,nomad_government,aq_chief_1165,d_gobi_ongi
c_gobi_ulaantatar,aq_steppe_eastern,aq_steppe_eastern,aq_faith_asian,nomad_government,aq_chief_1166,d_gobi_dadaels
c_gobir,aq_central_african,aq_central_african,west_african_bori_pagan,tribal_government,aq_chief_1167,0
c_gode,aq_cushitic,aq_cushitic,aq_faith_african,tribal_government,aq_chief_1168,d_shabelle
c_godwad,aq_abhira,aq_abhira,aq_faith_yaksha_naga,tribal_government,aq_chief_1169,0
c_gojjam,aq_ethiopian,aq_ethiopian,aq_faith_african,tribal_government,aq_chief_1170,d_gojjam
c_gokju,aq_korean,aq_korean,aq_faith_asian,tribal_government,aq_chief_1171,d_gaeseong
c_gola,aq_forest_african,aq_forest_african,west_african_roog_pagan,tribal_government,aq_chief_1172,0
c_golag,aq_tibetan,aq_tibetan,bon,tribal_government,aq_chief_1173,0
c_golaghmuli,aq_kambojan,aq_kambojan,aq_faith_steppe,tribal_government,aq_chief_1174,d_pamir
c_golden_hills,aq_scythian,aq_scythian,aq_faith_steppe,nomad_government,aq_chief_1175,0
c_gomoco,aq_tibetan,aq_tibetan,bon,tribal_government,aq_chief_1176,d_ngari
c_gondo,aq_west_african,aq_west_african,west_african_pagan,tribal_government,aq_chief_1177,d_yatenga
c_gongbo,aq_tibetan,aq_tibetan,bon,tribal_government,aq_chief_1178,0
c_gongju,aq_korean,aq_korean,aq_faith_asian,tribal_government,aq_chief_1179,d_chungju
c_gongzhou,aq_baiyue,aq_nanyue_early,aq_faith_asian,tribal_government,aq_chief_1180,0
c_gonja,aq_forest_african,aq_forest_african,west_african_roog_pagan,tribal_government,aq_chief_1181,d_dagomba
c_gonjo,aq_tibetan,aq_tibetan,bon,tribal_government,aq_chief_1182,0
c_gorlitz,aq_slavic,aq_odra_early,slavic_pagan,tribal_government,aq_chief_1183,d_meissen
c_gorz,aq_carnian,aq_carnian,aq_faith_celtic,tribal_government,aq_chief_1184,d_friuli
c_goseong,aq_korean,aq_korean,aq_faith_asian,tribal_government,aq_chief_1185,d_donggye
c_gostyninska,aq_slavic,aq_bugian_early,slavic_pagan,tribal_government,aq_chief_1186,d_mazovia
c_gottingen,aq_suebian,aq_hermundurian,aq_faith_germanic,tribal_government,aq_chief_1187,d_thuringia
c_gowrie,aq_caledonian,aq_caledonian,aq_faith_celtic,tribal_government,aq_chief_1188,d_albany
c_granada,aq_bastetanian,aq_bastetanian,aq_faith_iberian,tribal_government,aq_chief_1189,d_granada
c_graz,aq_tauriscian,aq_tauriscian,aq_faith_celtic,tribal_government,aq_chief_1190,0
c_grebo,aq_forest_african,aq_forest_african,west_african_roog_pagan,tribal_government,aq_chief_1191,0
c_grisons,aq_rhaetian,aq_rhaetian,aq_faith_rhaetian,tribal_government,aq_chief_1192,0
c_grobin,aq_baltic,aq_baltic,baltic_pagan,tribal_government,aq_chief_1193,0
c_grodno,aq_slavic,aq_slavic,slavic_pagan,tribal_government,aq_chief_1194,0
c_groningen,aq_chaucan,aq_chaucan,aq_faith_germanic,tribal_government,aq_chief_1195,0
c_grunberg,aq_slavic,aq_odra_early,slavic_pagan,tribal_government,aq_chief_1196,d_lower_silesia
c_grunningen,aq_vindelician,aq_vindelician,aq_faith_celtic,tribal_government,aq_chief_1197,d_swabia
c_guangde,aq_sinitic,aq_wu_early,aq_faith_chinese,tribal_government,aq_chief_1198,d_xuanshe
c_guangwu,aq_sinitic,aq_sinitic,aq_faith_chinese,tribal_government,aq_chief_1199,d_hexi
c_guangzhou,aq_sinitic,aq_chu,aq_faith_chinese,tribal_government,aq_chief_1200,d_huaixi
c_guangzhou_1,aq_baiyue,aq_nanyue_early,aq_faith_asian,tribal_government,aq_chief_1201,d_lingnan
c_guazhou,aq_sinitic,aq_yuezhi_early,aq_faith_steppe,nomad_government,aq_chief_1202,0
c_gudbrandsdalir,aq_germanic,aq_raumarician,aq_faith_germanic,tribal_government,aq_chief_1203,d_dalir
c_guelders,aq_chaucan,aq_chaucan,aq_faith_germanic,tribal_government,aq_chief_1204,d_gelre
c_guemju,aq_korean,aq_korean,aq_faith_asian,tribal_government,aq_chief_1205,0
c_guidimaka,aq_west_african,aq_west_african,west_african_pagan,tribal_government,aq_chief_1206,0
c_guile,aq_baiyue,aq_baiyue,aq_faith_asian,tribal_government,aq_chief_1207,0
c_guines,aq_menapian,aq_menapian,aq_faith_celtic,tribal_government,aq_chief_1208,d_flanders
c_guiyang,aq_sinitic,aq_chu,aq_faith_chinese,tribal_government,aq_chief_1209,d_hunan
c_guizhou,aq_sinitic,aq_chu,aq_faith_chinese,tribal_government,aq_chief_1210,d_jingnan
c_guizhou_1,aq_baiyue,aq_nanyue_early,aq_faith_asian,tribal_government,aq_chief_1211,0
c_guizhou_2,aq_sinitic,aq_yan,aq_faith_chinese,tribal_government,aq_chief_1212,d_youzhou
c_gumuz,aq_kushite,aq_kushite,kushitism_pagan,tribal_government,aq_chief_1213,d_sennar
c_guozhou,aq_sinitic,aq_jin_han,aq_faith_chinese,tribal_government,aq_chief_1214,d_shanguo
c_guozhou_1,aq_sinitic,aq_sinitic,aq_faith_chinese,tribal_government,aq_chief_1215,0
c_gurgan,persian,aq_hyrcanian,mazdayasna,tribal_government,aq_chief_1216,k_aq_persia_daylam
c_gurganj,aq_sogdian,aq_chorasmian,mazdayasna,tribal_government,aq_chief_1217,d_khorezm
c_gurgi,aq_pulinda,aq_pulinda,aq_faith_forest_indian,tribal_government,aq_chief_1218,d_jejakabhukti
c_guria,aq_colchian,aq_colchian,aq_faith_anatolian,tribal_government,aq_chief_1219,d_abkhazia
c_gurjaratra,aq_madra,aq_madra,aq_faith_rigvedic,tribal_government,aq_chief_1220,d_lahore
c_gurma,aq_west_african,aq_west_african,west_african_pagan,tribal_government,aq_chief_1221,d_lower_gurma
c_gutland,aq_gutnian,aq_gutnian,aq_faith_germanic,tribal_government,aq_chief_1222,0
c_gutti,aq_kadamba_early,aq_kadamba_early,aq_faith_dravidian,tribal_government,aq_chief_1223,d_nulambavadi
c_guwari,aq_forest_african,aq_forest_african,west_african_roog_pagan,tribal_government,aq_chief_1224,0
c_guzgan,aq_bactrian,aq_margian,mazdayasna,tribal_government,aq_chief_1225,d_merv
c_guzhou,aq_baiyue,aq_yelang,aq_faith_asian,tribal_government,aq_chief_1226,0
c_guzkol,aq_saka,aq_saka,aq_faith_steppe,nomad_government,aq_chief_1227,d_alakol
c_gwalior,aq_matsya,aq_matsya,aq_faith_rigvedic,tribal_government,aq_chief_1228,d_ajmer
c_gwangju,aq_korean,aq_korean,aq_faith_asian,tribal_government,aq_chief_1229,d_gwangju
c_gwiju,aq_korean,aq_korean,aq_faith_asian,tribal_government,aq_chief_1230,0
c_gyaca,aq_tibetan,aq_tibetan,bon,tribal_government,aq_chief_1231,d_yarlung
c_gyaitang,aq_tibetan,aq_tibetan,bon,tribal_government,aq_chief_1232,d_batang
c_gyama,aq_tibetan,aq_tibetan,bon,tribal_government,aq_chief_1233,d_lhasa
c_gyangze,aq_tibetan,aq_tibetan,bon,tribal_government,aq_chief_1234,0
c_gyegumdo,aq_tibetan,aq_tibetan,bon,tribal_government,aq_chief_1235,0
c_gyeongju,aq_korean,aq_korean,aq_faith_asian,tribal_government,aq_chief_1236,d_gyeongju
c_gyirong,aq_tibetan,aq_tibetan,bon,tribal_government,aq_chief_1237,0
c_gyoju,aq_korean,aq_korean,aq_faith_asian,tribal_government,aq_chief_1238,d_gyoju
c_gyor,aq_gaulish,aq_gaulish,aq_faith_celtic,tribal_government,aq_chief_1239,0
c_hadithat-ana,aq_aramaic,aq_aramaic,aq_faith_mesopotamian,tribal_government,aq_chief_1240,d_euphrates
c_hadramawt,aq_sabaean,aq_sabaean,aq_faith_arabian,tribal_government,aq_chief_1241,d_hadramawt
c_hadrianeia,aq_lydian,aq_lydian,aq_faith_artimu,tribal_government,aq_chief_1242,d_thracesia
c_hadrianopolis,aq_paphlagonian,aq_paphlagonian,aq_faith_ma,tribal_government,aq_chief_1243,d_bucellaria
c_hadya,aq_ethiopian,aq_ethiopian,aq_faith_african,tribal_government,aq_chief_1244,d_sharka
c_haeju,aq_korean,aq_korean,aq_faith_asian,tribal_government,aq_chief_1245,0
c_hai_dong,aq_baiyue,aq_luoyue,aq_faith_asian,tribal_government,aq_chief_1246,d_hai_dong
c_hail,bedouin,bedouin,aq_faith_arabian,tribal_government,aq_chief_1247,0
c_hainaut,aq_menapian,aq_menapian,aq_faith_celtic,tribal_government,aq_chief_1248,d_brabant
c_haizhou,aq_sinitic,aq_lu,aq_faith_chinese,tribal_government,aq_chief_1249,d_yanhai
c_hakkari,aq_aramaic,aq_aramaic,aq_faith_mesopotamian,tribal_government,aq_chief_1250,d_diyarbakr
c_halberstadt,aq_suebian,aq_semnonian,aq_faith_germanic,tribal_government,aq_chief_1251,d_anhalt
c_halland,aq_harudian,aq_harudian,aq_faith_germanic,tribal_government,aq_chief_1252,d_skane
c_hallstatt,aq_noric,aq_noric,aq_faith_celtic,tribal_government,aq_chief_1253,d_salzburg
c_halsingland,aq_germanic,aq_haelsingian,aq_faith_germanic,tribal_government,aq_chief_1254,d_norrland
c_haltang,aq_tibetan,aq_tibetan,bon,tribal_government,aq_chief_1255,d_aksay
c_halych,aq_slavic,aq_dniestrian_early,slavic_pagan,tribal_government,aq_chief_1256,0
c_hama,aq_aramaic,aq_aramaic,aq_faith_mesopotamian,tribal_government,aq_chief_1257,d_homs
c_hamadan,persian,aq_median,mazdayasna,tribal_government,aq_chief_1258,k_aq_persia_persia
c_hamburg,aq_cheruscan,aq_langobardic_early,aq_faith_germanic,tribal_government,aq_chief_1259,d_ostfalen
c_hampton,aq_dumnonian,aq_dumnonian,aq_faith_celtic,tribal_government,aq_chief_1260,d_somerset
c_hamyang,aq_korean,aq_korean,aq_faith_asian,tribal_government,aq_chief_1261,d_jinju
c_hangzhou,aq_sinitic,aq_wu_early,aq_faith_chinese,tribal_government,aq_chief_1262,k_aq_yue
c_hanlan,aq_burman,aq_burman,aq_faith_asian,tribal_government,aq_chief_1263,0
c_hannover,aq_cheruscan,aq_cheruscan,aq_faith_germanic,tribal_government,aq_chief_1264,d_angria
c_hanyang,aq_sinitic,aq_chu,aq_faith_chinese,tribal_government,aq_chief_1265,d_jingnan
c_hanyuan,aq_sinitic,aq_shu,aq_faith_chinese,tribal_government,aq_chief_1266,0
c_hanzhou,aq_sinitic,aq_shu,aq_faith_chinese,tribal_government,aq_chief_1267,d_xichuan
c_haozhou,aq_sinitic,aq_chu,aq_faith_chinese,tribal_government,aq_chief_1268,d_huaixi
c_harar,aq_cushitic,aq_cushitic,aq_faith_african,tribal_government,aq_chief_1269,d_adal
c_hargaya,aq_cushitic,aq_cushitic,aq_faith_african,tribal_government,aq_chief_1270,d_adal
c_harhiraa,aq_steppe_eastern,aq_pazyryk,aq_faith_steppe,nomad_government,aq_chief_1271,0
c_harikela,aq_vanga,aq_vanga,aq_faith_yaksha_naga,tribal_government,aq_chief_1272,d_vanga
c_harima,aq_yayoi,aq_yayoi,aq_faith_asian,tribal_government,aq_chief_1273,d_east_sanyodo
c_haripunjaya,aq_tai,aq_tai,aq_faith_asian,tribal_government,aq_chief_1274,0
c_harjadalen,aq_germanic,aq_germanic,aq_faith_germanic,tribal_government,aq_chief_1275,0
c_harran,aq_aramaic,aq_aramaic,aq_faith_mesopotamian,tribal_government,aq_chief_1276,d_diyarmudar
c_harrat_rahat,bedouin,bedouin,aq_faith_arabian,tribal_government,aq_chief_1277,0
c_haruppeswara,aq_pragjyotisha,aq_pragjyotisha,aq_faith_yaksha_naga,tribal_government,aq_chief_1278,d_sutiya
c_hastinapura,aq_panchala,aq_panchala,aq_faith_shukla_yajurvedic,tribal_government,aq_chief_1279,d_kuru
c_hauran,aq_aramaic,aq_aramaic,aq_faith_mesopotamian,tribal_government,aq_chief_1280,d_damascus
c_havelberg,aq_suebian,aq_lemovian,aq_faith_germanic,tribal_government,aq_chief_1281,d_ostmark
c_hayk,aq_armenian,aq_armenian,aq_faith_anatolian,tribal_government,aq_chief_1282,k_aq_persia_armenia
c_hayq,aq_ethiopian,aq_ethiopian,aq_faith_african,tribal_government,aq_chief_1283,d_lasta
c_hedmork,aq_germanic,aq_raumarician,aq_faith_germanic,tribal_government,aq_chief_1284,d_dalir
c_hehe,aq_sinitic,aq_yuezhi_early,aq_faith_steppe,nomad_government,aq_chief_1285,d_guasha
c_heihe,aq_sinitic,aq_yuezhi_early,aq_faith_steppe,nomad_government,aq_chief_1286,0
c_hejian,aq_sinitic,aq_yan,aq_faith_chinese,tribal_government,aq_chief_1287,k_aq_yan
c_helenopontus,aq_cappadocian,aq_cappadocian,aq_faith_ma,tribal_government,aq_chief_1288,k_aq_persia_pontus
c_helgum,aq_germanic,aq_germanic,aq_faith_germanic,tribal_government,aq_chief_1289,d_jamtland
c_henan,aq_sinitic,aq_zhou,aq_faith_chinese,tribal_government,aq_zhou,0
c_hengzhou,aq_sinitic,aq_chu,aq_faith_chinese,tribal_government,aq_chief_1291,d_hunan
c_hengzhou_1,aq_baiyue,aq_nanyue_early,aq_faith_asian,tribal_government,aq_chief_1292,d_yongguan
c_hequ,aq_sinitic,aq_ordos,aq_faith_asian,nomad_government,aq_chief_1293,0
c_herat,aq_bactrian,aq_arian_early,mazdayasna,tribal_government,aq_chief_1294,k_aq_persia_khorasan
c_hereford,aq_ordovician,aq_ordovician,aq_faith_celtic,tribal_government,aq_chief_1295,0
c_hereti,aq_kartvelian,aq_kartvelian,aq_faith_anatolian,tribal_government,aq_chief_1296,0
c_hertfordshire,aq_trinovantian,aq_trinovantian,aq_faith_celtic,tribal_government,aq_chief_1297,d_bedford
c_hewes,aq_gaulish,aq_gaulish,aq_faith_celtic,tribal_government,aq_chief_1298,d_visegrad
c_hezhong,aq_sinitic,aq_jin_wei,aq_faith_chinese,tribal_government,aq_chief_1299,k_aq_wei
c_hezhou_2,aq_sinitic,aq_qin,aq_faith_chinese,tribal_government,aq_chief_1300,0
c_hida,aq_jomon,aq_jomon,aq_faith_asian,tribal_government,aq_chief_1301,0
c_higo,aq_yayoi,aq_yayoi,aq_faith_asian,tribal_government,aq_chief_1302,0
c_hildesheim,aq_cheruscan,aq_cheruscan,aq_faith_germanic,tribal_government,aq_chief_1303,d_angria
c_hinthada,aq_burman,aq_burman,aq_faith_asian,tribal_government,aq_chief_1304,0
c_hiraab,aq_cushitic,aq_cushitic,aq_faith_african,tribal_government,aq_chief_1305,0
c_hisar,aq_kuru,aq_kuru,aq_faith_krishna_yajurvedic,tribal_government,aq_chief_1306,0
c_hitachi,aq_jomon,aq_jomon,aq_faith_asian,tribal_government,aq_chief_1307,0
c_hizen,aq_yayoi,aq_yayoi,aq_faith_asian,tribal_government,aq_chief_1308,d_north_saikaido
c_hlaingbwe,aq_tai,aq_tai,aq_faith_asian,tribal_government,aq_chief_1309,d_haripunjaya
c_hoanya,aq_austronesian,aq_austronesian,aq_faith_asian,tribal_government,aq_chief_1310,d_liuqiu
c_hoboksar,aq_saka,aq_saka,aq_faith_steppe,nomad_government,aq_chief_1311,0
c_hobyo,aq_cushitic,aq_cushitic,aq_faith_african,tribal_government,aq_chief_1312,d_mogadishu
c_hodh,aq_west_african,aq_west_african,west_african_pagan,tribal_government,aq_chief_1313,0
c_hodna,aq_numidian_massylian,aq_numidian_massylian,aq_faith_libyan,tribal_government,aq_chief_1314,d_zab
c_hohaseco,aq_tibetan,aq_tibetan,bon,tribal_government,aq_chief_1315,0
c_hohenau,aq_noric,aq_noric,aq_faith_celtic,tribal_government,aq_chief_1316,d_osterreich
c_hohenberg,aq_vindelician,aq_vindelician,aq_faith_celtic,tribal_government,aq_chief_1317,d_swabia
c_hohenburg,aq_boian_danube,aq_boian_danube,aq_faith_celtic,tribal_government,aq_chief_1318,d_nordgau
c_hohenlohe,aq_suebian,aq_hermundurian,aq_faith_germanic,tribal_government,aq_chief_1319,d_east_franconia
c_hoki,aq_yayoi,aq_yayoi,aq_faith_asian,tribal_government,aq_chief_1320,0
c_holland,aq_chaucan,aq_chaucan,aq_faith_germanic,tribal_government,aq_chief_1321,0
c_homs,aq_aramaic,aq_aramaic,aq_faith_mesopotamian,tribal_government,aq_chief_1322,k_aq_persia_syria
c_hongju,aq_korean,aq_korean,aq_faith_asian,tribal_government,aq_chief_1323,d_chungju
c_hongzhou,aq_sinitic,aq_chu,aq_faith_chinese,tribal_government,aq_chief_1324,k_aq_chu
c_hongzhou_2,aq_sinitic,aq_yan,aq_faith_chinese,tribal_government,aq_chief_1325,d_yunshuo
c_honorias,aq_paphlagonian,aq_paphlagonian,aq_faith_ma,tribal_government,aq_chief_1326,k_aq_persia_nikaea
c_hont,aq_gaulish,aq_gaulish,aq_faith_celtic,tribal_government,aq_chief_1327,d_nyitra
c_hordalandi,aq_rugian,aq_rugian,aq_faith_germanic,tribal_government,aq_chief_1328,0
c_hormuz,persian,persian,mazdayasna,tribal_government,aq_chief_1329,k_aq_persia_persia
c_hotin,aq_getian,aq_getian,aq_faith_zalmonian,tribal_government,aq_chief_1330,d_bukovina
c_hradec,aq_boian_danube,aq_boian_danube,aq_faith_celtic,tribal_government,aq_chief_1331,d_bohemia
c_hradyzk,aq_slavic,aq_dnieper_middle,slavic_pagan,tribal_government,aq_chief_1332,0
c_hsenwi,aq_burman,aq_burman,aq_faith_asian,tribal_government,aq_chief_1333,0
c_huaian,aq_sinitic,aq_yan,aq_faith_chinese,tribal_government,aq_chief_1334,d_sanggan
c_huaining,aq_sinitic,aq_jin_han,aq_faith_chinese,tribal_government,aq_chief_1335,d_chenxu
c_huaiyang,aq_sinitic,aq_song,aq_faith_chinese,tribal_government,aq_chief_1336,d_xusi
c_huaiyuan,aq_sinitic,aq_ordos,aq_faith_asian,nomad_government,aq_chief_1337,0
c_huaizhou,aq_sinitic,aq_jin_han,aq_faith_chinese,tribal_government,aq_chief_1338,k_aq_zhao
c_huangzhou,aq_sinitic,aq_chu,aq_faith_chinese,tribal_government,aq_chief_1339,d_eyue
c_huangzhou_1,aq_baiyue,aq_yelang,aq_faith_asian,tribal_government,aq_chief_1340,d_zangke
c_huanzhou,aq_sinitic,aq_qin,aq_faith_chinese,tribal_government,aq_chief_1341,d_binning
c_huayin,aq_sinitic,aq_qin,aq_faith_chinese,tribal_government,aq_chief_1342,d_yongxing
c_huazhou,aq_sinitic,aq_jin_wei,aq_faith_chinese,tribal_government,aq_chief_1343,k_aq_wei
c_huesca,aq_edetanian,aq_edetanian,aq_faith_iberian,tribal_government,aq_chief_1344,d_aragon
c_huichuan,aq_baiyue,aq_baiyue,aq_faith_asian,tribal_government,aq_chief_1345,0
c_huizhou,aq_sinitic,aq_ordos,aq_faith_asian,nomad_government,aq_chief_1346,d_shuofang
c_huizhou_1,aq_baiyue,aq_nanyue_early,aq_faith_asian,tribal_government,aq_chief_1347,d_huixun
c_hulwan,aq_aramaic,aq_aramaic,aq_faith_mesopotamian,tribal_government,aq_chief_1348,d_samarra
c_huntingdonshire,aq_cornovian,aq_cornovian,aq_faith_celtic,tribal_government,aq_chief_1349,0
c_hunyad,aq_dacian,aq_dacian,aq_faith_zalmonian,tribal_government,aq_chief_1350,d_transylvania
c_hunyan,aq_numidian_masaesylian,aq_numidian_masaesylian,aq_faith_libyan,tribal_government,aq_chief_1351,0
c_huzhou,aq_sinitic,aq_wu_early,aq_faith_chinese,tribal_government,aq_chief_1352,d_zhexi
c_hvosno,aq_dardanian,aq_dardanian,aq_faith_balkan,tribal_government,aq_chief_1353,0
c_hwangju,aq_korean,aq_korean,aq_faith_asian,tribal_government,aq_chief_1354,d_haeju
c_hyuga,aq_yayoi,aq_yayoi,aq_faith_asian,tribal_government,aq_chief_1355,d_south_saikaido
c_iasi,aq_getian,aq_getian,aq_faith_zalmonian,tribal_government,aq_chief_1356,d_moldova
c_ibadan,aq_forest_african,aq_forest_african,west_african_roog_pagan,tribal_government,aq_chief_1357,d_ibadan
c_ibibo,aq_forest_african,aq_forest_african,west_african_roog_pagan,tribal_government,aq_chief_1358,0
c_idatarainadu,aq_kadamba_early,aq_kadamba_early,aq_faith_dravidian,tribal_government,aq_chief_1359,0
c_idoma,aq_forest_african,aq_forest_african,west_african_roog_pagan,tribal_government,aq_chief_1360,d_igboland
c_ifat,aq_ethiopian,aq_ethiopian,aq_faith_african,tribal_government,aq_chief_1361,d_showa
c_ife,aq_forest_african,aq_forest_african,west_african_roog_pagan,tribal_government,aq_chief_1362,0
c_ifni,aq_maurian,aq_maurian,aq_faith_libyan,tribal_government,aq_chief_1363,d_sous
c_ifonyin,aq_forest_african,aq_forest_african,west_african_roog_pagan,tribal_government,aq_chief_1364,d_ibadan
c_igala,aq_forest_african,aq_forest_african,west_african_roog_pagan,tribal_government,aq_chief_1365,d_igboland
c_igana,aq_forest_african,aq_forest_african,west_african_roog_pagan,tribal_government,aq_chief_1366,0
c_igaran,aq_uralic,aq_uralic,finnish_pagan,tribal_government,aq_chief_1367,0
c_igbo,aq_forest_african,aq_forest_african,west_african_roog_pagan,tribal_government,aq_chief_1368,d_igboland
c_igbomina,aq_forest_african,aq_forest_african,west_african_roog_pagan,tribal_government,aq_chief_1369,d_oyo
c_ijaw,aq_forest_african,aq_forest_african,west_african_roog_pagan,tribal_government,aq_chief_1370,d_igboland
c_ijebu,aq_forest_african,aq_forest_african,west_african_roog_pagan,tribal_government,aq_chief_1371,d_ife
c_ikh_bogd,aq_steppe_eastern,aq_steppe_eastern,aq_faith_asian,nomad_government,aq_chief_1372,d_ovorkhangai
c_ilam,aq_kirata,aq_kirata,aq_faith_himalayan,tribal_government,aq_chief_1373,0
c_ile_de_france,aq_parisian,aq_parisian,aq_faith_celtic,tribal_government,aq_chief_1374,d_valois
c_ilek,aq_sarmatian,aq_sarmatian,aq_faith_steppe,nomad_government,aq_chief_1375,d_aqtobe
c_ilesa,aq_forest_african,aq_forest_african,west_african_roog_pagan,tribal_government,aq_chief_1376,d_borgu
c_ilga,aq_steppe_eastern,aq_steppe_eastern,aq_faith_asian,nomad_government,aq_chief_1377,d_lena
c_iliq,aq_saka,aq_tigraxauda,aq_faith_steppe,nomad_government,aq_chief_1378,d_ili-alatau
c_ilo,aq_forest_african,aq_forest_african,west_african_roog_pagan,tribal_government,aq_chief_1379,d_borgu
c_ilorin,aq_forest_african,aq_forest_african,west_african_roog_pagan,tribal_government,aq_chief_1380,d_oyo
c_ilseon,aq_korean,aq_korean,aq_faith_asian,tribal_government,aq_chief_1381,d_gyeongju
c_inaba,aq_yayoi,aq_yayoi,aq_faith_asian,tribal_government,aq_chief_1382,0
c_inari,aq_sami,aq_sami,finnish_pagan,tribal_government,aq_chief_1383,d_giemajohka
c_indrapura,aq_mon_khmer,aq_mon_khmer,aq_faith_asian,tribal_government,aq_chief_1384,0
c_ingolstadt,aq_vindelician,aq_vindelician,aq_faith_celtic,tribal_government,aq_chief_1385,d_bavaria
c_inje,aq_korean,aq_korean,aq_faith_asian,tribal_government,aq_chief_1386,d_gyoju
c_innarya,aq_ethiopian,aq_ethiopian,aq_faith_african,tribal_government,aq_chief_1387,d_damot
c_inner_hebrides,aq_epidian,aq_epidian,aq_faith_celtic,tribal_government,aq_chief_1388,d_western_isles
c_innsbruck,aq_rhaetian,aq_rhaetian,aq_faith_rhaetian,tribal_government,aq_chief_1389,d_tyrol
c_intarta,aq_ethiopian,aq_ethiopian,aq_faith_african,tribal_government,aq_chief_1390,0
c_inverness,aq_caledonian,aq_caledonian,aq_faith_celtic,tribal_government,aq_chief_1391,d_moray
c_ioci,aq_ainu,aq_ainu,aq_faith_asian,tribal_government,aq_chief_1392,0
c_ionia,aq_ionian,aq_ionian,hellenic_pagan,tribal_government,aq_chief_1393,k_aq_persia_nikaea
c_ipuskoa,aq_vasconian,aq_vasconian,aq_faith_iberian,tribal_government,aq_chief_1394,0
c_irahistan,persian,persian,mazdayasna,tribal_government,aq_chief_1395,d_fars
c_irbid,aq_aramaic,aq_aramaic,aq_faith_mesopotamian,tribal_government,aq_chief_1396,d_urdunn
c_irbil,aq_aramaic,aq_aramaic,aq_faith_mesopotamian,tribal_government,aq_chief_1397,k_aq_persia_jazira
c_irkutsk,aq_steppe_eastern,aq_steppe_eastern,aq_faith_asian,nomad_government,aq_chief_1398,0
c_isauria,aq_isaurian,aq_isaurian,aq_faith_sandas,tribal_government,aq_chief_1399,d_anatolia
c_isawa,aq_ainu,aq_ainu,aq_faith_asian,tribal_government,aq_chief_1400,0
c_ise,aq_jomon,aq_jomon,aq_faith_asian,tribal_government,aq_chief_1401,0
c_isfahan,persian,persian,mazdayasna,tribal_government,aq_chief_1402,k_aq_persia_persia
c_isfara,aq_sogdian,aq_haumavarga,mazdayasna,tribal_government,aq_chief_1403,d_ferghana
c_ishim,aq_uralic,aq_uralic,finnish_pagan,tribal_government,aq_chief_1404,d_ishim
c_iskaf,aq_aramaic,aq_aramaic,aq_faith_mesopotamian,tribal_government,aq_chief_1405,d_baghdad
c_iskar,aq_ainu,aq_ainu,aq_faith_asian,tribal_government,aq_chief_1406,d_sum
c_isle_of_man,aq_epidian,aq_epidian,aq_faith_celtic,tribal_government,aq_chief_1407,0
c_isle_of_wight,aq_dumnonian,aq_dumnonian,aq_faith_celtic,tribal_government,aq_chief_1408,d_somerset
c_issoudun,aq_biturigian,aq_biturigian,aq_faith_celtic,tribal_government,aq_chief_1409,d_berry
c_istakhr,persian,persian,mazdayasna,tribal_government,aq_persia,0
c_itanagar,aq_tibetan,aq_tibetan,bon,tribal_government,aq_chief_1411,d_lhoyul
c_itil,aq_sarmatian,aq_sarmatian,aq_faith_steppe,nomad_government,aq_chief_1412,0
c_iviza,aq_talaiotic,aq_talaiotic,aq_faith_iberian,tribal_government,aq_chief_1413,0
c_iwaki,aq_ainu,aq_ainu,aq_faith_asian,tribal_government,aq_chief_1414,d_hitakami
c_iwami,aq_yayoi,aq_yayoi,aq_faith_asian,tribal_government,aq_chief_1415,d_west_sanindo
c_iwase,aq_ainu,aq_ainu,aq_faith_asian,tribal_government,aq_chief_1416,d_hitakami
c_iyo,aq_yayoi,aq_yayoi,aq_faith_asian,tribal_government,aq_chief_1417,d_nankaido
c_izu,aq_jomon,aq_jomon,aq_faith_asian,tribal_government,aq_chief_1418,0
c_izumo,aq_yayoi,aq_yayoi,aq_faith_asian,tribal_government,aq_chief_1419,d_west_sanindo
c_jabal_kufs,persian,persian,mazdayasna,tribal_government,aq_chief_1420,d_jabal_kufs
c_jabal_quzlum,egyptian,egyptian,aq_faith_kemetic,tribal_government,aq_chief_1421,d_eastern_desert
c_jafara,aq_punic,aq_punic,aq_faith_punic,tribal_government,aq_chief_1422,d_tripolitania
c_jaffa,aq_aramaic,aq_aramaic,aq_faith_mesopotamian,tribal_government,aq_chief_1423,d_palestine
c_jaffna,aq_lankan,aq_lankan,aq_faith_rigvedic,tribal_government,aq_chief_1424,d_sinhala
c_jagatipur,aq_kirata,aq_kirata,aq_faith_himalayan,tribal_government,aq_chief_1425,d_khasa
c_jahkamakke,aq_sami,aq_sami,finnish_pagan,tribal_government,aq_chief_1426,0
c_jaksybai,aq_sarmatian,aq_sarmatian,aq_faith_steppe,nomad_government,aq_chief_1427,d_manatau
c_jaligny,aq_aeduian,aq_aeduian,aq_faith_celtic,tribal_government,aq_chief_1428,d_bourbon
c_jalmat,aq_uralic,aq_uralic,finnish_pagan,tribal_government,aq_chief_1429,d_jalmat
c_jamantau,aq_saka,aq_massagetan,aq_faith_steppe,nomad_government,aq_chief_1430,d_barsuki
c_jambalar,aq_sarmatian,aq_sarmatian,aq_faith_steppe,nomad_government,aq_chief_1431,0
c_jame,aq_west_african,aq_west_african,west_african_pagan,tribal_government,aq_chief_1432,d_kasa
c_jamtfir,aq_germanic,aq_germanic,aq_faith_germanic,tribal_government,aq_chief_1433,d_jamtland
c_janakpur,aq_kirata,aq_kirata,aq_faith_himalayan,tribal_government,aq_chief_1434,d_nepal
c_jangheung,aq_korean,aq_korean,aq_faith_asian,tribal_government,aq_chief_1435,d_naju
c_jangjeong,aq_korean,aq_korean,aq_faith_asian,tribal_government,aq_chief_1436,d_yukju
c_jangyztau,aq_saka,aq_saka,aq_faith_steppe,nomad_government,aq_chief_1437,d_atbasar
c_jara,aq_west_african,aq_west_african,west_african_pagan,tribal_government,aq_chief_1438,0
c_jasky_kart,aq_saka,aq_saka,aq_faith_steppe,nomad_government,aq_chief_1439,0
c_jaunpur,aq_kasi,aq_kasi,aq_faith_shukla_yajurvedic,tribal_government,aq_chief_1440,k_aq_nanda
c_jawf-al-yamani,aq_sabaean,aq_sabaean,aq_faith_arabian,tribal_government,aq_chief_1441,k_aq_saba
c_jend,aq_saka,aq_massagetan,aq_faith_steppe,nomad_government,aq_chief_1442,0
c_jenne,aq_west_african,aq_west_african,west_african_pagan,tribal_government,aq_chief_1443,d_jenne
c_jeonju,aq_korean,aq_korean,aq_faith_asian,tribal_government,aq_chief_1444,0
c_jerjul,aq_tagar,aq_tagar,aq_faith_steppe,tribal_government,aq_chief_1445,d_khakass_hollow
c_jersika,aq_baltic,aq_baltic,baltic_pagan,tribal_government,aq_chief_1446,d_latgalians
c_jerusalem,aq_aramaic,aq_aramaic,aq_faith_mesopotamian,tribal_government,aq_chief_1447,k_aq_persia_jerusalem
c_jharkand,aq_atavi,aq_atavi,aq_faith_forest_indian,tribal_government,aq_chief_1448,d_jharkand
c_jian_an,aq_baiyue,aq_minyue,aq_faith_asian,tribal_government,aq_chief_1449,0
c_jianchang,aq_sinitic,aq_chu,aq_faith_chinese,tribal_government,aq_chief_1450,d_jiangxi
c_jianchang_1,aq_baiyue,aq_baiyue,aq_faith_asian,tribal_government,aq_chief_1451,d_huichuan
c_jianchuan,aq_baiyue,aq_baiyue,aq_faith_asian,tribal_government,aq_chief_1452,d_jianchuan
c_jiangling,aq_sinitic,aq_chu,aq_faith_chinese,tribal_government,aq_chu,0
c_jiangning,aq_sinitic,aq_wu_early,aq_faith_chinese,tribal_government,aq_chief_1454,k_aq_yue
c_jiangzhou_2,aq_sinitic,aq_jin_wei,aq_faith_chinese,tribal_government,aq_chief_1455,d_hezhong
c_jiankang,aq_sinitic,aq_yuezhi_early,aq_faith_steppe,nomad_government,aq_chief_1456,d_gansu
c_jianyang,aq_sinitic,aq_shu,aq_faith_chinese,tribal_government,aq_chief_1457,d_xichuan
c_jianzhou_1,aq_sinitic,aq_shu,aq_faith_chinese,tribal_government,aq_chief_1458,0
c_jiazhou,aq_sinitic,aq_shu,aq_faith_chinese,tribal_government,aq_chief_1459,d_qiongnan
c_jie_DZU,aq_saka,aq_saka,aq_faith_steppe,nomad_government,aq_chief_1460,d_gurbantunggut
c_jiezhou,aq_sinitic,aq_qin,aq_faith_chinese,tribal_government,aq_chief_1461,d_qincheng
c_jihlava,aq_boian_danube,aq_boian_danube,aq_faith_celtic,tribal_government,aq_chief_1462,d_moravia
c_jilali,aq_saka,aq_saka,aq_faith_steppe,nomad_government,aq_chief_1463,d_kokturgay
c_jilanjik,aq_saka,aq_issedonian,aq_faith_steppe,nomad_government,aq_chief_1464,d_qyzylsaryarka
c_jilat,bedouin,bedouin,aq_faith_arabian,tribal_government,aq_chief_1465,d_amman
c_jilib,aq_cushitic,aq_cushitic,aq_faith_african,tribal_government,aq_chief_1466,d_west_ajuraan
c_jillye,aq_korean,aq_korean,aq_faith_asian,tribal_government,aq_chief_1467,d_jeonju
c_jimi,aq_central_african,aq_central_african,west_african_bori_pagan,tribal_government,aq_chief_1468,0
c_jimsar,aq_saka,aq_saka,aq_faith_steppe,nomad_government,aq_chief_1469,d_beshbalik
c_jinghiz,aq_saka,aq_saka,aq_faith_steppe,nomad_government,aq_chief_1470,0
c_jingzhao,aq_sinitic,aq_qin,aq_faith_chinese,tribal_government,aq_qin,0
c_jingzhou,aq_sinitic,aq_qin,aq_faith_chinese,tribal_government,aq_chief_1472,k_aq_qin
c_jingzhou_2,aq_baiyue,aq_baiyue,aq_faith_asian,tribal_government,aq_chief_1473,0
c_jinju,aq_korean,aq_korean,aq_faith_asian,tribal_government,aq_chief_1474,d_jinju
c_jinsko,aq_saka,aq_saka,aq_faith_steppe,nomad_government,aq_chief_1475,d_tarbagatai
c_jinzhou,aq_sinitic,aq_qin,aq_faith_chinese,tribal_government,aq_chief_1476,d_binning
c_jinzhou_1,aq_sinitic,aq_qin,aq_faith_chinese,tribal_government,aq_chief_1477,k_aq_qin
c_jiren_suat,aq_saka,aq_saka,aq_faith_steppe,nomad_government,aq_chief_1478,d_kentarlau
c_jiruft,persian,persian,mazdayasna,tribal_government,aq_chief_1479,d_kirman
c_jitikul,aq_sarmatian,aq_sarmatian,aq_faith_steppe,nomad_government,aq_chief_1480,0
c_jiuquan,aq_sinitic,aq_yuezhi_early,aq_faith_steppe,nomad_government,aq_chief_1481,d_gansu
c_jiushijiuquan,aq_sinitic,aq_yan,aq_faith_chinese,tribal_government,aq_chief_1482,d_sanggan
c_jizhou,aq_sinitic,aq_zhao,aq_faith_chinese,tribal_government,aq_chief_1483,d_chengde
c_jizhou_1,aq_sinitic,aq_yan,aq_faith_chinese,tribal_government,aq_chief_1484,d_youzhou
c_jizhou_2,aq_sinitic,aq_shu,aq_faith_chinese,tribal_government,aq_chief_1485,d_xingyuan
c_jizhou_3,aq_sinitic,aq_chu,aq_faith_chinese,tribal_government,aq_chief_1486,d_jiangxi
c_jolof,aq_west_african,aq_west_african,west_african_pagan,tribal_government,aq_chief_1487,d_djolof
c_jone,aq_tibetan,aq_tibetan,bon,tribal_government,aq_chief_1488,0
c_jovvkuj,aq_sami,aq_sami,finnish_pagan,tribal_government,aq_chief_1489,d_guoldat
c_jowol,aq_west_african,aq_west_african,west_african_pagan,tribal_government,aq_chief_1490,d_silla
c_jubba,aq_cushitic,aq_cushitic,aq_faith_african,tribal_government,aq_chief_1491,d_west_ajuraan
c_julevadno,aq_sami,aq_sami,finnish_pagan,tribal_government,aq_chief_1492,d_vuovdisamieana
c_julfar,bedouin,bedouin,aq_faith_arabian,tribal_government,aq_chief_1493,d_oman
c_julym,aq_tagar,aq_tagar,aq_faith_steppe,tribal_government,aq_chief_1494,d_khakass_hollow
c_jumla,aq_kirata,aq_kirata,aq_faith_himalayan,tribal_government,aq_chief_1495,d_khasa
c_junzhou,aq_sinitic,aq_chu,aq_faith_chinese,tribal_government,aq_chief_1496,d_xiangdeng
c_juterbog,aq_slavic,aq_odra_early,slavic_pagan,tribal_government,aq_chief_1497,d_lausitz
c_juwain,aq_bactrian,aq_parthian_early,mazdayasna,tribal_government,aq_chief_1498,d_nishapur
c_juwair,aq_aramaic,aq_aramaic,aq_faith_mesopotamian,tribal_government,aq_chief_1499,d_damascus
c_juzhou,aq_baiyue,aq_yelang,aq_faith_asian,tribal_government,aq_chief_1500,d_zangke
c_kaabu,aq_west_african,aq_west_african,west_african_pagan,tribal_government,aq_chief_1501,d_kaabu
c_kaarta,aq_west_african,aq_west_african,west_african_pagan,tribal_government,aq_chief_1502,0
c_kabarasana,aq_forest_african,aq_forest_african,west_african_roog_pagan,tribal_government,aq_chief_1503,0
c_kabtag,aq_saka,aq_saka,aq_faith_steppe,nomad_government,aq_chief_1504,d_naiman_gobi
c_kabul,aq_kambojan,aq_kambojan,aq_faith_steppe,tribal_government,aq_chief_1505,k_aq_persia_kabulistan
c_kachu,aq_uralic,aq_uralic,finnish_pagan,tribal_government,aq_chief_1506,d_kulyndy_steppe
c_kada,aq_steppe_eastern,aq_steppe_eastern,aq_faith_asian,nomad_government,aq_chief_1507,0
c_kadam,aq_central_african,aq_central_african,west_african_bori_pagan,tribal_government,aq_chief_1508,d_wadai
c_kaduna,aq_central_african,aq_central_african,west_african_bori_pagan,tribal_government,aq_chief_1509,0
c_kaerji,aq_saka,aq_saka,aq_faith_steppe,nomad_government,aq_chief_1510,d_gurbantunggut
c_kafa,aq_saka,aq_saka,aq_faith_steppe,nomad_government,aq_chief_1511,d_atbasar
c_kaffa,aq_ethiopian,aq_ethiopian,aq_faith_african,tribal_government,aq_chief_1512,d_kaffa
c_kafirkot,aq_malava,aq_malava,aq_faith_rigvedic,tribal_government,aq_chief_1513,0
c_kaga,aq_jomon,aq_jomon,aq_faith_asian,tribal_government,aq_chief_1514,d_hokurikudo
c_kagar,aq_tibetan,aq_tibetan,bon,tribal_government,aq_chief_1515,d_ngamring
c_kagha,aq_central_african,aq_central_african,west_african_bori_pagan,tribal_government,aq_chief_1516,d_kagha
c_kai,aq_jomon,aq_jomon,aq_faith_asian,tribal_government,aq_chief_1517,d_tosando
c_kainar,aq_sarmatian,aq_sarmatian,aq_faith_steppe,nomad_government,aq_chief_1518,d_atyrau
c_kainsk,aq_uralic,aq_uralic,finnish_pagan,tribal_government,aq_chief_1519,0
c_kainuu,aq_finnic,aq_finnic,finnish_pagan,tribal_government,aq_chief_1520,0
c_kairwan,aq_punic,aq_punic,aq_faith_punic,tribal_government,aq_chief_1521,k_aq_carthage
c_kaisereia,aq_cappadocian,aq_cappadocian,aq_faith_ma,tribal_government,aq_chief_1522,d_charsianon
c_kaiserslautern,aq_suebian,aq_marcomannic_early,aq_faith_germanic,tribal_government,aq_chief_1523,d_west_franconia
c_kaizhou,aq_sinitic,aq_ba,aq_faith_chinese,tribal_government,aq_chief_1524,d_baqu
c_kakheti,aq_kartvelian,aq_kartvelian,aq_faith_anatolian,tribal_government,aq_chief_1525,d_georgia
c_kakisalmi,aq_finnic,aq_finnic,finnish_pagan,tribal_government,aq_chief_1526,0
c_kalabsha,aq_kushite,aq_kushite,kushitism_pagan,tribal_government,aq_chief_1527,d_nobatia
c_kalanjara,aq_chedi,aq_chedi,aq_faith_atharvavedic,tribal_government,aq_chief_1528,d_jejakabhukti
c_kalat,aq_malava,aq_malava,aq_faith_rigvedic,tribal_government,aq_chief_1529,d_multan
c_kalbin,aq_saka,aq_saka,aq_faith_steppe,nomad_government,aq_chief_1530,0
c_kale,aq_burman,aq_burman,aq_faith_asian,tribal_government,aq_chief_1531,d_tagaung
c_kali_kumaon,aq_kirata,aq_kirata,aq_faith_himalayan,tribal_government,aq_chief_1532,d_kurmanchal
c_kalif,aq_sogdian,aq_sogdian,mazdayasna,tribal_government,aq_chief_1533,d_soghd
c_kalinganagar,aq_kalinga,aq_kalinga,aq_faith_nirgrantha,tribal_government,aq_chief_1534,0
c_kaliska,aq_slavic,aq_pomeranian_early,slavic_pagan,tribal_government,aq_chief_1535,d_wielkopolska
c_kalliopolis,aq_odrysian,aq_odrysian,aq_faith_balkan,tribal_government,aq_chief_1536,d_thrace
c_kalos_limen,aq_scythian,aq_scythian,aq_faith_steppe,nomad_government,aq_chief_1537,0
c_kalpi,aq_kosalan,aq_kosalan,aq_faith_shukla_yajurvedic,tribal_government,aq_chief_1538,d_kanyakubja
c_kalyani,aq_kadamba_early,aq_kadamba_early,aq_faith_dravidian,tribal_government,aq_chief_1539,0
c_kamarupanagara,aq_pragjyotisha,aq_pragjyotisha,aq_faith_yaksha_naga,tribal_government,aq_chief_1540,0
c_kamatapur,aq_pragjyotisha,aq_pragjyotisha,aq_faith_yaksha_naga,tribal_government,aq_chief_1541,d_kamarupanagara
c_kambampet,aq_andhra,aq_andhra,aq_faith_dravidian,tribal_government,aq_chief_1542,d_warangal
c_kammersberg,aq_tauriscian,aq_tauriscian,aq_faith_celtic,tribal_government,aq_chief_1543,0
c_kamru,aq_tibetan,aq_tibetan,bon,tribal_government,aq_chief_1544,d_kinnaur
c_kanara,aq_alupa,aq_alupa,aq_faith_dravidian,tribal_government,aq_chief_1545,0
c_kanchipuram,aq_chola,aq_chola,aq_faith_murukan,tribal_government,aq_chief_1546,d_tondai_nadu
c_kandy,aq_lankan,aq_lankan,aq_faith_rigvedic,tribal_government,aq_chief_1547,d_dakhina_desa
c_kandygatai,aq_saka,aq_saka,aq_faith_steppe,nomad_government,aq_chief_1548,d_jinghiz
c_kanem,aq_central_african,aq_central_african,west_african_bori_pagan,tribal_government,aq_chief_1549,d_kanem
c_kangmar,aq_tibetan,aq_tibetan,bon,tribal_government,aq_chief_1550,d_xigaze
c_kangra,aq_trigartan,aq_trigartan,aq_faith_rigvedic,tribal_government,aq_chief_1551,d_lahore
c_kangzhou,aq_baiyue,aq_nanyue_early,aq_faith_asian,tribal_government,aq_chief_1552,d_lingnan
c_kaniaga,aq_west_african,aq_west_african,west_african_pagan,tribal_government,aq_chief_1553,d_kaniaga
c_kankan,aq_west_african,aq_west_african,west_african_pagan,tribal_government,aq_chief_1554,d_manding
c_kano,aq_central_african,aq_central_african,west_african_bori_pagan,tribal_government,aq_chief_1555,d_kano
c_kansk,aq_steppe_eastern,aq_steppe_eastern,aq_faith_asian,nomad_government,aq_chief_1556,0
c_kantegir,aq_tagar,aq_tagar,aq_faith_steppe,tribal_government,aq_chief_1557,0
c_kanyakubja,aq_kosalan,aq_kosalan,aq_faith_shukla_yajurvedic,tribal_government,aq_chief_1558,k_aq_nanda
c_kara-mugai,aq_saka,aq_massagetan,aq_faith_steppe,nomad_government,aq_chief_1559,d_aral_il
c_kara_asirgan,aq_saka,aq_saka,aq_faith_steppe,nomad_government,aq_chief_1560,d_naiman_gobi
c_kara_khoja,aq_saka,aq_saka,aq_faith_steppe,nomad_government,aq_chief_1561,d_kara_khoja
c_kara_khol,aq_tagar,aq_pazyryk,aq_faith_steppe,nomad_government,aq_chief_1562,0
c_karabaigal,aq_steppe_eastern,aq_steppe_eastern,aq_faith_asian,nomad_government,aq_chief_1563,d_bargujin_tukum
c_karabalgasun,aq_steppe_eastern,aq_steppe_eastern,aq_faith_asian,nomad_government,aq_chief_1564,0
c_karabas,aq_saka,aq_saka,aq_faith_steppe,nomad_government,aq_chief_1565,d_karabas
c_karabash,aq_uralic,aq_uralic,finnish_pagan,tribal_government,aq_chief_1566,d_uraltau
c_karabolam,aq_uralic,aq_uralic,finnish_pagan,tribal_government,aq_chief_1567,d_volga_bulgaria
c_karachev,aq_slavic,aq_dnieper_upper,slavic_pagan,tribal_government,aq_chief_1568,0
c_karahataka,aq_kadamba_early,aq_kadamba_early,aq_faith_dravidian,tribal_government,aq_chief_1569,d_rattapadi
c_karakorum,aq_steppe_eastern,aq_steppe_eastern,aq_faith_asian,nomad_government,aq_chief_1570,d_orkhon
c_karamay,aq_saka,aq_saka,aq_faith_steppe,nomad_government,aq_chief_1571,d_tarbagatai
c_karashar,aq_tocharian,aq_tocharian,aq_faith_steppe,tribal_government,aq_chief_1572,0
c_karasjohka,aq_sami,aq_sami,finnish_pagan,tribal_government,aq_chief_1573,d_duortnoseatnu
c_karasu,aq_saka,aq_saka,aq_faith_steppe,nomad_government,aq_chief_1574,d_kush-murun
c_karatayak,aq_uralic,aq_uralic,finnish_pagan,tribal_government,aq_chief_1575,0
c_karatsagaan,aq_steppe_eastern,aq_steppe_eastern,aq_faith_asian,nomad_government,aq_chief_1576,d_selenga_valley
c_karauda,aq_tagar,aq_tagar,aq_faith_steppe,tribal_government,aq_chief_1577,0
c_karbala,aq_aramaic,aq_aramaic,aq_faith_mesopotamian,tribal_government,aq_chief_1578,d_baghdad
c_kargadan,aq_uralic,aq_uralic,finnish_pagan,tribal_government,aq_chief_1579,d_udmurtia
c_karghalik,aq_tocharian,aq_tocharian,aq_faith_steppe,tribal_government,aq_chief_1580,d_khotan
c_kargopol,aq_finnic,aq_finnic,finnish_pagan,tribal_government,aq_chief_1581,0
c_karkaraly,aq_saka,aq_issedonian,aq_faith_steppe,nomad_government,aq_chief_1582,0
c_karmanta,aq_vanga,aq_vanga,aq_faith_yaksha_naga,tribal_government,aq_chief_1583,d_vanga
c_karnten,aq_tauriscian,aq_tauriscian,aq_faith_celtic,tribal_government,aq_chief_1584,d_carinthia
c_karor,aq_malava,aq_malava,aq_faith_rigvedic,tribal_government,aq_chief_1585,d_multan
c_karran,aq_sogdian,aq_sogdian,mazdayasna,tribal_government,aq_chief_1586,d_badakhshan
c_kartauzh,aq_uralic,aq_uralic,finnish_pagan,tribal_government,aq_chief_1587,0
c_kartli,aq_kartvelian,aq_kartvelian,aq_faith_anatolian,tribal_government,aq_chief_1588,d_tao-klarjeti
c_karur,aq_malava,aq_malava,aq_faith_rigvedic,tribal_government,aq_chief_1589,d_multan
c_kasa,aq_west_african,aq_west_african,west_african_pagan,tribal_government,aq_chief_1590,d_kasa
c_kash,aq_saka,aq_tigraxauda,aq_faith_steppe,nomad_government,aq_chief_1591,d_ili-alatau
c_kashgar,aq_tocharian,aq_tocharian,aq_faith_steppe,tribal_government,aq_chief_1592,d_kashgar
c_kaska,aq_saka,aq_issedonian,aq_faith_steppe,nomad_government,aq_chief_1593,0
c_kaskelen,aq_saka,aq_tigraxauda,aq_faith_steppe,nomad_government,aq_chief_1594,d_zhetysu
c_kaski,aq_kirata,aq_kirata,aq_faith_himalayan,tribal_government,aq_chief_1595,d_khasa
c_kasmira,aq_kasmira,aq_kasmira,aq_faith_atharvavedic,tribal_government,aq_chief_1596,d_kasmira
c_kassala,aq_cushitic,aq_cushitic,aq_faith_african,tribal_government,aq_chief_1597,d_baqlin
c_kassel,aq_suebian,aq_chattian,aq_faith_germanic,tribal_government,aq_chief_1598,d_hesse
c_katagum,aq_central_african,aq_central_african,west_african_bori_pagan,tribal_government,aq_chief_1599,d_kagha
c_kataka,aq_kalinga,aq_kalinga,aq_faith_nirgrantha,tribal_government,aq_chief_1600,0
c_katehar,aq_panchala,aq_panchala,aq_faith_shukla_yajurvedic,tribal_government,aq_chief_1601,d_vodamayutja
c_kath,aq_sogdian,aq_chorasmian,mazdayasna,tribal_government,aq_chief_1602,d_khorezm
c_kathmandu,aq_kirata,aq_kirata,aq_faith_himalayan,tribal_government,aq_chief_1603,d_nepal
c_katsina,aq_central_african,aq_central_african,west_african_bori_pagan,tribal_government,aq_chief_1604,d_katsina
c_katu_yaryk,aq_tagar,aq_pazyryk,aq_faith_steppe,nomad_government,aq_chief_1605,d_katu_yaryk
c_katukuru,aq_andhra,aq_andhra,aq_faith_dravidian,tribal_government,aq_chief_1606,d_warangal
c_kauthara,aq_mon_khmer,aq_mon_khmer,aq_faith_asian,tribal_government,aq_chief_1607,0
c_kawachi,aq_yayoi,aq_yayoi,aq_faith_asian,tribal_government,aq_chief_1608,0
c_kayor,aq_west_african,aq_west_african,west_african_pagan,tribal_government,aq_chief_1609,d_djolof
c_kazan,aq_uralic,aq_uralic,finnish_pagan,tribal_government,aq_chief_1610,d_kazan
c_kazanskaya,aq_scythian,aq_scythian,aq_faith_steppe,nomad_government,aq_chief_1611,d_don_valley
c_kazanskoye,aq_uralic,aq_uralic,finnish_pagan,tribal_government,aq_chief_1612,0
c_kazusa,aq_jomon,aq_jomon,aq_faith_asian,tribal_government,aq_chief_1613,d_east_bando
c_kazym,aq_uralic,aq_uralic,finnish_pagan,tribal_government,aq_chief_1614,0
c_kbumak,aq_sarmatian,aq_sarmatian,aq_faith_steppe,nomad_government,aq_chief_1615,d_aqtobe
c_kebbi,aq_central_african,aq_central_african,west_african_bori_pagan,tribal_government,aq_chief_1616,0
c_keffi,aq_forest_african,aq_forest_african,west_african_roog_pagan,tribal_government,aq_chief_1617,d_kwararafa
c_kempten,aq_vindelician,aq_vindelician,aq_faith_celtic,tribal_government,aq_chief_1618,d_augsburg
c_kent,aq_cantiacian,aq_cantiacian,aq_faith_celtic,tribal_government,aq_chief_1619,0
c_kepala_burung,aq_austronesian,aq_austronesian,aq_faith_asian,tribal_government,aq_chief_1620,d_papua
c_kera,aq_central_african,aq_central_african,west_african_bori_pagan,tribal_government,aq_chief_1621,d_wandala
c_kerak,aq_aramaic,aq_aramaic,aq_faith_mesopotamian,tribal_government,aq_chief_1622,k_aq_persia_jerusalem
c_kerala,aq_chera,aq_chera,aq_faith_murukan,tribal_government,aq_chief_1623,d_chera_nadu
c_kerch,aq_hellenic,aq_hellenic,hellenic_pagan,tribal_government,aq_bosporus,0
c_keriya,aq_tocharian,aq_tocharian,aq_faith_steppe,tribal_government,aq_chief_1625,d_khotan
c_kerken,aq_uralic,aq_uralic,finnish_pagan,tribal_government,aq_chief_1626,0
c_kermanshah,persian,aq_median,mazdayasna,tribal_government,aq_chief_1627,k_aq_persia_persia
c_kernave,aq_baltic,aq_baltic,baltic_pagan,tribal_government,aq_chief_1628,d_lithuanians
c_ketu,aq_forest_african,aq_forest_african,west_african_roog_pagan,tribal_government,aq_chief_1629,d_ibadan
c_keve,aq_scordiscian,aq_scordiscian,aq_faith_celtic,tribal_government,aq_chief_1630,d_temes
c_kevrola,aq_finnic,aq_finnic,finnish_pagan,tribal_government,aq_chief_1631,0
c_keyimen,aq_sinitic,aq_ordos,aq_faith_asian,nomad_government,aq_chief_1632,d_langshan
c_khabur,aq_aramaic,aq_aramaic,aq_faith_mesopotamian,tribal_government,aq_chief_1633,d_diyarrabia
c_khachen,aq_armenian,aq_armenian,aq_faith_anatolian,tribal_government,aq_chief_1634,d_greater_armenia
c_khanjargalant,aq_steppe_eastern,aq_steppe_eastern,aq_faith_asian,nomad_government,aq_chief_1635,d_orkhon
c_khaplu,aq_tibetan,aq_tibetan,bon,tribal_government,aq_chief_1636,0
c_khar_us,aq_steppe_eastern,aq_steppe_eastern,aq_faith_asian,nomad_government,aq_chief_1637,0
c_kharam-vosh,aq_uralic,aq_uralic,finnish_pagan,tribal_government,aq_chief_1638,d_konda
c_kharga,egyptian,egyptian,aq_faith_kemetic,tribal_government,aq_chief_1639,d_al-wahat
c_khasagt_khairkhan,aq_steppe_eastern,aq_steppe_eastern,aq_faith_asian,nomad_government,aq_chief_1640,d_ovorkhangai
c_khawr,persian,persian,mazdayasna,tribal_government,aq_chief_1641,d_makran
c_khaybar,bedouin,bedouin,aq_faith_arabian,tribal_government,aq_chief_1642,d_medina
c_khentii,aq_steppe_eastern,aq_steppe_eastern,aq_faith_asian,nomad_government,aq_chief_1643,d_ogrash
c_kherson,aq_scythian,aq_scythian,aq_faith_steppe,nomad_government,aq_chief_1644,0
c_khetaka,aq_anarta,aq_anarta,aq_faith_samavedic,tribal_government,aq_chief_1645,0
c_khijjingakota,aq_kalinga,aq_kalinga,aq_faith_nirgrantha,tribal_government,aq_chief_1646,d_tosali
c_khinjali_mandala,aq_kalinga,aq_kalinga,aq_faith_nirgrantha,tribal_government,aq_chief_1647,d_tosali
c_khiva,aq_sogdian,aq_chorasmian,mazdayasna,tribal_government,aq_chief_1648,d_khorezm
c_khojand,aq_sogdian,aq_haumavarga,mazdayasna,tribal_government,aq_chief_1649,d_ferghana
c_khokhoo,aq_steppe_eastern,aq_steppe_eastern,aq_faith_asian,nomad_government,aq_chief_1650,d_selenga_valley
c_kholmogory,aq_finnic,aq_finnic,finnish_pagan,tribal_government,aq_chief_1651,0
c_khopyor,aq_uralic,aq_uralic,finnish_pagan,tribal_government,aq_chief_1652,d_khopyor
c_khortytsia,aq_scythian,aq_scythian,aq_faith_steppe,nomad_government,aq_chief_1653,0
c_khotan,aq_tocharian,aq_tocharian,aq_faith_steppe,tribal_government,aq_chief_1654,d_khotan
c_khotang,aq_kirata,aq_kirata,aq_faith_himalayan,tribal_government,aq_chief_1655,d_limbuwan
c_khu_bua,aq_tai,aq_tai,aq_faith_asian,tribal_government,aq_chief_1656,0
c_khumar,aq_sarmatian,aq_sarmatian,aq_faith_steppe,nomad_government,aq_chief_1657,d_azov
c_khurnak,aq_tibetan,aq_tibetan,bon,tribal_government,aq_chief_1658,0
c_khursa,aq_uralic,aq_uralic,finnish_pagan,tribal_government,aq_chief_1659,d_voronezh
c_khuttal,aq_sogdian,aq_sogdian,mazdayasna,tribal_government,aq_chief_1660,k_aq_persia_transoxiana
c_khuwar,persian,aq_median,mazdayasna,tribal_government,aq_chief_1661,d_rayy
c_kiev,aq_slavic,aq_dnieper_middle,slavic_pagan,tribal_government,aq_chief_1662,d_kiev
c_kii,aq_yayoi,aq_yayoi,aq_faith_asian,tribal_government,aq_chief_1663,d_nankaido
c_kiia,aq_uralic,aq_uralic,finnish_pagan,tribal_government,aq_chief_1664,d_ala_tau
c_kilimanjaro,aq_bantu,aq_bantu,aq_faith_african,tribal_government,aq_chief_1665,0
c_kinda,aq_gautish,aq_gautish,aq_faith_germanic,tribal_government,aq_chief_1666,0
c_kinda_sakun,aq_sabaean,aq_sabaean,aq_faith_arabian,tribal_government,aq_chief_1667,d_hadramawt
c_kingui,aq_west_african,aq_west_african,west_african_pagan,tribal_government,aq_chief_1668,d_diafunu
c_kintus,aq_sami,aq_sami,finnish_pagan,tribal_government,aq_chief_1669,d_guoldat
c_kiranapura,aq_atavi,aq_atavi,aq_faith_forest_indian,tribal_government,aq_chief_1670,0
c_kirillov,aq_finnic,aq_finnic,finnish_pagan,tribal_government,aq_chief_1671,d_chudia
c_kirinyaga,aq_bantu,aq_bantu,aq_faith_african,tribal_government,aq_chief_1672,d_bonde_la_ufa
c_kirkuk,aq_aramaic,aq_aramaic,aq_faith_mesopotamian,tribal_government,aq_chief_1673,d_samarra
c_kirman,persian,persian,mazdayasna,tribal_government,aq_chief_1674,k_aq_persia_persia
c_kishsh,aq_sogdian,aq_sogdian,mazdayasna,tribal_government,aq_chief_1675,d_soghd
c_kisi,aq_west_african,aq_west_african,west_african_pagan,tribal_government,aq_chief_1676,0
c_kita,aq_west_african,aq_west_african,west_african_pagan,tribal_government,aq_chief_1677,d_kaniaga
c_kitka,aq_sami,aq_sami,finnish_pagan,tribal_government,aq_chief_1678,d_giemajohka
c_kitoi,aq_steppe_eastern,aq_steppe_eastern,aq_faith_asian,nomad_government,aq_chief_1679,d_angara
c_kittila,aq_sami,aq_sami,finnish_pagan,tribal_government,aq_chief_1680,d_vuovdisamieana
c_kiz,persian,persian,mazdayasna,tribal_government,aq_chief_1681,d_makran
c_kizir,aq_tagar,aq_tagar,aq_faith_steppe,tribal_government,aq_chief_1682,d_blue_khakassia
c_klarjeti,aq_kartvelian,aq_kartvelian,aq_faith_anatolian,tribal_government,aq_chief_1683,d_tao-klarjeti
c_kletsk,aq_slavic,aq_pripyatian,slavic_pagan,tribal_government,aq_chief_1684,d_pinsk
c_klingenberg,aq_suebian,aq_marcomannic_early,aq_faith_germanic,tribal_government,aq_chief_1685,d_west_franconia
c_knin,aq_delmatian,aq_delmatian,aq_faith_balkan,tribal_government,aq_chief_1686,d_dalmatia
c_knittelfeld,aq_tauriscian,aq_tauriscian,aq_faith_celtic,tribal_government,aq_chief_1687,d_carinthia
c_koblenz,aq_treverian,aq_treverian,aq_faith_celtic,tribal_government,aq_chief_1688,d_lower_lorraine
c_koda,aq_uralic,aq_uralic,finnish_pagan,tribal_government,aq_chief_1689,d_kazym
c_kodalaka_mandala,aq_kalinga,aq_kalinga,aq_faith_nirgrantha,tribal_government,aq_chief_1690,d_tosali
c_koh_ker,aq_mon_khmer,aq_mon_khmer,aq_faith_asian,tribal_government,aq_chief_1691,d_angkor
c_koi-bagar,aq_saka,aq_saka,aq_faith_steppe,nomad_government,aq_chief_1692,d_kentarlau
c_kojuk,aq_uralic,aq_uralic,finnish_pagan,tribal_government,aq_chief_1693,d_ala_tau
c_kokenois,aq_baltic,aq_baltic,baltic_pagan,tribal_government,aq_chief_1694,d_latgalians
c_kokoli,aq_west_african,aq_west_african,west_african_pagan,tribal_government,aq_chief_1695,d_futa_jalon
c_kokpekty,aq_saka,aq_saka,aq_faith_steppe,nomad_government,aq_chief_1696,d_alakol
c_koksemey,aq_saka,aq_saka,aq_faith_steppe,nomad_government,aq_chief_1697,d_semey
c_kol,aq_surasena,aq_surasena,aq_faith_samavedic,tribal_government,aq_chief_1698,d_mathura
c_kolhapur,aq_kadamba_early,aq_kadamba_early,aq_faith_dravidian,tribal_government,aq_chief_1699,d_rattapadi
c_kolobrzeg,aq_suebian,aq_varinian,aq_faith_germanic,tribal_government,aq_chief_1700,d_pommerania
c_kolon,aq_scordiscian,aq_scordiscian,aq_faith_celtic,tribal_government,aq_chief_1701,d_somogy
c_kolyn,aq_uralic,aq_uralic,finnish_pagan,tribal_government,aq_chief_1702,d_udmurtia
c_kolyvan,aq_uralic,aq_uralic,finnish_pagan,tribal_government,aq_chief_1703,d_baraba_steppe
c_komarom,aq_gaulish,aq_gaulish,aq_faith_celtic,tribal_government,aq_chief_1704,d_visegrad
c_konda_ob,aq_uralic,aq_uralic,finnish_pagan,tribal_government,aq_chief_1705,d_baraba_steppe
c_kondana,aq_asmaka,aq_asmaka,aq_faith_krishna_yajurvedic,tribal_government,aq_chief_1706,0
c_kondoma,aq_uralic,aq_uralic,finnish_pagan,tribal_government,aq_chief_1707,d_aley
c_kong,aq_forest_african,aq_forest_african,west_african_roog_pagan,tribal_government,aq_chief_1708,d_kong
c_kongu,aq_pandya,aq_pandya,aq_faith_murukan,tribal_government,aq_chief_1709,0
c_konigsberg,aq_baltic,aq_baltic,baltic_pagan,tribal_government,aq_chief_1710,d_prussia
c_konko,aq_west_african,aq_west_african,west_african_pagan,tribal_government,aq_chief_1711,d_bambuk
c_kono,aq_forest_african,aq_forest_african,west_african_roog_pagan,tribal_government,aq_chief_1712,d_kono
c_kontupohja,aq_finnic,aq_finnic,finnish_pagan,tribal_government,aq_chief_1713,d_karelia
c_konyan,aq_forest_african,aq_forest_african,west_african_roog_pagan,tribal_government,aq_chief_1714,d_toro
c_kopathal,aq_saka,aq_tigraxauda,aq_faith_steppe,nomad_government,aq_chief_1715,d_zhetysu
c_koppam,aq_kadamba_early,aq_kadamba_early,aq_faith_dravidian,tribal_government,aq_chief_1716,d_raichur_doab
c_kordofan,aq_central_african,aq_central_african,west_african_bori_pagan,tribal_government,aq_chief_1717,0
c_korehari,aq_ainu,aq_ainu,aq_faith_asian,tribal_government,aq_chief_1718,d_hitakami
c_korgon,aq_uralic,aq_uralic,finnish_pagan,tribal_government,aq_chief_1719,d_aley
c_korinthos,aq_hellenic,aq_hellenic,hellenic_pagan,tribal_government,aq_chief_1720,d_aq_tribe_achaia_achaia
c_korosten,aq_slavic,aq_pripyatian,slavic_pagan,tribal_government,aq_chief_1721,d_turov
c_korsun,aq_slavic,aq_dnieper_middle,slavic_pagan,tribal_government,aq_chief_1722,d_kiev
c_kos-buwak,aq_saka,aq_saka,aq_faith_steppe,nomad_government,aq_chief_1723,d_jemba
c_kos_uba,aq_sarmatian,aq_sarmatian,aq_faith_steppe,nomad_government,aq_chief_1724,d_mugodzhar_hills
c_kosh_kurbay,aq_sarmatian,aq_sarmatian,aq_faith_steppe,nomad_government,aq_chief_1725,d_mugodzhar_hills
c_koshuki,aq_uralic,aq_uralic,finnish_pagan,tribal_government,aq_chief_1726,0
c_kostanay,aq_saka,aq_saka,aq_faith_steppe,nomad_government,aq_chief_1727,0
c_kota,aq_sivi,aq_sivi,aq_faith_rigvedic,tribal_government,aq_chief_1728,d_medapata
c_kotera,aq_steppe_eastern,aq_steppe_eastern,aq_faith_asian,nomad_government,aq_chief_1729,d_bargujin_tukum
c_kotivarsa,aq_pundra,aq_pundra,aq_faith_yaksha_naga,tribal_government,aq_chief_1730,d_gauda
c_kotokel,aq_steppe_eastern,aq_donghu,aq_faith_asian,nomad_government,aq_chief_1731,d_dauria
c_kotoko,aq_central_african,aq_central_african,west_african_bori_pagan,tribal_government,aq_chief_1732,d_wandala
c_kotte,aq_lankan,aq_lankan,aq_faith_rigvedic,tribal_government,aq_chief_1733,d_sinhala
c_kouga,aq_west_african,aq_west_african,west_african_pagan,tribal_government,aq_chief_1734,0
c_koutajoki,aq_sami,aq_sami,finnish_pagan,tribal_government,aq_chief_1735,d_giemajohka
c_kozelsk,aq_slavic,aq_dnieper_upper,slavic_pagan,tribal_government,aq_chief_1736,d_karachev
c_kozlov,aq_uralic,aq_uralic,finnish_pagan,tribal_government,aq_chief_1737,0
c_kozuke,aq_jomon,aq_jomon,aq_faith_asian,tribal_government,aq_chief_1738,d_west_bando
c_kracheh_nokor,aq_mon_khmer,aq_mon_khmer,aq_faith_asian,tribal_government,aq_chief_1739,d_vyadhapura
c_krajna,aq_slavic,aq_pomeranian_early,slavic_pagan,tribal_government,aq_chief_1740,d_wielkopolska
c_krakowska,aq_slavic,aq_vistulan_early,slavic_pagan,tribal_government,aq_chief_1741,0
c_kran,aq_odrysian,aq_odrysian,aq_faith_balkan,tribal_government,aq_chief_1742,d_philippopolis
c_kranj,aq_tauriscian,aq_tauriscian,aq_faith_celtic,tribal_government,aq_chief_1743,0
c_krasnoyarsk,aq_steppe_eastern,aq_steppe_eastern,aq_faith_asian,nomad_government,aq_chief_1744,d_yenisei_kan
c_krasso,aq_scordiscian,aq_scordiscian,aq_faith_celtic,tribal_government,aq_chief_1745,d_temes
c_krems,aq_noric,aq_noric,aq_faith_celtic,tribal_government,aq_chief_1746,d_osterreich
c_kropot,aq_tagar,aq_tagar,aq_faith_steppe,tribal_government,aq_chief_1747,d_eastern_sayan
c_kru,aq_forest_african,aq_forest_african,west_african_roog_pagan,tribal_government,aq_chief_1748,d_kru
c_ku_jeku,aq_saka,aq_saka,aq_faith_steppe,nomad_government,aq_chief_1749,d_karabas
c_ku_kaeo,aq_mon_khmer,aq_mon_khmer,aq_faith_asian,tribal_government,aq_chief_1750,d_mukdahan
c_kucha,aq_tocharian,aq_tocharian,aq_faith_steppe,tribal_government,aq_chief_1751,d_karashar
c_kuchuk,aq_uralic,aq_uralic,finnish_pagan,tribal_government,aq_chief_1752,d_kulyndy_steppe
c_kufa,aq_aramaic,aq_aramaic,aq_faith_mesopotamian,tribal_government,aq_chief_1753,k_aq_persia_mesopotamia
c_kuisugu,aq_forest_african,aq_forest_african,west_african_roog_pagan,tribal_government,aq_chief_1754,0
c_kuizhou,aq_sinitic,aq_ba,aq_faith_chinese,tribal_government,aq_chief_1755,d_kuizhong
c_kujawy,aq_slavic,aq_pomeranian_early,slavic_pagan,tribal_government,aq_chief_1756,d_kuyavia
c_kukiya,aq_west_african,aq_west_african,west_african_pagan,tribal_government,aq_chief_1757,d_kawkaw
c_kuku,aq_central_african,aq_central_african,west_african_bori_pagan,tribal_government,aq_chief_1758,d_baguirmi
c_kulan_utmas,aq_saka,aq_saka,aq_faith_steppe,nomad_government,aq_chief_1759,d_tokumbay
c_kulan_uynak,aq_saka,aq_saka,aq_faith_steppe,nomad_government,aq_chief_1760,d_kentarlau
c_kulunda,aq_uralic,aq_uralic,finnish_pagan,tribal_government,aq_chief_1761,d_kulyndy_steppe
c_kumaon,aq_kirata,aq_kirata,aq_faith_himalayan,tribal_government,aq_chief_1762,d_kurmanchal
c_kumasi,aq_forest_african,aq_forest_african,west_african_roog_pagan,tribal_government,aq_chief_1763,d_ashanti
c_kumertau,aq_uralic,aq_uralic,finnish_pagan,tribal_government,aq_chief_1764,d_bugurslan
c_kumkol,aq_tibetan,aq_tibetan,bon,tribal_government,aq_chief_1765,d_nagormo
c_kumtag,aq_tocharian,aq_tocharian,aq_faith_steppe,tribal_government,aq_chief_1766,d_loulan
c_kumych,aq_uralic,aq_uralic,finnish_pagan,tribal_government,aq_chief_1767,0
c_kundina,aq_pragjyotisha,aq_pragjyotisha,aq_faith_yaksha_naga,tribal_government,aq_chief_1768,d_sutiya
c_kuozhou,aq_sinitic,aq_qin,aq_faith_chinese,tribal_government,aq_chief_1769,d_longyou
c_kuranko,aq_west_african,aq_west_african,west_african_pagan,tribal_government,aq_chief_1770,d_loma
c_kurdar,aq_sogdian,aq_chorasmian,mazdayasna,tribal_government,aq_chief_1771,d_khorezm
c_kurdistan,aq_aramaic,aq_aramaic,aq_faith_mesopotamian,tribal_government,aq_chief_1772,d_kurdistan
c_kurgan,aq_saka,aq_saka,aq_faith_steppe,nomad_government,aq_chief_1773,d_kurgan
c_kurgus,aq_kushite,aq_kushite,kushitism_pagan,tribal_government,aq_chief_1774,d_shamir
c_kurmaed,aq_tibetan,aq_tibetan,bon,tribal_government,aq_chief_1775,d_bumthang
c_kurmina,aq_west_african,aq_west_african,west_african_pagan,tribal_government,aq_chief_1776,d_jenne
c_kursk,aq_slavic,aq_desnian,slavic_pagan,tribal_government,aq_chief_1777,d_chernigov
c_kurtysh,aq_sogdian,aq_dahaean,aq_faith_steppe,nomad_government,aq_chief_1778,0
c_kurumba,aq_west_african,aq_west_african,west_african_pagan,tribal_government,aq_chief_1779,0
c_kush-murun,aq_saka,aq_saka,aq_faith_steppe,nomad_government,aq_chief_1780,d_kush-murun
c_kusinagara,aq_malla,aq_malla,aq_faith_buddha,tribal_government,aq_chief_1781,d_tirabhukti
c_kusumi,aq_burman,aq_burman,aq_faith_asian,tribal_government,aq_chief_1782,d_ramannadesa
c_kusunkotan,aq_ainu,aq_ainu,aq_faith_asian,tribal_government,aq_chief_1783,0
c_kutch,aq_anarta,aq_anarta,aq_faith_samavedic,tribal_government,aq_chief_1784,d_anartta
c_kuzbas,aq_tagar,aq_tagar,aq_faith_steppe,tribal_government,aq_chief_1785,0
c_kuzeytorg,aq_scythian,aq_scythian,aq_faith_steppe,nomad_government,aq_chief_1786,0
c_kwahu-akyem,aq_forest_african,aq_forest_african,west_african_roog_pagan,tribal_government,aq_chief_1787,d_ashanti
c_kwararafa,aq_forest_african,aq_forest_african,west_african_roog_pagan,tribal_government,aq_chief_1788,d_kwararafa
c_kyadya,aq_forest_african,aq_forest_african,west_african_roog_pagan,tribal_government,aq_chief_1789,d_nupe
c_kyakyaru,aq_tibetan,aq_tibetan,bon,tribal_government,aq_chief_1790,d_sagya
c_kyaukse,aq_burman,aq_burman,aq_faith_asian,tribal_government,aq_chief_1791,d_pagan
c_kyin,aq_uralic,aq_uralic,finnish_pagan,tribal_government,aq_chief_1792,d_salair
c_kymyl_tey,aq_steppe_eastern,aq_steppe_eastern,aq_faith_asian,nomad_government,aq_chief_1793,d_angara
c_kyunglung,aq_tibetan,aq_tibetan,bon,tribal_government,aq_chief_1794,d_ngari
c_kyzistra,aq_cappadocian,aq_cappadocian,aq_faith_ma,tribal_government,aq_chief_1795,d_charsianon
c_kyzylkul,aq_tagar,aq_tagar,aq_faith_steppe,tribal_government,aq_chief_1796,d_blue_khakassia
c_la_marche,aq_aeduian,aq_aeduian,aq_faith_celtic,tribal_government,aq_chief_1797,d_bourbon
c_labda,aq_nasamonian,aq_nasamonian,aq_faith_libyan,tribal_government,aq_chief_1798,d_syrte
c_labourd,aq_aquitani,aq_aquitani,aq_faith_iberian,tribal_government,aq_chief_1799,d_gascogne
c_lachyk-uba,aq_uralic,aq_uralic,finnish_pagan,tribal_government,aq_chief_1800,d_mordvinia
c_laconia,aq_hellenic,aq_hellenic,hellenic_pagan,tribal_government,aq_sparta,0
c_ladyzyn,aq_scythian,aq_scythian,aq_faith_steppe,nomad_government,aq_chief_1802,d_yedisan
c_lag_dera,aq_cushitic,aq_cushitic,aq_faith_african,tribal_government,aq_chief_1803,d_samalo
c_laghwat,aq_gaetulian,aq_gaetulian,aq_faith_libyan,tribal_government,aq_chief_1804,d_mzab
c_lahur,aq_madra,aq_madra,aq_faith_rigvedic,tribal_government,aq_chief_1805,d_lahore
c_laia,aq_uralic,aq_uralic,finnish_pagan,tribal_government,aq_chief_1806,0
c_laizhou,aq_sinitic,aq_qi,aq_faith_chinese,tribal_government,aq_chief_1807,d_ziqing
c_lakhnau,aq_kosalan,aq_kosalan,aq_faith_shukla_yajurvedic,tribal_government,aq_chief_1808,d_kanyakubja
c_laksmanavati,aq_pundra,aq_pundra,aq_faith_yaksha_naga,tribal_government,aq_chief_1809,k_aq_nanda
c_lam_tay,aq_baiyue,aq_luoyue,aq_faith_asian,tribal_government,aq_chief_1810,0
c_lampang,aq_tai,aq_tai,aq_faith_asian,tribal_government,aq_chief_1811,d_sukhothai
c_lamu,aq_bantu,aq_bantu,aq_faith_african,tribal_government,aq_chief_1812,d_pate
c_lanarkshire,aq_votadinian,aq_votadinian,aq_faith_celtic,tribal_government,aq_chief_1813,d_lothian
c_lancashire,aq_brigantian,aq_brigantian,aq_faith_celtic,tribal_government,aq_chief_1814,d_lancaster
c_lanciano,aq_marsian,aq_marsian,aq_faith_italic,tribal_government,aq_chief_1815,d_spoleto
c_landsberg,aq_suebian,aq_varinian,aq_faith_germanic,tribal_government,aq_chief_1816,d_pommerania
c_langres,aq_aeduian,aq_aeduian,aq_faith_celtic,tribal_government,aq_chief_1817,d_burgundy
c_langshan,aq_sinitic,aq_ordos,aq_faith_asian,nomad_government,aq_chief_1818,d_langshan
c_langya,aq_sinitic,aq_lu,aq_faith_chinese,tribal_government,aq_chief_1819,d_yanhai
c_langzhou,aq_sinitic,aq_chu,aq_faith_chinese,tribal_government,aq_chief_1820,d_jingnan
c_langzhou_1,aq_sinitic,aq_sinitic,aq_faith_chinese,tribal_government,aq_chief_1821,d_lilang
c_lanzhou,aq_sinitic,aq_zhao,aq_faith_chinese,tribal_government,aq_chief_1822,d_hedong
c_lanzhou_1,aq_sinitic,aq_qin,aq_faith_chinese,tribal_government,aq_chief_1823,d_longyou
c_lapusna,aq_getian,aq_getian,aq_faith_zalmonian,tribal_government,aq_chief_1824,d_bugeac
c_lar,persian,persian,mazdayasna,tribal_government,aq_chief_1825,d_fars
c_lasta,aq_ethiopian,aq_ethiopian,aq_faith_african,tribal_government,aq_chief_1826,d_lasta
c_lecce,aq_messapian,aq_messapian,aq_faith_italic,tribal_government,aq_chief_1827,d_apulia
c_leczycka,aq_slavic,aq_pomeranian_early,slavic_pagan,tribal_government,aq_chief_1828,d_kuyavia
c_legnica,aq_slavic,aq_odra_early,slavic_pagan,tribal_government,aq_chief_1829,d_lower_silesia
c_leh,aq_tibetan,aq_tibetan,bon,tribal_government,aq_chief_1830,d_ladakh
c_leicestershire,aq_cornovian,aq_cornovian,aq_faith_celtic,tribal_government,aq_chief_1831,d_hereford
c_leinster,aq_brigantian_irish,aq_brigantian_irish,aq_faith_celtic,tribal_government,aq_chief_1832,0
c_leizhou,aq_baiyue,aq_nanyue_early,aq_faith_asian,tribal_government,aq_chief_1833,d_gaoliang
c_lena,aq_steppe_eastern,aq_steppe_eastern,aq_faith_asian,nomad_government,aq_chief_1834,d_lena
c_lenggu,aq_tibetan,aq_tibetan,bon,tribal_government,aq_chief_1835,0
c_lenghu,aq_tibetan,aq_tibetan,bon,tribal_government,aq_chief_1836,d_nagormo
c_lennox,aq_novantian,aq_novantian,aq_faith_celtic,tribal_government,aq_chief_1837,d_galloway
c_leon,aq_vaccaean,aq_vaccaean,aq_faith_celtic,tribal_government,aq_chief_1838,d_leon
c_lepsink,aq_saka,aq_saka,aq_faith_steppe,nomad_government,aq_chief_1839,d_alakol
c_leraba,aq_forest_african,aq_forest_african,west_african_roog_pagan,tribal_government,aq_chief_1840,d_kong
c_lesbos,aq_hellenic,aq_hellenic,hellenic_pagan,tribal_government,aq_chief_1841,d_aegean_islands
c_leuchtenburg,aq_boian_danube,aq_boian_danube,aq_faith_celtic,tribal_government,aq_chief_1842,d_nordgau
c_lhagang,aq_tibetan,aq_tibetan,bon,tribal_government,aq_chief_1843,d_chakla
c_lhari,aq_tibetan,aq_tibetan,bon,tribal_government,aq_chief_1844,d_nagchu
c_lhasa,aq_tibetan,aq_tibetan,bon,tribal_government,aq_chief_1845,d_lhasa
c_lhatok,aq_tibetan,aq_tibetan,bon,tribal_government,aq_chief_1846,d_lhatok
c_lhunze,aq_tibetan,aq_tibetan,bon,tribal_government,aq_chief_1847,d_monyul
c_lhunzhub,aq_tibetan,aq_tibetan,bon,tribal_government,aq_chief_1848,d_lhasa
c_liangzhou,aq_sinitic,aq_sinitic,aq_faith_chinese,tribal_government,aq_chief_1849,d_hexi
c_lianzhou,aq_sinitic,aq_chu,aq_faith_chinese,tribal_government,aq_chief_1850,d_hunan
c_lianzhou_1,aq_baiyue,aq_nanyue_early,aq_faith_asian,tribal_government,aq_chief_1851,d_rongguan
c_liao_fengzhou,aq_tungusic,aq_tungusic,tengri_pagan,tribal_government,aq_chief_1852,d_LIAO_zhongjing
c_liaoquan,aq_sinitic,aq_yuezhi_early,aq_faith_steppe,nomad_government,aq_chief_1853,d_gansu
c_liaozhou,aq_sinitic,aq_zhao,aq_faith_chinese,tribal_government,aq_chief_1854,d_hedong
c_lidong,aq_baiyue,aq_baiyue,aq_faith_asian,tribal_government,aq_chief_1855,d_qiongguan
c_liebnitz,aq_tauriscian,aq_tauriscian,aq_faith_celtic,tribal_government,aq_chief_1856,d_steyermark
c_liege,aq_treverian,aq_treverian,aq_faith_celtic,tribal_government,aq_chief_1857,d_luxembourg
c_lienz,aq_rhaetian,aq_rhaetian,aq_faith_rhaetian,tribal_government,aq_chief_1858,d_tyrol
c_lika,aq_liburnian,aq_liburnian,aq_faith_balkan,tribal_government,aq_chief_1859,d_croatia
c_lille,aq_menapian,aq_menapian,aq_faith_celtic,tribal_government,aq_chief_1860,d_flanders
c_limousin,aq_santonian,aq_santonian,aq_faith_celtic,tribal_government,aq_chief_1861,d_aquitaine
c_lincolnshire,aq_brigantian,aq_brigantian,aq_faith_celtic,tribal_government,aq_chief_1862,d_york
c_lingtsang,aq_tibetan,aq_tibetan,bon,tribal_government,aq_chief_1863,d_lingtsang
c_lingxi,aq_sinitic,aq_sinitic,aq_faith_chinese,tribal_government,aq_chief_1864,0
c_lingzhou,aq_sinitic,aq_ordos,aq_faith_asian,nomad_government,aq_chief_1865,d_shuofang
c_lingzhou_1,aq_sinitic,aq_shu,aq_faith_chinese,tribal_government,aq_chief_1866,d_xichuan
c_linjiang,aq_sinitic,aq_chu,aq_faith_chinese,tribal_government,aq_chief_1867,d_jiangxi
c_linlithgowshire,aq_votadinian,aq_votadinian,aq_faith_celtic,tribal_government,aq_chief_1868,d_lothian
c_linz,aq_noric,aq_noric,aq_faith_celtic,tribal_government,aq_chief_1869,d_salzburg
c_linzhou,aq_sinitic,aq_zhou,aq_faith_chinese,tribal_government,aq_chief_1870,d_xinan
c_lippe,aq_cheruscan,aq_cheruscan,aq_faith_germanic,tribal_government,aq_chief_1871,d_angria
c_lipto,aq_gaulish,aq_gaulish,aq_faith_celtic,tribal_government,aq_chief_1872,d_nyitra
c_lisboa,aq_lusitanian,aq_lusitanian,aq_faith_lusitanian,tribal_government,aq_chief_1873,d_beja
c_lisieux,aq_aulercian,aq_aulercian,aq_faith_celtic,tribal_government,aq_chief_1874,d_normandy
c_litang,aq_tibetan,aq_tibetan,bon,tribal_government,aq_chief_1875,d_litang
c_litomerice,aq_boian_danube,aq_boian_danube,aq_faith_celtic,tribal_government,aq_chief_1876,d_bohemia
c_liuzhou,aq_baiyue,aq_nanyue_early,aq_faith_asian,tribal_government,aq_chief_1877,d_guiguan
c_livs,aq_finnic,aq_finnic,finnish_pagan,tribal_government,aq_chief_1878,d_livonia
c_liyang,aq_sinitic,aq_chu,aq_faith_chinese,tribal_government,aq_chief_1879,d_jingnan
c_liyang_2,aq_sinitic,aq_chu,aq_faith_chinese,tribal_government,aq_chief_1880,d_huaixi
c_lizhou_2,aq_sinitic,aq_sinitic,aq_faith_chinese,tribal_government,aq_chief_1881,d_lilang
c_ljubljana,aq_tauriscian,aq_tauriscian,aq_faith_celtic,tribal_government,aq_chief_1882,d_krain
c_lleida,aq_ilercavonian,aq_ilercavonian,aq_faith_iberian,tribal_government,aq_chief_1883,d_barcelona
c_lnj_liaoxi,aq_tungusic,aq_tungusic,tengri_pagan,tribal_government,aq_chief_1884,d_liaoxi
c_lnj_liaoxibei,aq_tungusic,aq_tungusic,tengri_pagan,tribal_government,aq_chief_1885,d_liaoxi
c_lobdaburg,aq_suebian,aq_hermundurian,aq_faith_germanic,tribal_government,aq_chief_1886,d_thuringia
c_lobi,aq_forest_african,aq_forest_african,west_african_roog_pagan,tribal_government,aq_chief_1887,d_lobi
c_lobo,aq_forest_african,aq_forest_african,west_african_roog_pagan,tribal_government,aq_chief_1888,d_kru
c_logudoro,aq_nuragic,aq_nuragic,aq_faith_nuragic,tribal_government,aq_chief_1889,d_sardinia
c_lolland_falster,aq_harudian,aq_harudian,aq_faith_germanic,tribal_government,aq_chief_1890,d_sjaelland
c_lombardia,aq_insubrian,aq_insubrian,aq_faith_celtic,tribal_government,aq_chief_1891,d_lombardia
c_lomzynska,aq_slavic,aq_bugian_early,slavic_pagan,tribal_government,aq_chief_1892,d_mazovia
c_long_hung,aq_baiyue,aq_luoyue,aq_faith_asian,tribal_government,aq_chief_1893,0
c_longde,aq_sinitic,aq_zhao,aq_faith_chinese,tribal_government,aq_chief_1894,k_aq_wei
c_longzhou,aq_sinitic,aq_shu,aq_faith_chinese,tribal_government,aq_chief_1895,d_dongchuan
c_longzhou_2,aq_sinitic,aq_qin,aq_faith_chinese,tribal_government,aq_chief_1896,d_fengxiang
c_lop_buri,aq_tai,aq_tai,aq_faith_asian,tribal_government,aq_chief_1897,d_lop_buri
c_lori,aq_kartvelian,aq_kartvelian,aq_faith_anatolian,tribal_government,aq_chief_1898,d_georgia
c_loropeni,aq_forest_african,aq_forest_african,west_african_roog_pagan,tribal_government,aq_chief_1899,d_lobi
c_lothian,aq_votadinian,aq_votadinian,aq_faith_celtic,tribal_government,aq_chief_1900,d_lothian
c_loulan,aq_tocharian,aq_tocharian,aq_faith_steppe,tribal_government,aq_chief_1901,d_loulan
c_lower_dniepr,aq_scythian,aq_scythian,aq_faith_steppe,nomad_government,aq_chief_1902,d_kizilyedisan
c_lower_galatia,aq_cappadocian,aq_cappadocian,aq_faith_ma,tribal_government,aq_chief_1903,d_cappadocia
c_lozova,aq_scythian,aq_scythian,aq_faith_steppe,nomad_government,aq_chief_1904,d_levedia
c_luang_prabang,aq_tai,aq_tai,aq_faith_asian,tribal_government,aq_chief_1905,d_muang_sua
c_lubeck,aq_teutonian,aq_teutonian,aq_faith_germanic,tribal_government,aq_chief_1906,d_holstein
c_lubelska,aq_slavic,aq_vistulan_early,slavic_pagan,tribal_government,aq_chief_1907,d_lesser_poland
c_lubusz,aq_slavic,aq_pomeranian_early,slavic_pagan,tribal_government,aq_chief_1908,d_wielkopolska
c_lucca,aq_etruscan,aq_etruscan,aq_faith_etruscan,tribal_government,aq_chief_1909,d_toscana
c_ludrava,aq_salva,aq_salva,aq_faith_rigvedic,tribal_government,aq_chief_1910,0
c_lujiang,aq_sinitic,aq_chu,aq_faith_chinese,tribal_government,aq_chief_1911,d_huaixi
c_luki,aq_finnic,aq_finnic,finnish_pagan,tribal_government,aq_chief_1912,d_luki
c_lukoml,aq_slavic,aq_slavic,slavic_pagan,tribal_government,aq_chief_1913,0
c_lumbini,aq_kirata,aq_kirata,aq_faith_himalayan,tribal_government,aq_chief_1914,d_khasa
c_luneburg,aq_cheruscan,aq_langobardic_early,aq_faith_germanic,tribal_government,aq_chief_1915,d_ostfalen
c_lunggar,aq_tibetan,aq_tibetan,bon,tribal_government,aq_chief_1916,d_purang
c_luni,aq_ligurian,aq_ligurian,aq_faith_ligurian,tribal_government,aq_chief_1917,d_genoa
c_luntai,aq_tocharian,aq_tocharian,aq_faith_steppe,tribal_government,aq_chief_1918,d_karashar
c_luobupo,aq_tocharian,aq_tocharian,aq_faith_steppe,tribal_government,aq_chief_1919,d_charkliq
c_luodian,aq_baiyue,aq_yelang,aq_faith_asian,tribal_government,aq_chief_1920,0
c_luozhou,aq_baiyue,aq_nanyue_early,aq_faith_asian,tribal_government,aq_chief_1921,d_gaoliang
c_luristan,persian,persian,mazdayasna,tribal_government,aq_chief_1922,d_isfahan
c_lusignan,aq_pictonian,aq_pictonian,aq_faith_celtic,tribal_government,aq_chief_1923,0
c_luuq,aq_cushitic,aq_cushitic,aq_faith_african,tribal_government,aq_chief_1924,d_west_ajuraan
c_luxembourg,aq_treverian,aq_treverian,aq_faith_celtic,tribal_government,aq_chief_1925,d_luxembourg
c_luxi,aq_sinitic,aq_sinitic,aq_faith_chinese,tribal_government,aq_chief_1926,d_wuxi
c_luyang,aq_sinitic,aq_sinitic,aq_faith_chinese,tribal_government,aq_chief_1927,d_wuxi
c_luzhou_2,aq_sinitic,aq_ba,aq_faith_chinese,tribal_government,aq_chief_1928,d_wuxin
c_lviv,aq_slavic,aq_dniestrian_early,slavic_pagan,tribal_government,aq_chief_1929,d_halych
c_lxj_fengzhou,aq_sinitic,aq_ordos,aq_faith_asian,nomad_government,aq_chief_1930,0
c_lxj_huanzhou,aq_tungusic,aq_tungusic,tengri_pagan,tribal_government,aq_chief_1931,0
c_lxj_yangchengzhou,aq_tungusic,aq_tungusic,tengri_pagan,tribal_government,aq_chief_1932,d_yanyun_yuyi
c_lxj_yunneizhou,aq_sinitic,aq_zhou,aq_faith_chinese,tribal_government,aq_chief_1933,k_aq_zhao
c_lxj_yuyidong,aq_tungusic,aq_tungusic,tengri_pagan,tribal_government,aq_chief_1934,d_LIAO_zhongjing
c_lycandus,aq_cilician,aq_cilician,aq_faith_sandas,tribal_government,aq_chief_1935,d_cilicia
c_lycaonia,aq_lycaonian,aq_lycaonian,aq_faith_sandas,tribal_government,aq_chief_1936,k_aq_persia_anatolia
c_lycia,aq_lycian,aq_lycian,aq_faith_leto,tribal_government,aq_mausolus,k_aq_persia_anatolia
c_lydia,aq_lydian,aq_lydian,aq_faith_artimu,tribal_government,aq_chief_1938,k_aq_persia_nikaea
c_lyon,aq_allobrogian,aq_allobrogian,aq_faith_celtic,tribal_government,aq_chief_1939,d_dauphine
c_lysva,aq_uralic,aq_uralic,finnish_pagan,tribal_government,aq_chief_1940,d_perm
c_lyubim,aq_finnic,aq_finnic,finnish_pagan,tribal_government,aq_chief_1941,d_vologda
c_lzj_chengde,aq_tungusic,aq_tungusic,tengri_pagan,tribal_government,aq_chief_1942,d_LIAO_zhongjing
c_lzj_chengdexi,aq_tungusic,aq_tungusic,tengri_pagan,tribal_government,aq_chief_1943,d_LIAO_zhongjing
c_ma_linh,aq_mon_khmer,aq_mon_khmer,aq_faith_asian,tribal_government,aq_chief_1944,d_indrapura
c_maab,bedouin,bedouin,aq_faith_arabian,tribal_government,aq_chief_1945,d_amman
c_maan,bedouin,bedouin,aq_faith_arabian,tribal_government,aq_chief_1946,d_shammar
c_maastricht,aq_germanic,aq_eburonian,aq_faith_germanic,tribal_government,aq_chief_1947,d_julich
c_macon,aq_aeduian,aq_aeduian,aq_faith_celtic,tribal_government,aq_chief_1948,d_burgundy
c_macva,aq_dardanian,aq_dardanian,aq_faith_balkan,tribal_government,aq_chief_1949,d_macva
c_madaya,aq_burman,aq_burman,aq_faith_asian,tribal_government,aq_chief_1950,d_tagaung
c_madeira,aq_maurian,aq_maurian,aq_faith_libyan,tribal_government,aq_chief_1951,d_canarias
c_madhupur,aq_pundra,aq_pundra,aq_faith_yaksha_naga,tribal_government,aq_chief_1952,d_varendra
c_madoi,aq_tibetan,aq_tibetan,bon,tribal_government,aq_chief_1953,d_golog
c_madrid,aq_carpetanian,aq_carpetanian,aq_faith_celtic,tribal_government,aq_chief_1954,d_toledo
c_madurai,aq_pandya,aq_pandya,aq_faith_murukan,tribal_government,aq_chief_1955,d_pandya_nadu
c_mae_hong_son,aq_tai,aq_tai,aq_faith_asian,tribal_government,aq_chief_1956,d_haripunjaya
c_mafaza,persian,persian,mazdayasna,tribal_government,aq_chief_1957,d_yazd
c_magadha,aq_magadhan,aq_magadhan,aq_faith_ajivika,tribal_government,aq_nanda,0
c_magdeburg,aq_suebian,aq_semnonian,aq_faith_germanic,tribal_government,aq_chief_1959,d_anhalt
c_maghas,aq_sarmatian,aq_sarmatian,aq_faith_steppe,nomad_government,aq_chief_1960,d_alania
c_magwe,aq_burman,aq_burman,aq_faith_asian,tribal_government,aq_chief_1961,d_sriksetra
c_mahdiya,aq_punic,aq_punic,aq_faith_punic,tribal_government,aq_chief_1962,d_tunis
c_mahishaka,aq_kadamba_early,aq_kadamba_early,aq_faith_dravidian,tribal_government,aq_chief_1963,0
c_mahoba,aq_chedi,aq_chedi,aq_faith_atharvavedic,tribal_government,aq_chief_1964,k_aq_nanda
c_mahra,aq_sabaean,aq_sabaean,aq_faith_arabian,tribal_government,aq_chief_1965,d_mahra
c_mahur,aq_andhra,aq_andhra,aq_faith_dravidian,tribal_government,aq_chief_1966,d_warangal
c_maine,aq_andecavian,aq_andecavian,aq_faith_celtic,tribal_government,aq_chief_1967,d_anjou
c_mainling,aq_tibetan,aq_tibetan,bon,tribal_government,aq_chief_1968,d_lhoyul
c_mainz,aq_suebian,aq_marcomannic_early,aq_faith_germanic,tribal_government,aq_chief_1969,d_west_franconia
c_mait,aq_cushitic,aq_cushitic,aq_faith_african,tribal_government,aq_chief_1970,d_sanaag
c_makhir,aq_cushitic,aq_cushitic,aq_faith_african,tribal_government,aq_chief_1971,d_sanaag
c_malaga,aq_bastetanian,aq_bastetanian,aq_faith_iberian,tribal_government,aq_chief_1972,d_granada
c_malagon,aq_carpetanian,aq_carpetanian,aq_faith_celtic,tribal_government,aq_chief_1973,d_toledo
c_malbork,aq_baltic,aq_baltic,baltic_pagan,tribal_government,aq_chief_1974,d_prussia
c_maldives,aq_chera,aq_chera,aq_faith_murukan,tribal_government,aq_chief_1975,d_chera_nadu
c_maldwyn,aq_ordovician,aq_ordovician,aq_faith_celtic,tribal_government,aq_chief_1976,d_powys
c_malindi,aq_bantu,aq_bantu,aq_faith_african,tribal_government,aq_chief_1977,0
c_mallabhum,aq_suhma,aq_suhma,aq_faith_yaksha_naga,tribal_government,aq_chief_1978,k_aq_nanda
c_mallorca,aq_talaiotic,aq_talaiotic,aq_faith_iberian,tribal_government,aq_chief_1979,d_mallorca
c_malta,aq_hellenic,aq_hellenic,hellenic_pagan,tribal_government,aq_chief_1980,d_aq_carthage_sicily
c_mamadych,aq_uralic,aq_uralic,finnish_pagan,tribal_government,aq_chief_1981,d_kazan
c_mamprusi,aq_forest_african,aq_forest_african,west_african_roog_pagan,tribal_government,aq_chief_1982,d_mamprusi
c_man,aq_forest_african,aq_forest_african,west_african_roog_pagan,tribal_government,aq_chief_1983,d_bassa
c_mana,aq_steppe_eastern,aq_steppe_eastern,aq_faith_asian,nomad_government,aq_chief_1984,d_yenisei_kan
c_manaka,aq_saka,aq_issedonian,aq_faith_steppe,nomad_government,aq_chief_1985,d_betpa
c_manatau,aq_sarmatian,aq_sarmatian,aq_faith_steppe,nomad_government,aq_chief_1986,d_manatau
c_mandab,aq_sabaean,aq_sabaean,aq_faith_arabian,tribal_government,aq_chief_1987,d_taizz
c_mandapika,aq_pulinda,aq_pulinda,aq_faith_forest_indian,tribal_government,aq_chief_1988,d_anupa
c_mandavyapura,aq_abhira,aq_abhira,aq_faith_yaksha_naga,tribal_government,aq_chief_1989,d_maru
c_mandestan,persian,persian,mazdayasna,tribal_government,aq_chief_1990,d_fars
c_mangnai,aq_tibetan,aq_tibetan,bon,tribal_government,aq_chief_1991,d_nagormo
c_mangra,aq_tibetan,aq_tibetan,bon,tribal_government,aq_chief_1992,0
c_mangyshlak,aq_saka,aq_dahaean,aq_faith_steppe,nomad_government,aq_chief_1993,d_transcaspiana
c_manikpur,aq_vatsa,aq_vatsa,aq_faith_krishna_yajurvedic,tribal_government,aq_chief_1994,d_kanyakubja
c_manipur,aq_pragjyotisha,aq_pragjyotisha,aq_faith_yaksha_naga,tribal_government,aq_chief_1995,d_para_lauhitya
c_mansfeld,aq_suebian,aq_semnonian,aq_faith_germanic,tribal_government,aq_chief_1996,d_anhalt
c_mansura,aq_saindhava,aq_saindhava,aq_faith_atharvavedic,tribal_government,aq_chief_1997,d_sauvira
c_manthang,aq_tibetan,aq_tibetan,bon,tribal_government,aq_chief_1998,d_purang
c_mantua,aq_boian,aq_boian,aq_faith_celtic,tribal_government,aq_chief_1999,0
c_manturovo,aq_slavic,aq_slavic,slavic_pagan,tribal_government,aq_chief_2000,0
c_maozhou,aq_sinitic,aq_shu,aq_faith_chinese,tribal_government,aq_chief_2001,d_xichuan
c_maqen,aq_tibetan,aq_tibetan,bon,tribal_government,aq_chief_2002,d_golog
c_maqu,aq_tibetan,aq_tibetan,bon,tribal_government,aq_chief_2003,d_gainlho
c_maragha,persian,aq_median,mazdayasna,tribal_government,aq_chief_2004,d_azerbaijan
c_maralbeshi,aq_tocharian,aq_tocharian,aq_faith_steppe,tribal_government,aq_chief_2005,d_kashgar
c_marash,aq_aramaic,aq_aramaic,aq_faith_mesopotamian,tribal_government,aq_chief_2006,d_edessa
c_marburg,aq_suebian,aq_chattian,aq_faith_germanic,tribal_government,aq_chief_2007,d_hesse
c_mareeg,aq_cushitic,aq_cushitic,aq_faith_african,tribal_government,aq_chief_2008,d_mogadishu
c_mari-turek,aq_uralic,aq_uralic,finnish_pagan,tribal_government,aq_chief_2009,d_kazan
c_mark,aq_treverian,aq_treverian,aq_faith_celtic,tribal_government,aq_chief_2010,d_lower_lorraine
c_markam,aq_tibetan,aq_tibetan,bon,tribal_government,aq_chief_2011,d_batang
c_marmaros,aq_gaulish,aq_gaulish,aq_faith_celtic,tribal_government,aq_chief_2012,d_transcarpathia
c_marrakesh,aq_maurian,aq_maurian,aq_faith_libyan,tribal_government,aq_chief_2013,d_marrakesh
c_marsabit,aq_cushitic,aq_cushitic,aq_faith_african,tribal_government,aq_chief_2014,d_samalo
c_marsan,aq_aquitani,aq_aquitani,aq_faith_iberian,tribal_government,aq_chief_2015,d_gascogne
c_martyuba,aq_uralic,aq_uralic,finnish_pagan,tribal_government,aq_chief_2016,d_martyuba
c_marvarrud,aq_bactrian,aq_margian,mazdayasna,tribal_government,aq_chief_2017,d_merv
c_masa,aq_central_african,aq_central_african,west_african_bori_pagan,tribal_government,aq_chief_2018,d_baguirmi
c_masabadhan,persian,aq_median,mazdayasna,tribal_government,aq_chief_2019,d_kermanshah
c_masalit,aq_central_african,aq_central_african,west_african_bori_pagan,tribal_government,aq_chief_2020,d_west_darfur
c_masin,aq_west_african,aq_west_african,west_african_pagan,tribal_government,aq_chief_2021,d_wagadu
c_massawa,aq_ethiopian,aq_ethiopian,aq_faith_african,tribal_government,aq_chief_2022,d_dahlaks
c_massina,aq_west_african,aq_west_african,west_african_pagan,tribal_government,aq_chief_2023,d_mema
c_mathura,aq_surasena,aq_surasena,aq_faith_samavedic,tribal_government,aq_chief_2024,k_aq_nanda
c_matya,aq_uralic,aq_uralic,finnish_pagan,tribal_government,aq_chief_2025,d_tambov
c_mau,aq_forest_african,aq_forest_african,west_african_roog_pagan,tribal_government,aq_chief_2026,d_toro
c_mayo,aq_nagnatian,aq_nagnatian,aq_faith_celtic,tribal_government,aq_chief_2027,d_connacht
c_mayyafariqin,aq_aramaic,aq_aramaic,aq_faith_mesopotamian,tribal_government,aq_chief_2028,d_diyarbakr
c_mazandaran,persian,aq_hyrcanian,mazdayasna,tribal_government,aq_chief_2029,k_aq_persia_daylam
c_mazongshan,aq_sinitic,aq_yuezhi_early,aq_faith_steppe,nomad_government,aq_chief_2030,d_juyan
c_mearns,aq_caledonian,aq_caledonian,aq_faith_celtic,tribal_government,aq_chief_2031,d_albany
c_meaux,aq_remian,aq_remian,aq_faith_celtic,tribal_government,aq_chief_2032,d_champagne
c_mecca,bedouin,bedouin,aq_faith_arabian,tribal_government,aq_chief_2033,d_mecca
c_mecklenburg,aq_suebian,aq_semnonian,aq_faith_germanic,tribal_government,aq_chief_2034,0
c_medantaka,aq_abhira,aq_abhira,aq_faith_yaksha_naga,tribal_government,aq_chief_2035,d_maru
c_medapata,aq_sivi,aq_sivi,aq_faith_rigvedic,tribal_government,aq_chief_2036,d_medapata
c_medellin,aq_vettonian,aq_vettonian,aq_faith_lusitanian,tribal_government,aq_chief_2037,d_badajoz
c_medelpad,aq_germanic,aq_haelsingian,aq_faith_germanic,tribal_government,aq_chief_2038,d_norrland
c_medina,bedouin,bedouin,aq_faith_arabian,tribal_government,aq_chief_2039,d_medina
c_medjerda,aq_punic,aq_punic,aq_faith_punic,tribal_government,aq_chief_2040,d_tunis
c_meissen,aq_slavic,aq_odra_early,slavic_pagan,tribal_government,aq_chief_2041,d_meissen
c_meizhou,aq_sinitic,aq_shu,aq_faith_chinese,tribal_government,aq_chief_2042,d_qiongnan
c_meizhou_1,aq_baiyue,aq_nanyue_early,aq_faith_asian,tribal_government,aq_chief_2043,d_huixun
c_meknes,aq_maurian,aq_maurian,aq_faith_libyan,tribal_government,aq_chief_2044,d_fes
c_melilla,aq_maurian,aq_maurian,aq_faith_libyan,tribal_government,aq_chief_2045,d_rif
c_melitene,aq_armenian,aq_armenian,aq_faith_anatolian,tribal_government,aq_chief_2046,d_mesopotamia
c_mema,aq_west_african,aq_west_african,west_african_pagan,tribal_government,aq_chief_2047,d_mema
c_memar,aq_tibetan,aq_tibetan,bon,tribal_government,aq_chief_2048,0
c_memel,aq_baltic,aq_baltic,baltic_pagan,tribal_government,aq_chief_2049,0
c_menas,aq_ainu,aq_ainu,aq_faith_asian,tribal_government,aq_chief_2050,d_menas
c_menorca,aq_talaiotic,aq_talaiotic,aq_faith_iberian,tribal_government,aq_chief_2051,d_mallorca
c_mentawai,aq_austronesian,aq_austronesian,aq_faith_asian,tribal_government,aq_chief_2052,0
c_merida,aq_vettonian,aq_vettonian,aq_faith_lusitanian,tribal_government,aq_chief_2053,d_badajoz
c_merioneth,aq_ordovician,aq_ordovician,aq_faith_celtic,tribal_government,aq_chief_2054,d_gwynedd
c_meroe,aq_kushite,aq_kushite,kushitism_pagan,tribal_government,aq_kush,0
c_mersenburg,aq_suebian,aq_semnonian,aq_faith_germanic,tribal_government,aq_chief_2056,d_anhalt
c_merv,aq_bactrian,aq_margian,mazdayasna,tribal_government,aq_chief_2057,k_aq_persia_khorasan
c_mesembria,aq_getian,aq_getian,aq_faith_zalmonian,tribal_government,aq_chief_2058,d_dobrudja
c_mesopotamia,aq_armenian,aq_armenian,aq_faith_anatolian,tribal_government,aq_chief_2059,d_mesopotamia
c_messenia,aq_hellenic,aq_hellenic,hellenic_pagan,tribal_government,aq_chief_2060,d_achaia
c_messina,aq_hellenic,aq_hellenic,hellenic_pagan,tribal_government,aq_chief_2061,d_sicily
c_messukyla,aq_finnic,aq_finnic,finnish_pagan,tribal_government,aq_chief_2062,d_finland
c_metz,aq_mediomatrician,aq_mediomatrician,aq_faith_celtic,tribal_government,aq_chief_2063,0
c_metzovo,aq_hellenic,aq_hellenic,hellenic_pagan,tribal_government,aq_chief_2064,d_epirus
c_mianzhou,aq_sinitic,aq_shu,aq_faith_chinese,tribal_government,aq_chief_2065,d_dongchuan
c_miastko,aq_gutnian,aq_gutnian,aq_faith_germanic,tribal_government,aq_chief_2066,d_pomerelia
c_middlesex,aq_trinovantian,aq_trinovantian,aq_faith_celtic,tribal_government,aq_chief_2067,d_bedford
c_midnapore,aq_suhma,aq_suhma,aq_faith_yaksha_naga,tribal_government,aq_chief_2068,d_suhma
c_mikawa,aq_jomon,aq_jomon,aq_faith_asian,tribal_government,aq_chief_2069,d_tokaido
c_miliez,aq_slavic,aq_odra_early,slavic_pagan,tribal_government,aq_chief_2070,d_lower_silesia
c_millau,aq_volcian,aq_volcian,aq_faith_celtic,tribal_government,aq_chief_2071,d_toulouse
c_millerovo,aq_scythian,aq_scythian,aq_faith_steppe,nomad_government,aq_chief_2072,d_don_valley
c_mimasaka,aq_yayoi,aq_yayoi,aq_faith_asian,tribal_government,aq_chief_2073,d_east_sanyodo
c_minbu,aq_burman,aq_burman,aq_faith_asian,tribal_government,aq_chief_2074,d_pagan
c_minden,aq_cheruscan,aq_cheruscan,aq_faith_germanic,tribal_government,aq_chief_2075,d_angria
c_mingzhou,aq_sinitic,aq_zhao,aq_faith_chinese,tribal_government,aq_chief_2076,d_xingming
c_mingzhou_1,aq_sinitic,aq_yue,aq_faith_chinese,tribal_government,aq_chief_2077,d_zhedong
c_mino,aq_jomon,aq_jomon,aq_faith_asian,tribal_government,aq_chief_2078,d_tosando
c_minsk,aq_slavic,aq_pripyatian,slavic_pagan,tribal_government,aq_chief_2079,0
c_minzhou,aq_sinitic,aq_qin,aq_faith_chinese,tribal_government,aq_chief_2080,d_qincheng
c_mithila,aq_videha,aq_videha,aq_faith_shukla_yajurvedic,tribal_government,aq_chief_2081,k_aq_nanda
c_mizhou,aq_sinitic,aq_lu,aq_faith_chinese,tribal_government,aq_chief_2082,d_yanhai
c_modena,aq_boian,aq_boian,aq_faith_celtic,tribal_government,aq_chief_2083,d_emilia
c_modrus,aq_liburnian,aq_liburnian,aq_faith_balkan,tribal_government,aq_chief_2084,d_croatia
c_moeng_laem,aq_burman,aq_burman,aq_faith_asian,tribal_government,aq_chief_2085,0
c_moeng_long,aq_tai,aq_tai,aq_faith_asian,tribal_government,aq_chief_2086,d_sipsongpanna
c_mogadishu,aq_cushitic,aq_cushitic,aq_faith_african,tribal_government,aq_chief_2087,d_mogadishu
c_mohadavasaka,aq_anarta,aq_anarta,aq_faith_samavedic,tribal_government,aq_chief_2088,d_gurjara_mandala
c_molina,aq_carpetanian,aq_carpetanian,aq_faith_celtic,tribal_government,aq_chief_2089,d_toledo
c_momauk,aq_burman,aq_burman,aq_faith_asian,tribal_government,aq_chief_2090,0
c_mombasa,aq_bantu,aq_bantu,aq_faith_african,tribal_government,aq_chief_2091,d_mombasa
c_monferrato,aq_taurinian,aq_taurinian,aq_faith_celtic,tribal_government,aq_chief_2092,d_piedmonte
c_mongnai,aq_burman,aq_burman,aq_faith_asian,tribal_government,aq_chief_2093,d_mongnai
c_monkh_saridag,aq_tagar,aq_tagar,aq_faith_steppe,tribal_government,aq_chief_2094,d_eastern_sayan
c_monmouthshire,aq_demetian,aq_demetian,aq_faith_celtic,tribal_government,aq_chief_2095,d_deheubarth
c_montaigu,aq_pictonian,aq_pictonian,aq_faith_celtic,tribal_government,aq_chief_2096,d_poitou
c_montargis,aq_carnutian,aq_carnutian,aq_faith_celtic,tribal_government,aq_chief_2097,d_orleans
c_monterrei,aq_gallaecian,aq_gallaecian,aq_faith_celtic,tribal_government,aq_chief_2098,d_galicia
c_montpellier,aq_volcian,aq_volcian,aq_faith_celtic,tribal_government,aq_chief_2099,d_languedoc
c_monyin,aq_burman,aq_burman,aq_faith_asian,tribal_government,aq_chief_2100,d_tengchong
c_mora,aq_carpetanian,aq_carpetanian,aq_faith_celtic,tribal_government,aq_chief_2101,d_toledo
c_morarna,aq_germanic,aq_germanic,aq_faith_germanic,tribal_government,aq_chief_2102,d_jamtland
c_moray,aq_caledonian,aq_caledonian,aq_faith_celtic,tribal_government,aq_chief_2103,d_moray
c_more,aq_gautish,aq_gautish,aq_faith_germanic,tribal_government,aq_chief_2104,d_smaland
c_mosala,aq_andhra,aq_andhra,aq_faith_dravidian,tribal_government,aq_chief_2105,0
c_moskva,aq_slavic,aq_slavic,slavic_pagan,tribal_government,aq_chief_2106,0
c_mosul,aq_aramaic,aq_aramaic,aq_faith_mesopotamian,tribal_government,aq_chief_2107,k_aq_persia_jazira
c_mosynopolis,aq_thracian,aq_thracian,aq_faith_balkan,tribal_government,aq_berisades,k_aq_thrace
c_moura,aq_turdetanian,aq_turdetanian,aq_faith_iberian,tribal_government,aq_chief_2109,d_sevilla
c_mozhaysk,aq_slavic,aq_dnieper_upper,slavic_pagan,tribal_government,aq_chief_2110,d_smolensk
c_mozhou,aq_sinitic,aq_yan,aq_faith_chinese,tribal_government,aq_chief_2111,d_yingmo
c_mrima,aq_bantu,aq_bantu,aq_faith_african,tribal_government,aq_chief_2112,0
c_mto_galana,aq_bantu,aq_bantu,aq_faith_african,tribal_government,aq_chief_2113,d_bonde_la_ufa
c_mto_tana,aq_bantu,aq_bantu,aq_faith_african,tribal_government,aq_chief_2114,d_bonde_la_ufa
c_muang_fa_daet,aq_mon_khmer,aq_mon_khmer,aq_faith_asian,tribal_government,aq_chief_2115,d_mukdahan
c_mudgagiri,aq_anga,aq_anga,aq_faith_ajivika,tribal_government,aq_chief_2116,d_magadha
c_mudug,aq_cushitic,aq_cushitic,aq_faith_african,tribal_government,aq_chief_2117,d_hafun
c_mueang_phra_rot,aq_mon_khmer,aq_mon_khmer,aq_faith_asian,tribal_government,aq_chief_2118,d_angkor_borey
c_mugan,persian,aq_cadusian,mazdayasna,tribal_government,aq_chief_2119,d_shirvan
c_mugodzhar_hills,aq_sarmatian,aq_sarmatian,aq_faith_steppe,nomad_government,aq_chief_2120,d_mugodzhar_hills
c_mukdahan,aq_mon_khmer,aq_mon_khmer,aq_faith_asian,tribal_government,aq_chief_2121,d_mukdahan
c_mulaka,aq_asmaka,aq_asmaka,aq_faith_krishna_yajurvedic,tribal_government,aq_chief_2122,d_devagiri
c_multan,aq_malava,aq_malava,aq_faith_rigvedic,tribal_government,aq_chief_2123,d_multan
c_muluvagil,aq_chola,aq_chola,aq_faith_murukan,tribal_government,aq_chief_2124,d_tondai_nadu
c_muluya,aq_maurian,aq_maurian,aq_faith_libyan,tribal_government,aq_chief_2125,d_fes
c_mumo,aq_steppe_eastern,aq_steppe_eastern,aq_faith_asian,nomad_government,aq_chief_2126,d_orkhon
c_munchen,aq_vindelician,aq_vindelician,aq_faith_celtic,tribal_government,aq_chief_2127,d_bavaria
c_munda,aq_atavi,aq_atavi,aq_faith_forest_indian,tribal_government,aq_chief_2128,k_aq_nanda
c_munio,aq_central_african,aq_central_african,west_african_bori_pagan,tribal_government,aq_chief_2129,d_bornu
c_munjan,aq_sogdian,aq_sogdian,mazdayasna,tribal_government,aq_chief_2130,d_badakhshan
c_munster,aq_cheruscan,aq_cheruscan,aq_faith_germanic,tribal_government,aq_chief_2131,0
c_murcia,aq_bastetanian,aq_bastetanian,aq_faith_iberian,tribal_government,aq_chief_2132,d_murcia
c_murom,aq_slavic,aq_slavic,slavic_pagan,tribal_government,aq_chief_2133,0
c_murun_tomis,aq_saka,aq_saka,aq_faith_steppe,nomad_government,aq_chief_2134,d_turgay
c_murzuk,aq_garamantian,aq_garamantian,aq_faith_libyan,tribal_government,aq_chief_2135,d_fezzan
c_murzzuschlag,aq_tauriscian,aq_tauriscian,aq_faith_celtic,tribal_government,aq_chief_2136,d_steyermark
c_musashi,aq_jomon,aq_jomon,aq_faith_asian,tribal_government,aq_chief_2137,d_west_bando
c_muscat,bedouin,bedouin,aq_faith_arabian,tribal_government,aq_chief_2138,d_oman
c_mushun,aq_saka,aq_tigraxauda,aq_faith_steppe,nomad_government,aq_chief_2139,0
c_mustasaari,aq_finnic,aq_finnic,finnish_pagan,tribal_government,aq_chief_2140,d_pohjanmaa
c_muya,aq_steppe_eastern,aq_donghu,aq_faith_asian,nomad_government,aq_chief_2141,d_dauria
c_muze,aq_baiyue,aq_dian,aq_faith_asian,tribal_government,aq_chief_2142,0
c_muzhou,aq_sinitic,aq_wu_early,aq_faith_chinese,tribal_government,aq_chief_2143,d_zhexi
c_myeongju,aq_korean,aq_korean,aq_faith_asian,tribal_government,aq_chief_2144,d_donggye
c_myitkyina,aq_burman,aq_burman,aq_faith_asian,tribal_government,aq_chief_2145,d_tengchong
c_mysia,aq_mysian,aq_mysian,aq_faith_matar,tribal_government,aq_chief_2146,d_opsikion
c_nabadwipa,aq_vanga,aq_vanga,aq_faith_yaksha_naga,tribal_government,aq_chief_2147,k_aq_nanda
c_naddula,aq_abhira,aq_abhira,aq_faith_yaksha_naga,tribal_government,aq_chief_2148,d_maru
c_naga,aq_kushite,aq_kushite,kushitism_pagan,tribal_government,aq_chief_2149,d_alwa
c_nagarze,aq_tibetan,aq_tibetan,bon,tribal_government,aq_chief_2150,d_yarlung
c_nagato,aq_yayoi,aq_yayoi,aq_faith_asian,tribal_government,aq_chief_2151,d_west_sanyodo
c_nagauda,aq_salva,aq_salva,aq_faith_rigvedic,tribal_government,aq_chief_2152,0
c_nagchu,aq_tibetan,aq_tibetan,bon,tribal_government,aq_chief_2153,d_nagchu
c_nagormo,aq_tibetan,aq_tibetan,bon,tribal_government,aq_chief_2154,d_nagormo
c_naimisa,aq_kosalan,aq_kosalan,aq_faith_shukla_yajurvedic,tribal_government,aq_chief_2155,d_saryupara
c_naissus,aq_bessian,aq_bessian,aq_faith_balkan,tribal_government,aq_chief_2156,0
c_najera,aq_vasconian,aq_vasconian,aq_faith_iberian,tribal_government,aq_chief_2157,0
c_najran,aq_sabaean,aq_sabaean,aq_faith_arabian,tribal_government,aq_chief_2158,d_sanaa
c_naju,aq_korean,aq_korean,aq_faith_asian,tribal_government,aq_chief_2159,d_naju
c_nakhon_pathom,aq_tai,aq_tai,aq_faith_asian,tribal_government,aq_chief_2160,d_lop_buri
c_nakhshab,aq_sogdian,aq_sogdian,mazdayasna,tribal_government,aq_chief_2161,d_soghd
c_nakkavaram,aq_austronesian,aq_austronesian,aq_faith_asian,tribal_government,aq_chief_2162,d_handumans
c_naldurg,aq_kadamba_early,aq_kadamba_early,aq_faith_dravidian,tribal_government,aq_chief_2163,d_rattapadi
c_nallamala,aq_andhra,aq_andhra,aq_faith_dravidian,tribal_government,aq_chief_2164,d_udayagiri
c_nalu,aq_forest_african,aq_forest_african,west_african_roog_pagan,tribal_government,aq_chief_2165,0
c_nam_dinh,aq_baiyue,aq_luoyue,aq_faith_asian,tribal_government,aq_chief_2166,0
c_namandiru,aq_west_african,aq_west_african,west_african_pagan,tribal_government,aq_chief_2167,d_djolof
c_namastau,aq_saka,aq_saka,aq_faith_steppe,nomad_government,aq_chief_2168,d_jemba
c_namdalfylki,aq_germanic,aq_trondish_early,aq_faith_germanic,tribal_government,aq_chief_2169,d_halogaland
c_namur,aq_treverian,aq_treverian,aq_faith_celtic,tribal_government,aq_chief_2170,d_luxembourg
c_namwon,aq_korean,aq_korean,aq_faith_asian,tribal_government,aq_chief_2171,d_jeonju
c_nan_asia,aq_tai,aq_tai,aq_faith_asian,tribal_government,aq_chief_2172,d_muang_sua
c_nanan,aq_sinitic,aq_minyue,aq_faith_asian,tribal_government,aq_chief_2173,d_zhaoxin
c_nancy,aq_mediomatrician,aq_mediomatrician,aq_faith_celtic,tribal_government,aq_chief_2174,d_upper_lorraine
c_nandana,aq_gandharan,aq_gandharan,aq_faith_rigvedic,tribal_government,aq_chief_2175,d_gandhara
c_nandian,aq_burman,aq_burman,aq_faith_asian,tribal_government,aq_chief_2176,d_tengchong
c_nang,aq_tibetan,aq_tibetan,bon,tribal_government,aq_chief_2177,d_yarlung
c_nangqen,aq_tibetan,aq_tibetan,bon,tribal_government,aq_chief_2178,d_nangqen
c_nanjian,aq_baiyue,aq_minyue,aq_faith_asian,tribal_government,aq_chief_2179,d_jianning
c_nankang,aq_sinitic,aq_sinitic,aq_faith_chinese,tribal_government,aq_chief_2180,d_dingjiang
c_nanping,aq_baiyue,aq_yelang,aq_faith_asian,tribal_government,aq_chief_2181,d_zangke
c_nantes,aq_venetian_gaul,aq_venetian_gaul,aq_faith_celtic,tribal_government,aq_chief_2182,d_brittany
c_nanumba,aq_forest_african,aq_forest_african,west_african_roog_pagan,tribal_government,aq_chief_2183,d_eweland
c_nanxi,aq_sinitic,aq_ba,aq_faith_chinese,tribal_government,aq_chief_2184,d_wuxin
c_nanzhou,aq_sinitic,aq_yelang,aq_faith_asian,tribal_government,aq_chief_2185,d_qianzhong
c_napoli,aq_campanian,aq_campanian,aq_faith_italic,tribal_government,aq_chief_2186,d_capua
c_naqis,aq_cushitic,aq_cushitic,aq_faith_african,tribal_government,aq_chief_2187,d_naqis
c_narim,aq_uralic,aq_uralic,finnish_pagan,tribal_government,aq_chief_2188,d_ala_tau
c_narke,aq_gautish,aq_gautish,aq_faith_germanic,tribal_government,aq_chief_2189,d_ostergotland
c_narva,aq_finnic,aq_finnic,finnish_pagan,tribal_government,aq_chief_2190,0
c_narym_DZU,aq_saka,aq_pazyryk,aq_faith_steppe,nomad_government,aq_chief_2191,d_akaltay
c_nasaiya,aq_sogdian,aq_haumavarga,mazdayasna,tribal_government,aq_chief_2192,d_ferghana
c_nasibin,aq_aramaic,aq_aramaic,aq_faith_mesopotamian,tribal_government,aq_chief_2193,d_diyarrabia
c_nasrabad,aq_sogdian,aq_haumavarga,mazdayasna,tribal_government,aq_chief_2194,d_ferghana
c_nassau,aq_suebian,aq_chattian,aq_faith_germanic,tribal_government,aq_chief_2195,d_hesse
c_natangia,aq_baltic,aq_baltic,baltic_pagan,tribal_government,aq_chief_2196,d_prussia
c_naumberg,aq_slavic,aq_odra_early,slavic_pagan,tribal_government,aq_chief_2197,d_lausitz
c_naumburg,aq_slavic,aq_odra_early,slavic_pagan,tribal_government,aq_chief_2198,d_meissen
c_naushki,aq_steppe_eastern,aq_steppe_eastern,aq_faith_asian,nomad_government,aq_chief_2199,d_ogrash
c_navarra,aq_vasconian,aq_vasconian,aq_faith_iberian,tribal_government,aq_chief_2200,d_navarra
c_navasarika,aq_lata,aq_lata,aq_faith_atharvavedic,tribal_government,aq_chief_2201,d_lata
c_naxos,aq_hellenic,aq_hellenic,hellenic_pagan,tribal_government,aq_chief_2202,d_aegean_islands
c_ndenye,aq_forest_african,aq_forest_african,west_african_roog_pagan,tribal_government,aq_chief_2203,d_gyaman
c_neamnt,aq_getian,aq_getian,aq_faith_zalmonian,tribal_government,aq_chief_2204,d_bukovina
c_nebit_dag,aq_sogdian,aq_dahaean,aq_faith_steppe,nomad_government,aq_chief_2205,d_uzboy
c_nedenes,aq_rugian,aq_rugian,aq_faith_germanic,tribal_government,aq_chief_2206,d_agder
c_nedersticht,aq_chaucan,aq_chaucan,aq_faith_germanic,tribal_government,aq_chief_2207,d_utrecht
c_negev,aq_aramaic,aq_aramaic,aq_faith_mesopotamian,tribal_government,aq_chief_2208,d_oultrejourdain
c_nellore,aq_chola,aq_chola,aq_faith_murukan,tribal_government,aq_chief_2209,d_tondai_nadu
c_neopatras,aq_hellenic,aq_hellenic,hellenic_pagan,tribal_government,aq_chief_2210,d_thessaly
c_neramkary,aq_uralic,aq_uralic,finnish_pagan,tribal_government,aq_chief_2211,d_ostyaki
c_neuchatel,aq_helvetian,aq_helvetian,aq_faith_celtic,tribal_government,aq_chief_2212,d_transjurania
c_neufchateau,aq_mediomatrician,aq_mediomatrician,aq_faith_celtic,tribal_government,aq_chief_2213,d_upper_lorraine
c_nevers,aq_aeduian,aq_aeduian,aq_faith_celtic,tribal_government,aq_chief_2214,d_burgundy
c_ngawa,aq_tibetan,aq_tibetan,bon,tribal_government,aq_chief_2215,d_gyalrong
c_nghe_an,aq_baiyue,aq_luoyue,aq_faith_asian,tribal_government,aq_chief_2216,d_nghe_an
c_ngoenyang,aq_tai,aq_tai,aq_faith_asian,tribal_government,aq_chief_2217,d_muang_sua
c_ngoring,aq_tibetan,aq_tibetan,bon,tribal_government,aq_chief_2218,d_qumarleb
c_niani,aq_west_african,aq_west_african,west_african_pagan,tribal_government,aq_chief_2219,d_manding
c_nias,aq_austronesian,aq_austronesian,aq_faith_asian,tribal_government,aq_chief_2220,d_nias
c_nice,aq_saluvian,aq_saluvian,aq_faith_celtic,tribal_government,aq_chief_2221,d_provence
c_nicopolis,aq_hellenic,aq_hellenic,hellenic_pagan,tribal_government,aq_chief_2222,d_epirus
c_nicosia,aq_hellenic,aq_hellenic,hellenic_pagan,tribal_government,aq_evagoras,k_aq_persia_cyprus
c_niebla,aq_turdetanian,aq_turdetanian,aq_faith_iberian,tribal_government,aq_chief_2224,d_sevilla
c_nih,persian,persian,mazdayasna,tribal_government,aq_chief_2225,d_sistan
c_nihawand,persian,aq_median,mazdayasna,tribal_government,aq_chief_2226,d_hamadan
c_nikaea,aq_bithynian,aq_bithynian,aq_faith_balkan,tribal_government,aq_artabazos,k_aq_persia_nikaea
c_nikki,aq_forest_african,aq_forest_african,west_african_roog_pagan,tribal_government,aq_chief_2228,d_borgu
c_nikopolis,aq_triballian,aq_triballian,aq_faith_balkan,tribal_government,aq_chief_2229,d_turnovo
c_ningduzhou,aq_sinitic,aq_minyue,aq_faith_asian,tribal_government,aq_chief_2230,d_zhaoxin
c_ninive,aq_aramaic,aq_aramaic,aq_faith_mesopotamian,tribal_government,aq_chief_2231,d_diyarrabia
c_niomi,aq_west_african,aq_west_african,west_african_pagan,tribal_government,aq_chief_2232,0
c_nishapur,aq_bactrian,aq_parthian_early,mazdayasna,tribal_government,aq_chief_2233,k_aq_persia_khorasan
c_nizhny_novgorod,aq_slavic,aq_slavic,slavic_pagan,tribal_government,aq_chief_2234,d_nizhny_novgorod
c_nizwa,bedouin,bedouin,aq_faith_arabian,tribal_government,aq_chief_2235,d_oman
c_njudung,aq_gautish,aq_gautish,aq_faith_germanic,tribal_government,aq_chief_2236,d_smaland
c_nongdong,aq_baiyue,aq_baiyue,aq_faith_asian,tribal_government,aq_chief_2237,d_dali
c_nordlingen,aq_suebian,aq_hermundurian,aq_faith_germanic,tribal_government,aq_chief_2238,d_east_franconia
c_nordmark,aq_gautish,aq_gautish,aq_faith_germanic,tribal_government,aq_chief_2239,d_vastergotland
c_nordrland,aq_germanic,aq_germanic,aq_faith_germanic,tribal_government,aq_chief_2240,d_iceland
c_norfolk,aq_iceni,aq_iceni,aq_faith_celtic,tribal_government,aq_chief_2241,d_norfolk
c_north_riding,aq_brigantian,aq_brigantian,aq_faith_celtic,tribal_government,aq_chief_2242,d_york
c_northamptonshire,aq_cornovian,aq_cornovian,aq_faith_celtic,tribal_government,aq_chief_2243,d_hereford
c_northumberland,aq_votadinian,aq_votadinian,aq_faith_celtic,tribal_government,aq_chief_2244,d_northumberland
c_norwegian_more,aq_germanic,aq_rani_early,aq_faith_germanic,tribal_government,aq_chief_2245,d_trandalog
c_noto,aq_jomon,aq_jomon,aq_faith_asian,tribal_government,aq_chief_2246,d_hokurikudo
c_nottinghamshire,aq_cornovian,aq_cornovian,aq_faith_celtic,tribal_government,aq_chief_2247,d_hereford
c_novara,aq_insubrian,aq_insubrian,aq_faith_celtic,tribal_government,aq_chief_2248,d_piedmonte
c_novgorod,aq_finnic,aq_finnic,finnish_pagan,tribal_government,aq_chief_2249,0
c_novgorod_seversky,aq_slavic,aq_desnian,slavic_pagan,tribal_government,aq_chief_2250,d_chernigov
c_novogrudok,aq_slavic,aq_slavic,slavic_pagan,tribal_government,aq_chief_2251,d_grodno
c_novosil,aq_slavic,aq_desnian,slavic_pagan,tribal_government,aq_chief_2252,0
c_nugaal,aq_cushitic,aq_cushitic,aq_faith_african,tribal_government,aq_chief_2253,d_hafun
c_nuon,aq_forest_african,aq_forest_african,west_african_roog_pagan,tribal_government,aq_chief_2254,d_bassa
c_nupe,aq_forest_african,aq_forest_african,west_african_roog_pagan,tribal_government,aq_chief_2255,d_nupe
c_nurnberg,aq_suebian,aq_hermundurian,aq_faith_germanic,tribal_government,aq_chief_2256,d_east_franconia
c_nurtay,aq_saka,aq_issedonian,aq_faith_steppe,nomad_government,aq_chief_2257,d_karkaraly
c_nushiro,aq_ainu,aq_ainu,aq_faith_asian,tribal_government,aq_chief_2258,0
c_nyagrong,aq_tibetan,aq_tibetan,bon,tribal_government,aq_chief_2259,d_litang
c_nyainrong,aq_tibetan,aq_tibetan,bon,tribal_government,aq_chief_2260,d_amdo
c_nyalam,aq_tibetan,aq_tibetan,bon,tribal_government,aq_chief_2261,d_sagya
c_nyaungshwe,aq_burman,aq_burman,aq_faith_asian,tribal_government,aq_chief_2262,d_mongnai
c_nyemo,aq_tibetan,aq_tibetan,bon,tribal_government,aq_chief_2263,d_lhasa
c_nyene,aq_forest_african,aq_forest_african,west_african_roog_pagan,tribal_government,aq_chief_2264,0
c_nyima,aq_tibetan,aq_tibetan,bon,tribal_government,aq_chief_2265,d_nyima
c_nyingchi,aq_tibetan,aq_tibetan,bon,tribal_government,aq_chief_2266,d_nyingchi
c_nyitra,aq_gaulish,aq_gaulish,aq_faith_celtic,tribal_government,aq_chief_2267,d_nyitra
c_nyland,aq_finnic,aq_finnic,finnish_pagan,tribal_government,aq_chief_2268,d_finland
c_nysa,aq_slavic,aq_vistulan_early,slavic_pagan,tribal_government,aq_chief_2269,d_upper_silesia
c_nzi,aq_forest_african,aq_forest_african,west_african_roog_pagan,tribal_government,aq_chief_2270,d_kong
c_ob,aq_uralic,aq_uralic,finnish_pagan,tribal_government,aq_chief_2271,d_salair
c_odessa,aq_scythian,aq_scythian,aq_faith_steppe,nomad_government,aq_chief_2272,d_kizilyedisan
c_odishi,aq_colchian,aq_colchian,aq_faith_anatolian,tribal_government,aq_chief_2273,d_abkhazia
c_odoyev,aq_slavic,aq_desnian,slavic_pagan,tribal_government,aq_chief_2274,d_novosil
c_oglamych,aq_saka,aq_dahaean,aq_faith_steppe,nomad_government,aq_chief_2275,d_garabogazkol
c_ohrid,aq_bessian,aq_bessian,aq_faith_balkan,tribal_government,aq_chief_2276,d_bulgaria
c_oigon,aq_steppe_eastern,aq_steppe_eastern,aq_faith_asian,nomad_government,aq_chief_2277,0
c_okangara,aq_steppe_eastern,aq_steppe_eastern,aq_faith_asian,nomad_government,aq_chief_2278,d_angara
c_oki,aq_yayoi,aq_yayoi,aq_faith_asian,tribal_government,aq_chief_2279,d_west_sanindo
c_oland,aq_gautish,aq_gautish,aq_faith_germanic,tribal_government,aq_chief_2280,d_smaland
c_olavinlinna,aq_finnic,aq_finnic,finnish_pagan,tribal_government,aq_chief_2281,0
c_oldenburg,aq_cheruscan,aq_cheruscan,aq_faith_germanic,tribal_government,aq_chief_2282,d_angria
c_oleshye,aq_scythian,aq_scythian,aq_faith_steppe,nomad_government,aq_chief_2283,d_red_levedia
c_olkhon,aq_steppe_eastern,aq_steppe_eastern,aq_faith_asian,nomad_government,aq_chief_2284,d_tsagaanbaigal
c_olmedo,aq_celtiberian_arevaci,aq_celtiberian_arevaci,aq_faith_celtic,tribal_government,aq_chief_2285,d_castilla
c_olomouc,aq_boian_danube,aq_boian_danube,aq_faith_celtic,tribal_government,aq_chief_2286,d_moravia
c_omi,aq_jomon,aq_jomon,aq_faith_asian,tribal_government,aq_chief_2287,d_tosando
c_omsk,aq_uralic,aq_uralic,finnish_pagan,tribal_government,aq_chief_2288,d_lanikaz
c_onega,aq_finnic,aq_finnic,finnish_pagan,tribal_government,aq_chief_2289,d_karelia
c_onega_BJA,aq_finnic,aq_finnic,finnish_pagan,tribal_government,aq_chief_2290,d_biarmia
c_ongi,aq_steppe_eastern,aq_steppe_eastern,aq_faith_asian,nomad_government,aq_chief_2291,d_ovorkhangai
c_onsthia,aq_finnic,aq_finnic,finnish_pagan,tribal_government,aq_chief_2292,d_vologda
c_opanda,aq_forest_african,aq_forest_african,west_african_roog_pagan,tribal_government,aq_chief_2293,d_nupe
c_opava,aq_boian_danube,aq_boian_danube,aq_faith_celtic,tribal_government,aq_chief_2294,d_moravia
c_opole,aq_slavic,aq_vistulan_early,slavic_pagan,tribal_government,aq_chief_2295,d_upper_silesia
c_orangallu,aq_andhra,aq_andhra,aq_faith_dravidian,tribal_government,aq_chief_2296,d_warangal
c_orania,aq_numidian_masaesylian,aq_numidian_masaesylian,aq_faith_libyan,tribal_government,aq_chief_2297,d_tlemcen
c_orava,aq_gaulish,aq_gaulish,aq_faith_celtic,tribal_government,aq_chief_2298,d_nyitra
c_orbetello,aq_etruscan,aq_etruscan,aq_faith_etruscan,tribal_government,aq_chief_2299,d_toscana
c_orenburg,aq_sarmatian,aq_sarmatian,aq_faith_steppe,nomad_government,aq_chief_2300,d_aqtobe
c_orhei,aq_getian,aq_getian,aq_faith_zalmonian,tribal_government,aq_chief_2301,d_moldova
c_oriel,aq_voluntian,aq_voluntian,aq_faith_celtic,tribal_government,aq_chief_2302,d_ulster
c_orkney,aq_germanic,aq_germanic,aq_faith_germanic,tribal_government,aq_chief_2303,d_northern_isles
c_orlamunde,aq_suebian,aq_hermundurian,aq_faith_germanic,tribal_government,aq_chief_2304,d_thuringia
c_orleans,aq_carnutian,aq_carnutian,aq_faith_celtic,tribal_government,aq_chief_2305,d_orleans
c_ormond,aq_ivernian,aq_ivernian,aq_faith_celtic,tribal_government,aq_chief_2306,d_munster
c_orsha,aq_slavic,aq_pripyatian,slavic_pagan,tribal_government,aq_chief_2307,d_minsk
c_orvieto,aq_umbrian,aq_umbrian,aq_faith_iguvine,tribal_government,aq_chief_2308,k_aq_etruria
c_osel,aq_finnic,aq_finnic,finnish_pagan,tribal_government,aq_chief_2309,d_esthonia
c_oshrusana,aq_sogdian,aq_sogdian,mazdayasna,tribal_government,aq_chief_2310,k_aq_persia_transoxiana
c_oskol,aq_uralic,aq_uralic,finnish_pagan,tribal_government,aq_chief_2311,d_voronezh
c_osnabruck,aq_cheruscan,aq_cheruscan,aq_faith_germanic,tribal_government,aq_chief_2312,d_westfalen
c_ossory,aq_brigantian_irish,aq_brigantian_irish,aq_faith_celtic,tribal_government,aq_chief_2313,d_leinster
c_ostergotland,aq_gautish,aq_gautish,aq_faith_germanic,tribal_government,aq_chief_2314,d_ostergotland
c_osterland,aq_slavic,aq_odra_early,slavic_pagan,tribal_government,aq_chief_2315,d_meissen
c_osterode,aq_baltic,aq_baltic,baltic_pagan,tribal_government,aq_chief_2316,d_masuria
c_ostfriesland,aq_chaucan,aq_chaucan,aq_faith_germanic,tribal_government,aq_chief_2317,d_frisia
c_osumi,aq_yayoi,aq_yayoi,aq_faith_asian,tribal_government,aq_chief_2318,d_south_saikaido
c_otrar,aq_saka,aq_haumavarga,aq_faith_steppe,tribal_government,aq_chief_2319,d_chah
c_oudalan,aq_west_african,aq_west_african,west_african_pagan,tribal_government,aq_chief_2320,d_upper_gurma
c_oulu,aq_finnic,aq_finnic,finnish_pagan,tribal_government,aq_chief_2321,d_pohjanmaa
c_outer_hebrides,aq_epidian,aq_epidian,aq_faith_celtic,tribal_government,aq_chief_2322,d_western_isles
c_oversticht,aq_chaucan,aq_chaucan,aq_faith_germanic,tribal_government,aq_chief_2323,d_utrecht
c_owari,aq_jomon,aq_jomon,aq_faith_asian,tribal_government,aq_chief_2324,d_tokaido
c_owu,aq_forest_african,aq_forest_african,west_african_roog_pagan,tribal_government,aq_chief_2325,d_ife
c_oxfordshire,aq_dobunnian,aq_dobunnian,aq_faith_celtic,tribal_government,aq_chief_2326,d_gloucester
c_oyo,aq_forest_african,aq_forest_african,west_african_roog_pagan,tribal_government,aq_chief_2327,d_oyo
c_pacatiana,aq_phrygian,aq_phrygian,aq_faith_matar,tribal_government,aq_chief_2328,d_anatolia
c_paderborn,aq_cheruscan,aq_cheruscan,aq_faith_germanic,tribal_government,aq_chief_2329,d_westfalen
c_padua,aq_venetic,aq_venetic,aq_faith_italic,tribal_government,aq_chief_2330,0
c_padum,aq_tibetan,aq_tibetan,bon,tribal_government,aq_chief_2331,d_zanskar
c_pagan,aq_burman,aq_burman,aq_faith_asian,tribal_government,aq_chief_2332,d_pagan
c_pagania,aq_pannonian,aq_pannonian,aq_faith_balkan,tribal_government,aq_chief_2333,0
c_palakka,aq_andhra,aq_andhra,aq_faith_dravidian,tribal_government,aq_chief_2334,d_udayagiri
c_palanga,aq_baltic,aq_baltic,baltic_pagan,tribal_government,aq_chief_2335,d_samogitia
c_palermo,aq_elymian,aq_elymian,aq_faith_elymian,tribal_government,aq_chief_2336,k_aq_carthage
c_pallas,aq_ilercavonian,aq_ilercavonian,aq_faith_iberian,tribal_government,aq_chief_2337,d_barcelona
c_palmyra,aq_aramaic,aq_aramaic,aq_faith_mesopotamian,tribal_government,aq_chief_2338,k_aq_persia_syria
c_palniki,aq_uralic,aq_uralic,finnish_pagan,tribal_government,aq_chief_2339,d_udmurtia
c_pamphylia,aq_pamphylian,aq_pamphylian,hellenic_pagan,tribal_government,aq_chief_2340,d_cibyrrhaeot
c_panaji,aq_alupa,aq_alupa,aq_faith_dravidian,tribal_government,aq_chief_2341,d_konkana
c_panduranga,aq_mon_khmer,aq_mon_khmer,aq_faith_asian,tribal_government,aq_chief_2342,d_vijaya
c_panjgur,persian,persian,mazdayasna,tribal_government,aq_chief_2343,k_aq_persia_makran
c_pannagallu,aq_andhra,aq_andhra,aq_faith_dravidian,tribal_government,aq_chief_2344,0
c_paphlagonia,aq_paphlagonian,aq_paphlagonian,aq_faith_ma,tribal_government,aq_chief_2345,k_aq_persia_pontus
c_papua_selatan,aq_austronesian,aq_austronesian,aq_faith_asian,tribal_government,aq_chief_2346,d_papua
c_parivi,aq_kadamba_early,aq_kadamba_early,aq_faith_dravidian,tribal_government,aq_chief_2347,d_nulambavadi
c_parma,aq_boian,aq_boian,aq_faith_celtic,tribal_government,aq_chief_2348,d_lombardia
c_paro,aq_tibetan,aq_tibetan,bon,tribal_government,aq_chief_2349,d_paro
c_parsberg,aq_boian_danube,aq_boian_danube,aq_faith_celtic,tribal_government,aq_chief_2350,d_nordgau
c_passau,aq_vindelician,aq_vindelician,aq_faith_celtic,tribal_government,aq_chief_2351,d_bavaria
c_pate,aq_bantu,aq_bantu,aq_faith_african,tribal_government,aq_chief_2352,d_pate
c_pavia,aq_insubrian,aq_insubrian,aq_faith_celtic,tribal_government,aq_chief_2353,d_lombardia
c_pavlodar,aq_uralic,aq_uralic,finnish_pagan,tribal_government,aq_chief_2354,d_lanikaz
c_peaccam,aq_sami,aq_sami,finnish_pagan,tribal_government,aq_chief_2355,d_giemajohka
c_pecheneg,aq_sarmatian,aq_sarmatian,aq_faith_steppe,nomad_government,aq_chief_2356,d_pecheneg
c_pedersore,aq_finnic,aq_finnic,finnish_pagan,tribal_government,aq_chief_2357,d_pohjanmaa
c_pegu,aq_burman,aq_burman,aq_faith_asian,tribal_government,aq_chief_2358,d_ramannadesa
c_pelym,aq_uralic,aq_uralic,finnish_pagan,tribal_government,aq_chief_2359,d_pelym
c_pelyul,aq_tibetan,aq_tibetan,bon,tribal_government,aq_chief_2360,d_dege
c_pemako,aq_tibetan,aq_tibetan,bon,tribal_government,aq_chief_2361,d_lhoyul
c_pemba,aq_bantu,aq_bantu,aq_faith_african,tribal_government,aq_chief_2362,d_zanzibar
c_pembrokeshire,aq_demetian,aq_demetian,aq_faith_celtic,tribal_government,aq_chief_2363,d_deheubarth
c_pendjari,aq_forest_african,aq_forest_african,west_african_roog_pagan,tribal_government,aq_chief_2364,d_mamprusi
c_pengzhou,aq_sinitic,aq_shu,aq_faith_chinese,tribal_government,aq_chief_2365,d_xichuan
c_pengzhou_2,aq_sinitic,aq_sinitic,aq_faith_chinese,tribal_government,aq_chief_2366,d_lilang
c_penthievre,aq_venetian_gaul,aq_venetian_gaul,aq_faith_celtic,tribal_government,aq_chief_2367,d_brittany
c_penugonda,aq_chola,aq_chola,aq_faith_murukan,tribal_government,aq_chief_2368,d_tondai_nadu
c_penza,aq_uralic,aq_uralic,finnish_pagan,tribal_government,aq_chief_2369,d_chuvashia
c_perekop,aq_scythian,aq_scythian,aq_faith_steppe,nomad_government,aq_chief_2370,d_crimea
c_peremyshl,aq_slavic,aq_bugian_early,slavic_pagan,tribal_government,aq_chief_2371,d_cherven_cities
c_peresopnytsia,aq_slavic,aq_bugian_early,slavic_pagan,tribal_government,aq_chief_2372,d_volhynia
c_pereyaslavl,aq_slavic,aq_dnieper_middle,slavic_pagan,tribal_government,aq_chief_2373,d_pereyaslavl
c_perigord,aq_santonian,aq_santonian,aq_faith_celtic,tribal_government,aq_chief_2374,d_aquitaine
c_perm,aq_uralic,aq_uralic,finnish_pagan,tribal_government,aq_chief_2375,d_perm
c_petropavl,aq_saka,aq_saka,aq_faith_steppe,nomad_government,aq_chief_2376,0
c_petropavolsk,aq_uralic,aq_uralic,finnish_pagan,tribal_government,aq_chief_2377,d_tara
c_petrovsk,aq_uralic,aq_uralic,finnish_pagan,tribal_government,aq_chief_2378,d_chuvashia
c_phetchabun,aq_tai,aq_tai,aq_faith_asian,tribal_government,aq_chief_2379,d_sukhothai
c_philippopolis,aq_odrysian,aq_odrysian,aq_faith_balkan,tribal_government,aq_chief_2380,d_philippopolis
c_philomelium,aq_pisidian,aq_pisidian,aq_faith_matar,tribal_government,aq_chief_2381,d_anatolia
c_phiti,aq_lankan,aq_lankan,aq_faith_rigvedic,tribal_government,aq_lanka,0
c_phrygia,aq_phrygian,aq_phrygian,aq_faith_matar,tribal_government,aq_chief_2383,d_opsikion
c_pielinen,aq_finnic,aq_finnic,finnish_pagan,tribal_government,aq_chief_2384,d_savo
c_pila,aq_suebian,aq_varinian,aq_faith_germanic,tribal_government,aq_chief_2385,d_pommerania
c_pingyang,aq_sinitic,aq_jin_wei,aq_faith_chinese,tribal_government,aq_chief_2386,d_hezhong
c_pinsk,aq_slavic,aq_pripyatian,slavic_pagan,tribal_government,aq_chief_2387,d_pinsk
c_pinzhou,aq_sinitic,aq_yan,aq_faith_chinese,tribal_government,aq_chief_2388,d_youzhou
c_pirin,aq_bessian,aq_bessian,aq_faith_balkan,tribal_government,aq_chief_2389,d_bulgaria
c_pisa,aq_etruscan,aq_etruscan,aq_faith_etruscan,tribal_government,aq_chief_2390,k_aq_etruria
c_pisidia,aq_pisidian,aq_pisidian,aq_faith_matar,tribal_government,aq_chief_2391,d_anatolia
c_pite,aq_sami,aq_sami,finnish_pagan,tribal_government,aq_chief_2392,d_aarjetje
c_pitten,aq_tauriscian,aq_tauriscian,aq_faith_celtic,tribal_government,aq_chief_2393,d_steyermark
c_plasencia,aq_vettonian,aq_vettonian,aq_faith_lusitanian,tribal_government,aq_chief_2394,d_badajoz
c_pleiku,aq_mon_khmer,aq_mon_khmer,aq_faith_asian,tribal_government,aq_chief_2395,0
c_plocka,aq_slavic,aq_bugian_early,slavic_pagan,tribal_government,aq_chief_2396,d_mazovia
c_plyos,aq_slavic,aq_slavic,slavic_pagan,tribal_government,aq_chief_2397,d_nizhny_novgorod
c_plzen,aq_boian_danube,aq_boian_danube,aq_faith_celtic,tribal_government,aq_chief_2398,d_bohemia
c_po,aq_forest_african,aq_forest_african,west_african_roog_pagan,tribal_government,aq_chief_2399,0
c_podor,aq_west_african,aq_west_african,west_african_pagan,tribal_government,aq_chief_2400,d_takrur
c_podrinje,aq_dardanian,aq_dardanian,aq_faith_balkan,tribal_government,aq_chief_2401,d_rashka
c_pogibi,aq_ainu,aq_ainu,aq_faith_asian,tribal_government,aq_chief_2402,d_sahaliyan
c_poitiers,aq_pictonian,aq_pictonian,aq_faith_celtic,tribal_government,aq_chief_2403,d_poitou
c_polesine,aq_venetic,aq_venetic,aq_faith_italic,tribal_government,aq_chief_2404,d_verona
c_polotsk,aq_slavic,aq_slavic,slavic_pagan,tribal_government,aq_chief_2405,d_polotsk
c_polovragi,aq_dacian,aq_dacian,aq_faith_zalmonian,tribal_government,aq_chief_2406,d_transylvanian_alps
c_pomoravlje,aq_bessian,aq_bessian,aq_faith_balkan,tribal_government,aq_chief_2407,d_bulgaria
c_pomorje,aq_ardiaean,aq_ardiaean,aq_faith_balkan,tribal_government,aq_chief_2408,d_duklja
c_pompeiopolis,aq_paphlagonian,aq_paphlagonian,aq_faith_ma,tribal_government,aq_chief_2409,d_paphlagonia
c_porto,aq_gallaecian,aq_gallaecian,aq_faith_celtic,tribal_government,aq_chief_2410,d_porto
c_poszony,aq_gaulish,aq_gaulish,aq_faith_celtic,tribal_government,aq_chief_2411,d_nyitra
c_povenets,aq_finnic,aq_finnic,finnish_pagan,tribal_government,aq_chief_2412,d_biarmia
c_pozega,aq_pannonian,aq_pannonian,aq_faith_balkan,tribal_government,aq_chief_2413,0
c_poznanska,aq_slavic,aq_pomeranian_early,slavic_pagan,tribal_government,aq_chief_2414,d_wielkopolska
c_praha,aq_boian_danube,aq_boian_danube,aq_faith_celtic,tribal_government,aq_chief_2415,d_bohemia
c_pravia,aq_asturian_ancient,aq_asturian_ancient,aq_faith_celtic,tribal_government,aq_chief_2416,d_asturias
c_prayaga,aq_vatsa,aq_vatsa,aq_faith_krishna_yajurvedic,tribal_government,aq_chief_2417,d_kanyakubja
c_prea_vihear,aq_mon_khmer,aq_mon_khmer,aq_faith_asian,tribal_government,aq_chief_2418,d_angkor
c_prenzlau,aq_suebian,aq_lemovian,aq_faith_germanic,tribal_government,aq_chief_2419,d_ostmark
c_prerov,aq_boian_danube,aq_boian_danube,aq_faith_celtic,tribal_government,aq_chief_2420,d_moravia
c_prigoro_tabynsk,aq_uralic,aq_uralic,finnish_pagan,tribal_government,aq_chief_2421,d_bashkiria
c_provence,aq_saluvian,aq_saluvian,aq_faith_celtic,tribal_government,aq_chief_2422,d_provence
c_prusa,aq_mysian,aq_mysian,aq_faith_matar,tribal_government,aq_chief_2423,d_opsikion
c_przemkow,aq_slavic,aq_odra_early,slavic_pagan,tribal_government,aq_chief_2424,d_lower_silesia
c_pset,aq_delmatian,aq_delmatian,aq_faith_balkan,tribal_government,aq_chief_2425,d_bosna
c_pskov,aq_finnic,aq_finnic,finnish_pagan,tribal_government,aq_chief_2426,d_novgorod
c_pudozh,aq_finnic,aq_finnic,finnish_pagan,tribal_government,aq_chief_2427,d_biarmia
c_puigcerda,aq_ilercavonian,aq_ilercavonian,aq_faith_iberian,tribal_government,aq_chief_2428,d_barcelona
c_pula,aq_histrian,aq_histrian,aq_faith_balkan,tribal_government,aq_chief_2429,0
c_punakha,aq_tibetan,aq_tibetan,bon,tribal_government,aq_chief_2430,d_paro
c_pundravardhana,aq_pundra,aq_pundra,aq_faith_yaksha_naga,tribal_government,aq_chief_2431,k_aq_nanda
c_pungju,aq_korean,aq_korean,aq_faith_asian,tribal_government,aq_chief_2432,d_haeju
c_purang,aq_tibetan,aq_tibetan,bon,tribal_government,aq_chief_2433,d_purang
c_puri,aq_kalinga,aq_kalinga,aq_faith_nirgrantha,tribal_government,aq_chief_2434,d_kalinga
c_purig,aq_tibetan,aq_tibetan,bon,tribal_government,aq_chief_2435,d_zanskar
c_pursat,aq_mon_khmer,aq_mon_khmer,aq_faith_asian,tribal_government,aq_chief_2436,d_angkor_borey
c_purushapura,aq_gandharan,aq_gandharan,aq_faith_rigvedic,tribal_government,aq_chief_2437,d_gandhara
c_putao,aq_burman,aq_burman,aq_faith_asian,tribal_government,aq_chief_2438,d_tengchong
c_puttlingen,aq_mediomatrician,aq_mediomatrician,aq_faith_celtic,tribal_government,aq_chief_2439,d_upper_lorraine
c_putyvl,aq_slavic,aq_desnian,slavic_pagan,tribal_government,aq_chief_2440,d_chernigov
c_puzhou,aq_sinitic,aq_shu,aq_faith_chinese,tribal_government,aq_chief_2441,d_dongchuan
c_puzhou_2,aq_sinitic,aq_jin_wei,aq_faith_chinese,tribal_government,aq_chief_2442,d_yuncao
c_pyeongju,aq_korean,aq_korean,aq_faith_asian,tribal_government,aq_chief_2443,d_gaeseong
c_qadisiya,aq_aramaic,aq_aramaic,aq_faith_mesopotamian,tribal_government,aq_chief_2444,d_kufa
c_qain,aq_bactrian,aq_bactrian,mazdayasna,tribal_government,aq_chief_2445,k_aq_persia_khorasan
c_qalaafe,aq_cushitic,aq_cushitic,aq_faith_african,tribal_government,aq_chief_2446,d_west_ajuraan
c_qamdo,aq_tibetan,aq_tibetan,bon,tribal_government,aq_chief_2447,d_qamdo
c_qaraustyurt,aq_saka,aq_dahaean,aq_faith_steppe,nomad_government,aq_chief_2448,d_transcaspiana
c_qaryatan,aq_aramaic,aq_aramaic,aq_faith_mesopotamian,tribal_government,aq_chief_2449,d_palmyra
c_qashtiliya,aq_gaetulian,aq_gaetulian,aq_faith_libyan,tribal_government,aq_chief_2450,d_jerid
c_qasim,bedouin,bedouin,aq_faith_arabian,tribal_government,aq_chief_2451,d_najd
c_qasr_ibrim,aq_kushite,aq_kushite,kushitism_pagan,tribal_government,aq_chief_2452,k_aq_kush
c_qataa,aq_cushitic,aq_cushitic,aq_faith_african,tribal_government,aq_chief_2453,d_baqlin
c_qatif,bedouin,bedouin,aq_faith_arabian,tribal_government,aq_chief_2454,0
c_qayaliq,aq_saka,aq_tigraxauda,aq_faith_steppe,nomad_government,aq_chief_2455,d_zhetysu
c_qazwin,persian,aq_cadusian,mazdayasna,tribal_government,aq_chief_2456,d_daylam
c_qianzhou,aq_sinitic,aq_minyue,aq_faith_asian,tribal_government,aq_chief_2457,k_aq_chu
c_qianzhou_1,aq_sinitic,aq_yelang,aq_faith_asian,tribal_government,aq_chief_2458,d_qianzhong
c_qilin,aq_sinitic,aq_yuezhi_early,aq_faith_steppe,nomad_government,aq_chief_2459,0
c_qimr,aq_central_african,aq_central_african,west_african_bori_pagan,tribal_government,aq_chief_2460,d_west_darfur
c_qinggil,aq_saka,aq_pazyryk,aq_faith_steppe,nomad_government,aq_chief_2461,d_altay
c_qingshan,aq_sinitic,aq_zhou,aq_faith_chinese,tribal_government,aq_chief_2462,d_xinan
c_qingyang,aq_sinitic,aq_qin,aq_faith_chinese,tribal_government,aq_chief_2463,d_binning
c_qingyuan,aq_baiyue,aq_nanyue_early,aq_faith_asian,tribal_government,aq_chief_2464,d_guiguan
c_qingzhou,aq_sinitic,aq_qi,aq_faith_chinese,tribal_government,aq_qi,0
c_qinnasrin,aq_aramaic,aq_aramaic,aq_faith_mesopotamian,tribal_government,aq_chief_2466,d_aleppo
c_qinzhou_1,aq_sinitic,aq_qin,aq_faith_chinese,tribal_government,aq_chief_2467,k_aq_qin
c_qinzhou_2,aq_baiyue,aq_nanyue_early,aq_faith_asian,tribal_government,aq_chief_2468,d_yongguan
c_qiongbu,aq_sinitic,aq_shu,aq_faith_chinese,tribal_government,aq_chief_2469,d_qiongnan
c_qiongzhou,aq_sinitic,aq_shu,aq_faith_chinese,tribal_government,aq_chief_2470,d_qiongnan
c_qizhou,aq_sinitic,aq_jin_wei,aq_faith_chinese,tribal_government,aq_chief_2471,d_yuncao
c_qizhou_1,aq_sinitic,aq_chu,aq_faith_chinese,tribal_government,aq_chief_2472,d_eyue
c_qom,persian,aq_median,mazdayasna,tribal_government,aq_chief_2473,d_rayy
c_qoshagyl,aq_saka,aq_saka,aq_faith_steppe,nomad_government,aq_chief_2474,d_jemba
c_quanzhou,aq_baiyue,aq_dongou,aq_faith_asian,tribal_government,aq_chief_2475,0
c_quanzhou_2,aq_sinitic,aq_chu,aq_faith_chinese,tribal_government,aq_chief_2476,d_lingling
c_quercy,aq_volcian,aq_volcian,aq_faith_celtic,tribal_government,aq_chief_2477,d_toulouse
c_qumarleb,aq_tibetan,aq_tibetan,bon,tribal_government,aq_chief_2478,d_qumarleb
c_qumisha,persian,persian,mazdayasna,tribal_government,aq_chief_2479,d_isfahan
c_quoc_oai,aq_baiyue,aq_luoyue,aq_faith_asian,tribal_government,aq_chief_2480,d_lam_tay
c_quqen,aq_tibetan,aq_tibetan,bon,tribal_government,aq_chief_2481,d_gyalrong
c_quriltay,aq_saka,aq_tigraxauda,aq_faith_steppe,nomad_government,aq_chief_2482,d_muyunkum
c_qurta,aq_kushite,aq_kushite,kushitism_pagan,tribal_government,aq_chief_2483,d_nobatia
c_qus,egyptian,egyptian,aq_faith_kemetic,tribal_government,aq_chief_2484,k_aq_egypt
c_qusayr,egyptian,egyptian,aq_faith_kemetic,tribal_government,aq_chief_2485,k_aq_egypt
c_quye,aq_sinitic,aq_qiang_early,aq_faith_himalayan,tribal_government,aq_chief_2486,0
c_quzhou,aq_sinitic,aq_ba,aq_faith_chinese,tribal_government,aq_chief_2487,d_baqu
c_quzhou_1,aq_baiyue,aq_baiyue,aq_faith_asian,tribal_government,aq_chief_2488,d_shimen
c_qyzylteniz,aq_saka,aq_issedonian,aq_faith_steppe,nomad_government,aq_chief_2489,d_saryarka
c_qyzylustyurt,aq_saka,aq_dahaean,aq_faith_steppe,nomad_government,aq_chief_2490,d_transcaspiana
c_qyzylyaitsk,aq_sarmatian,aq_sarmatian,aq_faith_steppe,nomad_government,aq_chief_2491,d_pecheneg
c_racakonda,aq_andhra,aq_andhra,aq_faith_dravidian,tribal_government,aq_chief_2492,d_racakonda
c_radha,aq_pundra,aq_pundra,aq_faith_yaksha_naga,tribal_government,aq_chief_2493,d_gauda
c_radomska,aq_slavic,aq_vistulan_early,slavic_pagan,tribal_government,aq_chief_2494,d_lesser_poland
c_ragusa,aq_ardiaean,aq_ardiaean,aq_faith_balkan,tribal_government,aq_chief_2495,0
c_rahba,aq_aramaic,aq_aramaic,aq_faith_mesopotamian,tribal_government,aq_chief_2496,k_aq_persia_jazira
c_raimskoe,aq_saka,aq_massagetan,aq_faith_steppe,nomad_government,aq_chief_2497,d_aral_il
c_rajanpur,aq_saindhava,aq_saindhava,aq_faith_atharvavedic,tribal_government,aq_chief_2498,d_bhakkar
c_rajrappa,aq_atavi,aq_atavi,aq_faith_forest_indian,tribal_government,aq_chief_2499,d_jharkand
c_rakcha,aq_uralic,aq_uralic,finnish_pagan,tribal_government,aq_chief_2500,d_mordvinia
c_rama,aq_delmatian,aq_delmatian,aq_faith_balkan,tribal_government,aq_chief_2501,d_bosna
c_ramagiri,aq_vidarbha,aq_vidarbha,aq_faith_atharvavedic,tribal_government,aq_chief_2502,d_vidharba
c_ramhurmuz,persian,aq_elamite,aq_faith_mesopotamian,tribal_government,aq_chief_2503,d_khuzestan
c_ramu,aq_burman,aq_burman,aq_faith_asian,tribal_government,aq_chief_2504,0
c_rangzhou,aq_baiyue,aq_nanyue_early,aq_faith_asian,tribal_government,aq_chief_2505,d_yongguan
c_ranikot,aq_saindhava,aq_saindhava,aq_faith_atharvavedic,tribal_government,aq_chief_2506,d_sauvira
c_raniriki,aq_rugian,aq_rugian,aq_faith_germanic,tribal_government,aq_chief_2507,0
c_rano,aq_central_african,aq_central_african,west_african_bori_pagan,tribal_government,aq_chief_2508,d_kano
c_ranthambore,aq_matsya,aq_matsya,aq_faith_rigvedic,tribal_government,aq_chief_2509,d_ajmer
c_raozhou,aq_sinitic,aq_sinitic,aq_faith_chinese,tribal_government,aq_chief_2510,d_dingjiang
c_raqqa,aq_aramaic,aq_aramaic,aq_faith_mesopotamian,tribal_government,aq_chief_2511,k_aq_persia_jazira
c_ras_hafun,aq_cushitic,aq_cushitic,aq_faith_african,tribal_government,aq_chief_2512,d_hafun
c_raseiniai,aq_baltic,aq_baltic,baltic_pagan,tribal_government,aq_chief_2513,d_samogitia
c_rashka,aq_dardanian,aq_dardanian,aq_faith_balkan,tribal_government,aq_chief_2514,d_rashka
c_rasht,aq_sogdian,aq_sogdian,mazdayasna,tribal_government,aq_chief_2515,d_khuttal
c_ratanakiri,aq_mon_khmer,aq_mon_khmer,aq_faith_asian,tribal_government,aq_chief_2516,d_ratanakiri
c_ratanpur,aq_atavi,aq_atavi,aq_faith_forest_indian,tribal_government,aq_chief_2517,k_aq_nanda
c_ratibor,aq_slavic,aq_vistulan_early,slavic_pagan,tribal_government,aq_chief_2518,d_upper_silesia
c_ravenna,aq_senonian,aq_senonian,aq_faith_celtic,tribal_government,aq_chief_2519,d_romagna
c_ravensburg,aq_vindelician,aq_vindelician,aq_faith_celtic,tribal_government,aq_chief_2520,d_augsburg
c_rayapura,aq_atavi,aq_atavi,aq_faith_forest_indian,tribal_government,aq_chief_2521,d_daksina_kosala
c_rayy,persian,aq_median,mazdayasna,tribal_government,aq_chief_2522,k_aq_persia_persia
c_rebgong,aq_tibetan,aq_tibetan,bon,tribal_government,aq_chief_2523,d_malho
c_regensburg,aq_vindelician,aq_vindelician,aq_faith_celtic,tribal_government,aq_chief_2524,d_bavaria
c_reggio_calabria,aq_hellenic,aq_hellenic,hellenic_pagan,tribal_government,aq_chief_2525,d_calabria
c_reims,aq_remian,aq_remian,aq_faith_celtic,tribal_government,aq_chief_2526,d_champagne
c_renandu,aq_chola,aq_chola,aq_faith_murukan,tribal_government,aq_chief_2527,d_tondai_nadu
c_reni,aq_salva,aq_salva,aq_faith_rigvedic,tribal_government,aq_chief_2528,d_jangladesh
c_rennes,aq_venetian_gaul,aq_venetian_gaul,aq_faith_celtic,tribal_government,aq_chief_2529,d_brittany
c_rethel,aq_remian,aq_remian,aq_faith_celtic,tribal_government,aq_chief_2530,d_champagne
c_reval,aq_finnic,aq_finnic,finnish_pagan,tribal_government,aq_chief_2531,d_esthonia
c_rhodopes,aq_odrysian,aq_odrysian,aq_faith_balkan,tribal_government,aq_chief_2532,d_philippopolis
c_rhodos,aq_hellenic,aq_hellenic,hellenic_pagan,tribal_government,aq_chief_2533,d_aegean_islands
c_riau,aq_austronesian,aq_austronesian,aq_faith_asian,tribal_government,aq_chief_2534,d_MAL_pahang
c_ribe,aq_teutonian,aq_teutonian,aq_faith_germanic,tribal_government,aq_chief_2535,0
c_rima,aq_tibetan,aq_tibetan,bon,tribal_government,aq_chief_2536,d_dzayul
c_ringkobing,aq_cimbrian,aq_cimbrian,aq_faith_germanic,tribal_government,aq_chief_2537,d_jylland
c_riqan,persian,persian,mazdayasna,tribal_government,aq_chief_2538,d_jabal_kufs
c_rivsharan,aq_bactrian,aq_margian,mazdayasna,tribal_government,aq_chief_2539,d_merv
c_rogalandi,aq_rugian,aq_rugian,aq_faith_germanic,tribal_government,aq_chief_2540,d_vestlandi
c_rohana,aq_lankan,aq_lankan,aq_faith_rigvedic,tribal_government,aq_chief_2541,k_aq_lanka
c_roing,aq_tibetan,aq_tibetan,bon,tribal_government,aq_chief_2542,d_dzayul
c_roma,aq_latin,aq_latin,aq_faith_religio_romana,tribal_government,aq_rome,0
c_romen,aq_slavic,aq_dnieper_middle,slavic_pagan,tribal_government,aq_chief_2544,d_pereyaslavl
c_rongshui,aq_baiyue,aq_nanyue_early,aq_faith_asian,tribal_government,aq_chief_2545,d_guiguan
c_rongzhou,aq_sinitic,aq_ba,aq_faith_chinese,tribal_government,aq_chief_2546,d_wuxin
c_rongzhou_2,aq_baiyue,aq_nanyue_early,aq_faith_asian,tribal_government,aq_chief_2547,d_rongguan
c_roslavl,aq_slavic,aq_dnieper_upper,slavic_pagan,tribal_government,aq_chief_2548,d_smolensk
c_ross,aq_caledonian,aq_caledonian,aq_faith_celtic,tribal_government,aq_chief_2549,d_moray
c_rossano,aq_hellenic,aq_hellenic,hellenic_pagan,tribal_government,aq_chief_2550,d_calabria
c_rossello,aq_ilercavonian,aq_ilercavonian,aq_faith_iberian,tribal_government,aq_chief_2551,d_barcelona
c_rostock,aq_suebian,aq_semnonian,aq_faith_germanic,tribal_government,aq_chief_2552,d_nordmark
c_rothas,aq_atavi,aq_atavi,aq_faith_forest_indian,tribal_government,aq_chief_2553,d_jharkand
c_rothenburg,aq_vindelician,aq_vindelician,aq_faith_celtic,tribal_government,aq_chief_2554,d_bavaria
c_rouen,aq_aulercian,aq_aulercian,aq_faith_celtic,tribal_government,aq_chief_2555,d_normandy
c_rouergue,aq_volcian,aq_volcian,aq_faith_celtic,tribal_government,aq_chief_2556,d_toulouse
c_rounala,aq_sami,aq_sami,finnish_pagan,tribal_government,aq_chief_2557,d_duortnoseatnu
c_rouyuan,aq_sinitic,aq_yan,aq_faith_chinese,tribal_government,aq_chief_2558,d_sanggan
c_rudbar,persian,persian,mazdayasna,tribal_government,aq_chief_2559,d_sistan
c_rugen,aq_suebian,aq_semnonian,aq_faith_germanic,tribal_government,aq_chief_2560,d_nordmark
c_rukhaj,aq_bactrian,aq_bactrian,mazdayasna,tribal_government,aq_chief_2561,d_zabulistan
c_runzhou,aq_sinitic,aq_wu_early,aq_faith_chinese,tribal_government,aq_chief_2562,d_jiangdong
c_ruppin,aq_suebian,aq_lemovian,aq_faith_germanic,tribal_government,aq_chief_2563,d_ostmark
c_rusa,aq_finnic,aq_finnic,finnish_pagan,tribal_government,aq_chief_2564,d_novgorod
c_rusafa,aq_aramaic,aq_aramaic,aq_faith_mesopotamian,tribal_government,aq_chief_2565,d_basra
c_rutog,aq_tibetan,aq_tibetan,bon,tribal_government,aq_chief_2566,d_rutog
c_ruyan,persian,aq_hyrcanian,mazdayasna,tribal_government,aq_chief_2567,d_tabaristan
c_ruzhou,aq_sinitic,aq_zhou,aq_faith_chinese,tribal_government,aq_chief_2568,d_dongji
c_ryazan,aq_slavic,aq_slavic,slavic_pagan,tribal_government,aq_chief_2569,d_ryazan
c_ryty,aq_steppe_eastern,aq_steppe_eastern,aq_faith_asian,nomad_government,aq_chief_2570,d_tsagaanbaigal
c_saalum,aq_west_african,aq_west_african,west_african_pagan,tribal_government,aq_chief_2571,d_wuli
c_saarbrucken,aq_mediomatrician,aq_mediomatrician,aq_faith_celtic,tribal_government,aq_chief_2572,d_upper_lorraine
c_sabakyul,aq_saka,aq_saka,aq_faith_steppe,nomad_government,aq_chief_2573,d_kurgan
c_sable,aq_andecavian,aq_andecavian,aq_faith_celtic,tribal_government,aq_chief_2574,d_anjou
c_sabzevar,aq_bactrian,aq_arian_early,mazdayasna,tribal_government,aq_chief_2575,d_herat
c_sacz,aq_slavic,aq_vistulan_early,slavic_pagan,tribal_government,aq_chief_2576,d_lesser_poland
c_safata,aq_aramaic,aq_aramaic,aq_faith_mesopotamian,tribal_government,aq_chief_2577,d_kufa
c_sagaing,aq_burman,aq_burman,aq_faith_asian,tribal_government,aq_chief_2578,d_pagan
c_sagami,aq_jomon,aq_jomon,aq_faith_asian,tribal_government,aq_chief_2579,d_west_bando
c_sagar,aq_kadamba_early,aq_kadamba_early,aq_faith_dravidian,tribal_government,aq_chief_2580,d_kalyani
c_sagiz,aq_sarmatian,aq_sarmatian,aq_faith_steppe,nomad_government,aq_chief_2581,d_atyrau
c_sagya,aq_tibetan,aq_tibetan,bon,tribal_government,aq_chief_2582,d_sagya
c_sai,aq_kushite,aq_kushite,kushitism_pagan,tribal_government,aq_chief_2583,d_makuria
c_saimara,persian,aq_median,mazdayasna,tribal_government,aq_chief_2584,d_kermanshah
c_saintonge,aq_santonian,aq_santonian,aq_faith_celtic,tribal_government,aq_chief_2585,d_aquitaine
c_sakala,aq_madra,aq_madra,aq_faith_rigvedic,tribal_government,aq_chief_2586,d_lahore
c_sakarai,aq_matsya,aq_matsya,aq_faith_rigvedic,tribal_government,aq_chief_2587,d_ajmer
c_sakmara,aq_uralic,aq_uralic,finnish_pagan,tribal_government,aq_chief_2588,0
c_salamanca,aq_vaccaean,aq_vaccaean,aq_faith_celtic,tribal_government,aq_chief_2589,d_leon
c_salamat,aq_central_african,aq_central_african,west_african_bori_pagan,tribal_government,aq_chief_2590,d_salamat
c_salavat,aq_uralic,aq_uralic,finnish_pagan,tribal_government,aq_chief_2591,d_bugurslan
c_salerno,aq_samnite,aq_samnite,aq_faith_mefitis,tribal_government,aq_chief_2592,d_salerno
c_salinis,aq_finnic,aq_finnic,finnish_pagan,tribal_government,aq_chief_2593,d_karelia
c_salo_tai,aq_mon_khmer,aq_mon_khmer,aq_faith_asian,tribal_government,aq_chief_2594,0
c_salzburg,aq_noric,aq_noric,aq_faith_celtic,tribal_government,aq_chief_2595,d_salzburg
c_sam_nuea,aq_baiyue,aq_luoyue,aq_faith_asian,tribal_government,aq_chief_2596,d_nghe_an
c_samaiqan,aq_bactrian,aq_parthian_early,mazdayasna,tribal_government,aq_chief_2597,d_nishapur
c_samander,aq_sarmatian,aq_sarmatian,aq_faith_steppe,nomad_government,aq_chief_2598,d_ciscaucasia
c_samar,aq_scythian,aq_scythian,aq_faith_steppe,nomad_government,aq_chief_2599,d_levedia
c_samar_VB,aq_uralic,aq_uralic,finnish_pagan,tribal_government,aq_chief_2600,d_volga_bulgaria
c_samarkand,aq_sogdian,aq_sogdian,mazdayasna,tribal_government,aq_chief_2601,d_soghd
c_samarra,aq_aramaic,aq_aramaic,aq_faith_mesopotamian,tribal_government,aq_chief_2602,k_aq_persia_mesopotamia
c_samatata,aq_vanga,aq_vanga,aq_faith_yaksha_naga,tribal_government,aq_chief_2603,d_vanga
c_sambalpur,aq_atavi,aq_atavi,aq_faith_forest_indian,tribal_government,aq_chief_2604,d_daksina_kosala
c_sambhal,aq_panchala,aq_panchala,aq_faith_shukla_yajurvedic,tribal_government,aq_chief_2605,d_vodamayutja
c_sambhupura,aq_mon_khmer,aq_mon_khmer,aq_faith_asian,tribal_government,aq_chief_2606,d_angkor
c_samiran,aq_sarmatian,aq_sarmatian,aq_faith_steppe,nomad_government,aq_chief_2607,d_ciscaucasia
c_samman,bedouin,bedouin,aq_faith_arabian,tribal_government,aq_chief_2608,d_bahrain
c_samosata,aq_aramaic,aq_aramaic,aq_faith_mesopotamian,tribal_government,aq_chief_2609,d_edessa
c_sanaa,aq_sabaean,aq_sabaean,aq_faith_arabian,tribal_government,aq_saba,0
c_sanasomboon,aq_mon_khmer,aq_mon_khmer,aq_faith_asian,tribal_government,aq_chief_2611,d_phonsavan
c_sancerre,aq_carnutian,aq_carnutian,aq_faith_celtic,tribal_government,aq_chief_2612,d_orleans
c_sanda,aq_forest_african,aq_forest_african,west_african_roog_pagan,tribal_government,aq_chief_2613,d_sapi
c_sandomierska,aq_slavic,aq_vistulan_early,slavic_pagan,tribal_government,aq_chief_2614,d_lesser_poland
c_sandoway,aq_burman,aq_burman,aq_faith_asian,tribal_government,aq_chief_2615,d_arakan
c_sangju,aq_korean,aq_korean,aq_faith_asian,tribal_government,aq_chief_2616,d_gyeongju
c_sangqu,aq_tibetan,aq_tibetan,bon,tribal_government,aq_chief_2617,d_gainlho
c_sanij,persian,persian,mazdayasna,tribal_government,aq_chief_2618,d_makran
c_sankt_gallen,aq_rhaetian,aq_rhaetian,aq_faith_rhaetian,tribal_government,aq_chief_2619,d_currezia
c_sankt_polten,aq_noric,aq_noric,aq_faith_celtic,tribal_government,aq_chief_2620,d_osterreich
c_santiago,aq_gallaecian,aq_gallaecian,aq_faith_celtic,tribal_government,aq_chief_2621,d_galicia
c_sanuki,aq_yayoi,aq_yayoi,aq_faith_asian,tribal_government,aq_chief_2622,d_nankaido
c_saoura,aq_saharan,aq_saharan,aq_faith_libyan,tribal_government,aq_chief_2623,0
c_saptagrama,aq_vanga,aq_vanga,aq_faith_yaksha_naga,tribal_government,aq_chief_2624,d_nadia
c_saqsin,aq_sarmatian,aq_sarmatian,aq_faith_steppe,nomad_government,aq_chief_2625,d_itil
c_sarakhs,aq_bactrian,aq_margian,mazdayasna,tribal_government,aq_chief_2626,d_merv
c_saran,aq_uralic,aq_uralic,finnish_pagan,tribal_government,aq_chief_2627,d_saran
c_sarangpur,aq_avanti,aq_avanti,aq_faith_samavedic,tribal_government,aq_chief_2628,d_akara_dasarna
c_sarasvata_mandala,aq_anarta,aq_anarta,aq_faith_samavedic,tribal_government,aq_chief_2629,d_gurjara_mandala
c_sarasvati,aq_kuru,aq_kuru,aq_faith_krishna_yajurvedic,tribal_government,aq_chief_2630,d_haritanaka
c_saratov,aq_uralic,aq_uralic,finnish_pagan,tribal_government,aq_chief_2631,d_chuvashia
c_sardan,persian,aq_elamite,aq_faith_mesopotamian,tribal_government,aq_chief_2632,d_khuzestan
c_saris,aq_gaulish,aq_gaulish,aq_faith_celtic,tribal_government,aq_chief_2633,d_ungvar
c_sarkel,aq_sarmatian,aq_sarmatian,aq_faith_steppe,nomad_government,aq_chief_2634,d_khazaria
c_sartlan,aq_uralic,aq_uralic,finnish_pagan,tribal_government,aq_chief_2635,d_baraba_steppe
c_sarykamysh,aq_sogdian,aq_dahaean,aq_faith_steppe,nomad_government,aq_chief_2636,d_uzboy
c_sarysyn,aq_scythian,aq_scythian,aq_faith_steppe,nomad_government,aq_chief_2637,d_don_valley
c_sasaram,aq_magadhan,aq_magadhan,aq_faith_shukla_yajurvedic,tribal_government,aq_chief_2638,d_magadha
c_sasyk_kul,aq_saka,aq_saka,aq_faith_steppe,nomad_government,aq_chief_2639,d_semey
c_satakunta,aq_finnic,aq_finnic,finnish_pagan,tribal_government,aq_chief_2640,d_finland
c_satala,aq_colchian,aq_colchian,aq_faith_anatolian,tribal_government,aq_chief_2641,d_chaldia
c_satfura,aq_punic,aq_punic,aq_faith_punic,tribal_government,aq_chief_2642,d_tunis
c_satif,aq_numidian_massylian,aq_numidian_massylian,aq_faith_libyan,tribal_government,aq_chief_2643,d_bejaia
c_satsuma,aq_yayoi,aq_yayoi,aq_faith_asian,tribal_government,aq_chief_2644,d_south_saikaido
c_satyapura,aq_salva,aq_salva,aq_faith_rigvedic,tribal_government,aq_chief_2645,d_stravani
c_saumur,aq_andecavian,aq_andecavian,aq_faith_celtic,tribal_government,aq_chief_2646,d_anjou
c_savalu,aq_forest_african,aq_forest_african,west_african_roog_pagan,tribal_government,aq_chief_2647,0
c_savoie,aq_allobrogian,aq_allobrogian,aq_faith_celtic,tribal_government,aq_chief_2648,d_savoie
c_say,aq_west_african,aq_west_african,west_african_pagan,tribal_government,aq_chief_2649,d_lower_gurma
c_sayanchu,aq_tagar,aq_tagar,aq_faith_steppe,tribal_government,aq_chief_2650,d_western_sayan
c_sayn,aq_treverian,aq_treverian,aq_faith_celtic,tribal_government,aq_chief_2651,d_lower_lorraine
c_scalovia,aq_baltic,aq_baltic,baltic_pagan,tribal_government,aq_chief_2652,d_samogitia
c_schaumberg,aq_noric,aq_noric,aq_faith_celtic,tribal_government,aq_chief_2653,d_salzburg
c_schmalkalden,aq_suebian,aq_hermundurian,aq_faith_germanic,tribal_government,aq_chief_2654,d_thuringia
c_schweibus,aq_slavic,aq_odra_early,slavic_pagan,tribal_government,aq_chief_2655,d_lower_silesia
c_sebasteia,aq_cappadocian,aq_cappadocian,aq_faith_ma,tribal_government,aq_chief_2656,k_aq_persia_pontus
c_sebezh,aq_finnic,aq_finnic,finnish_pagan,tribal_government,aq_chief_2657,d_novgorod
c_sebur,aq_uralic,aq_uralic,finnish_pagan,tribal_government,aq_chief_2658,d_perm
c_selenga,aq_steppe_eastern,aq_steppe_eastern,aq_faith_asian,nomad_government,aq_chief_2659,d_selenga_valley
c_seleucia,aq_cilician,aq_cilician,aq_faith_sandas,tribal_government,aq_chief_2660,d_cilicia
c_selge,aq_pisidian,aq_pisidian,aq_faith_matar,tribal_government,aq_chief_2661,d_anatolia
c_selpils,aq_baltic,aq_baltic,baltic_pagan,tribal_government,aq_chief_2662,d_courland
c_semey,aq_saka,aq_saka,aq_faith_steppe,nomad_government,aq_chief_2663,d_semey
c_semien,aq_ethiopian,aq_ethiopian,aq_faith_african,tribal_government,aq_chief_2664,d_gondar
c_sennar,aq_kushite,aq_kushite,kushitism_pagan,tribal_government,aq_chief_2665,k_aq_kush
c_seno,aq_west_african,aq_west_african,west_african_pagan,tribal_government,aq_chief_2666,d_yatenga
c_sens,aq_remian,aq_remian,aq_faith_celtic,tribal_government,aq_chief_2667,d_champagne
c_seogyeong,aq_korean,aq_korean,aq_faith_asian,tribal_government,aq_chief_2668,0
c_seongju,aq_korean,aq_korean,aq_faith_asian,tribal_government,aq_chief_2669,d_bukgye
c_serae,aq_ethiopian,aq_ethiopian,aq_faith_african,tribal_government,aq_chief_2670,d_aksum
c_serdosk,aq_uralic,aq_uralic,finnish_pagan,tribal_government,aq_chief_2671,d_saran
c_serres,aq_thracian,aq_thracian,aq_faith_balkan,tribal_government,aq_chief_2672,d_strymon
c_sertar,aq_tibetan,aq_tibetan,bon,tribal_government,aq_chief_2673,d_chakla
c_settsu,aq_yayoi,aq_yayoi,aq_faith_asian,tribal_government,aq_chief_2674,d_kinai
c_sevede,aq_gautish,aq_gautish,aq_faith_germanic,tribal_government,aq_chief_2675,d_smaland
c_severin,aq_getian,aq_getian,aq_faith_zalmonian,tribal_government,aq_chief_2676,d_oltenia
c_sevilla,aq_turdetanian,aq_turdetanian,aq_faith_iberian,tribal_government,aq_chief_2677,d_sevilla
c_sevsk,aq_slavic,aq_dnieper_upper,slavic_pagan,tribal_government,aq_chief_2678,d_karachev
c_sewa,aq_tibetan,aq_tibetan,bon,tribal_government,aq_chief_2679,d_conyi
c_sfax,aq_punic,aq_punic,aq_faith_punic,tribal_government,aq_chief_2680,d_gabes
c_shabe,aq_forest_african,aq_forest_african,west_african_roog_pagan,tribal_government,aq_chief_2681,d_savalu
c_shahrazur,aq_aramaic,aq_aramaic,aq_faith_mesopotamian,tribal_government,aq_chief_2682,d_kurdistan
c_shahre-babak,persian,persian,mazdayasna,tribal_government,aq_chief_2683,d_yazd
c_shaki,persian,aq_cadusian,mazdayasna,tribal_government,aq_chief_2684,d_shirvan
c_shamir,aq_kushite,aq_kushite,kushitism_pagan,tribal_government,aq_chief_2685,k_aq_kush
c_shanchan,aq_baiyue,aq_dian,aq_faith_asian,tribal_government,aq_chief_2686,d_tuodong
c_shangxi,aq_sinitic,aq_sinitic,aq_faith_chinese,tribal_government,aq_chief_2687,d_wuxi
c_shangzhou,aq_sinitic,aq_qin,aq_faith_chinese,tribal_government,aq_chief_2688,d_jinshang
c_shanzhou,aq_sinitic,aq_song,aq_faith_chinese,tribal_government,aq_chief_2689,d_aq_wei_biansong
c_shanzhou_2,aq_sinitic,aq_jin_han,aq_faith_chinese,tribal_government,aq_chief_2690,k_aq_han
c_shaoqing,aq_baiyue,aq_yelang,aq_faith_asian,tribal_government,aq_chief_2691,0
c_shaowu,aq_baiyue,aq_minyue,aq_faith_asian,tribal_government,aq_chief_2692,d_jianning
c_shaozhou,aq_sinitic,aq_chu,aq_faith_chinese,tribal_government,aq_chief_2693,d_lingling
c_shaozhou_1,aq_baiyue,aq_nanyue_early,aq_faith_asian,tribal_government,aq_chief_2694,d_huixun
c_shaqiq,bedouin,bedouin,aq_faith_arabian,tribal_government,aq_chief_2695,d_najd
c_sharaf,bedouin,bedouin,aq_faith_arabian,tribal_government,aq_chief_2696,d_najd
c_sharga,aq_steppe_eastern,aq_steppe_eastern,aq_faith_asian,nomad_government,aq_chief_2697,0
c_sharka,aq_ethiopian,aq_ethiopian,aq_faith_african,tribal_government,aq_chief_2698,d_sharka
c_sharkiya,egyptian,egyptian,aq_faith_kemetic,tribal_government,aq_chief_2699,d_delta
c_shavgar,aq_saka,aq_haumavarga,aq_faith_steppe,tribal_government,aq_chief_2700,d_chah
c_shayzar,aq_aramaic,aq_aramaic,aq_faith_mesopotamian,tribal_government,aq_chief_2701,d_homs
c_shazhou,aq_sinitic,aq_yuezhi_early,aq_faith_steppe,nomad_government,aq_chief_2702,d_guasha
c_shchuchinsk,aq_saka,aq_saka,aq_faith_steppe,nomad_government,aq_chief_2703,d_kazakh
c_shelji,aq_saka,aq_tigraxauda,aq_faith_steppe,nomad_government,aq_chief_2704,d_muyunkum
c_shengzhou,aq_sinitic,aq_zhou,aq_faith_chinese,tribal_government,aq_chief_2705,d_xinan
c_shenkursk,aq_finnic,aq_finnic,finnish_pagan,tribal_government,aq_chief_2706,d_ustyug
c_shenzhou,aq_sinitic,aq_jin_han,aq_faith_chinese,tribal_government,aq_chief_2707,d_chenxu
c_shenzhou_1,aq_sinitic,aq_zhao,aq_faith_chinese,tribal_government,aq_chief_2708,d_chengde
c_sherbro,aq_forest_african,aq_forest_african,west_african_roog_pagan,tribal_government,aq_chief_2709,d_kono
c_shetland,aq_germanic,aq_germanic,aq_faith_germanic,tribal_government,aq_chief_2710,d_northern_isles
c_shezhou,aq_sinitic,aq_wu_early,aq_faith_chinese,tribal_government,aq_chief_2711,d_xuanshe
c_shicheng,aq_baiyue,aq_dian,aq_faith_asian,tribal_government,aq_chief_2712,d_tuodong
c_shigar,aq_tibetan,aq_tibetan,bon,tribal_government,aq_chief_2713,d_baltiyul
c_shimosa,aq_jomon,aq_jomon,aq_faith_asian,tribal_government,aq_chief_2714,d_east_bando
c_shimotsuke,aq_jomon,aq_jomon,aq_faith_asian,tribal_government,aq_chief_2715,d_east_bando
c_shinano,aq_jomon,aq_jomon,aq_faith_asian,tribal_government,aq_chief_2716,d_tosando
c_shiraz,persian,persian,mazdayasna,tribal_government,aq_chief_2717,d_fars
c_shirvan,persian,aq_cadusian,mazdayasna,tribal_government,aq_chief_2718,k_aq_persia_daylam
c_shishina,aq_steppe_eastern,aq_steppe_eastern,aq_faith_asian,nomad_government,aq_chief_2719,d_yenisei_kan
c_shityy,aq_tagar,aq_tagar,aq_faith_steppe,tribal_government,aq_chief_2720,d_eastern_sayan
c_shizhou,aq_sinitic,aq_zhao,aq_faith_chinese,tribal_government,aq_chief_2721,d_hedong
c_shizhou_1,aq_sinitic,aq_yelang,aq_faith_asian,tribal_government,aq_chief_2722,d_qianzhong
c_shor,aq_tagar,aq_tagar,aq_faith_steppe,tribal_government,aq_chief_2723,d_shoria
c_shorkot,aq_madra,aq_madra,aq_faith_rigvedic,tribal_government,aq_chief_2724,d_lahore
c_shouchang,aq_sinitic,aq_yuezhi_early,aq_faith_steppe,nomad_government,aq_chief_2725,d_guasha
c_shouzhou,aq_sinitic,aq_chu,aq_faith_chinese,tribal_government,aq_chief_2726,k_aq_chu
c_showa,aq_ethiopian,aq_ethiopian,aq_faith_african,tribal_government,aq_chief_2727,d_showa
c_showak,aq_cushitic,aq_cushitic,aq_faith_african,tribal_government,aq_chief_2728,d_baqlin
c_shropshire,aq_cornovian,aq_cornovian,aq_faith_celtic,tribal_government,aq_chief_2729,d_hereford
c_shuangzhou,aq_baiyue,aq_nanyue_early,aq_faith_asian,tribal_government,aq_chief_2730,d_lingnan
c_shughnan,aq_sogdian,aq_sogdian,mazdayasna,tribal_government,aq_chief_2731,d_badakhshan
c_shukunzhou,aq_baiyue,aq_nanyue_early,aq_faith_asian,tribal_government,aq_chief_2732,d_yongguan
c_shunzhou,aq_baiyue,aq_yelang,aq_faith_asian,tribal_government,aq_chief_2733,d_luoshi
c_shuozhou,aq_sinitic,aq_yan,aq_faith_chinese,tribal_government,aq_chief_2734,d_yunshuo
c_shuzhou,aq_sinitic,aq_chu,aq_faith_chinese,tribal_government,aq_chief_2735,d_huaixi
c_siauliai,aq_baltic,aq_baltic,baltic_pagan,tribal_government,aq_chief_2736,d_samogitia
c_sibi,aq_saindhava,aq_saindhava,aq_faith_atharvavedic,tribal_government,aq_chief_2737,d_bhakkar
c_sibi_mali,aq_west_african,aq_west_african,west_african_pagan,tribal_government,aq_chief_2738,d_manding
c_sibir,aq_uralic,aq_uralic,finnish_pagan,tribal_government,aq_chief_2739,d_sibir
c_sidamo,aq_cushitic,aq_cushitic,aq_faith_african,tribal_government,aq_chief_2740,d_bali
c_sie,aq_baiyue,aq_yelang,aq_faith_asian,tribal_government,aq_chief_2741,d_luoshi
c_siena,aq_etruscan,aq_etruscan,aq_faith_etruscan,tribal_government,aq_chief_2742,d_toscana
c_sieradzka,aq_slavic,aq_pomeranian_early,slavic_pagan,tribal_government,aq_chief_2743,d_kuyavia
c_sif-i-umara,persian,persian,mazdayasna,tribal_government,aq_chief_2744,d_hormuz
c_siggevara,aq_sami,aq_sami,finnish_pagan,tribal_government,aq_chief_2745,d_duortnoseatnu
c_sighnaq,aq_saka,aq_massagetan,aq_faith_steppe,nomad_government,aq_chief_2746,d_syr_darya
c_sijilmasa,aq_maurian,aq_maurian,aq_faith_libyan,tribal_government,aq_chief_2747,0
c_sikasso,aq_west_african,aq_west_african,west_african_pagan,tribal_government,aq_chief_2748,d_bobo
c_silla,aq_west_african,aq_west_african,west_african_pagan,tribal_government,aq_chief_2749,d_silla
c_silves,aq_celtician,aq_celtician,aq_faith_celtic,tribal_government,aq_chief_2750,d_algarve
c_simaramapura,aq_videha,aq_videha,aq_faith_nirgrantha,tribal_government,aq_chief_2751,d_tirabhukti
c_simenas,aq_ainu,aq_ainu,aq_faith_asian,tribal_government,aq_chief_2752,d_menas
c_simhapura,aq_mon_khmer,aq_mon_khmer,aq_faith_asian,tribal_government,aq_chief_2753,d_indrapura
c_sinai,egyptian,egyptian,aq_faith_kemetic,tribal_government,aq_chief_2754,d_sinai
c_sinjar,aq_aramaic,aq_aramaic,aq_faith_mesopotamian,tribal_government,aq_chief_2755,d_diyarrabia
c_sinope,aq_cappadocian,aq_cappadocian,aq_faith_ma,tribal_government,aq_chief_2756,d_armeniac
c_sir_faesyfed,aq_ordovician,aq_ordovician,aq_faith_celtic,tribal_government,aq_chief_2757,d_powys
c_siracusa,aq_hellenic,aq_hellenic,hellenic_pagan,tribal_government,aq_syracuse,0
c_siraya,aq_austronesian,aq_austronesian,aq_faith_asian,tribal_government,aq_chief_2759,d_liuqiu
c_sirhan,bedouin,bedouin,aq_faith_arabian,tribal_government,aq_chief_2760,d_jawf
c_sirjan,persian,persian,mazdayasna,tribal_government,aq_chief_2761,d_kirman
c_sittaung,aq_burman,aq_burman,aq_faith_asian,tribal_government,aq_chief_2762,d_ramannadesa
c_sitti,aq_cushitic,aq_cushitic,aq_faith_african,tribal_government,aq_chief_2763,d_mora
c_siun,aq_uralic,aq_uralic,finnish_pagan,tribal_government,aq_chief_2764,d_jalmat
c_siwa,egyptian,egyptian,aq_faith_kemetic,tribal_government,aq_chief_2765,d_alexandria
c_siwistan,aq_saindhava,aq_saindhava,aq_faith_atharvavedic,tribal_government,aq_chief_2766,d_sauvira
c_siyuan,aq_baiyue,aq_baiyue,aq_faith_asian,tribal_government,aq_chief_2767,d_xiyuan
c_sizhou,aq_sinitic,aq_yelang,aq_faith_asian,tribal_government,aq_chief_2768,d_qianzhong
c_sizhou_2,aq_sinitic,aq_song,aq_faith_chinese,tribal_government,aq_chief_2769,d_xusi
c_sjaelland,aq_harudian,aq_harudian,aq_faith_germanic,tribal_government,aq_chief_2770,d_sjaelland
c_sjeltie,aq_sami,aq_sami,finnish_pagan,tribal_government,aq_chief_2771,d_aarjetje
c_skane,aq_harudian,aq_harudian,aq_faith_germanic,tribal_government,aq_chief_2772,d_skane
c_skara,aq_gautish,aq_gautish,aq_faith_germanic,tribal_government,aq_chief_2773,d_vastergotland
c_skardu,aq_tibetan,aq_tibetan,bon,tribal_government,aq_chief_2774,d_baltiyul
c_skolt,aq_sami,aq_sami,finnish_pagan,tribal_government,aq_chief_2775,d_giemajohka
c_skopje,aq_paeonian,aq_paeonian,aq_faith_balkan,tribal_government,aq_paeonia,0
c_slesvig,aq_teutonian,aq_teutonian,aq_faith_germanic,tribal_government,aq_chief_2777,d_slesvig
c_slupsk,aq_gutnian,aq_gutnian,aq_faith_germanic,tribal_government,aq_chief_2778,d_pomerelia
c_slutsk,aq_slavic,aq_pripyatian,slavic_pagan,tribal_government,aq_chief_2779,d_pinsk
c_smolensk,aq_slavic,aq_dnieper_upper,slavic_pagan,tribal_government,aq_chief_2780,d_smolensk
c_sobrarbe,aq_edetanian,aq_edetanian,aq_faith_iberian,tribal_government,aq_chief_2781,d_aragon
c_sochur,aq_uralic,aq_uralic,finnish_pagan,tribal_government,aq_chief_2782,d_ala_tau
c_socotra,aq_sabaean,aq_sabaean,aq_faith_arabian,tribal_government,aq_chief_2783,0
c_sodermannaland,aq_suionian,aq_suionian,aq_faith_germanic,tribal_government,aq_chief_2784,d_svealand
c_sog,aq_tibetan,aq_tibetan,bon,tribal_government,aq_chief_2785,d_qamdo
c_sogn,aq_rugian,aq_rugian,aq_faith_germanic,tribal_government,aq_chief_2786,d_vestlandi
c_sokode,aq_forest_african,aq_forest_african,west_african_roog_pagan,tribal_government,aq_chief_2787,d_savalu
c_sokoto,aq_central_african,aq_central_african,west_african_bori_pagan,tribal_government,aq_chief_2788,d_kebbi
c_soldin,aq_suebian,aq_varinian,aq_faith_germanic,tribal_government,aq_chief_2789,d_pommerania
c_soli,aq_delmatian,aq_delmatian,aq_faith_balkan,tribal_government,aq_chief_2790,0
c_solimana,aq_west_african,aq_west_african,west_african_pagan,tribal_government,aq_chief_2791,d_loma
c_sombio,aq_sami,aq_sami,finnish_pagan,tribal_government,aq_chief_2792,d_giemajohka
c_somerset,aq_dumnonian,aq_dumnonian,aq_faith_celtic,tribal_government,aq_chief_2793,d_somerset
c_somnath,aq_saurashtra,aq_saurashtra,aq_faith_samavedic,tribal_government,aq_chief_2794,d_saurashtra
c_somogy,aq_scordiscian,aq_scordiscian,aq_faith_celtic,tribal_government,aq_chief_2795,d_somogy
c_sonda,aq_saindhava,aq_saindhava,aq_faith_atharvavedic,tribal_government,aq_chief_2796,d_sauvira
c_songuu_aallar,aq_tagar,aq_tagar,aq_faith_steppe,tribal_government,aq_chief_2797,d_kargassia
c_songzhou,aq_sinitic,aq_song,aq_faith_chinese,tribal_government,aq_song,0
c_sopron,aq_gaulish,aq_gaulish,aq_faith_celtic,tribal_government,aq_chief_2799,d_gyor
c_soria,aq_celtiberian_arevaci,aq_celtiberian_arevaci,aq_faith_celtic,tribal_government,aq_chief_2800,d_castilla
c_soroca,aq_getian,aq_getian,aq_faith_zalmonian,tribal_government,aq_chief_2801,d_moldova
c_sorok,aq_uralic,aq_uralic,finnish_pagan,tribal_government,aq_chief_2802,d_salair
c_sortavala,aq_finnic,aq_finnic,finnish_pagan,tribal_government,aq_chief_2803,d_karelia
c_soso,aq_west_african,aq_west_african,west_african_pagan,tribal_government,aq_chief_2804,d_kaniaga
c_sosva,aq_uralic,aq_uralic,finnish_pagan,tribal_government,aq_chief_2805,d_kazym
c_souf,aq_gaetulian,aq_gaetulian,aq_faith_libyan,tribal_government,aq_chief_2806,d_jerid
c_sous,aq_maurian,aq_maurian,aq_faith_libyan,tribal_government,aq_chief_2807,d_sous
c_south_kordofan,aq_central_african,aq_central_african,west_african_bori_pagan,tribal_government,aq_chief_2808,d_kordofan
c_soya,aq_ainu,aq_ainu,aq_faith_asian,tribal_government,aq_chief_2809,d_menas
c_speyer,aq_suebian,aq_marcomannic_early,aq_faith_germanic,tribal_government,aq_chief_2810,d_west_franconia
c_spis,aq_gaulish,aq_gaulish,aq_faith_celtic,tribal_government,aq_chief_2811,d_ungvar
c_spoleto,aq_umbrian,aq_umbrian,aq_faith_iguvine,tribal_government,aq_chief_2812,d_spoleto
c_spreewald,aq_slavic,aq_odra_early,slavic_pagan,tribal_government,aq_chief_2813,d_lausitz
c_sprottau,aq_slavic,aq_odra_early,slavic_pagan,tribal_government,aq_chief_2814,d_lower_silesia
c_sran,aq_austronesian,aq_austronesian,aq_faith_asian,tribal_government,aq_chief_2815,d_papua
c_sravasti,aq_kosalan,aq_kosalan,aq_faith_buddha,tribal_government,aq_chief_2816,d_saryupara
c_sredets,aq_triballian,aq_triballian,aq_faith_balkan,tribal_government,aq_chief_2817,d_turnovo
c_srihatta,aq_pragjyotisha,aq_pragjyotisha,aq_faith_yaksha_naga,tribal_government,aq_chief_2818,d_para_lauhitya
c_sriksetra,aq_burman,aq_burman,aq_faith_asian,tribal_government,aq_chief_2819,d_sriksetra
c_sripatha,aq_surasena,aq_surasena,aq_faith_samavedic,tribal_government,aq_chief_2820,d_mathura
c_sripuri,aq_atavi,aq_atavi,aq_faith_forest_indian,tribal_government,aq_chief_2821,d_daksina_kosala
c_srirangapatna,aq_kadamba_early,aq_kadamba_early,aq_faith_dravidian,tribal_government,aq_chief_2822,d_gangavadi
c_stade,aq_teutonian,aq_teutonian,aq_faith_germanic,tribal_government,aq_chief_2823,d_holstein
c_staffordshire,aq_cornovian,aq_cornovian,aq_faith_celtic,tribal_government,aq_chief_2824,d_hereford
c_starodub,aq_slavic,aq_desnian,slavic_pagan,tribal_government,aq_chief_2825,d_chernigov
c_stendal,aq_cheruscan,aq_langobardic_early,aq_faith_germanic,tribal_government,aq_chief_2826,d_ostfalen
c_stettin,aq_suebian,aq_varinian,aq_faith_germanic,tribal_government,aq_chief_2827,d_pommerania
c_stezycka,aq_slavic,aq_vistulan_early,slavic_pagan,tribal_government,aq_chief_2828,d_lesser_poland
c_sthanisvara,aq_kuru,aq_kuru,aq_faith_krishna_yajurvedic,tribal_government,aq_chief_2829,d_kuru
c_stoenesti,aq_getian,aq_getian,aq_faith_zalmonian,tribal_government,aq_chief_2830,d_moldova
c_stoyanka,aq_tagar,aq_tagar,aq_faith_steppe,tribal_government,aq_chief_2831,d_western_sayan
c_strassburg,aq_sequanian,aq_sequanian,aq_faith_celtic,tribal_government,aq_chief_2832,d_alsace
c_strathearn,aq_caledonian,aq_caledonian,aq_faith_celtic,tribal_government,aq_chief_2833,d_albany
c_strumica,aq_bessian,aq_bessian,aq_faith_balkan,tribal_government,aq_chief_2834,d_bulgaria
c_stung_treng,aq_mon_khmer,aq_mon_khmer,aq_faith_asian,tribal_government,aq_chief_2835,d_ratanakiri
c_suakin,aq_cushitic,aq_cushitic,aq_faith_african,tribal_government,aq_chief_2836,d_bazin
c_subay,bedouin,bedouin,aq_faith_arabian,tribal_government,aq_chief_2837,d_najd
c_suceava,aq_getian,aq_getian,aq_faith_zalmonian,tribal_government,aq_chief_2838,d_bukovina
c_sudurland,aq_germanic,aq_germanic,aq_faith_germanic,tribal_government,aq_chief_2839,d_iceland
c_suenik,aq_armenian,aq_armenian,aq_faith_anatolian,tribal_government,aq_chief_2840,d_greater_armenia
c_suffolk,aq_iceni,aq_iceni,aq_faith_celtic,tribal_government,aq_chief_2841,d_norfolk
c_suining,aq_sinitic,aq_ba,aq_faith_chinese,tribal_government,aq_chief_2842,d_wuxin
c_suizhou,aq_sinitic,aq_qiang_early,aq_faith_himalayan,tribal_government,aq_chief_2843,d_xiasui
c_suizhou_1,aq_sinitic,aq_chu,aq_faith_chinese,tribal_government,aq_chief_2844,d_xiangdeng
c_sukhna,aq_aramaic,aq_aramaic,aq_faith_mesopotamian,tribal_government,aq_chief_2845,d_palmyra
c_sukhothai,aq_tai,aq_tai,aq_faith_asian,tribal_government,aq_chief_2846,d_sukhothai
c_sullum,egyptian,egyptian,aq_faith_kemetic,tribal_government,aq_chief_2847,d_alexandria
c_sum,aq_ainu,aq_ainu,aq_faith_asian,tribal_government,aq_chief_2848,d_sum
c_sumadija,aq_dardanian,aq_dardanian,aq_faith_balkan,tribal_government,aq_chief_2849,d_rashka
c_sumdo,aq_tibetan,aq_tibetan,bon,tribal_government,aq_chief_2850,d_aksai_chin
c_sundgau,aq_sequanian,aq_sequanian,aq_faith_celtic,tribal_government,aq_chief_2851,d_alsace
c_sungqu,aq_tibetan,aq_tibetan,bon,tribal_government,aq_chief_2852,d_gyalrong
c_suo,aq_yayoi,aq_yayoi,aq_faith_asian,tribal_government,aq_chief_2853,d_west_sanyodo
c_suondavara,aq_sami,aq_sami,finnish_pagan,tribal_government,aq_chief_2854,d_duortnoseatnu
c_suriya,aq_aramaic,aq_aramaic,aq_faith_mesopotamian,tribal_government,aq_chief_2855,d_aleppo
c_surparaka,aq_alupa,aq_alupa,aq_faith_dravidian,tribal_government,aq_chief_2856,d_konkana
c_surrah,bedouin,bedouin,aq_faith_arabian,tribal_government,aq_chief_2857,d_najd
c_surrey,aq_cantiacian,aq_cantiacian,aq_faith_celtic,tribal_government,aq_chief_2858,d_canterbury
c_suruga,aq_jomon,aq_jomon,aq_faith_asian,tribal_government,aq_chief_2859,d_tokaido
c_sussex,aq_cantiacian,aq_cantiacian,aq_faith_celtic,tribal_government,aq_chief_2860,d_canterbury
c_sutherland,aq_caledonian,aq_caledonian,aq_faith_celtic,tribal_government,aq_chief_2861,d_moray
c_sutkend,aq_saka,aq_haumavarga,aq_faith_steppe,tribal_government,aq_chief_2862,d_chah
c_suvarnagram,aq_pundra,aq_pundra,aq_faith_yaksha_naga,tribal_government,aq_chief_2863,d_varendra
c_suvarnapura,aq_atavi,aq_atavi,aq_faith_forest_indian,tribal_government,aq_chief_2864,d_daksina_kosala
c_suyab,aq_saka,aq_tigraxauda,aq_faith_steppe,nomad_government,aq_chief_2865,d_talas_alatau
c_suzdal,aq_slavic,aq_slavic,slavic_pagan,tribal_government,aq_chief_2866,d_opolye
c_suzhou,aq_sinitic,aq_song,aq_faith_chinese,tribal_government,aq_chief_2867,d_xusi
c_suzhou_2,aq_sinitic,aq_wu_early,aq_faith_chinese,tribal_government,aq_chief_2868,d_jiangdong
c_svaneti,aq_colchian,aq_colchian,aq_faith_anatolian,tribal_government,aq_chief_2869,d_abkhazia
c_swetaka_mandala,aq_kalinga,aq_kalinga,aq_faith_nirgrantha,tribal_government,aq_chief_2870,d_kalinga
c_syrrusafa,aq_aramaic,aq_aramaic,aq_faith_mesopotamian,tribal_government,aq_chief_2871,d_aleppo
c_syrte,aq_nasamonian,aq_nasamonian,aq_faith_libyan,tribal_government,aq_chief_2872,k_aq_carthage
c_sysma,aq_finnic,aq_finnic,finnish_pagan,tribal_government,aq_chief_2873,d_savo
c_szabolcs,aq_dacian,aq_dacian,aq_faith_zalmonian,tribal_government,aq_chief_2874,d_bihar
c_szatmar,aq_dacian,aq_dacian,aq_faith_zalmonian,tribal_government,aq_chief_2875,d_bihar
c_szekelyfold,aq_dacian,aq_dacian,aq_faith_zalmonian,tribal_government,aq_chief_2876,d_transylvania
c_szekesfehervar,aq_gaulish,aq_gaulish,aq_faith_celtic,tribal_government,aq_chief_2877,d_visegrad
c_szerem,aq_pannonian,aq_pannonian,aq_faith_balkan,tribal_government,aq_chief_2878,0
c_tabary,aq_uralic,aq_uralic,finnish_pagan,tribal_government,aq_chief_2879,d_ostyaki
c_tabassa,aq_punic,aq_punic,aq_faith_punic,tribal_government,aq_chief_2880,d_kairouan
c_tabla_butii,aq_dacian,aq_dacian,aq_faith_zalmonian,tribal_government,aq_chief_2881,d_transylvanian_alps
c_tabon,aq_west_african,aq_west_african,west_african_pagan,tribal_government,aq_chief_2882,d_manding
c_tabriz,persian,aq_median,mazdayasna,tribal_government,aq_chief_2883,k_aq_persia_daylam
c_tabuk,bedouin,bedouin,aq_faith_arabian,tribal_government,aq_chief_2884,d_shammar
c_tadjoura,aq_cushitic,aq_cushitic,aq_faith_african,tribal_government,aq_chief_2885,d_zaila
c_tadla,aq_maurian,aq_maurian,aq_faith_libyan,tribal_government,aq_chief_2886,d_marrakesh
c_tadmekka,aq_saharan,aq_saharan,aq_faith_libyan,tribal_government,aq_chief_2887,0
c_taeju,aq_korean,aq_korean,aq_faith_asian,tribal_government,aq_chief_2888,d_yukju
c_tagadur,aq_chola,aq_chola,aq_faith_murukan,tribal_government,aq_chief_2889,d_chola_nadu
c_tagali,aq_kushite,aq_kushite,kushitism_pagan,tribal_government,aq_chief_2890,d_sennar
c_tagant,aq_west_african,aq_west_african,west_african_pagan,tribal_government,aq_chief_2891,d_tagant
c_taghaza,aq_saharan,aq_saharan,aq_faith_libyan,tribal_government,aq_chief_2892,d_taghaza
c_tagul,aq_steppe_eastern,aq_steppe_eastern,aq_faith_asian,nomad_government,aq_chief_2893,d_yenisei_kan
c_tahert,aq_numidian_masaesylian,aq_numidian_masaesylian,aq_faith_libyan,tribal_government,aq_chief_2894,d_tahert
c_tahoua,aq_central_african,aq_central_african,west_african_bori_pagan,tribal_government,aq_chief_2895,d_gobir
c_taif,bedouin,bedouin,aq_faith_arabian,tribal_government,aq_chief_2896,d_mecca
c_taiyuan,aq_sinitic,aq_zhao,aq_faith_chinese,tribal_government,aq_chief_2897,k_aq_wei
c_taizhou,aq_sinitic,aq_yue,aq_faith_chinese,tribal_government,aq_chief_2898,d_zhedong
c_taizhou_1,aq_sinitic,aq_chu,aq_faith_chinese,tribal_government,aq_chief_2899,d_huainan
c_taizz,aq_sabaean,aq_sabaean,aq_faith_arabian,tribal_government,aq_chief_2900,k_aq_saba
c_tajima,aq_yayoi,aq_yayoi,aq_faith_asian,tribal_government,aq_chief_2901,d_east_sanindo
c_takkeda,aq_saharan,aq_saharan,aq_faith_libyan,tribal_government,aq_chief_2902,d_air
c_takon,aq_burman,aq_burman,aq_faith_asian,tribal_government,aq_chief_2903,d_tagaung
c_takrit,aq_aramaic,aq_aramaic,aq_faith_mesopotamian,tribal_government,aq_chief_2904,d_samarra
c_takrur,aq_west_african,aq_west_african,west_african_pagan,tribal_government,aq_chief_2905,d_takrur
c_talakad,aq_kadamba_early,aq_kadamba_early,aq_faith_dravidian,tribal_government,aq_chief_2906,d_gangavadi
c_talava,aq_baltic,aq_baltic,baltic_pagan,tribal_government,aq_chief_2907,d_latgalians
c_talish,persian,aq_median,mazdayasna,tribal_government,aq_chief_2908,d_azerbaijan
c_tall_basma,aq_aramaic,aq_aramaic,aq_faith_mesopotamian,tribal_government,aq_chief_2909,d_diyarbakr
c_tall_hamid,aq_cilician,aq_cilician,aq_faith_sandas,tribal_government,aq_chief_2910,d_cilicia
c_tamasna,aq_maurian,aq_maurian,aq_faith_libyan,tribal_government,aq_chief_2911,d_marrakesh
c_tambov,aq_uralic,aq_uralic,finnish_pagan,tribal_government,aq_chief_2912,d_tambov
c_tamentit,aq_saharan,aq_saharan,aq_faith_libyan,tribal_government,aq_chief_2913,0
c_tamiso,aq_forest_african,aq_forest_african,west_african_roog_pagan,tribal_government,aq_chief_2914,d_sapi
c_tamna,aq_korean,aq_korean,aq_faith_asian,tribal_government,aq_chief_2915,0
c_tamralipti,aq_suhma,aq_suhma,aq_faith_yaksha_naga,tribal_government,aq_chief_2916,d_suhma
c_tana,aq_scythian,aq_scythian,aq_faith_steppe,nomad_government,aq_chief_2917,d_tana
c_tanas,aq_numidian_masaesylian,aq_numidian_masaesylian,aq_faith_libyan,tribal_government,aq_chief_2918,d_alger
c_tanba,aq_yayoi,aq_yayoi,aq_faith_asian,tribal_government,aq_chief_2919,d_east_sanindo
c_tanga,aq_bantu,aq_bantu,aq_faith_african,tribal_government,aq_chief_2920,d_zanzibar
c_tangiers,aq_maurian,aq_maurian,aq_faith_libyan,tribal_government,aq_chief_2921,d_rif
c_tango,aq_yayoi,aq_yayoi,aq_faith_asian,tribal_government,aq_chief_2922,d_east_sanindo
c_tangzhou,aq_sinitic,aq_chu,aq_faith_chinese,tribal_government,aq_chief_2923,d_xiangdeng
c_tanyang,aq_sinitic,aq_sinitic,aq_faith_chinese,tribal_government,aq_chief_2924,d_wuxi
c_tanzhou,aq_sinitic,aq_chu,aq_faith_chinese,tribal_government,aq_chief_2925,k_aq_chu
c_tanzhou_2,aq_sinitic,aq_yan,aq_faith_chinese,tribal_government,aq_chief_2926,d_youzhou
c_tao,aq_kartvelian,aq_kartvelian,aq_faith_anatolian,tribal_government,aq_chief_2927,d_tao-klarjeti
c_tapsa,aq_tagar,aq_tagar,aq_faith_steppe,tribal_government,aq_chief_2928,d_togina
c_tara,aq_uralic,aq_uralic,finnish_pagan,tribal_government,aq_chief_2929,d_tara
c_taradavadi,aq_kadamba_early,aq_kadamba_early,aq_faith_dravidian,tribal_government,aq_chief_2930,d_rattapadi
c_tarayka,aq_ainu,aq_ainu,aq_faith_asian,tribal_government,aq_chief_2931,d_sahaliyan
c_taraz,aq_saka,aq_tigraxauda,aq_faith_steppe,nomad_government,aq_chief_2932,d_talas_alatau
c_targu_jiu,aq_getian,aq_getian,aq_faith_zalmonian,tribal_government,aq_chief_2933,d_oltenia
c_targyl,aq_saka,aq_issedonian,aq_faith_steppe,nomad_government,aq_chief_2934,d_betpa
c_tarnowska,aq_slavic,aq_vistulan_early,slavic_pagan,tribal_government,aq_chief_2935,d_lesser_poland
c_tarragona,aq_ilercavonian,aq_ilercavonian,aq_faith_iberian,tribal_government,aq_chief_2936,d_barcelona
c_tarsos,aq_bithynian,aq_bithynian,aq_faith_balkan,tribal_government,aq_chief_2937,d_optimatoi
c_tartas_SIB,aq_uralic,aq_uralic,finnish_pagan,tribal_government,aq_chief_2938,d_vasyugan_mire
c_tarvagatai,aq_steppe_eastern,aq_steppe_eastern,aq_faith_asian,nomad_government,aq_chief_2939,d_arkhangai
c_taskyl,aq_uralic,aq_uralic,finnish_pagan,tribal_government,aq_chief_2940,d_ala_tau
c_tavan_bogd,aq_uralic,aq_uralic,finnish_pagan,tribal_government,aq_chief_2941,0
c_tavasts,aq_finnic,aq_finnic,finnish_pagan,tribal_government,aq_chief_2942,d_finland
c_taveta,aq_bantu,aq_bantu,aq_faith_african,tribal_government,aq_chief_2943,d_bonde_la_ufa
c_tawang,aq_tibetan,aq_tibetan,bon,tribal_government,aq_chief_2944,d_monyul
c_tayma,bedouin,bedouin,aq_faith_arabian,tribal_government,aq_chief_2945,d_shammar
c_taza,aq_maurian,aq_maurian,aq_faith_libyan,tribal_government,aq_chief_2946,d_fes
c_tbilisi,aq_kartvelian,aq_kartvelian,aq_faith_anatolian,tribal_government,aq_chief_2947,d_georgia
c_tecklenburg,aq_cheruscan,aq_cheruscan,aq_faith_germanic,tribal_government,aq_chief_2948,d_westfalen
c_tekar,aq_saka,aq_saka,aq_faith_steppe,nomad_government,aq_chief_2949,d_jinghiz
c_teke,aq_saka,aq_saka,aq_faith_steppe,nomad_government,aq_chief_2950,d_kazakh
c_telemark,aq_rugian,aq_rugian,aq_faith_germanic,tribal_government,aq_chief_2951,d_viken
c_telmen,aq_steppe_eastern,aq_steppe_eastern,aq_faith_asian,nomad_government,aq_chief_2952,d_arkhangai
c_temes,aq_scordiscian,aq_scordiscian,aq_faith_celtic,tribal_government,aq_chief_2953,d_temes
c_temne,aq_forest_african,aq_forest_african,west_african_roog_pagan,tribal_government,aq_chief_2954,d_sapi
c_tengerge,aq_saka,aq_pazyryk,aq_faith_steppe,nomad_government,aq_chief_2955,d_altay
c_tengger,aq_sinitic,aq_yuezhi_early,aq_faith_steppe,nomad_government,aq_chief_2956,d_xiutu
c_tengiz,aq_saka,aq_saka,aq_faith_steppe,nomad_government,aq_chief_2957,d_jemba
c_tengzhou,aq_baiyue,aq_nanyue_early,aq_faith_asian,tribal_government,aq_chief_2958,d_rongguan
c_teniz,aq_saka,aq_issedonian,aq_faith_steppe,nomad_government,aq_chief_2959,d_saryarka
c_ter,aq_sami,aq_sami,finnish_pagan,tribal_government,aq_chief_2960,d_guoldat
c_teramo,aq_marsian,aq_marsian,aq_faith_italic,tribal_government,aq_chief_2961,d_spoleto
c_terebovl,aq_slavic,aq_dniestrian_early,slavic_pagan,tribal_government,aq_chief_2962,d_halych
c_terek_pass,aq_tocharian,aq_tocharian,aq_faith_steppe,tribal_government,aq_chief_2963,d_kashgar
c_terekli,aq_saka,aq_massagetan,aq_faith_steppe,nomad_government,aq_chief_2964,d_aral_karakum
c_terektai,aq_uralic,aq_uralic,finnish_pagan,tribal_government,aq_chief_2965,d_altaishan
c_teruel,aq_contestanian,aq_contestanian,aq_faith_iberian,tribal_government,aq_chief_2966,d_valencia
c_tesiin_gol,aq_steppe_eastern,aq_steppe_eastern,aq_faith_asian,nomad_government,aq_chief_2967,0
c_tessalit,aq_saharan,aq_saharan,aq_faith_libyan,tribal_government,aq_chief_2968,d_tadmekka
c_teviotdale,aq_votadinian,aq_votadinian,aq_faith_celtic,tribal_government,aq_chief_2969,d_lothian
c_tewo,aq_tibetan,aq_tibetan,bon,tribal_government,aq_chief_2970,d_gainlho
c_tezu,aq_tibetan,aq_tibetan,bon,tribal_government,aq_chief_2971,d_dzayul
c_thabeik_taung,aq_burman,aq_burman,aq_faith_asian,tribal_government,aq_chief_2972,d_arakan
c_thalabiya,bedouin,bedouin,aq_faith_arabian,tribal_government,aq_chief_2973,d_jawf
c_thaldat,aq_tibetan,aq_tibetan,bon,tribal_government,aq_chief_2974,d_aksai_chin
c_thalner,aq_anupa,aq_anupa,aq_faith_yaksha_naga,tribal_government,aq_chief_2975,d_anupa
c_thanbyuzayat,aq_tai,aq_tai,aq_faith_asian,tribal_government,aq_chief_2976,d_tun_sun
c_thang_long,aq_baiyue,aq_luoyue,aq_faith_asian,tribal_government,aq_chief_2977,d_thang_long
c_thaton,aq_burman,aq_burman,aq_faith_asian,tribal_government,aq_chief_2978,d_ramannadesa
c_theodosiopolis,aq_armenian,aq_armenian,aq_faith_anatolian,tribal_government,aq_chief_2979,k_aq_persia_armenia
c_thessalia,aq_hellenic,aq_hellenic,hellenic_pagan,tribal_government,aq_chief_2980,d_thessaly
c_thessaliotis,aq_hellenic,aq_hellenic,hellenic_pagan,tribal_government,aq_chief_2981,d_thessaly
c_thessalonika,aq_macedonian,aq_macedonian,hellenic_pagan,tribal_government,aq_chief_2982,d_thessalonika
c_thiers,aq_arvernian,aq_arvernian,aq_faith_celtic,tribal_government,aq_chief_2983,d_auvergne
c_thomond,aq_ivernian,aq_ivernian,aq_faith_celtic,tribal_government,aq_chief_2984,d_munster
c_thouars,aq_pictonian,aq_pictonian,aq_faith_celtic,tribal_government,aq_chief_2985,d_poitou
c_thyatira,aq_lydian,aq_lydian,aq_faith_artimu,tribal_government,aq_chief_2986,d_thracesia
c_tiande,aq_sinitic,aq_ordos,aq_faith_asian,nomad_government,aq_chief_2987,d_tiande
c_tianzhou,aq_baiyue,aq_nanyue_early,aq_faith_asian,tribal_government,aq_chief_2988,d_yongguan
c_tib,aq_aramaic,aq_aramaic,aq_faith_mesopotamian,tribal_government,aq_chief_2989,d_wasit
c_tiberias,aq_aramaic,aq_aramaic,aq_faith_mesopotamian,tribal_government,aq_chief_2990,k_aq_persia_jerusalem
c_tibesti,aq_saharan,aq_saharan,aq_faith_libyan,tribal_government,aq_chief_2991,d_tibesti
c_tichitt,aq_west_african,aq_west_african,west_african_pagan,tribal_government,aq_chief_2992,d_tagant
c_tigheci,aq_getian,aq_getian,aq_faith_zalmonian,tribal_government,aq_chief_2993,d_bugeac
c_tigre,aq_ethiopian,aq_ethiopian,aq_faith_african,tribal_government,aq_chief_2994,d_aksum
c_tihama,bedouin,bedouin,aq_faith_arabian,tribal_government,aq_chief_2995,d_mecca
c_tihamat-al-yamani,aq_sabaean,aq_sabaean,aq_faith_arabian,tribal_government,aq_chief_2996,d_sanaa
c_tikhvin,aq_finnic,aq_finnic,finnish_pagan,tribal_government,aq_chief_2997,d_vepsia
c_timbi,aq_west_african,aq_west_african,west_african_pagan,tribal_government,aq_chief_2998,d_futa_jalon
c_tindouf,aq_saharan,aq_saharan,aq_faith_libyan,tribal_government,aq_chief_2999,0
c_tingzhou,aq_baiyue,aq_minyue,aq_faith_asian,tribal_government,aq_chief_3000,d_jianning
c_tinmallal,aq_maurian,aq_maurian,aq_faith_libyan,tribal_government,aq_chief_3001,d_marrakesh
c_tirakka,aq_west_african,aq_west_african,west_african_pagan,tribal_government,aq_chief_3002,d_timbuktu
c_tiris,aq_saharan,aq_saharan,aq_faith_libyan,tribal_government,aq_chief_3003,d_zammour
c_tiruvannamalai,aq_chola,aq_chola,aq_faith_murukan,tribal_government,aq_chief_3004,d_chola_nadu
c_tivoli,aq_sabine,aq_sabine,aq_faith_italic,tribal_government,aq_chief_3005,d_latium
c_tlemcen,aq_numidian_masaesylian,aq_numidian_masaesylian,aq_faith_libyan,tribal_government,aq_chief_3006,d_tlemcen
c_tmutarakan,aq_sarmatian,aq_sarmatian,aq_faith_steppe,nomad_government,aq_chief_3007,d_azov
c_tobol,aq_uralic,aq_uralic,finnish_pagan,tribal_government,aq_chief_3008,d_sibir
c_tobruk,egyptian,egyptian,aq_faith_kemetic,tribal_government,aq_chief_3009,d_cyrenaica
c_todo,aq_forest_african,aq_forest_african,west_african_roog_pagan,tribal_government,aq_chief_3010,d_savalu
c_togotai,aq_saka,aq_issedonian,aq_faith_steppe,nomad_government,aq_chief_3011,d_saryarka
c_tokisara,aq_ainu,aq_ainu,aq_faith_asian,tribal_government,aq_chief_3012,d_nushiro
c_toksun,aq_tocharian,aq_tocharian,aq_faith_steppe,tribal_government,aq_chief_3013,d_karashar
c_tokumbay,aq_saka,aq_saka,aq_faith_steppe,nomad_government,aq_chief_3014,d_tokumbay
c_toledo,aq_carpetanian,aq_carpetanian,aq_faith_celtic,tribal_government,aq_chief_3015,d_toledo
c_tolna,aq_scordiscian,aq_scordiscian,aq_faith_celtic,tribal_government,aq_chief_3016,d_somogy
c_toma,aq_forest_african,aq_forest_african,west_african_roog_pagan,tribal_government,aq_chief_3017,d_toro
c_tomorbulag,aq_steppe_eastern,aq_steppe_eastern,aq_faith_asian,nomad_government,aq_chief_3018,d_khovsgol
c_tomsk,aq_uralic,aq_uralic,finnish_pagan,tribal_government,aq_chief_3019,d_ala_tau
c_tongcheng,aq_sinitic,aq_yuezhi_early,aq_faith_steppe,nomad_government,aq_chief_3020,d_juyan
c_tongchuan,aq_sinitic,aq_shu,aq_faith_chinese,tribal_government,aq_chief_3021,d_dongchuan
c_tonghai,aq_baiyue,aq_dian,aq_faith_asian,tribal_government,aq_chief_3022,d_tonghai
c_tongzhou,aq_sinitic,aq_qin,aq_faith_chinese,tribal_government,aq_chief_3023,d_yongxing
c_tongzhou_1,aq_sinitic,aq_ba,aq_faith_chinese,tribal_government,aq_chief_3024,d_baqu
c_tonnerrois,aq_aeduian,aq_aeduian,aq_faith_celtic,tribal_government,aq_chief_3025,d_burgundy
c_torangy_kul,aq_saka,aq_pazyryk,aq_faith_steppe,nomad_government,aq_chief_3026,d_akaltay
c_torda,aq_dacian,aq_dacian,aq_faith_zalmonian,tribal_government,aq_chief_3027,d_transylvania
c_torema,aq_uralic,aq_uralic,finnish_pagan,tribal_government,aq_chief_3028,d_salair
c_torne,aq_sami,aq_sami,finnish_pagan,tribal_government,aq_chief_3029,d_vuovdisamieana
c_toro,aq_forest_african,aq_forest_african,west_african_roog_pagan,tribal_government,aq_chief_3030,d_toro
c_toropets,aq_slavic,aq_dnieper_upper,slavic_pagan,tribal_government,aq_chief_3031,d_smolensk
c_tortoli,aq_nuragic,aq_nuragic,aq_faith_nuragic,tribal_government,aq_chief_3032,d_sardinia
c_tortona,aq_ligurian,aq_ligurian,aq_faith_ligurian,tribal_government,aq_chief_3033,d_lombardia
c_torun,aq_baltic,aq_baltic,baltic_pagan,tribal_government,aq_chief_3034,d_masuria
c_tosa,aq_yayoi,aq_yayoi,aq_faith_asian,tribal_government,aq_chief_3035,d_nankaido
c_totma,aq_finnic,aq_finnic,finnish_pagan,tribal_government,aq_chief_3036,d_chudia
c_totomi,aq_jomon,aq_jomon,aq_faith_asian,tribal_government,aq_chief_3037,d_tokaido
c_touat,aq_saharan,aq_saharan,aq_faith_libyan,tribal_government,aq_chief_3038,d_touat
c_toulouse,aq_volcian,aq_volcian,aq_faith_celtic,tribal_government,aq_chief_3039,d_toulouse
c_toungoo,aq_burman,aq_burman,aq_faith_asian,tribal_government,aq_chief_3040,d_sriksetra
c_tourraine,aq_biturigian,aq_biturigian,aq_faith_celtic,tribal_government,aq_chief_3041,d_berry
c_tovkhon,aq_steppe_eastern,aq_steppe_eastern,aq_faith_asian,nomad_government,aq_chief_3042,d_ovorkhangai
c_trakai,aq_baltic,aq_baltic,baltic_pagan,tribal_government,aq_chief_3043,d_lithuanians
c_trandam,aq_tibetan,aq_tibetan,bon,tribal_government,aq_chief_3044,0
c_trandheim,aq_germanic,aq_trondish_early,aq_faith_germanic,tribal_government,aq_chief_3045,d_trandalog
c_travunia,aq_ardiaean,aq_ardiaean,aq_faith_balkan,tribal_government,aq_chief_3046,d_duklja
c_trebizond,aq_colchian,aq_colchian,aq_faith_anatolian,tribal_government,aq_chief_3047,k_aq_persia_pontus
c_trenscen,aq_gaulish,aq_gaulish,aq_faith_celtic,tribal_government,aq_chief_3048,d_nyitra
c_trent,aq_rhaetian,aq_rhaetian,aq_faith_rhaetian,tribal_government,aq_chief_3049,d_lombardia
c_treviso,aq_venetic,aq_venetic,aq_faith_italic,tribal_government,aq_chief_3050,d_verona
c_tribandapura,aq_kuru,aq_kuru,aq_faith_krishna_yajurvedic,tribal_government,aq_chief_3051,d_haritanaka
c_trier,aq_mediomatrician,aq_mediomatrician,aq_faith_celtic,tribal_government,aq_chief_3052,d_upper_lorraine
c_trigarta,aq_trigartan,aq_trigartan,aq_faith_rigvedic,tribal_government,aq_chief_3053,d_lahore
c_trikuta,aq_asmaka,aq_asmaka,aq_faith_krishna_yajurvedic,tribal_government,aq_chief_3054,d_nasikya
c_trincomalee,aq_lankan,aq_lankan,aq_faith_rigvedic,tribal_government,aq_chief_3055,d_sinhala
c_tripoli,aq_aramaic,aq_aramaic,aq_faith_mesopotamian,tribal_government,aq_chief_3056,d_lebanon
c_tripolitana,aq_punic,aq_punic,aq_faith_punic,tribal_government,aq_chief_3057,k_aq_carthage
c_tripuri,aq_chedi,aq_chedi,aq_faith_atharvavedic,tribal_government,aq_chief_3058,k_aq_nanda
c_trongsa,aq_tibetan,aq_tibetan,bon,tribal_government,aq_chief_3059,d_bumthang
c_troyes,aq_remian,aq_remian,aq_faith_celtic,tribal_government,aq_chief_3060,d_champagne
c_tsambagarau,aq_steppe_eastern,aq_pazyryk,aq_faith_steppe,nomad_government,aq_chief_3061,d_khovd
c_tsaparang,aq_tibetan,aq_tibetan,bon,tribal_government,aq_chief_3062,d_ngari
c_tseel,aq_steppe_eastern,aq_steppe_eastern,aq_faith_asian,nomad_government,aq_chief_3063,d_gobi_altai
c_tselym_dalyn,aq_uralic,aq_uralic,finnish_pagan,tribal_government,aq_chief_3064,d_konda
c_tsugaru,aq_ainu,aq_ainu,aq_faith_asian,tribal_government,aq_chief_3065,d_hitakami
c_tsushima,aq_yayoi,aq_yayoi,aq_faith_asian,tribal_government,aq_chief_3066,d_north_saikaido
c_tudela,aq_vasconian,aq_vasconian,aq_faith_iberian,tribal_government,aq_chief_3067,d_navarra
c_tudgha,aq_maurian,aq_maurian,aq_faith_libyan,tribal_government,aq_chief_3068,d_tafilalt
c_tui,aq_gallaecian,aq_gallaecian,aq_faith_celtic,tribal_government,aq_chief_3069,d_galicia
c_tula,aq_slavic,aq_slavic,slavic_pagan,tribal_government,aq_chief_3070,d_ryazan
c_tuluchezeva,aq_uralic,aq_uralic,finnish_pagan,tribal_government,aq_chief_3071,d_khopyor
c_tulun,aq_steppe_eastern,aq_steppe_eastern,aq_faith_asian,nomad_government,aq_chief_3072,d_chuna_valley
c_tumak,aq_central_african,aq_central_african,west_african_bori_pagan,tribal_government,aq_chief_3073,d_baguirmi
c_tumar,aq_saka,aq_saka,aq_faith_steppe,nomad_government,aq_chief_3074,d_turgay
c_tummana,aq_atavi,aq_atavi,aq_faith_forest_indian,tribal_government,aq_chief_3075,d_ratanpur
c_tun,aq_bactrian,aq_bactrian,mazdayasna,tribal_government,aq_chief_3076,d_kohestan
c_tunis,aq_punic,aq_punic,aq_faith_punic,tribal_government,aq_carthage,0
c_tunka,aq_steppe_eastern,aq_steppe_eastern,aq_faith_asian,nomad_government,aq_chief_3078,d_selenga_valley
c_turan,persian,persian,mazdayasna,tribal_government,aq_chief_3079,d_makran
c_turgay,aq_saka,aq_saka,aq_faith_steppe,nomad_government,aq_chief_3080,d_turgay
c_turin,aq_taurinian,aq_taurinian,aq_faith_celtic,tribal_government,aq_chief_3081,d_piedmonte
c_turnovo,aq_triballian,aq_triballian,aq_faith_balkan,tribal_government,aq_chief_3082,d_turnovo
c_turov,aq_slavic,aq_pripyatian,slavic_pagan,tribal_government,aq_chief_3083,d_turov
c_turuberan,aq_armenian,aq_armenian,aq_faith_anatolian,tribal_government,aq_chief_3084,d_vaspurakan
c_tus,aq_bactrian,aq_parthian_early,mazdayasna,tribal_government,aq_chief_3085,d_nishapur
c_tustar,persian,aq_elamite,aq_faith_mesopotamian,tribal_government,aq_chief_3086,d_khuzestan
c_tuulain,aq_tibetan,aq_tibetan,bon,tribal_government,aq_chief_3087,d_tuyuhun
c_tver,aq_slavic,aq_slavic,slavic_pagan,tribal_government,aq_chief_3088,d_opolye
c_tyendugu,aq_forest_african,aq_forest_african,west_african_roog_pagan,tribal_government,aq_chief_3089,d_worodugu
c_tyumen,aq_uralic,aq_uralic,finnish_pagan,tribal_government,aq_chief_3090,d_ostyaki
c_ubins,aq_uralic,aq_uralic,finnish_pagan,tribal_government,aq_chief_3091,d_baraba_steppe
c_ubmejeiednuo,aq_sami,aq_sami,finnish_pagan,tribal_government,aq_chief_3092,d_aarjetje
c_ubon_ratchathani,aq_mon_khmer,aq_mon_khmer,aq_faith_asian,tribal_government,aq_chief_3093,d_mukdahan
c_ubulla,aq_aramaic,aq_aramaic,aq_faith_mesopotamian,tribal_government,aq_chief_3094,d_basra
c_uch,aq_malava,aq_malava,aq_faith_rigvedic,tribal_government,aq_chief_3095,d_multan
c_uch_katyn,aq_saka,aq_issedonian,aq_faith_steppe,nomad_government,aq_chief_3096,d_karkaraly
c_uchangidurga,aq_kadamba_early,aq_kadamba_early,aq_faith_dravidian,tribal_government,aq_chief_3097,d_nulambavadi
c_uchkul,aq_saka,aq_tigraxauda,aq_faith_steppe,nomad_government,aq_chief_3098,d_zhetysu
c_ucinaa,aq_austronesian,aq_austronesian,aq_faith_asian,tribal_government,aq_chief_3099,d_ruucuu
c_udabhanda,aq_gandharan,aq_gandharan,aq_faith_rigvedic,tribal_government,aq_chief_3100,k_aq_persia_punjab
c_ufa,aq_uralic,aq_uralic,finnish_pagan,tribal_government,aq_chief_3101,d_bashkiria
c_uiju,aq_korean,aq_korean,aq_faith_asian,tribal_government,aq_chief_3102,d_yukju
c_uiska,aq_uralic,aq_uralic,finnish_pagan,tribal_government,aq_chief_3103,d_uraltau
c_ujjayini,aq_avanti,aq_avanti,aq_faith_samavedic,tribal_government,aq_chief_3104,d_dadhipadra
c_ukek,aq_sarmatian,aq_sarmatian,aq_faith_steppe,nomad_government,aq_chief_3105,d_itil
c_ulaanbaatar,aq_steppe_eastern,aq_steppe_eastern,aq_faith_asian,nomad_government,aq_chief_3106,d_ogrash
c_ulaangom,aq_steppe_eastern,aq_steppe_eastern,aq_faith_asian,nomad_government,aq_chief_3107,d_ubsunur_hollow
c_ulam,aq_tibetan,aq_tibetan,bon,tribal_government,aq_chief_3108,d_tuyuhun
c_ulan_chuzir,aq_saka,aq_saka,aq_faith_steppe,nomad_government,aq_chief_3109,d_gurbantunggut
c_ulan_ude,aq_steppe_eastern,aq_steppe_eastern,aq_faith_asian,nomad_government,aq_chief_3110,d_uda_valley
c_ulantaiga,aq_steppe_eastern,aq_steppe_eastern,aq_faith_asian,nomad_government,aq_chief_3111,d_khovsgol
c_uliastai,aq_steppe_eastern,aq_steppe_eastern,aq_faith_asian,nomad_government,aq_chief_3112,d_zavkhan
c_uliuty,aq_saka,aq_saka,aq_faith_steppe,nomad_government,aq_chief_3113,d_karabas
c_ulju,aq_korean,aq_korean,aq_faith_asian,tribal_government,aq_chief_3114,d_jinju
c_ulleong,aq_korean,aq_korean,aq_faith_asian,tribal_government,aq_chief_3115,d_donggye
c_ulm,aq_vindelician,aq_vindelician,aq_faith_celtic,tribal_government,aq_chief_3116,d_swabia
c_ulster,aq_voluntian,aq_voluntian,aq_faith_celtic,tribal_government,aq_chief_3117,d_ulster
c_ulu_jitanjik,aq_saka,aq_saka,aq_faith_steppe,nomad_government,aq_chief_3118,d_kokturgay
c_ulytau,aq_saka,aq_issedonian,aq_faith_steppe,nomad_government,aq_chief_3119,d_qyzylsaryarka
c_uman,aq_scythian,aq_scythian,aq_faith_steppe,nomad_government,aq_chief_3120,d_yedisan
c_umiai,aq_uralic,aq_uralic,finnish_pagan,tribal_government,aq_chief_3121,d_vasyugan_mire
c_ungvar,aq_gaulish,aq_gaulish,aq_faith_celtic,tribal_government,aq_chief_3122,d_ungvar
c_upland,aq_suionian,aq_suionian,aq_faith_germanic,tribal_government,aq_chief_3123,d_svealand
c_upper_bono,aq_forest_african,aq_forest_african,west_african_roog_pagan,tribal_government,aq_chief_3124,d_brong
c_upper_ghur,aq_bactrian,aq_arian_early,mazdayasna,tribal_government,aq_chief_3125,d_ghur
c_upper_gurma,aq_west_african,aq_west_african,west_african_pagan,tribal_government,aq_chief_3126,d_upper_gurma
c_upper_khabur,aq_aramaic,aq_aramaic,aq_faith_mesopotamian,tribal_government,aq_chief_3127,d_diyarrabia
c_uqayr,bedouin,bedouin,aq_faith_arabian,tribal_government,aq_chief_3128,d_al-hasa
c_uraiyur,aq_pandya,aq_pandya,aq_faith_murukan,tribal_government,aq_chief_3129,d_pandya_nadu
c_ural,aq_uralic,aq_uralic,finnish_pagan,tribal_government,aq_chief_3130,d_ural
c_uraltau,aq_uralic,aq_uralic,finnish_pagan,tribal_government,aq_chief_3131,d_uraltau
c_urbino,aq_picene,aq_picene,aq_faith_italic,tribal_government,aq_chief_3132,d_ancona
c_urgamal,aq_steppe_eastern,aq_steppe_eastern,aq_faith_asian,nomad_government,aq_chief_3133,d_zavkhan
c_urgell,aq_ilercavonian,aq_ilercavonian,aq_faith_iberian,tribal_government,aq_chief_3134,d_barcelona
c_urgun,aq_gandharan,aq_gandharan,aq_faith_rigvedic,tribal_government,aq_chief_3135,d_gandhara
c_urmiya,persian,aq_median,mazdayasna,tribal_government,aq_chief_3136,d_azerbaijan
c_uses,aq_volcian,aq_volcian,aq_faith_celtic,tribal_government,aq_chief_3137,d_languedoc
c_ushara,aq_kushite,aq_kushite,kushitism_pagan,tribal_government,aq_chief_3138,d_alwa
c_ushmun,egyptian,egyptian,aq_faith_kemetic,tribal_government,aq_chief_3139,d_al-said
c_ushytsia,aq_slavic,aq_dnieper_middle,slavic_pagan,tribal_government,aq_chief_3140,d_kiev
c_uskes,aq_ainu,aq_ainu,aq_faith_asian,tribal_government,aq_chief_3141,d_sum
c_usora,aq_delmatian,aq_delmatian,aq_faith_balkan,tribal_government,aq_chief_3142,d_lower_bosna
c_ustyug,aq_finnic,aq_finnic,finnish_pagan,tribal_government,aq_chief_3143,d_ustyug
c_uul_chors,aq_tagar,aq_tagar,aq_faith_steppe,tribal_government,aq_chief_3144,d_shoria
c_uulynkhol,aq_steppe_eastern,aq_steppe_eastern,aq_faith_asian,nomad_government,aq_chief_3145,d_baigaluuls
c_uvs_nuur,aq_steppe_eastern,aq_steppe_eastern,aq_faith_asian,nomad_government,aq_chief_3146,d_ubsunur_hollow
c_uwal,bedouin,bedouin,aq_faith_arabian,tribal_government,aq_chief_3147,d_bahrain
c_uzboy,aq_sogdian,aq_dahaean,aq_faith_steppe,nomad_government,aq_chief_3148,d_uzboy
c_uzen,aq_sarmatian,aq_sarmatian,aq_faith_steppe,nomad_government,aq_chief_3149,d_itil
c_uzgend,aq_sogdian,aq_haumavarga,mazdayasna,tribal_government,aq_chief_3150,d_ferghana
c_uzgend_KARA,aq_saka,aq_massagetan,aq_faith_steppe,nomad_government,aq_chief_3151,d_syr_darya
c_vadodara,aq_lata,aq_lata,aq_faith_atharvavedic,tribal_government,aq_chief_3152,d_lata
c_vaihingen,aq_suebian,aq_marcomannic_early,aq_faith_germanic,tribal_government,aq_chief_3153,d_west_franconia
c_vaijayanti,aq_kadamba_early,aq_kadamba_early,aq_faith_dravidian,tribal_government,aq_chief_3154,d_raichur_doab
c_vairagara,aq_vidarbha,aq_vidarbha,aq_faith_atharvavedic,tribal_government,aq_chief_3155,d_vidharba
c_vairata,aq_matsya,aq_matsya,aq_faith_rigvedic,tribal_government,aq_chief_3156,d_ajmer
c_vaisali,aq_burman,aq_burman,aq_faith_asian,tribal_government,aq_chief_3157,d_arakan
c_valabhi,aq_saurashtra,aq_saurashtra,aq_faith_samavedic,tribal_government,aq_chief_3158,d_saurashtra
c_valdai,aq_finnic,aq_finnic,finnish_pagan,tribal_government,aq_chief_3159,d_luki
c_valencia,aq_contestanian,aq_contestanian,aq_faith_iberian,tribal_government,aq_chief_3160,d_valencia
c_valentinois,aq_allobrogian,aq_allobrogian,aq_faith_celtic,tribal_government,aq_chief_3161,d_dauphine
c_valladolid,aq_celtiberian_arevaci,aq_celtiberian_arevaci,aq_faith_celtic,tribal_government,aq_chief_3162,d_castilla
c_valois,aq_parisian,aq_parisian,aq_faith_celtic,tribal_government,aq_chief_3163,d_valois
c_vanand,aq_armenian,aq_armenian,aq_faith_anatolian,tribal_government,aq_chief_3164,d_greater_armenia
c_vanemane,aq_baltic,aq_baltic,baltic_pagan,tribal_government,aq_chief_3165,d_courland
c_vannes,aq_venetian_gaul,aq_venetian_gaul,aq_faith_celtic,tribal_government,aq_chief_3166,d_brittany
c_varanasi,aq_kasi,aq_kasi,aq_faith_shukla_yajurvedic,tribal_government,aq_chief_3167,d_kasi
c_vardhamana,aq_saurashtra,aq_saurashtra,aq_faith_samavedic,tribal_government,aq_chief_3168,d_saurashtra
c_varend,aq_gautish,aq_gautish,aq_faith_germanic,tribal_government,aq_chief_3169,d_smaland
c_vargashi,aq_saka,aq_saka,aq_faith_steppe,nomad_government,aq_chief_3170,d_tobol-ishim
c_varmland,aq_suionian,aq_suionian,aq_faith_germanic,tribal_government,aq_chief_3171,d_bergslagen
c_vas,aq_gaulish,aq_gaulish,aq_faith_celtic,tribal_government,aq_chief_3172,d_gyor
c_vaspurakan,aq_armenian,aq_armenian,aq_faith_anatolian,tribal_government,aq_orontes,e_aq_persia
c_vastergotland,aq_gautish,aq_gautish,aq_faith_germanic,tribal_government,aq_chief_3174,d_vastergotland
c_vastmanland,aq_suionian,aq_suionian,aq_faith_germanic,tribal_government,aq_chief_3175,d_bergslagen
c_vastvag,aq_germanic,aq_germanic,aq_faith_germanic,tribal_government,aq_chief_3176,d_halogaland
c_vasyugan,aq_uralic,aq_uralic,finnish_pagan,tribal_government,aq_chief_3177,d_vasyugan_mire
c_vatapi,aq_kadamba_early,aq_kadamba_early,aq_faith_dravidian,tribal_government,aq_chief_3178,d_raichur_doab
c_vatsagulma,aq_asmaka,aq_asmaka,aq_faith_krishna_yajurvedic,tribal_government,aq_chief_3179,d_devagiri
c_vaucouleurs,aq_mediomatrician,aq_mediomatrician,aq_faith_celtic,tribal_government,aq_chief_3180,d_bar
c_vecchio,aq_corsican,aq_corsican,aq_faith_nuragic,tribal_government,aq_chief_3181,d_corsica
c_velay,aq_arvernian,aq_arvernian,aq_faith_celtic,tribal_government,aq_chief_3182,d_auvergne
c_velbazhd,aq_bessian,aq_bessian,aq_faith_balkan,tribal_government,aq_chief_3183,d_bulgaria
c_velsk,aq_finnic,aq_finnic,finnish_pagan,tribal_government,aq_chief_3184,d_ustyug
c_venadu,aq_chera,aq_chera,aq_faith_murukan,tribal_government,aq_chief_3185,d_chera_nadu
c_venaissin,aq_saluvian,aq_saluvian,aq_faith_celtic,tribal_government,aq_chief_3186,d_provence
c_vendome,aq_carnutian,aq_carnutian,aq_faith_celtic,tribal_government,aq_chief_3187,d_orleans
c_veneto,aq_venetic,aq_venetic,aq_faith_italic,tribal_government,aq_chief_3188,0
c_venezia,aq_venetic,aq_venetic,aq_faith_italic,tribal_government,aq_chief_3189,d_venice
c_vengipura,aq_andhra,aq_andhra,aq_faith_dravidian,tribal_government,aq_chief_3190,d_vengi
c_veria,aq_macedonian,aq_macedonian,hellenic_pagan,tribal_government,aq_macedon,0
c_vermandois,aq_parisian,aq_parisian,aq_faith_celtic,tribal_government,aq_chief_3192,d_valois
c_verona,aq_venetic,aq_venetic,aq_faith_italic,tribal_government,aq_chief_3193,d_verona
c_vestfold,aq_rugian,aq_rugian,aq_faith_germanic,tribal_government,aq_chief_3194,d_viken
c_vestisland,aq_germanic,aq_germanic,aq_faith_germanic,tribal_government,aq_chief_3195,d_iceland
c_veszprem,aq_gaulish,aq_gaulish,aq_faith_celtic,tribal_government,aq_chief_3196,d_gyor
c_vhrbosna,aq_delmatian,aq_delmatian,aq_faith_balkan,tribal_government,aq_chief_3197,d_bosna
c_viborg,aq_cimbrian,aq_cimbrian,aq_faith_germanic,tribal_government,aq_chief_3198,d_jylland
c_vidin,aq_triballian,aq_triballian,aq_faith_balkan,tribal_government,aq_chief_3199,d_vidin
c_vidisa,aq_avanti,aq_avanti,aq_faith_samavedic,tribal_government,aq_chief_3200,d_akara_dasarna
c_vidzeme,aq_finnic,aq_finnic,finnish_pagan,tribal_government,aq_chief_3201,d_livonia
c_vien_chan,aq_mon_khmer,aq_mon_khmer,aq_faith_asian,tribal_government,aq_chief_3202,d_phonsavan
c_viena,aq_finnic,aq_finnic,finnish_pagan,tribal_government,aq_chief_3203,d_karelia
c_vienna,aq_noric,aq_noric,aq_faith_celtic,tribal_government,aq_chief_3204,d_osterreich
c_viennois,aq_allobrogian,aq_allobrogian,aq_faith_celtic,tribal_government,aq_chief_3205,d_dauphine
c_viipuri,aq_finnic,aq_finnic,finnish_pagan,tribal_government,aq_chief_3206,d_karelia
c_vijaya,aq_mon_khmer,aq_mon_khmer,aq_faith_asian,tribal_government,aq_chief_3207,d_vijaya
c_vijayapura,aq_vanga,aq_vanga,aq_faith_yaksha_naga,tribal_government,aq_chief_3208,d_nadia
c_vijnot,aq_saindhava,aq_saindhava,aq_faith_atharvavedic,tribal_government,aq_chief_3209,d_bhakkar
c_vikramapura,aq_salva,aq_salva,aq_faith_rigvedic,tribal_government,aq_chief_3210,d_jangladesh
c_villach,aq_tauriscian,aq_tauriscian,aq_faith_celtic,tribal_government,aq_chief_3211,d_carinthia
c_vingulmork,aq_rugian,aq_rugian,aq_faith_germanic,tribal_government,aq_chief_3212,d_viken
c_viraja,aq_kalinga,aq_kalinga,aq_faith_nirgrantha,tribal_government,aq_chief_3213,d_tosali
c_viscaya,aq_vasconian,aq_vasconian,aq_faith_iberian,tribal_government,aq_chief_3214,d_viscaya
c_visegrad,aq_gaulish,aq_gaulish,aq_faith_celtic,tribal_government,aq_chief_3215,d_visegrad
c_viseu,aq_lusitanian,aq_lusitanian,aq_faith_lusitanian,tribal_government,aq_chief_3216,d_coimbra
c_vitebsk,aq_slavic,aq_slavic,slavic_pagan,tribal_government,aq_chief_3217,d_polotsk
c_viterbo,aq_etruscan,aq_etruscan,aq_faith_etruscan,tribal_government,aq_chief_3218,k_aq_etruria
c_vitim,aq_steppe_eastern,aq_steppe_eastern,aq_faith_asian,nomad_government,aq_chief_3219,d_bargujin_tukum
c_viviers,aq_allobrogian,aq_allobrogian,aq_faith_celtic,tribal_government,aq_chief_3220,d_dauphine
c_vizagipatam,aq_kalinga,aq_kalinga,aq_faith_nirgrantha,tribal_government,aq_chief_3221,d_kalinga
c_vladimir,aq_slavic,aq_slavic,slavic_pagan,tribal_government,aq_chief_3222,d_opolye
c_vodamayutja,aq_panchala,aq_panchala,aq_faith_shukla_yajurvedic,tribal_government,aq_chief_3223,k_aq_nanda
c_vodi,aq_finnic,aq_finnic,finnish_pagan,tribal_government,aq_chief_3224,d_novgorod
c_vodica,aq_delmatian,aq_delmatian,aq_faith_balkan,tribal_government,aq_chief_3225,d_lower_bosna
c_vogtland,aq_slavic,aq_odra_early,slavic_pagan,tribal_government,aq_chief_3226,d_meissen
c_voin,aq_slavic,aq_dnieper_middle,slavic_pagan,tribal_government,aq_chief_3227,d_pereyaslavl
c_volkovysk,aq_slavic,aq_slavic,slavic_pagan,tribal_government,aq_chief_3228,d_grodno
c_volodymyr,aq_slavic,aq_bugian_early,slavic_pagan,tribal_government,aq_chief_3229,d_volhynia
c_vologda,aq_finnic,aq_finnic,finnish_pagan,tribal_government,aq_chief_3230,d_vologda
c_vorbasse,aq_teutonian,aq_teutonian,aq_faith_germanic,tribal_government,aq_chief_3231,d_slesvig
c_voronezh,aq_uralic,aq_uralic,finnish_pagan,tribal_government,aq_chief_3232,d_voronezh
c_votkinsk,aq_uralic,aq_uralic,finnish_pagan,tribal_government,aq_chief_3233,d_ural
c_vratsa,aq_triballian,aq_triballian,aq_faith_balkan,tribal_government,aq_chief_3234,d_turnovo
c_vrbas,aq_delmatian,aq_delmatian,aq_faith_balkan,tribal_government,aq_chief_3235,d_lower_bosna
c_vukovar,aq_pannonian,aq_pannonian,aq_faith_balkan,tribal_government,aq_chief_3236,d_slavonia
c_vyadhapura,aq_mon_khmer,aq_mon_khmer,aq_faith_asian,tribal_government,aq_chief_3237,d_vyadhapura
c_vyangi,aq_finnic,aq_finnic,finnish_pagan,tribal_government,aq_chief_3238,d_vepsia
c_wa,aq_forest_african,aq_forest_african,west_african_roog_pagan,tribal_government,aq_chief_3239,d_lobi
c_wabar,aq_sabaean,aq_sabaean,aq_faith_arabian,tribal_government,aq_chief_3240,d_jawf-al-yamani
c_wadai,aq_central_african,aq_central_african,west_african_bori_pagan,tribal_government,aq_chief_3241,d_wadai
c_wadan,aq_saharan,aq_saharan,aq_faith_libyan,tribal_government,aq_chief_3242,d_adrar
c_waddan,aq_nasamonian,aq_nasamonian,aq_faith_libyan,tribal_government,aq_chief_3243,d_syrte
c_wadi_amur,aq_cushitic,aq_cushitic,aq_faith_african,tribal_government,aq_chief_3244,d_naqis
c_wadi_el-milk,aq_kushite,aq_kushite,kushitism_pagan,tribal_government,aq_chief_3245,d_makuria
c_wagadugu,aq_forest_african,aq_forest_african,west_african_roog_pagan,tribal_government,aq_chief_3246,d_wagadugu
c_waj,aq_ethiopian,aq_ethiopian,aq_faith_african,tribal_government,aq_chief_3247,d_showa
c_wajda,aq_numidian_masaesylian,aq_numidian_masaesylian,aq_faith_libyan,tribal_government,aq_chief_3248,d_tlemcen
c_wajh,bedouin,bedouin,aq_faith_arabian,tribal_government,aq_chief_3249,d_medina
c_wakhan,aq_sogdian,aq_sogdian,mazdayasna,tribal_government,aq_chief_3250,d_badakhshan
c_wakhsh,aq_sogdian,aq_sogdian,mazdayasna,tribal_government,aq_chief_3251,d_khuttal
c_walata,aq_west_african,aq_west_african,west_african_pagan,tribal_government,aq_chief_3252,d_wagadu
c_waldeck,aq_cheruscan,aq_cheruscan,aq_faith_germanic,tribal_government,aq_chief_3253,d_westfalen
c_wanan,aq_baiyue,aq_baiyue,aq_faith_asian,tribal_government,aq_chief_3254,d_qiongguan
c_wandala,aq_central_african,aq_central_african,west_african_bori_pagan,tribal_government,aq_chief_3255,d_wandala
c_wanzhou,aq_sinitic,aq_ba,aq_faith_chinese,tribal_government,aq_chief_3256,d_kuizhong
c_waqisa,aq_aramaic,aq_aramaic,aq_faith_mesopotamian,tribal_government,aq_chief_3257,d_kufa
c_wargla,aq_gaetulian,aq_gaetulian,aq_faith_libyan,tribal_government,aq_chief_3258,d_mzab
c_warwickshire,aq_cornovian,aq_cornovian,aq_faith_celtic,tribal_government,aq_chief_3259,d_hereford
c_wasit,aq_aramaic,aq_aramaic,aq_faith_mesopotamian,tribal_government,aq_chief_3260,k_aq_persia_mesopotamia
c_wassa,aq_forest_african,aq_forest_african,west_african_roog_pagan,tribal_government,aq_chief_3261,d_ashanti
c_weichu,aq_baiyue,aq_baiyue,aq_faith_asian,tribal_government,aq_chief_3262,d_dali
c_weiyuan,aq_baiyue,aq_dian,aq_faith_asian,tribal_government,aq_chief_3263,d_yinsheng
c_weizhou,aq_sinitic,aq_qi,aq_faith_chinese,tribal_government,aq_chief_3264,k_aq_zhao
c_weizhou_1,aq_sinitic,aq_jin_han,aq_faith_chinese,tribal_government,aq_chief_3265,d_heyang
c_weizhou_2,aq_sinitic,aq_qin,aq_faith_chinese,tribal_government,aq_chief_3266,d_qincheng
c_weizhou_3,aq_sinitic,aq_ordos,aq_faith_asian,nomad_government,aq_chief_3267,d_shuofang
c_weizhou_4,aq_sinitic,aq_qi,aq_faith_chinese,tribal_government,aq_chief_3268,d_ziqing
c_welamo,aq_ethiopian,aq_ethiopian,aq_faith_african,tribal_government,aq_chief_3269,d_kaffa
c_wellega,aq_ethiopian,aq_ethiopian,aq_faith_african,tribal_government,aq_chief_3270,d_damot
c_wentugaole,aq_sinitic,aq_yuezhi_early,aq_faith_steppe,nomad_government,aq_chief_3271,d_juyan
c_wenyon,aq_forest_african,aq_forest_african,west_african_roog_pagan,tribal_government,aq_chief_3272,d_wenyon
c_wenzhou,aq_sinitic,aq_sinitic,aq_faith_chinese,tribal_government,aq_chief_3273,d_lilang
c_wenzhou_2,aq_sinitic,aq_yue,aq_faith_chinese,tribal_government,aq_chief_3274,d_zhedong
c_werle,aq_suebian,aq_semnonian,aq_faith_germanic,tribal_government,aq_chief_3275,d_nordmark
c_west-tokharestan,aq_bactrian,aq_bactrian,mazdayasna,tribal_government,aq_chief_3276,d_balkh
c_west_kordofan,aq_central_african,aq_central_african,west_african_bori_pagan,tribal_government,aq_chief_3277,d_kordofan
c_west_qamuda,aq_punic,aq_punic,aq_faith_punic,tribal_government,aq_chief_3278,d_kairouan
c_west_riding,aq_brigantian,aq_brigantian,aq_faith_celtic,tribal_government,aq_chief_3279,d_york
c_western_tannu,aq_tagar,aq_tagar,aq_faith_steppe,tribal_government,aq_chief_3280,d_tannu_ola
c_westfriesland,aq_chaucan,aq_chaucan,aq_faith_germanic,tribal_government,aq_chief_3281,d_holland
c_westmorland,aq_brigantian,aq_brigantian,aq_faith_celtic,tribal_government,aq_chief_3282,d_lancaster
c_wiek,aq_finnic,aq_finnic,finnish_pagan,tribal_government,aq_chief_3283,d_esthonia
c_wielunska,aq_slavic,aq_pomeranian_early,slavic_pagan,tribal_government,aq_chief_3284,d_kuyavia
c_wiltberg,aq_suebian,aq_hermundurian,aq_faith_germanic,tribal_government,aq_chief_3285,d_east_franconia
c_wiltshire,aq_dobunnian,aq_dobunnian,aq_faith_celtic,tribal_government,aq_chief_3286,d_gloucester
c_wittenberg,aq_slavic,aq_odra_early,slavic_pagan,tribal_government,aq_chief_3287,d_lausitz
c_wolgast,aq_suebian,aq_semnonian,aq_faith_germanic,tribal_government,aq_chief_3288,d_nordmark
c_wolkenstein,aq_slavic,aq_odra_early,slavic_pagan,tribal_government,aq_chief_3289,d_meissen
c_wolpe,aq_cheruscan,aq_cheruscan,aq_faith_germanic,tribal_government,aq_chief_3290,d_angria
c_wolqayt,aq_cushitic,aq_cushitic,aq_faith_african,tribal_government,aq_chief_3291,d_baqlin
c_wonju,aq_korean,aq_korean,aq_faith_asian,tribal_government,aq_chief_3292,d_donggye
c_worcestershire,aq_cornovian,aq_cornovian,aq_faith_celtic,tribal_government,aq_chief_3293,d_hereford
c_wormditt,aq_baltic,aq_baltic,baltic_pagan,tribal_government,aq_chief_3294,d_prussia
c_worms,aq_suebian,aq_marcomannic_early,aq_faith_germanic,tribal_government,aq_chief_3295,d_west_franconia
c_worodugu,aq_forest_african,aq_forest_african,west_african_roog_pagan,tribal_government,aq_chief_3296,d_worodugu
c_woye,aq_tungusic,aq_tungusic,tengri_pagan,tribal_government,aq_chief_3297,d_LIAO_zhongjing
c_wschowska,aq_slavic,aq_pomeranian_early,slavic_pagan,tribal_government,aq_chief_3298,d_wielkopolska
c_wulan,aq_sinitic,aq_ordos,aq_faith_asian,nomad_government,aq_chief_3299,d_shuofang
c_wuli,aq_west_african,aq_west_african,west_african_pagan,tribal_government,aq_chief_3300,d_wuli
c_wulong,aq_baiyue,aq_baiyue,aq_faith_asian,tribal_government,aq_chief_3301,d_xiyuan
c_wurttemberg,aq_vindelician,aq_vindelician,aq_faith_celtic,tribal_government,aq_chief_3302,d_swabia
c_wurzburg,aq_suebian,aq_hermundurian,aq_faith_germanic,tribal_government,aq_chief_3303,d_east_franconia
c_wuyuan,aq_sinitic,aq_qiang_early,aq_faith_himalayan,tribal_government,aq_chief_3304,d_xiasui
c_wuzhou,aq_sinitic,aq_yue,aq_faith_chinese,tribal_government,aq_chief_3305,d_zhedong
c_wuzhou_1,aq_baiyue,aq_nanyue_early,aq_faith_asian,tribal_government,aq_chief_3306,d_jingjiang
c_xainza,aq_tibetan,aq_tibetan,bon,tribal_government,aq_chief_3307,d_nyima
c_xaitongmoin,aq_tibetan,aq_tibetan,bon,tribal_government,aq_chief_3308,d_ngamring
c_xiangcheng,aq_baiyue,aq_baiyue,aq_faith_asian,tribal_government,aq_chief_3309,d_jianchuan
c_xiangshan,aq_baiyue,aq_nanyue_early,aq_faith_asian,tribal_government,aq_chief_3310,d_guiguan
c_xiangyang,aq_sinitic,aq_chu,aq_faith_chinese,tribal_government,aq_chief_3311,k_aq_chu
c_xiangzhou,aq_sinitic,aq_zhao,aq_faith_chinese,tribal_government,aq_chief_3312,d_xingming
c_xiaoguan,aq_sinitic,aq_qin,aq_faith_chinese,tribal_government,aq_chief_3313,d_jingyuan
c_xiazhou,aq_sinitic,aq_qiang_early,aq_faith_himalayan,tribal_government,aq_chief_3314,d_xiasui
c_xiazhou_1,aq_sinitic,aq_chu,aq_faith_chinese,tribal_government,aq_chief_3315,d_jingnan
c_xigaze,aq_tibetan,aq_tibetan,bon,tribal_government,aq_chief_3316,d_xigaze
c_xigortang,aq_tibetan,aq_tibetan,bon,tribal_government,aq_chief_3317,d_tuyuhun
c_xin_an,aq_sinitic,aq_yue,aq_faith_chinese,tribal_government,aq_chief_3318,d_zhedong
c_xincheng,aq_sinitic,aq_yuezhi_early,aq_faith_steppe,nomad_government,aq_chief_3319,d_guasha
c_xinghua,aq_baiyue,aq_dongou,aq_faith_asian,tribal_government,aq_chief_3320,d_pinghai
c_xingqing,aq_sinitic,aq_sinitic,aq_faith_chinese,tribal_government,aq_chief_3321,k_aq_qin
c_xingyuan,aq_sinitic,aq_shu,aq_faith_chinese,tribal_government,aq_chief_3322,d_xingyuan
c_xingzhou,aq_sinitic,aq_zhao,aq_faith_chinese,tribal_government,aq_zhao,0
c_xinhzou,aq_sinitic,aq_sinitic,aq_faith_chinese,tribal_government,aq_chief_3324,d_dingjiang
c_xining,aq_tibetan,aq_tibetan,bon,tribal_government,aq_chief_3325,d_xining
c_xiningzhou,aq_sinitic,aq_qin,aq_faith_chinese,tribal_government,aq_chief_3326,d_longyou
c_xinzhou,aq_sinitic,aq_zhao,aq_faith_chinese,tribal_government,aq_chief_3327,d_yanmen
c_xinzhou_1,aq_baiyue,aq_nanyue_early,aq_faith_asian,tribal_government,aq_chief_3328,d_lingnan
c_xiongzhou,aq_sinitic,aq_ordos,aq_faith_asian,nomad_government,aq_chief_3329,d_shuofang
c_xiuzhou,aq_sinitic,aq_wu_early,aq_faith_chinese,tribal_government,aq_chief_3330,d_zhexi
c_xizhou,aq_sinitic,aq_jin_wei,aq_faith_chinese,tribal_government,aq_chief_3331,d_hezhong
c_xuanzhou,aq_sinitic,aq_wu_early,aq_faith_chinese,tribal_government,aq_chief_3332,k_aq_yue
c_xunzhou,aq_baiyue,aq_nanyue_early,aq_faith_asian,tribal_government,aq_chief_3333,d_huixun
c_xunzhou_2,aq_baiyue,aq_nanyue_early,aq_faith_asian,tribal_government,aq_chief_3334,d_yongguan
c_xuzhou_1,aq_sinitic,aq_song,aq_faith_chinese,tribal_government,aq_chief_3335,k_aq_song
c_yabrin,bedouin,bedouin,aq_faith_arabian,tribal_government,aq_chief_3336,d_al-hasa
c_yagba,aq_forest_african,aq_forest_african,west_african_roog_pagan,tribal_government,aq_chief_3337,d_oyo
c_yaitsk,aq_sarmatian,aq_sarmatian,aq_faith_steppe,nomad_government,aq_chief_3338,d_pecheneg
c_yalala,aq_numidian_masaesylian,aq_numidian_masaesylian,aq_faith_libyan,tribal_government,aq_chief_3339,d_tahert
c_yalong,aq_sinitic,aq_yuezhi_early,aq_faith_steppe,nomad_government,aq_chief_3340,d_qilian
c_yamama,bedouin,bedouin,aq_faith_arabian,tribal_government,aq_chief_3341,d_yamama
c_yamashiro,aq_yayoi,aq_yayoi,aq_faith_asian,tribal_government,aq_chief_3342,d_kinai
c_yamato,aq_yayoi,aq_yayoi,aq_faith_asian,tribal_government,aq_chief_3343,d_kinai
c_yamethin,aq_burman,aq_burman,aq_faith_asian,tribal_government,aq_chief_3344,d_pagan
c_yan_an,aq_sinitic,aq_qiang_early,aq_faith_himalayan,tribal_government,aq_chief_3345,d_fufang
c_yanbu,bedouin,bedouin,aq_faith_arabian,tribal_government,aq_chief_3346,d_medina
c_yanchuan,aq_baiyue,aq_yelang,aq_faith_asian,tribal_government,aq_chief_3347,d_luodian
c_yangcheng,aq_sinitic,aq_zhao,aq_faith_chinese,tribal_government,aq_chief_3348,d_zelu
c_yangikent,aq_saka,aq_massagetan,aq_faith_steppe,nomad_government,aq_chief_3349,d_aral_il
c_yangjibaliq,aq_saka,aq_saka,aq_faith_steppe,nomad_government,aq_chief_3350,d_beshbalik
c_yangju,aq_korean,aq_korean,aq_faith_asian,tribal_government,aq_chief_3351,d_gwangju
c_yangwarok,aq_kirata,aq_kirata,aq_faith_himalayan,tribal_government,aq_chief_3352,d_limbuwan
c_yangzhou,aq_sinitic,aq_chu,aq_faith_chinese,tribal_government,aq_chief_3353,k_aq_chu
c_yangzhou_1,aq_sinitic,aq_shu,aq_faith_chinese,tribal_government,aq_chief_3354,d_xingyuan
c_yanokul,aq_uralic,aq_uralic,finnish_pagan,tribal_government,aq_chief_3355,d_sakmara
c_yanzhou,aq_sinitic,aq_lu,aq_faith_chinese,tribal_government,aq_chief_3356,k_aq_qi
c_yanzhou_3,aq_baiyue,aq_yelang,aq_faith_asian,tribal_government,aq_chief_3357,d_luodian
c_yaozhou,aq_sinitic,aq_qin,aq_faith_chinese,tribal_government,aq_chief_3358,d_yongxing
c_yar-calli,aq_uralic,aq_uralic,finnish_pagan,tribal_government,aq_chief_3359,d_volga_bulgaria
c_yarkand,aq_tocharian,aq_tocharian,aq_faith_steppe,tribal_government,aq_chief_3360,d_kashgar
c_yaroslavl,aq_slavic,aq_slavic,slavic_pagan,tribal_government,aq_chief_3361,d_opolye
c_yasin,aq_kambojan,aq_kambojan,aq_faith_steppe,tribal_government,aq_chief_3362,d_pamir
c_yatenga,aq_west_african,aq_west_african,west_african_pagan,tribal_government,aq_chief_3363,d_yatenga
c_yatvyagi,aq_baltic,aq_baltic,baltic_pagan,tribal_government,aq_chief_3364,d_lithuanians
c_yau,aq_central_african,aq_central_african,west_african_bori_pagan,tribal_government,aq_chief_3365,d_bornu
c_yauri,aq_central_african,aq_central_african,west_african_bori_pagan,tribal_government,aq_chief_3366,d_kebbi
c_yazd,persian,persian,mazdayasna,tribal_government,aq_chief_3367,k_aq_persia_persia
c_yazhou,aq_baiyue,aq_baiyue,aq_faith_asian,tribal_government,aq_chief_3368,d_qiongguan
c_yazhou_1,aq_baiyue,aq_baiyue,aq_faith_asian,tribal_government,aq_chief_3369,d_qiongguan
c_yazhou_2,aq_sinitic,aq_shu,aq_faith_chinese,tribal_government,aq_chief_3370,d_qiongnan
c_yekaterinburg,aq_uralic,aq_uralic,finnish_pagan,tribal_government,aq_chief_3371,d_vogulia
c_yelimane,aq_west_african,aq_west_african,west_african_pagan,tribal_government,aq_chief_3372,d_diafunu
c_yenisei,aq_uralic,aq_uralic,finnish_pagan,tribal_government,aq_chief_3373,d_ala_tau
c_yenshipin,aq_tibetan,aq_tibetan,bon,tribal_government,aq_chief_3374,d_amdo
c_yeongwon,aq_korean,aq_korean,aq_faith_asian,tribal_government,aq_chief_3375,d_bukgye
c_yera,aq_steppe_eastern,aq_donghu,aq_faith_asian,nomad_government,aq_chief_3376,d_dauria
c_yezhou,aq_sinitic,aq_sinitic,aq_faith_chinese,tribal_government,aq_chief_3377,d_wuxi
c_yingchuan,aq_sinitic,aq_jin_han,aq_faith_chinese,tribal_government,aq_chief_3378,k_aq_han
c_yingde,aq_baiyue,aq_nanyue_early,aq_faith_asian,tribal_government,aq_chief_3379,d_lingnan
c_yingzhou,aq_sinitic,aq_song,aq_faith_chinese,tribal_government,aq_chief_3380,d_biansong
c_yingzhou_2,aq_sinitic,aq_chu,aq_faith_chinese,tribal_government,aq_chief_3381,d_xiangdeng
c_yingzhou_4,aq_baiyue,aq_yelang,aq_faith_asian,tribal_government,aq_chief_3382,d_zangke
c_yingzhou_5,aq_sinitic,aq_yan,aq_faith_chinese,tribal_government,aq_chief_3383,d_yunshuo
c_yinsheng,aq_baiyue,aq_dian,aq_faith_asian,tribal_government,aq_chief_3384,d_yinsheng
c_yinzhou,aq_sinitic,aq_qiang_early,aq_faith_himalayan,tribal_government,aq_chief_3385,d_xiasui
c_yinzhou_1,aq_baiyue,aq_baiyue,aq_faith_asian,tribal_government,aq_chief_3386,d_shimen
c_yizhou_1,aq_sinitic,aq_qi,aq_faith_chinese,tribal_government,aq_chief_3387,d_yideng
c_yizhou_3,aq_sinitic,aq_yelang,aq_faith_asian,tribal_government,aq_chief_3388,d_qianzhong
c_yongchang_jingmadian,aq_burman,aq_burman,aq_faith_asian,tribal_government,aq_chief_3389,d_yongchang
c_yongchang_yongchang,aq_burman,aq_burman,aq_faith_asian,tribal_government,aq_chief_3390,d_yongchang
c_yongxing,aq_sinitic,aq_yan,aq_faith_chinese,tribal_government,aq_chief_3391,k_aq_zhao
c_yongzhou,aq_sinitic,aq_chu,aq_faith_chinese,tribal_government,aq_chief_3392,k_aq_chu
c_yongzhou_1,aq_baiyue,aq_nanyue_early,aq_faith_asian,tribal_government,aq_chief_3393,d_yongguan
c_yoshkar-ola,aq_uralic,aq_uralic,finnish_pagan,tribal_government,aq_chief_3394,d_kazan
c_youzhou,aq_sinitic,aq_yan,aq_faith_chinese,tribal_government,aq_yan,0
c_youzhou_2,aq_sinitic,aq_qiang_early,aq_faith_himalayan,tribal_government,aq_chief_3396,d_xiasui
c_yperen,aq_menapian,aq_menapian,aq_faith_celtic,tribal_government,aq_chief_3397,d_flanders
c_yuanzhou,aq_sinitic,aq_chu,aq_faith_chinese,tribal_government,aq_chief_3398,d_jiangxi
c_yuanzhou_2,aq_sinitic,aq_qin,aq_faith_chinese,tribal_government,aq_chief_3399,d_jingyuan
c_yuezhou,aq_sinitic,aq_yue,aq_faith_chinese,tribal_government,aq_yue,0
c_yuezhou_1,aq_sinitic,aq_chu,aq_faith_chinese,tribal_government,aq_chief_3401,d_eyue
c_yulin,aq_baiyue,aq_nanyue_early,aq_faith_asian,tribal_government,aq_chief_3402,d_rongguan
c_yumen,aq_sinitic,aq_yuezhi_early,aq_faith_steppe,nomad_government,aq_chief_3403,d_gansu
c_yunyang,aq_sinitic,aq_sinitic,aq_faith_chinese,tribal_government,aq_chief_3404,k_aq_chu
c_yunzhou,aq_sinitic,aq_jin_wei,aq_faith_chinese,tribal_government,aq_chief_3405,k_aq_song
c_yunzhou_2,aq_sinitic,aq_chu,aq_faith_chinese,tribal_government,aq_chief_3406,d_jiangxi
c_yuzhou,aq_sinitic,aq_yan,aq_faith_chinese,tribal_government,aq_chief_3407,d_yunshuo
c_yuzhou_2,aq_sinitic,aq_ba,aq_faith_chinese,tribal_government,aq_chief_3408,d_wuxin
c_zabid,aq_sabaean,aq_sabaean,aq_faith_arabian,tribal_government,aq_chief_3409,d_sanaa
c_zabulistan,aq_bactrian,aq_bactrian,mazdayasna,tribal_government,aq_chief_3410,d_zabulistan
c_zachlumia,aq_pannonian,aq_pannonian,aq_faith_balkan,tribal_government,aq_chief_3411,d_usora
c_zadar,aq_delmatian,aq_delmatian,aq_faith_balkan,tribal_government,aq_chief_3412,d_dalmatia
c_zadoi,aq_tibetan,aq_tibetan,bon,tribal_government,aq_chief_3413,d_zadoi
c_zagorje,aq_pannonian,aq_pannonian,aq_faith_balkan,tribal_government,aq_chief_3414,d_slavonia
c_zagreb,aq_pannonian,aq_pannonian,aq_faith_balkan,tribal_government,aq_chief_3415,d_slavonia
c_zaila,aq_cushitic,aq_cushitic,aq_faith_african,tribal_government,aq_chief_3416,d_zaila
c_zakroczymska,aq_slavic,aq_bugian_early,slavic_pagan,tribal_government,aq_chief_3417,d_mazovia
c_zamakhshar,aq_sogdian,aq_chorasmian,mazdayasna,tribal_government,aq_chief_3418,d_khorezm
c_zamindawar,aq_bactrian,aq_bactrian,mazdayasna,tribal_government,aq_chief_3419,d_zabulistan
c_zamm,aq_bactrian,aq_margian,mazdayasna,tribal_government,aq_chief_3420,d_merv
c_zammour,aq_saharan,aq_saharan,aq_faith_libyan,tribal_government,aq_chief_3421,d_zammour
c_zamora,aq_vaccaean,aq_vaccaean,aq_faith_celtic,tribal_government,aq_chief_3422,d_leon
c_zanjan,persian,aq_cadusian,mazdayasna,tribal_government,aq_chief_3423,d_daylam
c_zanzibar,aq_bantu,aq_bantu,aq_faith_african,tribal_government,aq_chief_3424,d_zanzibar
c_zarafshan,aq_sogdian,aq_sogdian,mazdayasna,tribal_government,aq_chief_3425,d_osrushana
c_zaragoza,aq_edetanian,aq_edetanian,aq_faith_iberian,tribal_government,aq_chief_3426,d_aragon
c_zarand,aq_dacian,aq_dacian,aq_faith_zalmonian,tribal_government,aq_chief_3427,d_bihar
c_zaranj,persian,persian,mazdayasna,tribal_government,aq_chief_3428,k_aq_persia_makran
c_zaria,aq_central_african,aq_central_african,west_african_bori_pagan,tribal_government,aq_chief_3429,d_katsina
c_zarma,aq_west_african,aq_west_african,west_african_pagan,tribal_government,aq_chief_3430,d_dendi
c_zarman,aq_steppe_eastern,aq_steppe_eastern,aq_faith_asian,nomad_government,aq_chief_3431,d_gobi_altai
c_zaslavl,aq_slavic,aq_dniestrian_early,slavic_pagan,tribal_government,aq_chief_3432,d_halych
c_zatec,aq_boian_danube,aq_boian_danube,aq_faith_celtic,tribal_government,aq_chief_3433,d_bohemia
c_zavrsje,aq_pannonian,aq_pannonian,aq_faith_balkan,tribal_government,aq_chief_3434,d_usora
c_zawila,aq_garamantian,aq_garamantian,aq_faith_libyan,tribal_government,aq_chief_3435,d_fezzan
c_zeeland,aq_chaucan,aq_chaucan,aq_faith_germanic,tribal_government,aq_chief_3436,d_holland
c_zekog,aq_tibetan,aq_tibetan,bon,tribal_government,aq_chief_3437,d_malho
c_zela,aq_cappadocian,aq_cappadocian,aq_faith_ma,tribal_government,aq_chief_3438,d_armeniac
c_zelengora,aq_pannonian,aq_pannonian,aq_faith_balkan,tribal_government,aq_chief_3439,d_usora
c_zemigalians,aq_baltic,aq_baltic,baltic_pagan,tribal_government,aq_chief_3440,d_courland
c_zemplen,aq_gaulish,aq_gaulish,aq_faith_celtic,tribal_government,aq_chief_3441,d_ungvar
c_zetang,aq_tibetan,aq_tibetan,bon,tribal_government,aq_chief_3442,d_yarlung
c_zezhou,aq_sinitic,aq_zhao,aq_faith_chinese,tribal_government,aq_chief_3443,d_zelu
c_zhagyab,aq_tibetan,aq_tibetan,bon,tribal_government,aq_chief_3444,d_lhatok
c_zhangzhou,aq_baiyue,aq_dongou,aq_faith_asian,tribal_government,aq_chief_3445,d_pinghai
c_zhanyin,aq_sinitic,aq_sinitic,aq_faith_chinese,tribal_government,aq_chief_3446,d_hexi
c_zhaozhou,aq_sinitic,aq_zhao,aq_faith_chinese,tribal_government,aq_chief_3447,d_chengde
c_zhaozhou_1,aq_baiyue,aq_nanyue_early,aq_faith_asian,tribal_government,aq_chief_3448,d_jingjiang
c_zhenfan,aq_sinitic,aq_yuezhi_early,aq_faith_steppe,nomad_government,aq_chief_3449,d_xiutu
c_zhengzhou,aq_sinitic,aq_jin_wei,aq_faith_chinese,tribal_government,aq_han,0
c_zhenwu_1,aq_sinitic,aq_yuezhi_early,aq_faith_steppe,nomad_government,aq_chief_3451,d_gansu
c_zhenxi,aq_sinitic,aq_yelang,aq_faith_asian,tribal_government,aq_chief_3452,d_qianzhong
c_zhenzhou,aq_sinitic,aq_zhongshan,aq_faith_chinese,tribal_government,aq_chief_3453,k_aq_zhao
c_zherkovo,aq_odrysian,aq_odrysian,aq_faith_balkan,tribal_government,aq_chief_3454,d_philippopolis
c_zhidoi,aq_tibetan,aq_tibetan,bon,tribal_government,aq_chief_3455,d_zadoi
c_zhongba,aq_tibetan,aq_tibetan,bon,tribal_government,aq_chief_3456,d_purang
c_zhongzhou,aq_sinitic,aq_ba,aq_faith_chinese,tribal_government,aq_chief_3457,d_kuizhong
c_zhuozhou,aq_sinitic,aq_yan,aq_faith_chinese,tribal_government,aq_chief_3458,d_youzhou
c_zhytomyr,aq_slavic,aq_dnieper_middle,slavic_pagan,tribal_government,aq_chief_3459,d_kiev
c_zichia,aq_sarmatian,aq_sarmatian,aq_faith_steppe,nomad_government,aq_chief_3460,d_alania
c_zichuan,aq_sinitic,aq_qi,aq_faith_chinese,tribal_government,aq_chief_3461,d_ziqing
c_zirkuh,aq_bactrian,aq_arian_early,mazdayasna,tribal_government,aq_chief_3462,d_herat
c_ziting,aq_sinitic,aq_yuezhi_early,aq_faith_steppe,nomad_government,aq_chief_3463,d_guasha
c_ziz,aq_maurian,aq_maurian,aq_faith_libyan,tribal_government,aq_chief_3464,d_tafilalt
c_zizhou_2,aq_sinitic,aq_shu,aq_faith_chinese,tribal_government,aq_chief_3465,d_dongchuan
c_zlatibor,aq_dardanian,aq_dardanian,aq_faith_balkan,tribal_government,aq_chief_3466,d_rashka
c_znojmo,aq_boian_danube,aq_boian_danube,aq_faith_celtic,tribal_government,aq_chief_3467,d_moravia
c_zogang,aq_tibetan,aq_tibetan,bon,tribal_government,aq_chief_3468,d_boyul
c_zoige,aq_tibetan,aq_tibetan,bon,tribal_government,aq_chief_3469,d_gyalrong
c_zollern,aq_vindelician,aq_vindelician,aq_faith_celtic,tribal_government,aq_chief_3470,d_swabia
c_zolyom,aq_gaulish,aq_gaulish,aq_faith_celtic,tribal_government,aq_chief_3471,d_nyitra
c_zongzhou,aq_baiyue,aq_yelang,aq_faith_asian,tribal_government,aq_chief_3472,d_luoshi
c_zuining,aq_baiyue,aq_dian,aq_faith_asian,tribal_government,aq_chief_3473,d_tonghai
c_zurich,aq_rhaetian,aq_rhaetian,aq_faith_rhaetian,tribal_government,aq_chief_3474,d_currezia
c_zutphen,aq_chaucan,aq_chaucan,aq_faith_germanic,tribal_government,aq_chief_3475,d_gelre
c_zvyahel,aq_slavic,aq_dnieper_middle,slavic_pagan,tribal_government,aq_chief_3476,d_kiev
